term,series,date,title,journal_page,unit,col,char_pos,engine_agreement,context_left,match,context_right,grade,verified
人乃天,2,1911-04-15,信念의 神聖,27,unit_3_p2l,10,5,both,大ᄒᆞ者는,人乃天,의定義를說破ᄒᆞ고自天을,합의,
人乃天,9,1911-12-15,運命說,31,unit_6_p3l,01,24,claude_only,惠를蒙ᄒᆞ야天然의樂을自取ᄒᆞ며,人乃天,의定理를覺破ᄒᆞ야勇進邁往의質이,C단독,
人乃天,9,1911-12-15,運命說,31,unit_6_p3l,02,73,claude_only,ᆞᄂᆞᆫ이니特히吾敎의大旨ᄂᆞᆫ,人乃天,이라天이오自愛自重할지어다此說을,C단독,
人乃天,11,1912-02-15,死後問題,23,unit_6_p3l,10,7,claude_only,解ᄒᆞᆯ지니卽,人乃天,과長生說에依ᄒᆞ야其理,C단독,
人乃天,12,1912-03-15,我觀人生,36,unit_10_p5l,13,15,claude_only,自由라ᄒᆞ지니何者오前者ᄂᆞᆫ,人乃天,의正義,C단독,
人乃天,35,1917-01-15,人生과 新年,5,,,770,verified,題의解答을與치안이ᄒᆞ얏나냐.曰,人乃天,이니人이旣히小ᄒᆞᆫ天이면汝의身,정본,Y 정본
人乃天,40,1918-03-15,信仰上으로 觀ᄒᆞᆯ 吾人의 努力,22,unit_10_p5l,16,10,both,此塗에奮進ᄒᆞ吾人은,人乃天,의信仰上으로,합의,
人乃天,40,1918-03-15,信仰上으로 觀ᄒᆞᆯ 吾人의 努力,22,unit_10_p5l,17,4,claude_only,我吾人은,人乃天,의信仰上으로,C단독,
人乃天,40,1918-03-15,信仰上으로 觀ᄒᆞᆯ 吾人의 努力,21,unit_8_p4l,14,3,both,漸次其,人乃天,의自信을別케ᄒᆞ고徐히此를滅却치,합의,
人乃天,40,1918-03-15,信仰上으로 觀ᄒᆞᆯ 吾人의 努力,22,unit_9_p5u,14,11,both,民이悲嘆을始ᄒᆞ야常히,人乃天,의進步를得ᄒᆞ리며,합의,
人乃天,79,1918-08-15,大神師性靈出世說(其二),,unit_4_p4,03,71,both,ᄒᆞ며木實은火食으로代ᄒᆞ야漸次,人乃天,의人爲的天國을造成ᄒᆞ엿ᄂᆞ니是,합의,
人乃天,43,1918-09-15,追悼香山文,37,unit_2_p1l,03,158,claude_only,儒、崇佛老而排佛老ᄒᆞ고惟所信者,人乃天,而已、性喜詩酒風月ᄒᆞ야文豪酒伯,C단독,
人乃天,82,1918-11-15,大神師性靈出世說(其五),,unit_1_p1,04,18,claude_only,地와並人公되는資格이表顯되엿느니,人乃天,은吾敎의最後眞理가되엿셧다故로吾,C단독,
人乃天,82,1918-11-15,大神師性靈出世說(其五),,unit_1_p1,04,116,claude_only,又進ᄒᆞ야神을崇拜코저ᄒᆞ면먼져,人乃天,主義에根據ᄒᆞ라大喝ᄒᆞ노라神의,C단독,
人乃天,44,1918-12-18,百號紀念에 對ᄒᆞᆫ 余의 感想,12,unit_8_p4l,04,55,both,무엇일가吾人은吾敎의最要精神되는,人乃天,을把得來ᄒᆞ야此定義를解決ᄒᆞ면,합의,
人乃天,44,1918-12-18,百號紀念에 對ᄒᆞᆫ 余의 感想,12,unit_8_p4l,04,74,both,을把得來ᄒᆞ야此定義를解決ᄒᆞ면,人乃天,은곳自力的活動과自力的事業을表示,합의,
人乃天,44,1918-12-18,百號紀念에 對ᄒᆞᆫ 余의 感想,13,unit_9_p5u,03,53,both,言念이此에及ᄒᆞ면我敬報의將來는,人乃天,的自力的파自力的進化를抱ᄒᆞ고어,합의,
人乃天,50,1919-06-15,眞實된 信仰生活,5,unit_5_p5,02,264,both,勿ᄒᆞ고但히吾人의信ᄒᆞᄂᆞᆫ바,人乃天,的眞信人이만일如斯ᄒᆞᆫ信仰力에,합의,
人乃天,50,1919-06-15,眞實된 信仰生活,6,unit_6_p6,,522,gemini_only,은實로年老를悲喜에由ᄒᆞ야漸次其,人乃天,의自信을弱케ᄒᆞ고遂히此를減削케,G단독,
人乃天,50,1919-06-15,眞實된 信仰生活,7,unit_7_p7,,232,gemini_only,要ᄂᆞᆫ오직造次顛沛의間에도常히,人乃天,의全力을致ᄒᆞ되如何ᄒᆞᆫ結果가,G단독,
人乃天,50,1919-06-15,眞實된 信仰生活,8,unit_8_p8,12,4,both,後宗敎의,人乃天,信仰이여[next_articl,합의,
人乃天,51,1919-07-15,愛의 開放,7,unit_2_p2,01,131,claude_only,ᄒᆞ미로다如何히ᄒᆞ면吾人은直接,人乃天,의定理를直覺ᄒᆞᆯ가大全에曰「君,C단독,
人乃天,53,1919-10-15,今日以後의 宗敎,6,unit_5_p5,04,24,claude_only,ᄂᆞᆫ但히吾敎의精神을一貫ᄒᆞᆫ,人乃天,主義,C단독,
人乃天,53,1919-10-15,今日以後의 宗敎,6,unit_5_p5,06,12,claude_only,으로써云ᄒᆞ리라然ᄒᆞ면,人乃天,은어ᄂᆞ點에서能히最高善,C단독,
人乃天,53,1919-10-15,今日以後의 宗敎,6,unit_5_p5,10,2,claude_only,人은,人乃天,主義下에立ᄒᆞᆫ幸福을暫述ᄒᆞ리,C단독,
人乃天,53,1919-10-15,今日以後의 宗敎,6,unit_5_p5,16,3,claude_only,點에서,人乃天,主義ᄂᆞᆫ自己의無限ᄒᆞᆫ心靈의,C단독,
人乃天,53,1919-10-15,今日以後의 宗敎,6,unit_5_p5,19,16,claude_only,自己啓發이平和에在ᄒᆞᆫ다ᄒᆞ면,人乃天,主義로更히,C단독,
人乃天,53,1919-10-15,今日以後의 宗敎,6,unit_5_p5,25,17,claude_only,己啓發이自己實現에在ᄒᆞ다ᄒᆞ면,人乃天,主義ᄂᆞᆫ無形,C단독,
人乃天,53,1919-10-15,今日以後의 宗敎,6,unit_5_p5,30,14,claude_only,自己啓發이生命開發이라ᄒᆞ면,人乃天,主義ᄂᆞᆫ自天을修,C단독,
人乃天,53,1919-10-15,今日以後의 宗敎,6,unit_5_p5,34,10,claude_only,以上의數條에依ᄒᆞ야,人乃天,은徹頭徹尾ㅣ自己啓發의信,C단독,
人乃天,53,1919-10-15,今日以後의 宗敎,6,unit_5_p5,38,3,claude_only,ᄒᆞ면,人乃天,主義에係ᄒᆞᆫ自己啓發을捨ᄒᆞ고,C단독,
人乃天,53,1919-10-15,今日以後의 宗敎,6,unit_5_p5,40,16,claude_only,自己啓發이平和에在ᄒᆞᆫ다ᄒᆞ면,人乃天,主義의必然으로到達ᄒᆞᆯ만ᄒᆞᆫ,C단독,
人乃天,54,1919-11-15,十月二十八日大祈禱,4,unit_3_p3,03,105,both,ᄒᆞᆫ바明白ᄒᆞ도다然이나吾敎의,人乃天,主義ᄂᆞᆫ豈으로만大神師의全體主,합의,
人乃天,54,1919-11-15,十月二十八日大祈禱,4,unit_3_p3,04,114,both,吾人의精神과融合ᄒᆞ야無言不文의,人乃天,的肺腑를今에도ㅣㅣ有ᄒᆞ야耳中에,합의,
人乃天,55,1919-12-15,改造와 宗敎,8,unit_5_p5,08,4,both,리ᄒᆞ야,人乃天,的眞理下에서各種의風化ㅣ各種의倫,합의,
人乃天,57,1920-02-15,天道敎靑年臨時敎理講習會에 就하야,6,unit_6_p6,12,19,both,시저로徵타말라諸君의背後에ᄂᆞᆫ,人乃天,이有ᄒᆞ야諸君의事業으로ᄒᆞ야곰,합의,
人乃天,83,1920-03-15,現代思潮와 事人如天主義,,unit_4_p4,04,39,both,標準ᄒᆞ고努力ᄒᆞ는中이니이를吾,人乃天,主義라ᄒᆞ노라此程度ᄭᅡ지人道의,합의,
人乃天,83,1920-03-15,現代思潮와 事人如天主義,,unit_5_p5,05,1,both,은,人乃天,이되며其의方針은事人如天이될지댄,합의,
人乃天,83,1920-03-15,現代思潮와 事人如天主義,,unit_5_p5,16,4,both,이를萬一,人乃天,의大經에對照하고보면萬族을一已로,합의,
人乃天,83,1920-03-15,現代思潮와 事人如天主義,,unit_6_p6,03,295,both,의所有物로取扱케되엿다이것은實로,人乃天,의背道로붓허出한過去道德의弊害이,합의,
人乃天,83,1920-03-15,現代思潮와 事人如天主義,,unit_6_p6,04,17,both,實行코져ᄒᆞ몸은안이오吾人은다못,人乃天,主義下에셔個人의人格을어대선지尊,합의,
人乃天,83,1920-03-15,現代思潮와 事人如天主義,,unit_6_p6,04,76,claude_only,마지안이ᄒᆞ노라第一吾朝鮮社會로,人乃天,의主唱ᄒᆞ는事人如天主義를實行ᄒ,C단독,
人乃天,83,1920-03-15,現代思潮와 事人如天主義,,unit_7_p7,11,13,both,全般世界的社會問題를擧하야,人乃天,主義에理想하고事人如天主義에實行,합의,
人乃天,58,1920-04-15,庚申四月五日,6,unit_4_p4,01,140,both,ᆞᄌᆞ라」하셧나니이가곳大神師의,人乃天,主義의信仰이로다,합의,
人乃天,58,1920-04-15,庚申四月五日,6,unit_4_p4,02,8,both,四大神師ᄂᆞᆫ이,人乃天,主義의大道를ᄭᆡ다르시고徒弟의제,합의,
人乃天,58,1920-04-15,庚申四月五日,6,unit_4_p4,02,75,both,今不聞이며古不比今不比니라이는곳,人乃天,主義가萬古未解決로잇든宇宙問題人,합의,
人乃天,58,1920-04-15,庚申四月五日,6,unit_4_p4,03,231,both,成이안어오神의進化的表顯이니是乃,人乃天,主義의宇宙觀이로다,합의,
人乃天,58,1920-04-15,庚申四月五日,6,unit_4_p4,04,163,both,며며改造의首尾兩端ᄲᅮᆫ이니是乃,人乃天,主義의人生觀이로다,합의,
人乃天,58,1920-04-15,庚申四月五日,7,unit_5_p5,03,21,both,는一事生이니萬一이世界가하로밧비,人乃天,의眞理로써닷고,합의,
人乃天,58,1920-04-15,庚申四月五日,7,unit_5_p5,05,15,both,할者ㅣ何有하리오批하다大神師의,人乃天,主義ㅣ實로後天의開闢이며絶萬古의,합의,
人乃天,59,1920-05-15,哲人主義의 將來와 新宗敎의 價値,12,unit_5_p5,01,147,claude_only,하며그리하야其의宗敎는各自靈性인,人乃天,主義를宗敎上道德上人主義인新宗敎,C단독,
人乃天,60,1920-06-15,自己解放과 人乃天主義,2,unit_2_p2,,1668,gemini_only,에累次說明하엿거니와此에一言하면,人乃天,思想是也라할것이다故로吾人은人乃,G단독,
人乃天,60,1920-06-15,自己解放과 人乃天主義,2,unit_2_p2,,1685,gemini_only,乃天思想是也라할것이다故로吾人은,人乃天,思想을發揮하야朝鮮民族의新生命을,G단독,
人乃天,61,1920-07-15,自己解放과 人乃天主義(續),1,unit_1_p1,10,26,claude_only,ol_running]自己解放과,人乃天,主義,C단독,
人乃天,61,1920-07-15,自己解放과 人乃天主義(續),3,unit_3_p3,06,10,both,하는現代人心이스스로,人乃天,主義와近하야옴은쏘한偶然이안이로,합의,
人乃天,61,1920-07-15,自己解放과 人乃天主義(續),3,unit_3_p3,07,3,both,元來ㅣ,人乃天,主義라함은但히人과神이精神的에서,합의,
人乃天,61,1920-07-15,自己解放과 人乃天主義(續),3,unit_3_p3,08,20,both,上에도其意義가널이包容한者이니卽,人乃天,은一切人類를다갓치神으로보는것이,합의,
人乃天,61,1920-07-15,自己解放과 人乃天主義(續),3,unit_3_p3,15,12,both,이點에서世界人類가共通히,人乃天,主義를信仰하야玆에서權利의平均義,합의,
人乃天,62,1920-08-15,十週年,7,unit_7_p7,02,5,claude_only,하라吾敎의,人乃天,主義는實로如何한文化建設에도何等,C단독,
人乃天,62,1920-08-15,十週年,8,unit_8_p8,03,6,both,이것이吾敎의,人乃天,主義의文化니故로諸君의中에萬若ㅣ,합의,
人乃天,64,1920-10-15,布德天下는 活誠에 在하니라,10,unit_4_p4,,635,gemini_only,粕일뿐이오道의活用은안이니吾人은,人乃天,에基礎하야事人如天主義를徹底實行,G단독,
人乃天,64,1920-10-15,布德天下는 活誠에 在하니라,10,unit_4_p4,09,27,both,如天할것말할것도업서吾敎의宗旨는,人乃天,이라天은ᅀᅵᆨ히道의體質ᄲᅮᆫ이,합의,
人乃天,64,1920-10-15,布德天下는 活誠에 在하니라,10,unit_4_p4,09,58,both,ᄲᅮᆫ이오道의活用은안이니吾人은,人乃天,에基礎ᄒᆞ야事人如天을徹底實行치,합의,
人乃天,65,1920-11-15,拘束의 宗敎로부터 自由의 宗敎,8,unit_8_p8,03,77,both,ᆫ點이無ᄒᆞ다ᄒᆞ면吾人을不可不,人乃天,의宗敎를信仰치안이ᄒᆞ지못ᄒᆞᆯ,합의,
人乃天,65,1920-11-15,拘束의 宗敎로부터 自由의 宗敎,8,unit_8_p8,03,99,both,를信仰치안이ᄒᆞ지못ᄒᆞᆯ것이오,人乃天,의宗敎가ᄯᅩ한人世의最後眞理가되,합의,
人乃天,65,1920-11-15,拘束의 宗敎로부터 自由의 宗敎,8,unit_8_p8,03,131,both,理가되지안이치못ᄒᆞᆯ지니何者오,人乃天,의宗敎ᄂᆞᆫ自己의自由意志를絕對,합의,
人乃天,66,1921-02-15,布德天下,7,unit_7_p7,02,65,both,이라한一句에歸着케할지라大神師는,人乃天,主義의宗旨를세우사德의存在를吾身,합의,
人乃天,66,1921-02-15,布德天下,8,unit_8_p8,05,8,both,大神師의此簡單한,人乃天,主義의宣言은實로德의原理를說함에,합의,
人乃天,85,1921-04-15,사람性의 無窮을 論하노라,,unit_1_p1,,8,gemini_only,우리의中에아즉도,人乃天,에對한疑雲이未霽한者ㅣ잇다하면吾,G단독,
人乃天,68,1921-06-15,사람性의 無窮을 論하노라(續),4,unit_4_p4,02,11,claude_only,얼는生覺ᄒᆞ면우리敎의,人乃天,은사람이곳ᄒᆞᆫ울이어니사람이「,C단독,
人乃天,68,1921-06-15,사람性의 無窮을 論하노라(續),4,unit_4_p4,02,53,claude_only,ᄒᆞᆷ이라」ᄒᆞᄂᆞᆫ말은오히려,人乃天,보다도第二岸에ᄯᅥ러진듯ᄒᆞᆫ말,C단독,
人乃天,68,1921-06-15,사람性의 無窮을 論하노라(續),4,unit_4_p4,03,1,claude_only,「,人乃天,이라ᄒᆞᆷ은우리敎의理想的말이오,C단독,
人乃天,68,1921-06-15,사람性의 無窮을 論하노라(續),4,unit_4_p4,03,41,claude_only,기爲ᄒᆞ야란말은ᄡᅥ라世人이或은,人乃天,이라ᄒᆞ면문득여러가지疑問을가지,C단독,
人乃天,68,1921-06-15,사람性의 無窮을 論하노라(續),4,unit_4_p4,03,70,claude_only,지疑問을가지게되ᄂᆞᆫ所以ᄂᆞᆫ,人乃天,은天道敎의理想으로生覺지안이ᄒᆞ,C단독,
人乃天,68,1921-06-15,사람性의 無窮을 論하노라(續),4,unit_4_p4,03,139,claude_only,지고잇ᄂᆞᆫ모든實을그쌘만으로곳,人乃天,이라把得코저ᄒᆞᄂᆞᆫ結果ᄂᆞᆫ,C단독,
人乃天,68,1921-06-15,사람性의 無窮을 論하노라(續),4,unit_4_p4,03,181,claude_only,不徹底不公平不美德을그ᄃᆡ로ᄡᅥ,人乃天,의中에包容코저ᄒᆞ나니이ᄂᆞᆫ實,C단독,
人乃天,68,1921-06-15,사람性의 無窮을 論하노라(續),4,unit_4_p4,03,201,claude_only,中에包容코저ᄒᆞ나니이ᄂᆞᆫ實로,人乃天,을誤解ᄒᆞᆷ이大ᄒᆞᆫ者라ᄒᆞ리,C단독,
人乃天,68,1921-06-15,사람性의 無窮을 論하노라(續),4,unit_4_p4,03,223,claude_only,ᄒᆞᆷ이大ᄒᆞᆫ者라ᄒᆞ리라故로,人乃天,이라ᄒᆞᆷ은決코現實의今日우리外,C단독,
人乃天,68,1921-06-15,사람性의 無窮을 論하노라(續),4,unit_4_p4,03,332,claude_only,現코저ᄒᆞᄂᆞᆫ意味이니그럼으로,人乃天,은그의理想이며「ᄒᆞᆫ울되기爲ᄒ,C단독,
人乃天,69,1921-07-15,新文化는 무엇에 依하야 建設되랴,3,unit_3_p3,19,4,claude_only,想中樞인,人乃天,主義가그의가장히잇는神秘力을가젓,C단독,
人乃天,69,1921-07-15,新文化는 무엇에 依하야 建設되랴,3,unit_3_p3,19,34,claude_only,秘力을가젓다하리라元來ㅣ大神師의,人乃天,主義가偶然히發生한者ㅣ,C단독,
人乃天,69,1921-07-15,新文化는 무엇에 依하야 建設되랴,3,unit_3_p3,20,33,claude_only,的으로되것이니上은吾人은大神師의,人乃天,主義를必然又는必境으로,C단독,
人乃天,69,1921-07-15,新文化는 무엇에 依하야 建設되랴,4,unit_4_p4,01,33,both,收치안이하야서는안될것이엇다이제,人乃天,主義에包容된바의主義,합의,
人乃天,69,1921-07-15,新文化는 무엇에 依하야 建設되랴,4,unit_4_p4,03,21,both,自立의精神이니이自主自立의精神이,人乃天,의中心이되야잇슴이라元來우리朝鮮,합의,
人乃天,69,1921-07-15,新文化는 무엇에 依하야 建設되랴,4,unit_4_p4,05,29,both,據치안이하면不能한것이니이点에서,人乃天,主義는特히우리朝鮮人의自立의精神,합의,
人乃天,69,1921-07-15,新文化는 무엇에 依하야 建設되랴,4,unit_4_p4,06,16,both,을養하에絕對한能力을가젓다하리라,人乃天,主義가何故로自主의精神이有하는냐,합의,
人乃天,69,1921-07-15,新文化는 무엇에 依하야 建設되랴,4,unit_4_p4,06,37,both,가何故로自主의精神이有하는냐함은,人乃天,主義는人의如何한神秘的,합의,
人乃天,69,1921-07-15,新文化는 무엇에 依하야 建設되랴,4,unit_4_p4,09,31,both,체로對價値를두재한것이라그럼으로,人乃天,主義는奴되는位置를離하야主되는,합의,
人乃天,69,1921-07-15,新文化는 무엇에 依하야 建設되랴,4,unit_4_p4,11,10,both,第二는平等의觀念이니,人乃天,主義는元來ㅣ人으로同一한天이라看,합의,
人乃天,69,1921-07-15,新文化는 무엇에 依하야 建設되랴,4,unit_4_p4,12,25,both,階級思想과差別觀念을둘배잇스리오,人乃天,人格의上에서決코等別이안이니萬人,합의,
人乃天,69,1921-07-15,新文化는 무엇에 依하야 建設되랴,4,unit_4_p4,14,29,both,利同一한功果를得코저理想합이이곳,人乃天,의大目的이라이絕,합의,
人乃天,69,1921-07-15,新文化는 무엇에 依하야 建設되랴,4,unit_4_p4,16,18,both,은博愛의精神이니以上에述함과갓치,人乃天,主義는萬人을同一한人格上觀念下에,합의,
人乃天,69,1921-07-15,新文化는 무엇에 依하야 建設되랴,4,unit_4_p4,18,10,both,第四는何ㅗ의精神이니,人乃天,이라할음달니막하면人도天의理想에,합의,
人乃天,69,1921-07-15,新文化는 무엇에 依하야 建設되랴,4,unit_4_p4,19,43,both,公平하여야할것이오天이至誠한지라,人乃天,이라人도,합의,
人乃天,69,1921-07-15,新文化는 무엇에 依하야 建設되랴,5,unit_5_p5,01,53,both,天上의理想을地上에建設코저할이오,人乃天,의主義일진대人乃天의內義에는그얼,합의,
人乃天,69,1921-07-15,新文化는 무엇에 依하야 建設되랴,5,unit_5_p5,01,62,both,建設코저할이오人乃天의主義일진대,人乃天,의內義에는그얼마나努力向上의精神,합의,
人乃天,69,1921-07-15,新文化는 무엇에 依하야 建設되랴,5,unit_5_p5,01,102,both,을可知하리라第五는圓滿의精神이니,人乃天,은本來ㅡ物物天事事天主義에立한者,합의,
人乃天,69,1921-07-15,新文化는 무엇에 依하야 建設되랴,5,unit_5_p5,01,244,both,第六은永久의精神이니大神師ㅡ일즉,人乃天,主義를主唱하고일너스되余는長生不,합의,
人乃天,69,1921-07-15,新文化는 무엇에 依하야 建設되랴,5,unit_5_p5,01,283,both,넛나니이는即永久의精神은이름이라,人乃天,主義에何故로長生不死의原理가包容,합의,
人乃天,69,1921-07-15,新文化는 무엇에 依하야 建設되랴,5,unit_5_p5,01,375,both,람性의本性도坯한生不滅할지니이곳,人乃天,으로써永久의精神을가지게하는者이,합의,
人乃天,69,1921-07-15,新文化는 무엇에 依하야 建設되랴,5,unit_5_p5,01,413,both,은道德의觀念이니以上에逃합과가치,人乃天,은天의理想을人이實行하는主義라할,합의,
人乃天,69,1921-07-15,新文化는 무엇에 依하야 建設되랴,5,unit_5_p5,02,5,both,以上은大槪,人乃天,主義에包容된內容을一言한바라人乃,합의,
人乃天,69,1921-07-15,新文化는 무엇에 依하야 建設되랴,5,unit_5_p5,02,22,both,乃天主義에包容된內容을一言한바라,人乃天,主義는實로自主自立의精神平等의觀,합의,
人乃天,69,1921-07-15,新文化는 무엇에 依하야 建設되랴,5,unit_5_p5,02,219,both,할必要가잇다하면吾朝鮮의新文化는,人乃天,主義로組織된天道敎的文化를建設한,합의,
人乃天,69,1921-07-15,新文化는 무엇에 依하야 建設되랴,5,unit_5_p5,02,267,both,운色彩를하며特히吾朝鮮의新文化는,人乃天,보다以上에新德性의改革的精神을待,합의,
人乃天,86,1921-11-15,"우리時代의 創造事業, 目下의 急先務를 提案함",,unit_3_p3,01,133,claude_only,瘼을看破하고그를改造하며又建設한,人乃天,的大宗敎이니大神師는이世界의우에,C단독,
人乃天,86,1921-11-15,"우리時代의 創造事業, 目下의 急先務를 提案함",,unit_3_p3,01,162,claude_only,이世界의우에서天國을建設케爲하야,人乃天,의原理를創造하시며그리하야그를實,C단독,
人乃天,86,1921-11-15,"우리時代의 創造事業, 目下의 急先務를 提案함",,unit_5_p5,07,36,both,室을組織하야그編輯室로부터各種의,人乃天,的敎化著述을할것이니例하면人乃天,합의,
人乃天,86,1921-11-15,"우리時代의 創造事業, 目下의 急先務를 提案함",,unit_5_p5,07,52,both,人乃天的敎化著述을할것이니例하면,人乃天,의主旨를但히空談空言에두지말고이,합의,
人乃天,70,1921-12-15,中國 北京의 傳敎室 問題를 둣고 吾敎의 對外 發展을 賀함,14,unit_3_p3,03,38,claude_only,이제世界思潮는暗々히그精神現像이,人乃天,主義와符合하야宗敎에서다갓치사람,C단독,
人乃天,70,1921-12-15,中國 北京의 傳敎室 問題를 둣고 吾敎의 對外 發展을 賀함,17,unit_6_p6,01,37,both,宗旨를撰하고멀니世界各國에住하야,人乃天,의活躍을試함이可하며,합의,
人乃天,71,1922-01-15,新紀元을 劃한 우리敎의 新面目,10,unit_1_p1,03,14,both,元來ㅣ吾敎의精神의主旨ᄂᆞᆫ,人乃天,그것이며人乃天그것의一側面은곳時,합의,
人乃天,71,1922-01-15,新紀元을 劃한 우리敎의 新面目,10,unit_1_p1,03,21,both,의精神의主旨ᄂᆞᆫ人乃天그것이며,人乃天,그것의一側面은곳時代의精神을代表,합의,
人乃天,71,1922-01-15,新紀元을 劃한 우리敎의 新面目,10,unit_1_p1,03,52,both,神을代表ᄒᆞᆫ것이니다시말ᄒᆞ면,人乃天,의一側面은곳各時代의精神을貫通ᄒ,합의,
人乃天,71,1922-01-15,新紀元을 劃한 우리敎의 新面目,10,unit_1_p1,03,89,both,時代主義이니故로時代를ᄯᅡ나다시,人乃天,이업스며人乃天을ᄯᅥ나時代의精神,합의,
人乃天,71,1922-01-15,新紀元을 劃한 우리敎의 新面目,10,unit_1_p1,03,96,both,로時代를ᄯᅡ나다시人乃天이업스며,人乃天,을ᄯᅥ나時代의精神이업ᄉᆞᆯ것이,합의,
人乃天,71,1922-01-15,新紀元을 劃한 우리敎의 新面目,10,unit_1_p1,03,121,both,의精神이업ᄉᆞᆯ것이엇다그럼으로,人乃天,主義의表顯이라ᄒᆞᆷ은各時代의民,합의,
人乃天,71,1922-01-15,新紀元을 劃한 우리敎의 新面目,11,unit_2_p2,03,133,both,神聖이다갓치一貫의心法으로一貫의,人乃天,的精神을時代化한證據가아니겟나뇨,합의,
人乃天,71,1922-01-15,新紀元을 劃한 우리敎의 新面目,14,unit_5_p5,05,41,claude_only,合케한点에셔公平히衆議를順應하는,人乃天,主義에符合하는觀이잇으며,C단독,
人乃天,71,1922-01-15,新紀元을 劃한 우리敎의 新面目,15,unit_6_p6,,331,gemini_only,自己의努力을盡함이뎌윽이人乃天의,人乃天,이안이리오近年에우리朝鮮靑年의海,G단독,
人乃天,71,1922-01-15,新紀元을 劃한 우리敎의 新面目,15,unit_6_p6,05,2,both,元來,人乃天,이라하는것은엇든意味에이셔多數의,합의,
人乃天,71,1922-01-15,新紀元을 劃한 우리敎의 新面目,15,unit_6_p6,07,3,both,이이곳,人乃天,이며이곳同歸一體의心法이라할것이,합의,
人乃天,71,1922-01-15,新紀元을 劃한 우리敎의 新面目,15,unit_6_p6,08,3,both,乃天의,人乃天,이안이리오[next_artic,합의,
人乃天,72,1922-02-15,進化의 側面으로 본 人乃天,9,unit_2_p2,02,109,claude_only,된以上吾人은이에다못進化的學說이,人乃天,과엇더한密接의關係를가함에對하야,C단독,
人乃天,72,1922-02-15,進化의 側面으로 본 人乃天,12,unit_5_p5,04,176,both,로우리의게天國이갓가와지는것이며,人乃天,主義는實로이將來의天國과,합의,
人乃天,73,1922-03-15,信仰 觀念의 本體,12,unit_5_p5,03,83,both,이러한意味로써본바의主義인데特히,人乃天,이라主張하는所以는사람이가장한울,합의,
人乃天,73,1922-03-15,信仰 觀念의 本體,14,unit_7_p7,01,159,both,고문득사람을卑劣히보며微弱타하야,人乃天,의眞理를疑問하는사람은이사람的의,합의,
人乃天,73,1922-03-15,信仰 觀念의 本體,14,unit_7_p7,01,355,both,하는敎化를드러말삼하심이니사람은,人乃天,主義에依하여서처음으로모든不完全,합의,
人乃天,75,1922-05-15,宗教의 六大 要素,10,unit_1_p1u,02,0,both,,人乃天,新宗敎의宗敎의素質에比較對照ᄒᆞ,합의,
人乃天,75,1922-05-15,宗教의 六大 要素,11,unit_3_p2u,13,10,both,言ᄒᆞ얏다그러ᄒᆞ면,人乃天,宗敎,합의,
人乃天,75,1922-05-15,宗教의 六大 要素,11,unit_3_p2u,17,1,both,신,人乃天,은此를自力의觀念으로,합의,
人乃天,75,1922-05-15,宗教의 六大 要素,11,unit_3_p2u,19,0,both,,人乃天,은此를自力의觀念으로,합의,
人乃天,75,1922-05-15,宗教의 六大 要素,11,unit_4_p2l,03,0,claude_only,,人乃天,의觀念으로,C단독,
人乃天,75,1922-05-15,宗教의 六大 要素,11,unit_4_p2l,07,2,claude_only,元來,人乃天,主義라ᄒᆞᆷ은其表ᄒᆞᆫ,C단독,
人乃天,75,1922-05-15,宗教의 六大 要素,11,unit_4_p2l,09,10,claude_only,처ᄒᆞᆯ이ᄒᆞ로者는,人乃天,으로根本부터萬,C단독,
人乃天,75,1922-05-15,宗教의 六大 要素,11,unit_4_p2l,14,8,claude_only,人)에比ᄒᆞ야또,人乃天,主義는人,C단독,
人乃天,75,1922-05-15,宗教의 六大 要素,11,unit_4_p2l,16,0,claude_only,,人乃天,의觀念으로觀ᄒᆞ면[?]超人의勢,C단독,
人乃天,75,1922-05-15,宗教의 六大 要素,11,unit_4_p2l,18,0,claude_only,,人乃天,은超人의勢力에依ᄒᆞ야ᄡᅥ,C단독,
人乃天,75,1922-05-15,宗教의 六大 要素,11,unit_4_p2l,19,0,claude_only,,人乃天,은人性無限伏能의活用을엇어,C단독,
人乃天,75,1922-05-15,宗教의 六大 要素,12,unit_5_p3u,,297,gemini_only,할이不可할것이다第四救濟의信念을,人乃天,의觀念으로觀ᄒᆞ人乃天에서는어데,G단독,
人乃天,75,1922-05-15,宗教의 六大 要素,12,unit_5_p3u,,308,gemini_only,濟의信念을人乃天의觀念으로觀ᄒᆞ,人乃天,에서는어데까지던지自己로써自己를,G단독,
人乃天,75,1922-05-15,宗教의 六大 要素,12,unit_5_p3u,01,15,both,모든希望을達코셔ᄒᆞᄂᆞ바이니,人乃天,主義로ᄉᆞ,합의,
人乃天,75,1922-05-15,宗教의 六大 要素,12,unit_5_p3u,09,0,both,,人乃天,의觀念으로觀ᄒᆞ면,합의,
人乃天,75,1922-05-15,宗教의 六大 要素,12,unit_5_p3u,15,0,both,,人乃天,에서ᄂᆞᆫ어ᄃᆡᄉᆞᆼ까지던지自,합의,
人乃天,75,1922-05-15,宗教의 六大 要素,12,unit_6_p3l,02,0,both,,人乃天,觀念으로觀ᄒᆞ면人乃天은이미自力,합의,
人乃天,75,1922-05-15,宗教의 六大 要素,12,unit_6_p3l,02,11,both,人乃天觀念으로觀ᄒᆞ면,人乃天,은이미自力의宗敎인ᄉᆞ써,합의,
人乃天,75,1922-05-15,宗教의 六大 要素,12,unit_6_p3l,07,0,both,,人乃天,觀念으로觀ᄒᆞ면人乃天主義는人을,합의,
人乃天,75,1922-05-15,宗教의 六大 要素,12,unit_6_p3l,07,11,both,人乃天觀念으로觀ᄒᆞ면,人乃天,主義는人을平等自由,합의,
人乃天,75,1922-05-15,宗教의 六大 要素,12,unit_6_p3l,09,11,both,ᄒᆞᄂᆞ天과如ᄒᆞ니事,人乃天,主義는即人과事人과事天은,합의,
人乃天,75,1922-05-15,宗教의 六大 要素,12,unit_6_p3l,13,8,claude_only,由來宗敎의素質이,人乃天,의上에쌍納ᄒᆞ야,C단독,
哲學,3,1911-06-15,宗敎統一은 自然의 勢,29,unit_5_p3u,04,6,both,胞中萬宗敎萬,哲學,萬眞理를摠括ᄒᆞ야浩浩,합의,
哲學,12,1912-03-15,我觀人生,34,unit_6_p3l,15,13,both,으로所謂知識派(卽今日科學,哲學,等)ᄂᆞᆫ排,합의,
哲學,12,1912-03-15,我觀人生,35,unit_7_p4u,,125,gemini_only,眞理를具體的으르組織ᄒᆞ야疑懷的,哲學,者로餘蘊이無刋ᄒᆞ고徘徊的沒覺者,G단독,
哲學,13,1912-04-15,宇宙說,11,unit_6_p3l,07,36,both,現出ᄒᆞ니卽神運의結果라萬宗敎萬,哲學,,합의,
哲學,15,1912-06-15,東經大全要旨講解,10,unit_4_p2l,07,9,both,量이라盖大聖의道논,哲學,의複雜혼空,합의,
哲學,20,1913-02-15,光의 說,36,unit_5_p3u,07,8,both,히宗敎的이오更히,哲學,的이오更히神秘的,합의,
哲學,78,1913-04-15,靈性的 生活,,unit_1_p1,02,2,both,活과,哲學,的生活의半面은全히此에屬ᄒᆞ者,합의,
哲學,22,1913-08-15,紀念과 余의 告白,9,unit_7_p4u,02,23,claude_only,의擔任問題에歸納코져ᄒᆞ노라近世,哲學,은吾人을論ᄒᆞ야曰個性社會의如何,C단독,
哲學,29,1914-11-15,真理의 根底를 誤解치 勿하라,7,unit_2_p1l,,213,gemini_only,時에無窮主義니라進化主義니라生路,哲學,的一刹那主義ᄂᆞᆫ積極的主義니라,G단독,
哲學,30,1915-05-15,最高消遣法,25,,,294,verified,答ᄒᆞᆯ者-無ᄒᆞ리라.勿論宗敎,哲學,科學等諸般의敎訓中에ᄂᆞᆫ生死問,정본,Y 정본
哲學,32,1915-08-15,人生은 神에 出ᄒᆞ야 神에 歸言故로 人生의 目的은 道를 覺홈에 在함,15,,,1760,verified,生問題를解ᄒᆞᄂᆞᆫ者ᄂᆞᆫ墳墓,哲學,을知ᄒᆞᄂᆞ니墳墓ᄂᆞᆫ實로相對,정본,Y 정본
哲學,37,1917-12-15,吾敎의 大宗,5,,,1392,verified,上의必然으로自生ᄒᆞᆫ眞理니故로,哲學,者輩ᄂᆞᆫ旣히何等의宗敎도信치아,정본,Y 정본
哲學,37,1917-12-15,吾敎의 大宗,5,,,1539,verified,脫ᄒᆞ얏다言키難ᄒᆞ니何者오.各,哲學,者의是我宗教도亦是自己의主觀에羈,정본,Y 정본
哲學,37,1917-12-15,吾敎의 大宗,5,,,1561,verified,宗教도亦是自己의主觀에羈絆되야一,哲學,者의是라主張ᄒᆞᆫ宗教心은他哲學,정본,Y 정본
哲學,37,1917-12-15,吾敎의 大宗,5,,,1577,verified,哲學者의是라主張ᄒᆞᆫ宗教心은他,哲學,者의게ᄂᆞᆫ非라主張치아니치못ᄒ,정본,Y 정본
哲學,37,1917-12-15,吾敎의 大宗,5,,,1642,verified,要力이無ᄒᆞᆷ으로써이라.於是에,哲學,"과哲學互相競爭ᄒᆞᆫ結果,信教自",정본,Y 정본
哲學,37,1917-12-15,吾敎의 大宗,5,,,1645,verified,無ᄒᆞᆷ으로써이라.於是에哲學과,哲學,"互相競爭ᄒᆞᆫ結果,信教自由의問",정본,Y 정본
哲學,37,1917-12-15,吾敎의 大宗,5,,,1692,verified,도容認키되얏ᄂᆞ니是實로萬宗教萬,哲學,을摠合大成ᄒᆞᆫ最後大宗教가無ᄒ,정본,Y 정본
哲學,37,1917-12-15,吾敎의 大宗,6,,,2069,verified,를包容ᄒᆞᆯᄲᅮᆫ아니라進ᄒᆞ야,哲學,을包容ᄒᆞ며又進ᄒᆞ야科學ᄭᅡ지,정본,Y 정본
哲學,37,1917-12-15,吾敎의 大宗,6,,,2204,verified,"ᄒᆞᄂᆞ니思ᄒᆞ라何等宗敎,何等",哲學,이라도決코天道以外의眞理를悟得ᄒ,정본,Y 정본
哲學,37,1917-12-15,吾敎의 大宗,7,,,2704,verified,ᆞᄂᆞᆫ者로是理를從ᄒᆞ야各般의,哲學,과各般의科學을解剖ᄒᆞ면如何ᄒᆞ,정본,Y 정본
哲學,40,1918-03-15,信仰上으로 觀ᄒᆞᆯ 吾人의 努力,18,unit_1_p1u,02,4,claude_only,各時代의,哲學,者가,C단독,
哲學,40,1918-03-15,信仰上으로 觀ᄒᆞᆯ 吾人의 努力,18,unit_2_p1l,01,5,claude_only,題의濃源은,哲學,도오히려探眞의承認을求得지못ᄒᆞ,C단독,
哲學,41,1918-05-15,兩道師巡回와 關北敎友,11,unit_7_p4u,18,16,both,되ᄂᆞ니보다實際家되기를願ᄒᆞ며,哲學,家되ᄂᆞ니보다信,합의,
哲學,41,1918-05-15,兩道師巡回와 關北敎友,11,unit_8_p4l,03,4,claude_only,舒ᄒᆞ며,哲學,이宇宙를伸縮ᄒᆞᆯ지라도吾身에能,C단독,
哲學,42,1918-07-15,大神師性靈出世說(其一),10,unit_1_p1u,14,6,both,的宗敎며人生,哲學,이오現代哲學이니人生의根本的[n,합의,
哲學,42,1918-07-15,大神師性靈出世說(其一),10,unit_1_p1u,14,12,both,的宗敎며人生哲學이오現代,哲學,이니人生의根本的[next_ar,합의,
哲學,79,1918-08-15,大神師性靈出世說(其二),,unit_1_p1,,688,gemini_only,道線에接ᄒᆞ야天人이合一이니故로,哲學,上要義가侍天主에通解ᄒᆞ노라,G단독,
哲學,79,1918-08-15,大神師性靈出世說(其二),,unit_1_p1,02,107,both,道線에接ᄒᆞ야天人이合一이니故로,哲學,上要義가侍天主에通解타ᄒᆞ노라,합의,
哲學,81,1918-10-15,大神師性靈出世說(其四),,unit_1_p1,01,62,both,天、世界天이라ᄒᆞ시니라噫라古代,哲學,者의各論이人生觀에否定이나肯定이,합의,
哲學,81,1918-10-15,大神師性靈出世說(其四),,unit_2_p2,02,32,claude_only,의論理ᄂᆞᆫ아ᄌᆞ組織잇고系統의,哲學,理로써發表치못ᄒᆞᆫ것이엿지만은,C단독,
哲學,46,1919-02-15,將來의 宗敎,3,unit_3_p3,07,36,both,來間에實로風雲이ᄒᆞ엿더니라宗敎,哲學,科學도其然ᄒᆞ고實業도,합의,
哲學,49,1919-05-15,默念論(續),16,unit_6_p6,03,77,both,업지못ᄒᆞᆯ지라然이나何人이든지,哲學,者되기不能ᄒᆞ니宗敎家되기不能ᄒ,합의,
哲學,50,1919-06-15,眞實된 信仰生活,2,unit_2_p2,03,142,both,히려못ᄒᆞ도다又幾多의宗敎幾多의,哲學,ᄂᆞᆫ科學이臆斷激說을弄ᄒᆞ야文,합의,
哲學,53,1919-10-15,今日以後의 宗敎,3,unit_2_p2,03,20,claude_only,善이라ᄒᆞᆷ은何이나此ᄂᆞᆫ實로,哲學,上一大難問으로充分苦澁ᄒᆞᆫ難題,C단독,
哲學,55,1919-12-15,改造와 宗敎,8,unit_5_p5,03,8,both,第三新宗敎ᄂᆞᆫ,哲學,을益益包容ᄒᆞᆫᄂᆞᆫ宗敎가되리,합의,
哲學,55,1919-12-15,改造와 宗敎,8,unit_5_p5,03,28,both,益包容ᄒᆞᆫᄂᆞᆫ宗敎가되리라卽,哲學,은宗敎의先驅가되야宇宙의原理를證,합의,
哲學,55,1919-12-15,改造와 宗敎,8,unit_5_p5,04,20,both,仰에益益其熱度를加ᄏᆡ되리라故로,哲學,은宗敎의腎療의價値를負ᄒᆞ고益益,합의,
哲學,55,1919-12-15,改造와 宗敎,8,unit_5_p5,09,36,both,를包容ᄒᆞ며萬科學을調和ᄒᆞ며萬,哲學,을先驅로ᄒᆞ야天地宇宙의大理想,합의,
哲學,56,1920-01-15,天道敎六十一歲花甲庚申을 迎喜,8,unit_2_p2,16,8,both,를勢力이라ᄒᆞ며,哲學,者는此를美善眞이라實在라ᄒᆞ며理,합의,
哲學,56,1920-01-15,天道敎六十一歲花甲庚申을 迎喜,11,unit_5_p5,03,134,claude_only,노니其故ᄂᆞᆫ天道ᄂᆞᆫ萬宗敎萬,哲學,을包容ᄒᆞ야自己開拓의宗敎임으로,C단독,
哲學,59,1920-05-15,哲人主義의 將來와 新宗敎의 價値,9,unit_2_p2,03,36,both,으로政治를誤코져ᄒᆞ면彼等은此를,哲學,者-」「이색오로치쓰트」의手에委,합의,
哲學,59,1920-05-15,哲人主義의 將來와 新宗敎의 價値,9,unit_2_p2,03,91,both,이如斯ᄒᆞᆫ懷言을敢放ᄒᆞᆫ바는,哲學,者는大槪가世態에迂遠ᄒᆞ,합의,
哲學,60,1920-06-15,自己解放과 人乃天主義,1,unit_1_p1,01,12,claude_only,進化論의元祖에利픈ᄒᆞᆫ,哲學,者ᄂᆞᆫ一日「適者ㅣ生存ᄒᆞ고不,C단독,
哲學,61,1920-07-15,自己解放과 人乃天主義(續),4,unit_4_p4,,555,gemini_only,頭에徘徊彷徨케되는것이로다英國大,哲學,一꾼은일즉嚴肅한偶像으로싸여人의,G단독,
哲學,65,1920-11-15,拘束의 宗敎로부터 自由의 宗敎,5,unit_5_p5,09,17,both,은神의存在와靈魂의歸宿을科學或은,哲學,으로到底히其根據를發見치못할만한,합의,
哲學,85,1921-04-15,사람性의 無窮을 論하노라,,unit_2_p2,11,33,both,ᆞᆫ뒤이에對ᄒᆞ야ᄂᆞᆫ古今東西,哲學,者의學說에區々ᄒᆞ나그中에가쟝有,합의,
哲學,69,1921-07-15,新文化는 무엇에 依하야 建設되랴,5,unit_5_p5,01,183,both,醜彼와我上과下左와右모든宗敎도든,哲學,모든科學等의理想을總合大觀하야그,합의,
哲學,72,1922-02-15,進化의 側面으로 본 人乃天,8,unit_1_p1,10,33,claude_only,宗敎的方面이오ᄯᅩ하나난科學的及,哲學,的方面으로보는法이엇다,C단독,
哲學,72,1922-02-15,進化의 側面으로 본 人乃天,8,unit_1_p1,11,19,claude_only,여보냇으며佛敎에셔는十二因緣說을,哲學,的으로解明케하야人類의發生은因緣,C단독,
哲學,72,1922-02-15,進化의 側面으로 본 人乃天,8,unit_1_p1,14,16,claude_only,不能함은勿論이엇다그러나科學的又,哲學,的方面에잇는人類의發生原因에就하,C단독,
哲學,72,1922-02-15,進化의 側面으로 본 人乃天,10,unit_3_p3,02,47,both,端緖를다시順으로―言하고보면支那,哲學,에이른바無極이生太極太極이生兩儀,합의,
哲學,74,1922-04-15,信仰 觀念의 本體(續),17,unit_3_p3,,539,gemini_only,或은康浪漫으로써낫타낫도다又或은,哲學,으로써낫타낫도다孔子孟子가라침도,G단독,
唯心,23,1914-01-15,個性中心說,15,unit_2_p1l,,266,gemini_only,ᄒᆞᆫ列星의上이니乃知로다萬境은,唯心,이며位置는個性이니라個性中心이無,대조,Y 2026-08-11
唯心,23,1914-01-15,個性中心說,15,unit_2_p1l,14,5,both,로다萬境은,唯心,이며位置ᄂᆞᆫ個性이니라個,대조,Y 2026-08-11
唯心,38,1918-01-15,新年과 人生,6,unit_3_p2u,,15,gemini_only,光陰이니라蓋三界ᄂᆞᆫ唯心이니,唯心,은三界를造ᄒᆞ고三界ᄂᆞᆫ變遷을,대조,Y 2026-08-11
唯心,38,1918-01-15,新年과 人生,6,unit_3_p2u,01,11,both,光陰이니라盖三界ᄂᆞᆫ,唯心,이니三,대조,Y 2026-08-11
唯心,81,1918-10-15,大神師性靈出世說(其四),,unit_2_p2,03,162,both,又此를特殊ᄒᆞ一方面으로ᄂᆞᆫ도,唯心,論이唯物論으로化ᄒᆞ며唯物論이更,대조,Y 2026-08-11
唯心論,81,1918-10-15,大神師性靈出世說(其四),,unit_2_p2,03,162,both,又此를特殊ᄒᆞ一方面으로ᄂᆞᆫ도,唯心論,이唯物論으로化ᄒᆞ며唯物論이更히,대조,Y 2026-08-11
唯物,39,1918-02-15,宗敎의 兩側面,9,unit_2_p1l,15,23,both,와大、輕과重、厚와薄을不拘ᄒᆞ고,唯物,의到處、唯行,대조,Y 2026-08-11
唯物,81,1918-10-15,大神師性靈出世說(其四),,unit_2_p2,03,166,both,殊ᄒᆞ一方面으로ᄂᆞᆫ도唯心論이,唯物,論으로化ᄒᆞ며唯物論이更히物心合,대조,Y 2026-08-11
唯物,81,1918-10-15,大神師性靈出世說(其四),,unit_2_p2,03,175,both,ᆞᆫ도唯心論이唯物論으로化ᄒᆞ며,唯物,論이更히物心合一論으로變ᄒᆞᆫ것,대조,Y 2026-08-11
唯物論,81,1918-10-15,大神師性靈出世說(其四),,unit_2_p2,03,166,both,殊ᄒᆞ一方面으로ᄂᆞᆫ도唯心論이,唯物論,으로化ᄒᆞ며唯物論이更히物心合一,대조,Y 2026-08-11
唯物論,81,1918-10-15,大神師性靈出世說(其四),,unit_2_p2,03,175,both,ᆞᆫ도唯心論이唯物論으로化ᄒᆞ며,唯物論,이更히物心合一論으로變ᄒᆞᆫ것이,대조,Y 2026-08-11
宗敎,2,1911-04-15,信念의 神聖,28,unit_4_p3u,07,11,both,非此ᅵ오何오試看天下之,宗敎,건딕自天을,합의,
宗敎,2,1911-04-15,信念의 神聖,28,unit_4_p3u,13,2,claude_only,리오,宗敎,界諸氏는吾最後大宗의信念神聖,C단독,
宗敎,3,1911-06-15,宗敎統一은 自然의 勢,27,unit_1_p1u,06,5,claude_only,人類의衆과,宗敎,의多로各其門戶를立ᄒᆞ야,C단독,
宗敎,3,1911-06-15,宗敎統一은 自然의 勢,27,unit_1_p1u,08,4,claude_only,盡ᄒᆞ며,宗敎,가此에終ᄒᆞ얏다ᄒᆞ니是果其然,C단독,
宗敎,3,1911-06-15,宗敎統一은 自然의 勢,27,unit_2_p1l,07,11,claude_only,라고大談ᄒᆞ나今日世界,宗敎,界에徘徊,C단독,
宗敎,3,1911-06-15,宗敎統一은 自然의 勢,28,unit_3_p2u,06,14,both,阻隔의時代에自然ᄒᆞᆯ勢로다,宗敎,의起源은,합의,
宗敎,3,1911-06-15,宗敎統一은 自然의 勢,28,unit_3_p2u,11,6,both,發生ᄒᆞ야야,宗敎,部分時代로移ᄒᆞ니,합의,
宗敎,3,1911-06-15,宗敎統一은 自然의 勢,28,unit_4_p2l,,136,gemini_only,시라然則又將何時代로變遷ᄒᆞ고卽,宗敎,統一의時代가是也로다由來幾百年歷,G단독,
宗敎,3,1911-06-15,宗敎統一은 自然의 勢,28,unit_4_p2l,,269,gemini_only,ᄒᆞ리로다或曰現今萬事競爭時代에,宗敎,統一이到底可能이리요라ᄒᆞ나是는,G단독,
宗敎,3,1911-06-15,宗敎統一은 自然의 勢,28,unit_4_p2l,03,13,both,敎는有ᄒᆞ되天道는無ᄒᆞ며,宗敎,는有ᄒᆞ야慈,합의,
宗敎,3,1911-06-15,宗敎統一은 自然의 勢,28,unit_4_p2l,07,7,both,로變遷ᄒᆞ고即,宗敎,統一의時代라ᄒᆞ리로다,합의,
宗敎,3,1911-06-15,宗敎統一은 自然의 勢,28,unit_4_p2l,14,7,both,萬事競爭時代에,宗敎,統一이抵莫可能이라,합의,
宗敎,3,1911-06-15,宗敎統一은 自然의 勢,29,unit_5_p3u,,135,gemini_only,ᄒᆞ옴을不知홈과恰似ᄒᆞ도다一朝,宗敎,界의昏夢이覺ᄒᆞ면東西四方의何宗,G단독,
宗敎,3,1911-06-15,宗敎統一은 自然의 勢,29,unit_5_p3u,04,3,both,胞中萬,宗敎,萬哲學萬眞理를摠括ᄒᆞ야浩浩,합의,
宗敎,6,1911-09-15,還人欲이라야 眞樂生이오 眞樂이라야 世界得幸福이라,16,unit_6_p3l,15,12,claude_only,喜고過人欲의最逕路ᄂᆞᆫ,宗敎,며崇敎中五,C단독,
宗敎,6,1911-09-15,還人欲이라야 眞樂生이오 眞樂이라야 世界得幸福이라,16,unit_6_p3l,17,17,claude_only,日享之ᄒᆞᄂᆞᆫ眞樂이有ᄒᆞ니是,宗敎,며崇敎中五,C단독,
宗敎,7,1911-10-15,大雄無畏觀,26,unit_7_p4u,04,17,both,世界를一洗ᄒᆞ나니此ᄂᆞᆫ卽自古,宗敎,的,합의,
宗敎,8,1911-11-15,因果의 神案,24,unit_2_p1l,01,70,both,後事業도天輪의往復이本無二致오惟,宗敎,之所行이니宗敎之所行은惟人心之所,합의,
宗敎,8,1911-11-15,因果의 神案,24,unit_2_p1l,01,77,both,往復이本無二致오惟宗敎之所行이니,宗敎,之所行은惟人心之所行이오人心之所,합의,
宗敎,8,1911-11-15,因果의 神案,27,unit_8_p4l,05,5,both,噫라先天各,宗敎,의內部的機能을大約的觀,합의,
宗敎,9,1911-12-15,運命說,31,unit_5_p3u,03,4,claude_only,者오人은,宗敎,家에生ᄒᆞᆫ者와如ᄒᆡ幸福이無[,C단독,
宗敎,9,1911-12-15,運命說,31,unit_5_p3u,03,29,claude_only,와如ᄒᆡ幸福이無[?]一은父母의,宗敎,的家庭敎育에因ᄒᆞ[?]何者오[,C단독,
宗敎,11,1912-02-15,死後問題,21,unit_1_p1u,13,2,both,天然,宗敎,的動物이라ᄒᆞᆷ이可ᄒᆞ도다故로,합의,
宗敎,12,1912-03-15,我觀人生,37,unit_11_p6u,06,12,claude_only,正正當當ᄒᆞᆫ眞個自由的,宗敎,가現出치아ᄒᆞ면天下의不自由ᄂᆞ,C단독,
宗敎,12,1912-03-15,我觀人生,37,unit_11_p6u,07,4,claude_only,故로此等,宗敎,가一出ᄒᆞ야十六億萬根本敎心으로,C단독,
宗敎,12,1912-03-15,我觀人生,33,unit_4_p2l,16,3,claude_only,ᄂᆞᆫ,宗敎,가其宜를失ᄒᆞ야各其一端에立ᄒᆞ,C단독,
宗敎,12,1912-03-15,我觀人生,34,unit_5_p3u,03,4,both,的極度의,宗敎,가現出치아니ᄒᆞ면人生의主,합의,
宗敎,12,1912-03-15,我觀人生,34,unit_5_p3u,15,0,both,,宗敎,信者의게加稱ᄒᆞᄂᆞ니大抵宗敎라,합의,
宗敎,12,1912-03-15,我觀人生,34,unit_5_p3u,15,15,both,宗敎信者의게加稱ᄒᆞᄂᆞ니大抵,宗敎,라ᄒᆞᆷ은,합의,
宗敎,12,1912-03-15,我觀人生,34,unit_6_p3l,11,3,claude_only,盖古代,宗敎,의半面은總히虛誕一辭로想像,C단독,
宗敎,12,1912-03-15,我觀人生,35,unit_7_p4u,01,64,both,ᄒᆞᄂᆞᆫ曉星의嘆을難免ᄒᆞ야卽,宗敎,恐慌의時代가在邇ᄒᆞ야도不,합의,
宗敎,12,1912-03-15,我觀人生,35,unit_7_p4u,02,107,both,을冒着치안인者ㅣ幾有리오故로此等,宗敎,가一出ᄒᆞ야萬里長空에白白皓月이,합의,
宗敎,13,1912-04-15,宇宙說,11,unit_5_p3u,14,3,both,擇信은,宗敎,의達者니王良의善御도躄奚ᄂᆞᆫ,합의,
宗敎,13,1912-04-15,宇宙說,11,unit_6_p3l,07,33,both,初頭에現出ᄒᆞ니卽神運의結果라萬,宗敎,萬哲學,합의,
宗敎,13,1912-04-15,宇宙說,11,unit_6_p3l,08,13,both,을包含ᄒᆞ야進步時代에最後,宗敎,니生物에對ᄒᆞ空氣와魚類에對ᄒᆞ,합의,
宗敎,17,1912-09-15,東經要旨講解(續),16,unit_6_p3l,12,11,claude_only,의을誠團으로ᄒᆞ고此와,宗敎,的客体卽神靈總,C단독,
宗敎,19,1913-01-15,理想中新光陰,38,unit_3_p2u,,132,gemini_only,宗敎에對ᄒᆞᆫ施力이不無ᄒᆞ지며,宗敎,에對ᄒᆞᆫ方針이不無ᄒᆞ지니此에,G단독,
宗敎,19,1913-01-15,理想中新光陰,38,unit_3_p2u,07,3,both,敎家라,宗敎,에對ᄒᆞᆫ施力이不無ᄒᆞᆯ지며宗,합의,
宗敎,19,1913-01-15,理想中新光陰,38,unit_3_p2u,07,20,both,敎에對ᄒᆞᆫ施力이不無ᄒᆞᆯ지며,宗敎,,합의,
宗敎,20,1913-02-15,光의 說,36,unit_5_p3u,07,1,both,히,宗敎,的이오更히哲學的이오更히神秘的,합의,
宗敎,78,1913-04-15,靈性的 生活,,unit_1_p1,01,15,both,靈性的生活은卽冥想的生活인ᄃᆡ,宗敎,的生,합의,
宗敎,78,1913-04-15,靈性的 生活,,unit_4_p4,01,15,claude_only,慈眼愛膓으로브터出ᄒᆞ古代의各,宗敎,가天國의未來을想望ᄒᆞ고現世을盡,C단독,
宗敎,22,1913-08-15,紀念과 余의 告白,9,unit_8_p4l,03,9,both,態後天五萬年의少年,宗敎,라長江의初發源과如ᄒᆞ며白日의始,합의,
宗敎,27,1914-08-15,定州로 붓터 高原에,32,unit_2_p1l,01,108,claude_only,產業이充裕ᄒᆞ되但遺憾인바ᄂᆞᆫ,宗敎,觀念이欠乏ᄒᆞ야敎徒의稀罕으로써,C단독,
宗敎,29,1914-11-15,真理의 根底를 誤解치 勿하라,11,unit_10_p5l,02,10,both,物永互相引着也、夫以,宗敎,論之、澳奧虛靈、殆無聲色、臭味之,합의,
宗敎,29,1914-11-15,真理의 根底를 誤解치 勿하라,11,unit_10_p5l,04,9,both,虛木而取源也、一種,宗敎,、率由乎心理中出來、自然感化人類,합의,
宗敎,29,1914-11-15,真理의 根底를 誤解치 勿하라,11,unit_10_p5l,04,38,both,然感化人類、爲敎育之淵源、是故一,宗敎,之立、一敎育、作團體、一團體之立,합의,
宗敎,29,1914-11-15,真理의 根底를 誤解치 勿하라,11,unit_10_p5l,04,58,both,、一敎育、作團體、一團體之立、一,宗敎,、由以擴充、其所假鳴放光有過於風,합의,
宗敎,29,1914-11-15,真理의 根底를 誤解치 勿하라,11,unit_10_p5l,05,23,both,月、互相表裏、隨處感應矣、切唯吾,宗敎,大家、敎育爲基礎、使大界等族、誘,합의,
宗敎,30,1915-05-15,最高消遣法,25,,,292,verified,ᆷ을答ᄒᆞᆯ者-無ᄒᆞ리라.勿論,宗敎,哲學科學等諸般의敎訓中에ᄂᆞᆫ生,정본,Y 정본
宗敎,30,1915-05-15,最高消遣法,26,,,562,verified,ᆫ最高消遣法에不過ᄒᆞ노라.故로,宗敎,는最高消遣法-됨을忘치勿ᄒᆞᆯ지,정본,Y 정본
宗敎,30,1915-05-15,最高消遣法,26,,,811,verified,定義를下ᄒᆞ면消遣法은一切生物의,宗敎,며抑亦宇宙의宗敎이라.鳶은天에飛,정본,Y 정본
宗敎,30,1915-05-15,最高消遣法,26,,,819,verified,遣法은一切生物의宗敎며抑亦宇宙의,宗敎,이라.鳶은天에飛ᄒᆞ에魚ᄂᆞᆫ淵,정본,Y 정본
宗敎,30,1915-05-15,最高消遣法,27,,,1279,verified,이아인故로吾人은時勢에適合ᄒᆞᆫ,宗敎,ᄂᆞᆫ神識에暗ᄒᆞᆫ衆生을指導ᄒ,정본,Y 정본
宗敎,31,1915-06-15,篤心者의 精靈不滅,38,,,356,verified,ᆞᆫ談片은生活問題로入ᄒᆞ야更히,宗敎,問題宗敎問題로又更히死生의大問題,정본,Y 정본
宗敎,31,1915-06-15,篤心者의 精靈不滅,38,,,360,verified,은生活問題로入ᄒᆞ야更히宗敎問題,宗敎,問題로又更히死生의大問題에移ᄒᆞ,정본,Y 정본
宗敎,32,1915-08-15,人生은 神에 出ᄒᆞ야 神에 歸言故로 人生의 目的은 道를 覺홈에 在함,14,,,933,verified,濟ᄒᆞ며道德으로衝動을調和ᄒᆞ며,宗敎,로精神을慰安ᄒᆞ며政治로方策을布,정본,Y 정본
宗敎,37,1917-12-15,吾敎의 大宗,2,,,0,verified,,宗敎,心의動機宗敎라ᄒᆞᆷ은何이뇨.天,정본,Y 정본
宗敎,37,1917-12-15,吾敎의 大宗,2,,,6,verified,宗敎心의動機,宗敎,라ᄒᆞᆷ은何이뇨.天과人의連鎖이,정본,Y 정본
宗敎,37,1917-12-15,吾敎의 大宗,3,,,269,verified,를勿問ᄒᆞ고旣人이면先天的固有의,宗敎,心이有ᄒᆞ야何等의信仰을勿論ᄒᆞ,정본,Y 정본
宗敎,37,1917-12-15,吾敎의 大宗,3,,,315,verified,이라思ᄒᆞ노라.人은如斯히固有의,宗敎,心이有ᄒᆞᆫ바ᄂᆞᆫ何故이뇨.是,정본,Y 정본
宗敎,37,1917-12-15,吾敎의 大宗,3,,,457,verified,想이로다.此刹那間感想은卽固有의,宗敎,的心이되ᄂᆞ니吾人은此心을利用ᄒ,정본,Y 정본
宗敎,37,1917-12-15,吾敎의 大宗,3,,,487,verified,을利用ᄒᆞ야其善을擴張ᄒᆞ면是卽,宗敎,의名義가始成ᄒᆞᆫ動機이라.然이,정본,Y 정본
宗敎,37,1917-12-15,吾敎의 大宗,3,,,507,verified,義가始成ᄒᆞᆫ動機이라.然이ᄂᆞ,宗敎,的心은自然ᄒᆞᆫ順序와自然ᄒᆞᆫ,정본,Y 정본
宗敎,37,1917-12-15,吾敎의 大宗,3,,,555,verified,니有史以來-今日ᄭᆞ지의五千年間,宗敎,階級은三階段이有ᄒᆞ니曰客觀的時,정본,Y 정본
宗敎,37,1917-12-15,吾敎의 大宗,4,,,688,verified,ᆷ은純然ᄒᆞᆫ客觀으로成立된一種,宗敎,心이니宗敎의動機가처음으로孕胎된,정본,Y 정본
宗敎,37,1917-12-15,吾敎의 大宗,4,,,693,verified,ᆞᆫ客觀으로成立된一種宗敎心이니,宗敎,의動機가처음으로孕胎된時代라.故,정본,Y 정본
宗敎,37,1917-12-15,吾敎의 大宗,4,,,883,verified,ᆞ야自己의主觀ᄒᆞᆫ바目的이卽其,宗敎,의敎理가되얏ᄂᆞ니曰儒佛仙曰耶回,정본,Y 정본
宗敎,37,1917-12-15,吾敎의 大宗,4,,,912,verified,佛仙曰耶回波等은皆皆此主觀時代의,宗敎,로다.故로是等의宗敎ᄂᆞᆫ各其目,정본,Y 정본
宗敎,37,1917-12-15,吾敎의 大宗,4,,,922,verified,此主觀時代의宗敎로다.故로是等의,宗敎,ᄂᆞᆫ各其目的判然相異ᄒᆞ야一宗,정본,Y 정본
宗敎,37,1917-12-15,吾敎의 大宗,4,,,939,verified,敎ᄂᆞᆫ各其目的判然相異ᄒᆞ야一,宗敎,로셔他宗敎에對照ᄒᆞ면全然別天地,정본,Y 정본
宗敎,37,1917-12-15,吾敎의 大宗,4,,,944,verified,其目的判然相異ᄒᆞ야一宗敎로셔他,宗敎,에對照ᄒᆞ면全然別天地에入ᄒᆞᆷ,정본,Y 정본
宗敎,37,1917-12-15,吾敎의 大宗,4,,,972,verified,地에入ᄒᆞᆷ과如ᄒᆞ다.於是에各,宗敎,家ᄂᆞᆫ自己의別天地로써他의別天,정본,Y 정본
宗敎,37,1917-12-15,吾敎의 大宗,4,,,1028,verified,互相排斥ᄒᆞ니是ᄂᆞᆫ客觀時代의,宗敎,가客觀의拘束을脫치못ᄒᆞᆷ과如히,정본,Y 정본
宗敎,37,1917-12-15,吾敎의 大宗,4,,,1051,verified,束을脫치못ᄒᆞᆷ과如히主觀時代의,宗敎,ᄂᆞᆫ主觀을脫치못ᄒᆞᆫ故라.若,정본,Y 정본
宗敎,37,1917-12-15,吾敎의 大宗,4,,,1073,verified,觀을脫치못ᄒᆞᆫ故라.若破天荒의,宗敎,家가有ᄒᆞ야此를觀ᄒᆞ면實로盲人,정본,Y 정본
宗敎,37,1917-12-15,吾敎의 大宗,4,,,1220,verified,說로써他를排斥ᄒᆞᆷ은時代蔑視의,宗敎,家라謂치아니치못ᄒᆞᆯ지로다.三,정본,Y 정본
宗敎,37,1917-12-15,吾敎의 大宗,4,,,1252,verified,.三、調和時代然ᄒᆞ면調和時代의,宗敎,라ᄒᆞᆷ은何이냐.吾人은旣히主觀,정본,Y 정본
宗敎,37,1917-12-15,吾敎의 大宗,5,,,1273,verified,ᆷ은何이냐.吾人은旣히主觀時代의,宗敎,各其一部의眞理가有ᄒᆞᆷ과同時에,정본,Y 정본
宗敎,37,1917-12-15,吾敎의 大宗,5,,,1404,verified,理니故로哲學者輩ᄂᆞᆫ旣히何等의,宗敎,도信치아니ᄒᆞ고萬宗敎의眞理를總,정본,Y 정본
宗敎,37,1917-12-15,吾敎의 大宗,5,,,1415,verified,旣히何等의宗敎도信치아니ᄒᆞ고萬,宗敎,의眞理를總括ᄒᆞ야各其非를斥ᄒᆞ,정본,Y 정본
宗敎,37,1917-12-15,吾敎의 大宗,5,,,1442,verified,各其非를斥ᄒᆞ고是를取ᄒᆞ야一種,宗敎,心을構造ᄒᆞ고壯然大呼曰是我宗敎,정본,Y 정본
宗敎,37,1917-12-15,吾敎의 大宗,5,,,1458,verified,宗敎心을構造ᄒᆞ고壯然大呼曰是我,宗敎,라ᄒᆞᄂᆞ니是實로排斥ᄒᆞᆯ만ᄒ,정본,Y 정본
宗敎,37,1917-12-15,吾敎의 大宗,5,,,1492,verified,ᆞᆫ硏究가아이오.寧히可尙ᄒᆞᆯ,宗敎,心의進化라謂ᄒᆞᆯ지로다.然이나,정본,Y 정본
宗敎,37,1917-12-15,吾敎의 大宗,6,,,1791,verified,"無心치아니ᄒᆞ면必然的結果,是等",宗敎,가出來ᄒᆞᆯ것은天地의原則이아인,정본,Y 정본
宗敎,37,1917-12-15,吾敎의 大宗,6,,,1871,verified,眞理를下段에陳述ᄒᆞ야現代人生의,宗敎,的心鏡下에셔公評을得코제ᄒᆞ오니,정본,Y 정본
宗敎,37,1917-12-15,吾敎의 大宗,6,,,1918,verified,가是等의資格이有ᄒᆞ면現代人生에,宗敎,的生命을爲ᄒᆞ야多幸이라ᄒᆞ노라,정본,Y 정본
宗敎,37,1917-12-15,吾敎의 大宗,6,,,1950,verified,노라.天道敎의名義吾人은前章에서,宗敎,의過渡時代를論ᄒᆞ야今日은宗敎統,정본,Y 정본
宗敎,37,1917-12-15,吾敎의 大宗,6,,,1965,verified,서宗敎의過渡時代를論ᄒᆞ야今日은,宗敎,統一의時代임을說破ᄒᆞ얏도다.然,정본,Y 정본
宗敎,37,1917-12-15,吾敎의 大宗,6,,,1988,verified,임을說破ᄒᆞ얏도다.然ᄒᆞ면統一,宗敎,라ᄒᆞᆷ은如何ᄒᆞᆫ眞理와如何ᄒ,정본,Y 정본
宗敎,37,1917-12-15,吾敎의 大宗,6,,,2046,verified,抱負가無치아니ᄒᆞ면不可ᄒᆞ니卽,宗敎,全部의眞理를包容ᄒᆞᆯᄲᅮᆫ아니,정본,Y 정본
宗敎,37,1917-12-15,吾敎의 大宗,6,,,2199,verified,ᄒᆞᆫ者라ᄒᆞᄂᆞ니思ᄒᆞ라何等,宗敎,",何等哲學이라도決코天道以外의眞",정본,Y 정본
宗敎,37,1917-12-15,吾敎의 大宗,6,,,2322,verified,ᆞ야曰天道라ᄒᆞ니라.故로天下에,宗敎,가多ᄒᆞ나其要點은儒佛仙에不過ᄒ,정본,Y 정본
宗敎,37,1917-12-15,吾敎의 大宗,7,,,2894,verified,을保ᄒᆞ나니是理에依ᄒᆞ야各般의,宗敎,를解剖ᄒᆞ면如何ᄒᆞᆫ敎宗을勿論,정본,Y 정본
宗敎,38,1918-01-15,新年과 人生,6,unit_4_p2l,15,5,claude_only,라新ᄒᆞᆫ,宗敎,로新ᄒᆞᆫ光陰을迎ᄒᆞ야特別히新,C단독,
宗敎,39,1918-02-15,宗敎의 兩側面,10,unit_3_p2u,11,5,claude_only,의本領이라,宗敎,ᄂᆞᆫ此本領을失ᄒᆞ면現代文明을,C단독,
宗敎,39,1918-02-15,宗敎의 兩側面,10,unit_3_p2u,12,19,claude_only,又融和치못ᄒᆞ지라詳言ᄒᆞ면現代,宗敎,ᄂᆞᆫ靈,C단독,
宗敎,39,1918-02-15,宗敎의 兩側面,10,unit_3_p2u,14,18,claude_only,應用치안일이不可ᄒᆞ도다故로現代,宗敎,ᄂᆞᆫ,C단독,
宗敎,39,1918-02-15,宗敎의 兩側面,10,unit_3_p2u,16,10,claude_only,個人的側面으로觀ᄒᆞ,宗敎,ᄂᆞᆫ、各個人의專攻的修[?],C단독,
宗敎,39,1918-02-15,宗敎의 兩側面,10,unit_3_p2u,17,14,claude_only,要ᄒᆞ고社會的側面으로觀ᄒᆞ,宗敎,ᄂᆞᆫ其專攻ᄒᆞ[?],C단독,
宗敎,39,1918-02-15,宗敎의 兩側面,10,unit_4_p2l,02,10,both,의中에ᄋᆞ도在ᄒᆞᆫ,宗敎,의兩側面을完全히ᄒᆞ얏다謂ᄒᆞᆯ,합의,
宗敎,39,1918-02-15,宗敎의 兩側面,10,unit_4_p2l,10,2,claude_only,ᄋᆞ,宗敎,潑々이人生의眞面目을發揮ᄒᆞᆷ이,C단독,
宗敎,39,1918-02-15,宗敎의 兩側面,11,unit_5_p3u,13,0,claude_only,,宗敎,家에特히注意ᄒᆞᆯ大法門이라盖家,C단독,
宗敎,39,1918-02-15,宗敎의 兩側面,11,unit_6_p3l,25,16,claude_only,是를謂ᄒᆞᆫ바로다然ᄒᆞ면吾人은,宗敎,的兩側面에서一側,C단독,
宗敎,41,1918-05-15,兩道師巡回와 關北敎友,8,unit_1_p1u,03,72,both,兩道師ᄂᆞᆫ特히聖師의命敎下에서,宗敎,의事業을爲ᄒᆞ야精神的生命을吾人,합의,
宗敎,41,1918-05-15,兩道師巡回와 關北敎友,8,unit_2_p1l,01,4,both,오로아족,宗敎,의眞風光을發揮치못ᄒᆞ시고因ᄒᆞ,합의,
宗敎,41,1918-05-15,兩道師巡回와 關北敎友,9,unit_3_p2u,05,1,claude_only,盖,宗敎,에要ᄒᆞᆯ바必然의面目은반다시信,C단독,
宗敎,41,1918-05-15,兩道師巡回와 關北敎友,9,unit_3_p2u,08,3,claude_only,文明的,宗敎,라言키難ᄒᆞ도다,C단독,
宗敎,41,1918-05-15,兩道師巡回와 關北敎友,9,unit_3_p2u,10,22,claude_only,神을徹底케ᄒᆞᄂᆞᆫ大道로吾敎의,宗敎,的精神,C단독,
宗敎,41,1918-05-15,兩道師巡回와 關北敎友,9,unit_4_p2l,,224,gemini_only,宗敎의眞價를不知ᄒᆞ든吾人이能히,宗敎,의風光을認識홈에至ᄒᆞ며道德의本,G단독,
宗敎,41,1918-05-15,兩道師巡回와 關北敎友,9,unit_4_p2l,,314,gemini_only,을形成ᄒᆞ엿스니若吾人으로一層ㅣ,宗敎,的實行의境에到達ᄒᆞ고一日이면吾,G단독,
宗敎,41,1918-05-15,兩道師巡回와 關北敎友,9,unit_4_p2l,03,8,both,에在ᄒᆞ니吾敎의,宗敎,的精神이此巡回로始ᄒᆞ야漸々發揮,합의,
宗敎,41,1918-05-15,兩道師巡回와 關北敎友,9,unit_4_p2l,12,13,both,ᄒᆞ엿스니若吾人으로一層ᅵ,宗敎,的實行의境에到達ᄒᆞᄂᆞᆫ,합의,
宗敎,41,1918-05-15,兩道師巡回와 關北敎友,10,unit_5_p3u,15,16,claude_only,果然ᄒᆞ다譬師ᄂᆞᆫ徹頭徹尾의大,宗敎,家ㅣ라若人이何點,C단독,
宗敎,41,1918-05-15,兩道師巡回와 關北敎友,10,unit_5_p3u,16,11,claude_only,譬師ᄂᆞᆫ徹頭徹尾의大,宗敎,家ㅣ나問ᄒᆞ면余ᄂᆞᆫ決코臆斷,C단독,
宗敎,41,1918-05-15,兩道師巡回와 關北敎友,10,unit_5_p3u,17,26,claude_only,야一言으로此ᄅᆞᆯ例證ᄒᆞ리라盖,宗敎,,C단독,
宗敎,42,1918-07-15,大神師性靈出世說(其一),10,unit_1_p1u,,342,gemini_only,哲學이니人生의根本的宗敎며人生的,宗敎,며年月日別座師ㅣ大神師性靈出世說,G단독,
宗敎,42,1918-07-15,大神師性靈出世說(其一),10,unit_1_p1u,05,9,both,ᄒᆞ리오如何ᄒᆞᆫ,宗敎,家ᄂᆞᆫ性邊事만唱導ᄒᆞ야寂滅에,합의,
宗敎,42,1918-07-15,大神師性靈出世說(其一),10,unit_1_p1u,06,3,both,誰某의,宗敎,家ᄂᆞᆫ身邊事만主張ᄒᆞ야治平을,합의,
宗敎,42,1918-07-15,大神師性靈出世說(其一),10,unit_1_p1u,12,25,both,感化를受ᄒᆞ은天道敎ᄂᆞᆫ世界的,宗敎,오此,합의,
宗敎,42,1918-07-15,大神師性靈出世說(其一),10,unit_1_p1u,13,22,both,求ᄒᆞ리오然則天道敎ᄂᆞᆫ世界的,宗敎,오此,합의,
宗敎,42,1918-07-15,大神師性靈出世說(其一),10,unit_1_p1u,14,1,both,的,宗敎,며人生哲學이오現代哲學이니人生의,합의,
宗敎,42,1918-07-15,大神師性靈出世說(其一),11,unit_3_p2u,01,37,both,聖師의此一言은實로五萬年의法語라,宗敎,의大問題ᄂᆞᆫ信仰中心、死生大觀,합의,
宗敎,42,1918-07-15,大神師性靈出世說(其一),13,unit_7_p4u,03,14,both,一、天堂或은極樂說此說은原來,宗敎,的迷信으로出ᄒᆞᆫ者니人의死後靈,합의,
宗敎,42,1918-07-15,大神師性靈出世說(其一),13,unit_7_p4u,03,84,both,ᄒᆞ이오二、輪回說이니此說은純粹,宗敎,的因果律에基因ᄒᆞ니靈的個體가善,합의,
宗敎,80,1918-09-15,大神師性靈出世說(其三),,unit_1_p1,01,96,both,로써永久生命을持ᄒᆞ랴故로古代의,宗敎,ᄂᆞᆫ其根據를大槪ㅣ此問題라故로,합의,
宗敎,80,1918-09-15,大神師性靈出世說(其三),,unit_1_p1,01,117,both,其根據를大槪ㅣ此問題라故로古代의,宗敎,ᄂᆞᆫ其根據를大槪ㅣ此問題基盤치,합의,
宗敎,80,1918-09-15,大神師性靈出世說(其三),,unit_1_p1,02,0,claude_only,,宗敎,學者의恒言ᄒᆞᄂᆞᆫ바所謂生物의,C단독,
宗敎,80,1918-09-15,大神師性靈出世說(其三),,unit_2_p2,02,219,both,覺者ㅣ各一致ᄒᆞ얏슬것이라例如或,宗敎,의敎ᄒᆞᄂᆞᆫ바極樂地獄說이眞이,합의,
宗敎,80,1918-09-15,大神師性靈出世說(其三),,unit_2_p2,03,203,both,大道가된바라是理에由ᄒᆞ야是等各,宗敎,에係ᄒᆞ死生觀도各其眞理上에셔決,합의,
宗敎,81,1918-10-15,大神師性靈出世說(其四),,unit_2_p2,01,30,both,其以上諸說은右哲이寓言으로人民의,宗敎,的心理를挑發ᄒᆞ所以를道破ᄒᆞ얏,합의,
宗敎,81,1918-10-15,大神師性靈出世說(其四),,unit_2_p2,03,195,both,更히物心合一論으로變ᄒᆞᆫ것이며,宗敎,의方面으로ᄂᆞᆫ多神觀이一神觀으,합의,
宗敎,81,1918-10-15,大神師性靈出世說(其四),,unit_3_p3,01,69,both,玆에在ᄒᆞᆫ바로다吾人은今에由來,宗敎,의寫言的死生觀을把ᄒᆞ야此에對照,합의,
宗敎,81,1918-10-15,大神師性靈出世說(其四),,unit_3_p3,01,371,both,ᄒᆞ고安樂을得코저目的ᄒᆞᆫ것은,宗敎,家의本性이니世界가萬若一切平等ᄒ,합의,
宗敎,81,1918-10-15,大神師性靈出世說(其四),,unit_3_p3,01,401,both,切平等ᄒᆞᆫ安穩에在ᄒᆞ다ᄒᆞ면,宗敎,家ㄴ此를排ᄒᆞ야天堂이며極樂이라,합의,
宗敎,44,1918-12-18,百號紀念에 對ᄒᆞᆫ 余의 感想,13,unit_10_p5l,07,5,both,흠다我少年,宗敎,의我少年敎報여,합의,
宗敎,44,1918-12-18,百號紀念에 對ᄒᆞᆫ 余의 感想,10,unit_4_p2l,03,88,both,敎報가始有ᄒᆞ엿스니肚홉다我少年,宗敎,며美홉다我少年敎報여,합의,
宗敎,44,1918-12-18,百號紀念에 對ᄒᆞᆫ 余의 感想,11,unit_6_p3l,01,45,both,ᄒᆞ라伊來風霜十年之間에幾多의新,宗敎,가無ᄒᆞᆫ바안,합의,
宗敎,46,1919-02-15,將來의 宗敎,1,unit_1_p1,01,205,claude_only,허讀者의게告白ᄒᆞᆯ一事는將來의,宗敎,라ᄒᆞᆷ은亦是聖訓中ㅣ붓허特揭코,C단독,
宗敎,46,1919-02-15,將來의 宗敎,1,unit_1_p1,02,169,claude_only,左의三大論題에歸着ᄒᆞ리니卽甲、,宗敎,統一論의發生은必然의勢乙、彼岸的,C단독,
宗敎,46,1919-02-15,將來의 宗敎,2,unit_2_p2,01,5,both,丙、門戶的,宗敎,의腐敗와統一的宗敎의新氣運以上은,합의,
宗敎,46,1919-02-15,將來의 宗敎,2,unit_2_p2,01,14,both,丙、門戶的宗敎의腐敗와統一的,宗敎,의新氣運以上은卽聖訓中ㅣ三大要點,합의,
宗敎,46,1919-02-15,將來의 宗敎,2,unit_2_p2,01,42,both,中ㅣ三大要點인데甲은卽本題(將來,宗敎,)의目的이며乙은其精神이며丙은其,합의,
宗敎,46,1919-02-15,將來의 宗敎,2,unit_2_p2,03,2,both,甲、,宗敎,統一論의發生은必然의勢盖宗敎統一,합의,
宗敎,46,1919-02-15,將來의 宗敎,2,unit_2_p2,03,16,both,甲、宗敎統一論의發生은必然의勢盖,宗敎,統一은容易ᄒᆞ大事業이안임과同時,합의,
宗敎,46,1919-02-15,將來의 宗敎,3,unit_3_p3,06,31,claude_only,少ᄒᆞ나마歷史的生活을其然ᄒᆞ고,宗敎,政治도其然ᄒᆞ며文藝도其然,C단독,
宗敎,46,1919-02-15,將來의 宗敎,3,unit_3_p3,07,34,claude_only,古이來間에實로風雲이ᄒᆞ엿더니라,宗敎,哲學科學도其然ᄒᆞ고實業도,C단독,
宗敎,46,1919-02-15,將來의 宗敎,3,unit_3_p3,13,41,claude_only,大機會然ᄒᆞᆫ대此原理ᄂᆞᆫ特히,宗敎,에對ᄒᆞ야顯著히表顯ᄒᆞ엿ᄂᆞ니,C단독,
宗敎,46,1919-02-15,將來의 宗敎,3,unit_3_p3,14,20,claude_only,覺醒을促ᄒᆞ나니玆에吾人이吾人은,宗敎,史를一讀ᄒᆞᆷ에及ᄒᆞ야처음으로,C단독,
宗敎,46,1919-02-15,將來의 宗敎,3,unit_3_p3,18,5,claude_only,ᄒᆞ야特히,宗敎,的의方面에서其의信仰과彼邊의信仰,C단독,
宗敎,46,1919-02-15,將來의 宗敎,3,unit_3_p3,20,26,claude_only,通ᄒᆞᄂᆞᆫ端緖가現ᄒᆞ야畢境ᅵ,宗敎,風俗文物이玆에서展ᄒᆞ며競爭紛亂,C단독,
宗敎,46,1919-02-15,將來의 宗敎,4,unit_4_p4,02,13,claude_only,一神敎ᄂᆞᆫ事實上一多神의,宗敎,를統一ᄒᆞᆫ進步的事實이라故로東,C단독,
宗敎,46,1919-02-15,將來의 宗敎,4,unit_4_p4,02,97,claude_only,至ᄒᆞ엿ᄂᆞ니是ᄂᆞᆫ實로多數의,宗敎,가少數의宗敎로統一될ᄲᅮᆫ이아니,C단독,
宗敎,46,1919-02-15,將來의 宗敎,4,unit_4_p4,02,103,claude_only,니是ᄂᆞᆫ實로多數의宗敎가少數의,宗敎,로統一될ᄲᅮᆫ이아니라少數의宗敎,C단독,
宗敎,46,1919-02-15,將來의 宗敎,4,unit_4_p4,02,119,claude_only,宗敎로統一될ᄲᅮᆫ이아니라少數의,宗敎,가終에唯一의宗敎로統,C단독,
宗敎,46,1919-02-15,將來의 宗敎,4,unit_4_p4,02,127,claude_only,ᆫ이아니라少數의宗敎가終에唯一의,宗敎,로統,C단독,
宗敎,46,1919-02-15,將來의 宗敎,4,unit_4_p4,03,31,claude_only,人心에最大勢力을持ᄒᆞᆫ者ᄂᆞᆫ,宗敎,에서過ᄒᆞᆯ者ㅣ無ᄒᆞ엿더니라古,C단독,
宗敎,46,1919-02-15,將來의 宗敎,4,unit_4_p4,03,93,claude_only,備가아직搖籃의中에在ᄒᆞᆫ間에도,宗敎,의發達은어ᄂᆞ듯高度에達ᄒᆞ엿슴,C단독,
宗敎,46,1919-02-15,將來의 宗敎,4,unit_4_p4,04,50,claude_only,히려世界의思想界를左右ᄒᆞᆯ者ㅣ,宗敎,가其至要ᄒᆞᆫ位置에在ᄒᆞ엿슴을,C단독,
宗敎,46,1919-02-15,將來의 宗敎,4,unit_4_p4,04,87,claude_only,야觀ᄒᆞᆯ지라도世界活動의精神도,宗敎,에在ᄒᆞ엿슴을[?]ᄒᆞ면[?],C단독,
宗敎,46,1919-02-15,將來의 宗敎,4,unit_4_p4,04,116,claude_only,ᆞ면[?]最近世에至ᄒᆞ야ᄂᆞᆫ,宗敎,가[?]多神時代의流行이라云,C단독,
宗敎,46,1919-02-15,將來의 宗敎,4,unit_4_p4,05,9,claude_only,科學極端의反動으로,宗敎,勿與의新閣光이赫然히其頭를擡ᄒᆞ,C단독,
宗敎,46,1919-02-15,將來의 宗敎,4,unit_4_p4,05,42,claude_only,ᆞ고起ᄒᆞ며抑又大艱爭의反動으로,宗敎,에對ᄒᆞᆫ宗敎平和의熱望은實로可,C단독,
宗敎,46,1919-02-15,將來의 宗敎,4,unit_4_p4,05,49,claude_only,又大艱爭의反動으로宗敎에對ᄒᆞᆫ,宗敎,平和의熱望은實로可觀을呈象일지로,C단독,
宗敎,46,1919-02-15,將來의 宗敎,4,unit_4_p4,05,98,claude_only,은社會의根本을遂코져ᄒᆞ면不可不,宗敎,에依賴치안니처못ᄒᆞᆯ것이오又,C단독,
宗敎,46,1919-02-15,將來의 宗敎,4,unit_4_p4,06,0,claude_only,,宗敎,에依ᄒᆞ야世界를改良코져ᄒᆞ면陳,C단독,
宗敎,46,1919-02-15,將來의 宗敎,4,unit_4_p4,06,27,claude_only,良코져ᄒᆞ면陳臭腐ᄒᆞᆫ古風的의,宗敎,로써今日文化의人心思想을支配키不,C단독,
宗敎,46,1919-02-15,將來의 宗敎,4,unit_4_p4,07,70,claude_only,ᆞᆫ必然으로最新眞理를包容한即萬,宗敎,의理想을搶合ᄒᆞᆫ信仰에向ᄒᆞ야,C단독,
宗敎,46,1919-02-15,將來의 宗敎,5,unit_5_p5,02,22,both,이不知不識의神秘의裏에將次唯一의,宗敎,,합의,
宗敎,46,1919-02-15,將來의 宗敎,5,unit_5_p5,03,21,both,ᄒᆞᄂᆞᆫ氣運의大勢가안이랴是가,宗敎,統一에,합의,
宗敎,46,1919-02-15,將來의 宗敎,5,unit_5_p5,05,3,both,第二舊,宗敎,의衰頹와共히世人의斷覺悟가有하다,합의,
宗敎,46,1919-02-15,將來의 宗敎,5,unit_5_p5,07,3,both,ᄒᆞ야,宗敎,統一의氣勢를促ᄒᆞᆫ다云ᄒᆞᆷ이,합의,
宗敎,46,1919-02-15,將來의 宗敎,5,unit_5_p5,08,8,both,西土某大哲이由來,宗敎,의衰原因을四種에分ᄒᆞ야論ᄒᆞ,합의,
宗敎,46,1919-02-15,將來의 宗敎,5,unit_5_p5,09,18,both,ᆞᆫ더수에此를引證ᄒᆞ건더第一은,宗敎,의經典과社會,합의,
宗敎,46,1919-02-15,將來의 宗敎,5,unit_5_p5,10,17,both,知識及道德의進步과의衝突이니即何,宗敎,를勿論ᄒᆞ,합의,
宗敎,46,1919-02-15,將來의 宗敎,5,unit_5_p5,11,1,both,고,宗敎,의內容은其創立當初에ᄂᆞᆫ神의啓,합의,
宗敎,46,1919-02-15,將來의 宗敎,5,unit_5_p5,21,13,both,人과僧侶의衝突이니即從來의,宗敎,에셔各其經典及儀,합의,
宗敎,46,1919-02-15,將來의 宗敎,5,unit_5_p5,27,1,both,舊,宗敎,衰退의根因를槪述ᄒᆞᆫ바어니와果,합의,
宗敎,46,1919-02-15,將來의 宗敎,5,unit_5_p5,28,2,both,由來,宗敎,에對ᄒᆞᆫ態度ᄂᆞᆫ如何ᄒᆞᆫ가,합의,
宗敎,46,1919-02-15,將來의 宗敎,5,unit_5_p5,29,11,both,元來過去時代에在ᄒᆞᆫ,宗敎,의信仰力은甚히頑固偏僻ᄒᆞ야,합의,
宗敎,46,1919-02-15,將來의 宗敎,5,unit_5_p5,30,21,both,想은大槪自己의所信ᄒᆞᄂᆞᆫ바ㅣ,宗敎,ᄲᅮᆫ이絕對無,합의,
宗敎,46,1919-02-15,將來의 宗敎,5,unit_5_p5,36,19,both,ᄒᆞᆫ誤解를一掃ᄒᆞ야如何ᄒᆞᆫ,宗敎,임을勿論ᄒᆞ고共,합의,
宗敎,46,1919-02-15,將來의 宗敎,6,unit_6_p6,01,11,both,者ᄂᆞᆫ必然으로各種의,宗敎,를一堂의下에跪케하고其可否,합의,
宗敎,46,1919-02-15,將來의 宗敎,6,unit_6_p6,02,14,both,와眞僞를選擇ᄒᆞ야如何ᄒᆞᆫ,宗敎,에든지眞이란取ᄒᆞ고,합의,
宗敎,46,1919-02-15,將來의 宗敎,6,unit_6_p6,04,10,both,眞理로一大統一ᄒᆞᆫ,宗敎,를組織코저ᄒᆞᄂᆞᆫ新議會가此地,합의,
宗敎,46,1919-02-15,將來의 宗敎,6,unit_6_p6,09,4,both,지니是가,宗敎,統一의第二端諸이며,합의,
宗敎,46,1919-02-15,將來의 宗敎,6,unit_6_p6,22,22,both,發達ᄒᆞ야雖自己의信仰ᄒᆞᄂᆞᆫ,宗敎,에對ᄒᆞ로,합의,
宗敎,46,1919-02-15,將來의 宗敎,6,unit_6_p6,27,13,both,公腦가發達ᄒᆞᆷ에從ᄒᆞ야,宗敎,를統一코져ᄒᆞᄂᆞᆫ觀念은何人,합의,
宗敎,46,1919-02-15,將來의 宗敎,6,unit_6_p6,34,15,both,滿ᄒᆞᆯ것은事理의固然이니是가,宗敎,統一의第三端緖라ᄒᆞ,합의,
宗敎,46,1919-02-15,將來의 宗敎,6,unit_6_p6,36,0,both,,宗敎,ᄂᆞᆫ將來一此三大原因의下에統一,합의,
宗敎,46,1919-02-15,將來의 宗敎,6,unit_6_p6,39,11,both,性的信仰의勃興及門戶的,宗敎,의破壞와統一的宗敎의始,합의,
宗敎,46,1919-02-15,將來의 宗敎,6,unit_6_p6,39,20,both,의勃興及門戶的宗敎의破壞와統一的,宗敎,의始,합의,
宗敎,47,1919-03-15,我觀東經,18,unit_5_p5,04,5,both,翔明ᄒᆞ신,宗敎,的新制度를吟味嘆服ᄒᆞᆯ사록這間,합의,
宗敎,49,1919-05-15,默念論(續),16,unit_6_p6,03,87,both,나何人이든지哲學者되기不能ᄒᆞ니,宗敎,家되기不能ᄒᆞᆫ以上은此를專門ᄋ,합의,
宗敎,50,1919-06-15,眞實된 信仰生活,2,unit_2_p2,03,137,both,棟으로도오히려못ᄒᆞ도다又幾多의,宗敎,幾多의哲學ᄂᆞᆫ科學이臆斷激說을,합의,
宗敎,50,1919-06-15,眞實된 信仰生活,3,unit_3_p3,01,84,claude_only,故로吾人은때嘆不已ᄒᆞ다가ᄒᆞ야,宗敎,를擇ᄒᆞ며堅實ᄒᆞ信仰의城壘에歸,C단독,
宗敎,50,1919-06-15,眞實된 信仰生活,7,unit_7_p7,12,1,both,의,宗敎,的德性은發揮키不能ᄒᆞ야遂히自己,합의,
宗敎,50,1919-06-15,眞實된 信仰生活,8,unit_8_p8,08,9,claude_only,人은是에셔처눔으로,宗敎,生活의堅實ᄒᆞᆷ을,C단독,
宗敎,50,1919-06-15,眞實된 信仰生活,8,unit_8_p8,12,1,claude_only,後,宗敎,의人乃天信仰이여[next_ar,C단독,
宗敎,51,1919-07-15,愛의 開放,7,unit_2_p2,03,363,claude_only,이오其心靈의圓結을稱ᄒᆞ야吾人은,宗敎,라ᄒᆞᄂᆞ니然ᄒᆞ면宗敎家의愛의,C단독,
宗敎,51,1919-07-15,愛의 開放,7,unit_2_p2,03,375,claude_only,야吾人은宗敎라ᄒᆞᄂᆞ니然ᄒᆞ면,宗敎,家의愛의直接活用이라ᄒᆞᆯ지라換,C단독,
宗敎,51,1919-07-15,愛의 開放,7,unit_2_p2,03,397,claude_only,直接活用이라ᄒᆞᆯ지라換言ᄒᆞ면,宗敎,家의天職인대宗敎家로부터愛의活用,C단독,
宗敎,51,1919-07-15,愛의 開放,7,unit_2_p2,03,405,claude_only,ᆯ지라換言ᄒᆞ면宗敎家의天職인대,宗敎,家로부터愛의活用을除ᄒᆞ고보면이,C단독,
宗敎,51,1919-07-15,愛의 開放,9,unit_4_p4,06,17,claude_only,己의職務自己價値를思考ᄒᆞ고보면,宗敎,家ᄂᆞᆫ바다시德의地位德의職務德,C단독,
宗敎,51,1919-07-15,愛의 開放,10,unit_5_p5,,232,gemini_only,니吾人의本位ᄂᆞᆫ何이냐ᄒᆞ면卽,宗敎,的見地에서人如天ᄒᆞᆫ愛의開放이,G단독,
宗敎,53,1919-10-15,今日以後의 宗敎,4,unit_3_p3,05,7,claude_only,吾人은今에此를,宗敎,的立場으로부터見ᄒᆞ야以上에述ᄒ,C단독,
宗敎,53,1919-10-15,今日以後의 宗敎,4,unit_3_p3,05,51,claude_only,最高善을各自個性啓發이라ᄒᆞ고萬,宗敎,를堂下에置ᄒᆞᆫ後ㅣ公平ᄒᆞᆫ眼,C단독,
宗敎,53,1919-10-15,今日以後의 宗敎,4,unit_3_p3,06,3,claude_only,今日의,宗敎,로어ᄂᆞ것이能히個人의個性啓發의,C단독,
宗敎,53,1919-10-15,今日以後의 宗敎,4,unit_3_p3,08,11,claude_only,다以上은大槪ㅣ世界의大,宗敎,趣旨를通俗的表語를例擧ᄒᆞᆫ것이,C단독,
宗敎,53,1919-10-15,今日以後의 宗敎,4,unit_3_p3,08,44,claude_only,이라然ᄒᆞᆫ대思컨대世界에어ᄂᆞ,宗敎,가自로써他를信ᄒᆞ라言치아니ᄒᆞ,C단독,
宗敎,53,1919-10-15,今日以後의 宗敎,4,unit_3_p3,08,126,claude_only,도다其도亦其然ᄒᆞ리라今日에所謂,宗敎,라ᄒᆞᆫ其者ㅣ殆無ᄒᆞᄂᆞ니故로,C단독,
宗敎,53,1919-10-15,今日以後의 宗敎,4,unit_3_p3,10,44,claude_only,問ᄒᆞ면日ᇎᆲ는舊臭腐爛ᄒᆞᆫ舊,宗敎,의眞風流를,C단독,
宗敎,53,1919-10-15,今日以後의 宗敎,5,unit_4_p4,02,143,claude_only,ᆞᄂᆞ니今日一吾人의信ᄒᆞᄂᆞᆫ,宗敎,도亦是此理를免치못ᄒᆞ엿스며太古,C단독,
宗敎,53,1919-10-15,今日以後의 宗敎,5,unit_4_p4,02,252,claude_only,大ᄒᆞᆫ[張]一層善ᄒᆞᆫ復活의,宗敎,를吾人의게[信]與ᄒᆞᆯ것은理數,C단독,
宗敎,53,1919-10-15,今日以後의 宗敎,6,unit_5_p5,02,1,claude_only,의,宗敎,라斷言ᄒᆞ노라余ᄂᆞᆫ決코自畵自,C단독,
宗敎,53,1919-10-15,今日以後의 宗敎,6,unit_5_p5,07,4,claude_only,가能히萬,宗敎,의理想을總合ᄒᆞ야復活된最高善의,C단독,
宗敎,53,1919-10-15,今日以後의 宗敎,6,unit_5_p5,36,15,claude_only,出現ᄒᆞᆫ者이니萬一今日以後에,宗敎,가無ᄒᆞᄂᆞᆫ日이到ᄒᆞ면,C단독,
宗敎,53,1919-10-15,今日以後의 宗敎,6,unit_5_p5,37,9,claude_only,己어니와少ᄒᆞ야도,宗敎,가有ᄒᆞ야人心의領地를支配ᄒᆞᆫ,C단독,
宗敎,54,1919-11-15,十月二十八日大祈禱,5,unit_4_p4,06,37,both,을確知ᄒᆞ엿노라吾人은決코因襲的,宗敎,가祖師의精靈을自己以外出世的別區,합의,
宗敎,55,1919-12-15,改造와 宗敎,5,unit_2_p2,05,19,claude_only,此ᅵ進化改造의原理를直接精神的卽,宗敎,的發展에ᄒᆡᆼᄒᆞ야一者ᄒᆞ면精,C단독,
宗敎,55,1919-12-15,改造와 宗敎,5,unit_2_p2,06,97,claude_only,卽物質發明이極端에至ᄒᆞᆫ結果ᅵ,宗敎,ᄂᆞᆫ遮히大打擊을受ᄒᆞ야宇宙ᄂ,C단독,
宗敎,55,1919-12-15,改造와 宗敎,6,unit_3_p3,12,20,claude_only,가될지며今日以後世界ᄂᆞᆫ반다시,宗敎,的改,C단독,
宗敎,55,1919-12-15,改造와 宗敎,6,unit_3_p3,14,3,claude_only,如斯히,宗敎,ᄂᆞᆫ更히新ᄒᆞᆫ運命新ᄒᆞᆫ勢,C단독,
宗敎,55,1919-12-15,改造와 宗敎,7,unit_4_p4,02,28,claude_only,人으로ᄒᆞ야致命傷을當ᄒᆞᆫ由來,宗敎,가,C단독,
宗敎,55,1919-12-15,改造와 宗敎,7,unit_4_p4,05,12,claude_only,學其者의誤解일것갓ᄒᆞ면,宗敎,ᄂᆞᆫ如何ᄒᆞ든지新ᄒᆞ辨明說,C단독,
宗敎,55,1919-12-15,改造와 宗敎,7,unit_4_p4,07,7,claude_only,然ᄒᆞ다ᄒᆞ면,宗敎,ᄂᆞᆫ自家擁着에沒落ᄒᆞ야更起의,C단독,
宗敎,55,1919-12-15,改造와 宗敎,7,unit_4_p4,09,8,claude_only,며科學은證明이며,宗敎,ᄂᆞᆫ理想일지라然ᄒᆞ딕事實은信,C단독,
宗敎,55,1919-12-15,改造와 宗敎,7,unit_4_p4,10,1,claude_only,의,宗敎,가엇지此를彌縫ᄒᆞᆯ슈잇스랴勿論,C단독,
宗敎,55,1919-12-15,改造와 宗敎,7,unit_4_p4,11,10,claude_only,明이個個히合理的이며,宗敎,의信仰이個個히不合,C단독,
宗敎,55,1919-12-15,改造와 宗敎,7,unit_4_p4,14,22,claude_only,抱ᄒᆞᆫ者이랴然ᄒᆞ면今日以後의,宗敎,ᄂᆞᆫ如,C단독,
宗敎,55,1919-12-15,改造와 宗敎,7,unit_4_p4,16,13,claude_only,ᄉᆞ라人心은어듸ᄭᅡ지든지,宗敎,의이며人事ᄂᆞᆫ어듸ᄭᅡ지,C단독,
宗敎,55,1919-12-15,改造와 宗敎,7,unit_4_p4,18,16,claude_only,時에今日以後의人心은更히新ᄒᆞᆫ,宗敎,의改造를要求ᄒᆞ리,C단독,
宗敎,55,1919-12-15,改造와 宗敎,7,unit_4_p4,21,6,claude_only,이러ᄒᆞᆫ新,宗敎,가世界의將來를改造ᄒᆞᆯ者이라吾,C단독,
宗敎,55,1919-12-15,改造와 宗敎,7,unit_4_p4,22,10,claude_only,ᄒᆞ노라然ᄒᆞ면是的,宗敎,ᄂᆞᆫ엇던ᄒᆞᆫ理想을가진者이랴,C단독,
宗敎,55,1919-12-15,改造와 宗敎,7,unit_4_p4,24,3,claude_only,第一新,宗敎,ᄂᆞᆫ必히由來宗敎를排斥ᄒᆞᆯ者,C단독,
宗敎,55,1919-12-15,改造와 宗敎,7,unit_4_p4,24,12,claude_only,第一新宗敎ᄂᆞᆫ必히由來,宗敎,를排斥ᄒᆞᆯ者ᅵ안일기시오,C단독,
宗敎,55,1919-12-15,改造와 宗敎,7,unit_4_p4,25,4,claude_only,寧히由來,宗敎,의最善ᄒᆞᆫ理想을蒸溜ᄒᆞᆫ精神,C단독,
宗敎,55,1919-12-15,改造와 宗敎,7,unit_4_p4,30,3,claude_only,第二新,宗敎,ᄂᆞᆫ必히科學을背ᄒᆞᆯ者ᅵ안이,C단독,
宗敎,55,1919-12-15,改造와 宗敎,8,unit_5_p5,,587,gemini_only,오直接神의表顯이卽人으로觀ᄒᆞ는,宗敎,일지니라그리ᄒᆞ야人乃天的眞理下,G단독,
宗敎,55,1919-12-15,改造와 宗敎,8,unit_5_p5,,637,gemini_only,制度가되리라以上에述ᄒᆞᆫ如히新,宗敎,는由來萬敎를包容ᄒᆞ며萬科學을調,G단독,
宗敎,55,1919-12-15,改造와 宗敎,8,unit_5_p5,02,2,both,學은,宗敎,의一分子로宗敎範圍內ㅣ엇던物質의,합의,
宗敎,55,1919-12-15,改造와 宗敎,8,unit_5_p5,02,9,both,學은宗敎의一分子로,宗敎,範圍內ㅣ엇던物質의一部를解剖ᄒᆞ,합의,
宗敎,55,1919-12-15,改造와 宗敎,8,unit_5_p5,03,3,both,第三新,宗敎,ᄂᆞᆫ哲學을益益包容ᄒᆞᆫᄂᆞᆫ,합의,
宗敎,55,1919-12-15,改造와 宗敎,8,unit_5_p5,03,21,both,ᄂᆞᆫ哲學을益益包容ᄒᆞᆫᄂᆞᆫ,宗敎,가되리라卽哲學은宗敎의先驅가되야,합의,
宗敎,55,1919-12-15,改造와 宗敎,8,unit_5_p5,03,31,both,ᄒᆞᆫᄂᆞᆫ宗敎가되리라卽哲學은,宗敎,의先驅가되야宇宙의原理를證明ᄒᆞ,합의,
宗敎,55,1919-12-15,改造와 宗敎,8,unit_5_p5,04,0,both,,宗敎,의信仰에益益其熱度를加ᄏᆡ되리라,합의,
宗敎,55,1919-12-15,改造와 宗敎,8,unit_5_p5,04,23,both,益其熱度를加ᄏᆡ되리라故로哲學은,宗敎,의腎療의價値를負ᄒᆞ고益益其腐敗,합의,
宗敎,55,1919-12-15,改造와 宗敎,8,unit_5_p5,05,16,both,ᄒᆞ며淸新ᄒᆞᆫ者를生新케ᄒᆞ야,宗敎,의信仰的範圍擴張ᄒᆞᆫᄂᆞᆫ者ㅣ,합의,
宗敎,55,1919-12-15,改造와 宗敎,8,unit_5_p5,06,3,both,第四新,宗敎,ᄂᆞᆫ宇宙를中心으로ᄒᆞᆷ과同時,합의,
宗敎,55,1919-12-15,改造와 宗敎,8,unit_5_p5,06,36,both,時에ᄯᅩ個人을中心으로ᄒᆞᄂᆞᆫ,宗敎,가되리라卽人을神으로觀ᄒᆞᄂᆞᆫ,합의,
宗敎,55,1919-12-15,改造와 宗敎,8,unit_5_p5,06,54,both,가되리라卽人을神으로觀ᄒᆞᄂᆞᆫ,宗敎,,합의,
宗敎,55,1919-12-15,改造와 宗敎,8,unit_5_p5,09,11,both,以上에述ᄒᆞᆷ과如히新,宗敎,ᄂᆞᆫ由來萬敎를包容ᄒᆞ며萬科學,합의,
宗敎,56,1920-01-15,天道敎六十一歲花甲庚申을 迎喜,11,unit_5_p5,03,73,claude_only,道敎의新眞理天道敎의新信仰으로가,宗敎,와如히世에適合ᄒᆞᆺ을信ᄒᆞ노니,C단독,
宗敎,56,1920-01-15,天道敎六十一歲花甲庚申을 迎喜,11,unit_5_p5,03,131,claude_only,信ᄒᆞ노니其故ᄂᆞᆫ天道ᄂᆞᆫ萬,宗敎,萬哲學을包容ᄒᆞ야自己開拓의宗敎,C단독,
宗敎,56,1920-01-15,天道敎六十一歲花甲庚申을 迎喜,11,unit_5_p5,03,147,claude_only,宗敎萬哲學을包容ᄒᆞ야自己開拓의,宗敎,임으로ᄡᅥ라이點에서世界ᄂᆞᆫ庚,C단독,
宗敎,57,1920-02-15,天道敎靑年臨時敎理講習會에 就하야,2,unit_2_p2,01,15,both,에一大活動을起케ᄒᆞᆯ者ᄂᆞᆫ,宗敎,라ᄒᆞ리라안이宗敎ᄅᆞᆯ捨ᄒᆞ고,합의,
宗敎,57,1920-02-15,天道敎靑年臨時敎理講習會에 就하야,2,unit_2_p2,01,24,claude_only,ᄒᆞᆯ者ᄂᆞᆫ宗敎라ᄒᆞ리라안이,宗敎,ᄅᆞᆯ捨ᄒᆞ고更히代ᄒᆞᆯ者ㅣ無,C단독,
宗敎,57,1920-02-15,天道敎靑年臨時敎理講習會에 就하야,2,unit_2_p2,02,32,claude_only,ᄂᆞᆫ必然으로平和의本軆되ᄂᆞᆫ,宗敎,에向ᄒᆞ야其의根本的要求ᄅᆞᆯ解,C단독,
宗敎,57,1920-02-15,天道敎靑年臨時敎理講習會에 就하야,2,unit_2_p2,02,87,claude_only,의時勢라ᄒᆞᆯ지라故로今日以後의,宗敎,活動은識者ᄅᆞᆯ不待ᄒᆞ고預期ᄒ,C단독,
宗敎,57,1920-02-15,天道敎靑年臨時敎理講習會에 就하야,2,unit_2_p2,02,143,claude_only,럼으로今日以後의世界ᄂᆞᆫ畢竟一,宗敎,의世界가되리라更言ᄒᆞ면戰後思想,C단독,
宗敎,57,1920-02-15,天道敎靑年臨時敎理講習會에 就하야,2,unit_2_p2,02,166,claude_only,리라更言ᄒᆞ면戰後思想界의活動은,宗敎,中興運動으로信仰의眞正意義ᄅᆞᆯ,C단독,
宗敎,57,1920-02-15,天道敎靑年臨時敎理講習會에 就하야,2,unit_2_p2,02,220,claude_only,文明의大潮流ᄂᆞᆫ一瀉千里의勢로,宗敎,彼岸의大海에滔滔流入ᄒᆞ리라,C단독,
宗敎,57,1920-02-15,天道敎靑年臨時敎理講習會에 就하야,2,unit_2_p2,03,21,claude_only,最大注意ᄅᆞᆯ要ᄒᆞᆯ一事ᄂᆞᆫ,宗敎,的活動競爭이是라戰爭의反動으로起,C단독,
宗敎,57,1920-02-15,天道敎靑年臨時敎理講習會에 就하야,2,unit_2_p2,03,42,claude_only,競爭이是라戰爭의反動으로起ᄒᆞᆫ,宗敎,의勢力은更히敎派扶植의競爭으로變,C단독,
宗敎,57,1920-02-15,天道敎靑年臨時敎理講習會에 就하야,2,unit_2_p2,03,200,claude_only,ᆫ漸次衰退ᄒᆞ리라吾人은이ᄅᆞᆯ,宗敎,學者의言을借ᄒᆞ야其義類의原因을,C단독,
宗敎,57,1920-02-15,天道敎靑年臨時敎理講習會에 就하야,2,unit_2_p2,03,234,claude_only,論ᄒᆞ면曰「未開時代에發源ᄒᆞᆫ,宗敎,와今日人文의進步와ᄂᆞᆫ到底相容,C단독,
宗敎,57,1920-02-15,天道敎靑年臨時敎理講習會에 就하야,2,unit_2_p2,03,268,claude_only,치못ᄒᆞᆯ條件이有ᄒᆞᆫ故로由來,宗敎,의衰類ᄂᆞᆫ勢不得已인데其原因을,C단독,
宗敎,57,1920-02-15,天道敎靑年臨時敎理講習會에 就하야,2,unit_2_p2,03,299,claude_only,原因을三種에分ᄒᆞ야論ᄒᆞ면一은,宗敎,의經典과道德의進步과의衝突이며二,C단독,
宗敎,57,1920-02-15,天道敎靑年臨時敎理講習會에 就하야,3,unit_3_p3,01,10,both,이럿틋世界今日以後는,宗敎,運動의競爭時代가될것이며싸라서宗,합의,
宗敎,57,1920-02-15,天道敎靑年臨時敎理講習會에 就하야,3,unit_3_p3,01,27,both,敎運動의競爭時代가될것이며싸라서,宗敎,的優勝劣敗의時代가될것이다이러틋,합의,
宗敎,57,1920-02-15,天道敎靑年臨時敎理講習會에 就하야,3,unit_3_p3,01,100,both,人은엇더하야自覺과自信을가져야이,宗敎,의競爭過流中에서最後의優勝旗를得,합의,
宗敎,57,1920-02-15,天道敎靑年臨時敎理講習會에 就하야,3,unit_3_p3,02,53,both,고가장圓滿한만은卽吾人의信하는바,宗敎,는其時代에서가장新하고其眞理에서,합의,
宗敎,57,1920-02-15,天道敎靑年臨時敎理講習會에 就하야,4,unit_4_p4,02,129,both,ᆫ人物로組織된本講習會는實로朝鮮,宗敎,史가有ᄒᆞᆫ바以來ㅣ稀有의珍事이,합의,
宗敎,57,1920-02-15,天道敎靑年臨時敎理講習會에 就하야,5,unit_5_p5,01,60,both,點에셔實로驚天의力이有ᄒᆞ나아직,宗敎,的社會的活動에는未練ᄒᆞ點이多ᄒ,합의,
宗敎,57,1920-02-15,天道敎靑年臨時敎理講習會에 就하야,5,unit_5_p5,03,28,both,効力을感ᄒᆞ거ᄉ일지며第四는靑年,宗敎,心의發興이니이는吾敎會에는靑年의,합의,
宗敎,57,1920-02-15,天道敎靑年臨時敎理講習會에 就하야,5,unit_5_p5,03,46,both,心의發興이니이는吾敎會에는靑年의,宗敎,的信仰이比較的弱ᄒᆞ야一家族內에,합의,
宗敎,57,1920-02-15,天道敎靑年臨時敎理講習會에 就하야,5,unit_5_p5,03,169,both,니라然ᄒᆞ디時代進化는世界的으로,宗敎,의勃興을催케되는同時에靑年의自覺,합의,
宗敎,57,1920-02-15,天道敎靑年臨時敎理講習會에 就하야,5,unit_5_p5,03,190,both,을催케되는同時에靑年의自覺도一層,宗敎,의必要를感케된此時에더욱勸獎喩導,합의,
宗敎,57,1920-02-15,天道敎靑年臨時敎理講習會에 就하야,6,unit_6_p6,04,26,both,게深托ᄒᆞᆯ바ᄂᆞᆫ世界今日에吾,宗敎,의發生이偶然이안임을覺悟ᄒᆞ,합의,
宗敎,57,1920-02-15,天道敎靑年臨時敎理講習會에 就하야,6,unit_6_p6,05,28,both,上에말과갓치今日以後의世界ᄂᆞᆫ,宗敎,의世界가될것이며그,합의,
宗敎,57,1920-02-15,天道敎靑年臨時敎理講習會에 就하야,6,unit_6_p6,06,5,both,리ᄒᆞ야其,宗敎,ᄂᆞᆫ圓滿無缺ᄒᆞᆫ世界的眞理의,합의,
宗敎,57,1920-02-15,天道敎靑年臨時敎理講習會에 就하야,6,unit_6_p6,06,23,both,ᄂᆞᆫ圓滿無缺ᄒᆞᆫ世界的眞理의,宗敎,가되지안이ᄒᆞᆷ이不可ᄒᆞ도다,합의,
宗敎,83,1920-03-15,現代思潮와 事人如天主義,,unit_4_p4,03,62,both,其의理想과彼岸은人類의最古歷史的,宗敎,的槪念인神其者,합의,
宗敎,83,1920-03-15,現代思潮와 事人如天主義,,unit_5_p5,16,35,both,을一已로觀한下에셔事人如天主義를,宗敎,的立,합의,
宗敎,58,1920-04-15,庚申四月五日,4,unit_2_p2,02,63,both,나니此偉한六一의光陰五萬年숇期한,宗敎,事業으로觀하면비록電光一瞬에不過,합의,
宗敎,58,1920-04-15,庚申四月五日,4,unit_2_p2,03,122,both,日의모든希望과모든要求는必然으로,宗敎,에依하야음으로其를解決할것이라하,합의,
宗敎,58,1920-04-15,庚申四月五日,4,unit_2_p2,03,147,both,其를解決할것이라하며그리하야其의,宗敎,는圓滿한新眞理의充實한現代的宗敎,합의,
宗敎,58,1920-04-15,庚申四月五日,4,unit_2_p2,03,163,both,宗敎는圓滿한新眞理의充實한現代的,宗敎,가안이면不可하리라自,합의,
宗敎,58,1920-04-15,庚申四月五日,8,unit_6_p6,03,127,both,神開闢을論ᄒᆞᆫ同時에主先히由來,宗敎,의歷史的宗敎心의進化를略述코져ᄒ,합의,
宗敎,58,1920-04-15,庚申四月五日,8,unit_6_p6,03,133,both,ᆞᆫ同時에主先히由來宗敎의歷史的,宗敎,心의進化를略述코져ᄒᆞ노라,합의,
宗敎,58,1920-04-15,庚申四月五日,8,unit_6_p6,04,38,both,코져ᄒᆞ一、理性作用에完全ᄒᆞᆫ,宗敎,心을求ᄒᆞᆯ지라ᄒᆞ야宙性의論理,합의,
宗敎,58,1920-04-15,庚申四月五日,8,unit_6_p6,04,75,both,과個人의論理考察이一致ᄒᆞᆫ點에,宗敎,心이有ᄒᆞ니라二、宗敎心은純全ᄒ,합의,
宗敎,58,1920-04-15,庚申四月五日,8,unit_6_p6,04,86,both,ᄒᆞᆫ點에宗敎心이有ᄒᆞ니라二、,宗敎,心은純全ᄒᆞᆫ感情的絕對的으로神,합의,
宗敎,58,1920-04-15,庚申四月五日,8,unit_6_p6,04,119,both,神에兼屬ᄒᆞ며依賴ᄒᆞ눈感情的에,宗敎,心이有ᄒᆞ다ᄒᆞ니라三、恐怖心을,합의,
宗敎,58,1920-04-15,庚申四月五日,8,unit_6_p6,04,137,both,心이有ᄒᆞ다ᄒᆞ니라三、恐怖心을,宗敎,心에中心이라ᄒᆞ고希望心에宗敎心,합의,
宗敎,58,1920-04-15,庚申四月五日,8,unit_6_p6,04,152,both,을宗敎心에中心이라ᄒᆞ고希望心에,宗敎,心이有ᄒᆞ다ᄒᆞ니라,합의,
宗敎,58,1920-04-15,庚申四月五日,8,unit_6_p6,05,0,both,,宗敎,心은人類의固有ᄒᆞᆫ天性이니卽人,합의,
宗敎,59,1920-05-15,哲人主義의 將來와 新宗敎의 價値,8,unit_1_p1,01,20,claude_only,끈」은일즉事物의變遷을論한一節에,宗敎,와한宗敎는是ㅡ善의發動이라이를것,C단독,
宗敎,59,1920-05-15,哲人主義의 將來와 新宗敎의 價値,8,unit_1_p1,01,24,claude_only,즉事物의變遷을論한一節에宗敎와한,宗敎,는是ㅡ善의發動이라이를것이라故로,C단독,
宗敎,59,1920-05-15,哲人主義의 將來와 新宗敎의 價値,8,unit_1_p1,01,119,claude_only,하야亂時엔戰爭이蜂起하고治代에는,宗敎,가勃興하야人心을左右케한史證이歷,C단독,
宗敎,59,1920-05-15,哲人主義의 將來와 新宗敎의 價値,8,unit_1_p1,03,24,claude_only,의表顯일것이며平和로써本能을定한,宗敎,는是ㅡ善의發動이라이를것이며故로,C단독,
宗敎,59,1920-05-15,哲人主義의 將來와 新宗敎의 價値,9,unit_2_p2,,426,gemini_only,動은大槪가哲人主義로化할것이며新,宗敎,主義로美化할것이마땅ᄒᆞᆫ즉吾人,G단독,
宗敎,59,1920-05-15,哲人主義의 將來와 新宗敎의 價値,9,unit_2_p2,01,70,both,世界舞臺의上에出現ᄒᆞᆯ者는別로,宗敎,以外에更無ᄒᆞ리라斷言ᄒᆞ노라勿,합의,
宗敎,59,1920-05-15,哲人主義의 將來와 新宗敎의 價値,9,unit_2_p2,01,108,both,의宣傳ᄒᆞᆫ哲人主義와갓치싸라서,宗敎,로써一切思冥想을가질섇으로,합의,
宗敎,59,1920-05-15,哲人主義의 將來와 新宗敎의 價値,9,unit_2_p2,02,106,both,義로化ᄒᆞᆯ것이며人主義는更히新,宗敎,主義로美化ᄒᆞᆯ것이라吾人은斷言,합의,
宗敎,59,1920-05-15,哲人主義의 將來와 新宗敎의 價値,10,unit_3_p3,,328,gemini_only,及하며그리하야政治的敎育的經濟的,宗敎,的其解放이라함은政治的學術文藝道,G단독,
宗敎,59,1920-05-15,哲人主義의 將來와 新宗敎의 價値,11,unit_4_p4,02,147,both,의改造호는政治、敎育、學術文藝、,宗敎,、道德、何者를勿論하고普遍必須의,합의,
宗敎,59,1920-05-15,哲人主義의 將來와 新宗敎의 價値,12,unit_5_p5,01,123,claude_only,다가치各自를理解하눈上에서처음新,宗敎,的意義가出來하며그리하야其의宗敎,C단독,
宗敎,59,1920-05-15,哲人主義의 將來와 新宗敎의 價値,12,unit_5_p5,01,139,claude_only,宗敎的意義가出來하며그리하야其의,宗敎,는各自靈性인人乃天主義를宗敎上道,C단독,
宗敎,59,1920-05-15,哲人主義의 將來와 新宗敎의 價値,12,unit_5_p5,01,153,claude_only,其의宗敎는各自靈性인人乃天主義를,宗敎,上道德上人主義인新宗敎의思想인뎌,C단독,
宗敎,59,1920-05-15,哲人主義의 將來와 新宗敎의 價値,12,unit_5_p5,01,164,claude_only,乃天主義를宗敎上道德上人主義인新,宗敎,의思想인뎌,C단독,
宗敎,59,1920-05-15,哲人主義의 將來와 新宗敎의 價値,12,unit_5_p5,02,139,claude_only,안이냐是ㅣ余의觀한바哲人主義인新,宗敎,의思想인뎌[next_artic,C단독,
宗敎,60,1920-06-15,自己解放과 人乃天主義,7,unit_7_p7,,388,gemini_only,觀ᄒᆞᆫ自己解放이라할지로다故로,宗敎,的精神問題道德的修養問題는全部此,G단독,
宗敎,61,1920-07-15,自己解放과 人乃天主義(續),2,unit_2_p2,,541,gemini_only,究極目的도생각하면이에잇슬것이오,宗敎,道德倫理의究竟目的도또한이에잇슬,G단독,
宗敎,61,1920-07-15,自己解放과 人乃天主義(續),4,unit_4_p4,,824,gemini_only,信仰에同化ᄒᆞ야그佛像을버리고그,宗敎,에歸依ᄒᆞ얏다ᄒᆞ니이갓흔것은다,G단독,
宗敎,61,1920-07-15,自己解放과 人乃天主義(續),4,unit_4_p4,05,126,both,且固陋한者ㅣ업스리라그리하야其는,宗敎,上信仰에이嚴窟에被囚한仙人과갓치,합의,
宗敎,61,1920-07-15,自己解放과 人乃天主義(續),4,unit_4_p4,05,146,both,仰에이嚴窟에被囚한仙人과갓치其는,宗敎,上信仰에더옥其盤가激烈하나니ㅣ宗,합의,
宗敎,61,1920-07-15,自己解放과 人乃天主義(續),4,unit_4_p4,05,163,both,敎上信仰에더옥其盤가激烈하나니ㅣ,宗敎,가他ㅣ宗敎를對하고이로써異端이라,합의,
宗敎,61,1920-07-15,自己解放과 人乃天主義(續),4,unit_4_p4,05,168,both,더옥其盤가激烈하나니ㅣ宗敎가他ㅣ,宗敎,를對하고이로써異端이라하며邪敎라,합의,
宗敎,61,1920-07-15,自己解放과 人乃天主義(續),5,unit_5_p5,,114,gemini_only,오이엇지土人의생각이랴世界文明의,宗敎,라하며高尙한信仰이막랄할도또한原,G단독,
宗敎,62,1920-08-15,十週年,5,unit_5_p5,16,2,both,最後,宗敎,의眞面目을나타내게되엿도다庚戌로,합의,
宗敎,62,1920-08-15,十週年,6,unit_6_p6,11,0,both,,宗敎,的文化를建設함이가장必要타하노라,합의,
宗敎,62,1920-08-15,十週年,6,unit_6_p6,11,19,both,文化를建設함이가장必要타하노라新,宗敎,的文化라함은宗敎모든文,합의,
宗敎,62,1920-08-15,十週年,6,unit_6_p6,11,27,both,장必要타하노라新宗敎的文化라함은,宗敎,모든文,합의,
宗敎,62,1920-08-15,十週年,6,unit_6_p6,12,15,both,化를建設코져함이로다疑者ㅣ或은,宗敎,는規律的이며退化的이며守舊的이라,합의,
宗敎,62,1920-08-15,十週年,6,unit_6_p6,13,2,both,故로,宗敎,에依하야文化를建設함이름이로다疑,합의,
宗敎,62,1920-08-15,十週年,6,unit_6_p6,13,24,both,文化를建設함이름이로다疑者ㅣ或은,宗敎,는規律的이며守舊的이라,합의,
宗敎,62,1920-08-15,十週年,6,unit_6_p6,14,32,both,勿論當然하도다何故오彼歐洲文明은,宗敎,,합의,
宗敎,62,1920-08-15,十週年,6,unit_6_p6,15,1,both,即,宗敎,反抗으로起한바多하고支那或은他列,합의,
宗敎,62,1920-08-15,十週年,6,unit_6_p6,15,21,claude_only,으로起한바多하고支那或은他列國이,宗敎,의守舊로因하야文化의澁滯됨,C단독,
宗敎,62,1920-08-15,十週年,7,unit_7_p7,01,24,claude_only,舊弊―陳々하고餘脉이陰々한因襲의,宗敎,에依한文化運動이름이안이오萬科萬,C단독,
宗敎,62,1920-08-15,十週年,7,unit_7_p7,01,50,claude_only,름이안이오萬科萬哲의調和를어든新,宗敎,로써人生의最後新活動을엇고저함이,C단독,
宗敎,62,1920-08-15,十週年,8,unit_8_p8,04,124,both,히微少하엿도다吾敎와如히泰然한大,宗敎,的資格으로其를表顯하기로開闢以來,합의,
宗敎,62,1920-08-15,十週年,8,unit_8_p8,05,53,both,아섯고本報가또한如斯한趣旨로써新,宗敎,的文化를建設함을聲하엿스면勇猛히,합의,
宗敎,62,1920-08-15,十週年,9,unit_9_p9,01,77,both,의眼으로本報를對한다하면이報가新,宗敎,文化宣布한지十年間ㅣ안주도懷疑의,합의,
宗敎,63,1920-09-15,오로지 法門에 依信하라,1,unit_1_p1,11,29,claude_only,神的生活을示케되ᄂᆞ니是點에셔吾,宗敎,家一된者ᄂᆞᆫ모,C단독,
宗敎,63,1920-09-15,오로지 法門에 依信하라,3,unit_3_p3,06,24,both,大神師ㅣ天地의大法則을體하시사大,宗敎,의大法門을세우실세,합의,
宗敎,64,1920-10-15,布德天下는 活誠에 在하니라,7,unit_1_p1,04,96,both,宇宙이며何故로天地人生이며何故로,宗敎,道德이나吾人은此물答할知力이업도,합의,
宗敎,64,1920-10-15,布德天下는 活誠에 在하니라,11,unit_5_p5,23,0,claude_only,,宗敎,라하며道德이라함도畢竟은이社會를,C단독,
宗敎,64,1920-10-15,布德天下는 活誠에 在하니라,11,unit_5_p5,24,13,claude_only,하야無人孤島에獨處한다하면,宗敎,는何用하며道德,C단독,
宗敎,64,1920-10-15,布德天下는 活誠에 在하니라,11,unit_5_p5,25,9,claude_only,은何有하리오故로活,宗敎,家되는者는恒常社會와密接,C단독,
宗敎,65,1920-11-15,拘束의 宗敎로부터 自由의 宗敎,1,unit_1_p1,02,200,claude_only,이木實을食하며木巢에居하다가漸次,宗敎,的意識이動케됨은是ㅣ疑心의觀念이,C단독,
宗敎,65,1920-11-15,拘束의 宗敎로부터 自由의 宗敎,3,unit_3_p3,02,56,claude_only,思議의歷史를가지고發展되야오기는,宗敎,ㅣ가其의骨子라할것이엇다대개宗敎,C단독,
宗敎,65,1920-11-15,拘束의 宗敎로부터 自由의 宗敎,3,unit_3_p3,02,72,claude_only,宗敎ㅣ가其의骨子라할것이엇다대개,宗敎,는여러民族의間에在하야일즉이學問,C단독,
宗敎,65,1920-11-15,拘束의 宗敎로부터 自由의 宗敎,3,unit_3_p3,02,120,claude_only,아즉搖籃의中에서眠하는間에多數의,宗敎,는어느듯發達의全盛을遂하엿더니라,C단독,
宗敎,65,1920-11-15,拘束의 宗敎로부터 自由의 宗敎,4,unit_4_p4,02,114,both,視者로勸善懲惡의作業을示ᄒᆞ니라,宗敎,가如斯히道德的으로其形을變ᄒᆞᆫ,합의,
宗敎,65,1920-11-15,拘束의 宗敎로부터 自由의 宗敎,4,unit_4_p4,03,30,both,과如함은卽其一例라波斯埃及猶太等,宗敎,가人이死ᄒᆞᆫ後一現世의事業에就,합의,
宗敎,65,1920-11-15,拘束의 宗敎로부터 自由의 宗敎,4,unit_4_p4,03,223,both,ᆞᆫ것이라ᄒᆞ얏다希臘羅馬의古代,宗敎,가皆旣然ᄒᆞ얏ᄂᆞ니是宗敎가自然,합의,
宗敎,65,1920-11-15,拘束의 宗敎로부터 自由의 宗敎,4,unit_4_p4,03,236,both,의古代宗敎가皆旣然ᄒᆞ얏ᄂᆞ니是,宗敎,가自然의不思議로부터靈에옴게잔證,합의,
宗敎,65,1920-11-15,拘束의 宗敎로부터 自由의 宗敎,5,unit_5_p5,03,7,both,이其의一例니是,宗敎,가不思議를根據로하고發生하엿스며,합의,
宗敎,65,1920-11-15,拘束의 宗敎로부터 自由의 宗敎,5,unit_5_p5,03,29,both,를根據로하고發生하엿스며그리하야,宗敎,에對한最,합의,
宗敎,65,1920-11-15,拘束의 宗敎로부터 自由의 宗敎,5,unit_5_p5,05,3,both,如斯히,宗敎,가不思議를根據로하고發生하엿스며,합의,
宗敎,65,1920-11-15,拘束의 宗敎로부터 自由의 宗敎,5,unit_5_p5,05,26,both,根據로하고發生하엿스며現在의多數,宗敎,는아쥭것神及靈魂問題等ㅣ最,합의,
宗敎,65,1920-11-15,拘束의 宗敎로부터 自由의 宗敎,5,unit_5_p5,06,21,both,는神과靈魂이라할지라卽現在의多數,宗敎,는아쥭것神及靈魂問題에對한最,합의,
宗敎,65,1920-11-15,拘束의 宗敎로부터 自由의 宗敎,5,unit_5_p5,08,17,both,題가遺憾업시判明이된다하면現在의,宗敎,로遂히破壞의運에陷할뿐이엇다아쥭,합의,
宗敎,65,1920-11-15,拘束의 宗敎로부터 自由의 宗敎,5,unit_5_p5,10,10,both,思議의中에잇서슴으로,宗敎,가自己의想像에依하야맘대로神의資,합의,
宗敎,65,1920-11-15,拘束의 宗敎로부터 自由의 宗敎,5,unit_5_p5,12,0,both,,宗敎,도쏘한永遠의持續을엇을수잇스리라,합의,
宗敎,65,1920-11-15,拘束의 宗敎로부터 自由의 宗敎,5,unit_5_p5,12,22,both,遠의持續을엇을수잇스리라이點에서,宗敎,家되는者ㅣ最善히神의根據,합의,
宗敎,65,1920-11-15,拘束의 宗敎로부터 自由의 宗敎,5,unit_5_p5,13,9,both,를말하고萬一由來의,宗敎,안이하면時勢의進運과共히宗敎의力,합의,
宗敎,65,1920-11-15,拘束의 宗敎로부터 自由의 宗敎,5,unit_5_p5,13,23,both,來의宗敎안이하면時勢의進運과共히,宗敎,의力이伴行치못할것이로다,합의,
宗敎,65,1920-11-15,拘束의 宗敎로부터 自由의 宗敎,5,unit_5_p5,14,22,both,究를抱치안이하면時勢의進運과共히,宗敎,의力이伴行치못할것이로다,합의,
宗敎,65,1920-11-15,拘束의 宗敎로부터 自由의 宗敎,5,unit_5_p5,15,5,both,然한데現代,宗敎,家의通弊는不思議에對한硏究力을全,합의,
宗敎,65,1920-11-15,拘束의 宗敎로부터 自由의 宗敎,5,unit_5_p5,16,1,both,든,宗敎,家의狀態를보건대不思議를다만神聖,합의,
宗敎,65,1920-11-15,拘束의 宗敎로부터 自由의 宗敎,6,unit_6_p6,06,6,both,世人은다갓치,宗敎,를誤解하되信仰의根底에잇다하며或,합의,
宗敎,65,1920-11-15,拘束의 宗敎로부터 自由의 宗敎,6,unit_6_p6,06,25,both,誤解하되信仰의根底에잇다하며或은,宗敎,는虛僞라하며,합의,
宗敎,65,1920-11-15,拘束의 宗敎로부터 自由의 宗敎,6,unit_6_p6,07,2,both,或은,宗敎,를가라처束縛의遺物이라하도다그럼,합의,
宗敎,65,1920-11-15,拘束의 宗敎로부터 自由의 宗敎,6,unit_6_p6,07,31,both,하도다그럼으로吾人은이르되今後의,宗敎,發展은,합의,
宗敎,65,1920-11-15,拘束의 宗敎로부터 自由의 宗敎,6,unit_6_p6,14,15,both,다그럼으로吾人이대[?]지든지,宗敎,的解放을主張하야宗敎에對한不思議,합의,
宗敎,65,1920-11-15,拘束의 宗敎로부터 自由의 宗敎,6,unit_6_p6,14,25,both,[?]지든지宗敎的解放을主張하야,宗敎,에對한不思議를自由로,합의,
宗敎,65,1920-11-15,拘束의 宗敎로부터 自由의 宗敎,6,unit_6_p6,16,3,both,拘束의,宗敎,로부터自由의宗敎에,합의,
宗敎,65,1920-11-15,拘束의 宗敎로부터 自由의 宗敎,6,unit_6_p6,16,11,both,拘束의宗敎로부터自由의,宗敎,에,합의,
宗敎,65,1920-11-15,拘束의 宗敎로부터 自由의 宗敎,7,unit_7_p7,01,10,both,議에不過하도다即從來,宗敎,는不思議即「神或은靈魂問題」에就,합의,
宗敎,65,1920-11-15,拘束의 宗敎로부터 自由의 宗敎,7,unit_7_p7,04,32,both,定하며自由意志의信仰을求하며自由,宗敎,를創,합의,
宗敎,65,1920-11-15,拘束의 宗敎로부터 自由의 宗敎,7,unit_7_p7,06,20,both,하노라然한데吾人의思考로써此自由,宗敎,의價値는何點에置重하엿는가함,합의,
宗敎,65,1920-11-15,拘束의 宗敎로부터 自由의 宗敎,7,unit_7_p7,10,16,both,第二、以上의意義에서吾人의言하는,宗敎,問題도또한現世의生活方針의持續과,합의,
宗敎,65,1920-11-15,拘束의 宗敎로부터 自由의 宗敎,7,unit_7_p7,11,30,both,依하야設定된者라하리라아모리由來,宗敎,가來,합의,
宗敎,65,1920-11-15,拘束의 宗敎로부터 自由의 宗敎,7,unit_7_p7,17,3,both,第三、,宗敎,도또한現世的生活의滿足에因하야其,합의,
宗敎,65,1920-11-15,拘束의 宗敎로부터 自由의 宗敎,7,unit_7_p7,17,31,both,足에因하야其根底가此에在하다하면,宗敎,의理,합의,
宗敎,65,1920-11-15,拘束의 宗敎로부터 自由의 宗敎,8,unit_8_p8,02,3,both,第四、,宗敎,의理想的目標를人自己스스로의意志,합의,
宗敎,65,1920-11-15,拘束의 宗敎로부터 自由의 宗敎,8,unit_8_p8,03,8,both,以上은大槪―自由,宗敎,의精神을抽象的으로一言ᄒᆞᆷ에不,합의,
宗敎,65,1920-11-15,拘束의 宗敎로부터 自由의 宗敎,8,unit_8_p8,03,44,both,ᆞ도다萬若―以上에述ᄒᆞᆫ바自由,宗敎,의精神에眞正의事實과違反되ᄂᆞᆫ,합의,
宗敎,65,1920-11-15,拘束의 宗敎로부터 自由의 宗敎,8,unit_8_p8,03,81,both,ᄒᆞ다ᄒᆞ면吾人을不可不人乃天의,宗敎,를信仰치안이ᄒᆞ지못ᄒᆞᆯ것이오,합의,
宗敎,65,1920-11-15,拘束의 宗敎로부터 自由의 宗敎,8,unit_8_p8,03,103,both,안이ᄒᆞ지못ᄒᆞᆯ것이오人乃天의,宗敎,가ᄯᅩ한人世의最後眞理가되지안이,합의,
宗敎,65,1920-11-15,拘束의 宗敎로부터 自由의 宗敎,8,unit_8_p8,03,135,both,안이치못ᄒᆞᆯ지니何者오人乃天의,宗敎,ᄂᆞᆫ自己의自由意志를絕對無上의,합의,
宗敎,67,1921-03-15,同歸一體,2,unit_2_p2,,848,gemini_only,學派敎와異敎의蛇蝎視하는極偏僻한,宗敎,戰爭이人類의害毒을與함이라하야西,G단독,
宗敎,67,1921-03-15,同歸一體,2,unit_2_p2,02,128,both,視하며學派와學派가互相仇讎視하며,宗敎,와宗敎가互相蛇蝎視하야相朴素한原,합의,
宗敎,67,1921-03-15,同歸一體,2,unit_2_p2,02,131,both,學派와學派가互相仇讎視하며宗敎와,宗敎,가互相蛇蝎視하야相朴素한原始性을,합의,
宗敎,67,1921-03-15,同歸一體,2,unit_2_p2,03,176,both,야某敎와異敎의蛇蝎視하는極偏僻한,宗敎,戰爭이人類의害毒을與함과多하엿스,합의,
宗敎,67,1921-03-15,同歸一體,3,unit_3_p3,01,5,claude_only,社會ㅣ或은,宗敎,ㅣ學派와學派가眞正한融化十年間世,C단독,
宗敎,67,1921-03-15,同歸一體,3,unit_3_p3,03,354,claude_only,一躰의下에歸着ᄒᆞ고저ᄒᆞ면먼저,宗敎,를同歸一躰이합이不可ᄒᆞ리라ᄒᆞ,C단독,
宗敎,67,1921-03-15,同歸一體,3,unit_3_p3,04,2,claude_only,元來,宗敎,는人類와人類의親密한結合이업다ᄒ,C단독,
宗敎,67,1921-03-15,同歸一體,3,unit_3_p3,04,25,claude_only,類의親密한結合이업다ᄒᆞ고보면그,宗敎,의價値는何等眞宗敎의精神上親密을,C단독,
宗敎,67,1921-03-15,同歸一體,3,unit_3_p3,04,34,claude_only,다ᄒᆞ고보면그宗敎의價値는何等眞,宗敎,의精神上親密을圖ᄒᆞ는神聖한結合,C단독,
宗敎,67,1921-03-15,同歸一體,3,unit_3_p3,04,61,claude_only,ᆞ는神聖한結合이라ᄒᆞᆯ지라만일,宗敎,로써人類의親密한結合이업다하고보,C단독,
宗敎,67,1921-03-15,同歸一體,3,unit_3_p3,04,81,claude_only,人類의親密한結合이업다하고보면그,宗敎,의價値는何等眞宗敎의自己들이스스,C단독,
宗敎,67,1921-03-15,同歸一體,3,unit_3_p3,04,90,claude_only,업다하고보면그宗敎의價値는何等眞,宗敎,의自己들이스스로人世最上의宗旨라,C단독,
宗敎,67,1921-03-15,同歸一體,4,unit_4_p4,01,127,claude_only,我慢에서버서한바되야決코某督敎의,宗敎,는아리켜나라,C단독,
宗敎,67,1921-03-15,同歸一體,4,unit_4_p4,03,8,claude_only,愛의結合이업스며,宗敎,의眞精神이업고境遇에因하야爭鬪를,C단독,
宗敎,67,1921-03-15,同歸一體,4,unit_4_p4,03,49,claude_only,敎와異敎國의互相에在하야는욕이나,宗敎,的平和를圖키難할것이안인가그럼으,C단독,
宗敎,67,1921-03-15,同歸一體,4,unit_4_p4,03,98,claude_only,平和를圖코져함에는먼저眞正한最後,宗敎,가此世에創建되야世界人類가共히그,C단독,
宗敎,67,1921-03-15,同歸一體,4,unit_4_p4,03,117,claude_only,此世에創建되야世界人類가共히그眞,宗敎,의眞精神下에서眞正한統一을圖하며,C단독,
宗敎,67,1921-03-15,同歸一體,4,unit_4_p4,05,8,claude_only,然하면最後眞正의,宗敎,라함은엇더한宗敎가其席을点領할것,C단독,
宗敎,67,1921-03-15,同歸一體,4,unit_4_p4,05,16,claude_only,然하면最後眞正의宗敎라함은엇더한,宗敎,가其席을点領할것인가卽如何한宗旨,C단독,
宗敎,67,1921-03-15,同歸一體,4,unit_4_p4,05,37,claude_only,을点領할것인가卽如何한宗旨를가진,宗敎,가人世最後의勝利를得하야一世가다,C단독,
宗敎,67,1921-03-15,同歸一體,4,unit_4_p4,05,75,claude_only,에同歸케되랴우리는생각저대수日의,宗敎,는偏觀偏信의宗敎가안이오圓觀圓信,C단독,
宗敎,67,1921-03-15,同歸一體,4,unit_4_p4,05,83,claude_only,는생각저대수日의宗敎는偏觀偏信의,宗敎,가안이오圓觀圓信의信仰을가지지안,C단독,
宗敎,67,1921-03-15,同歸一體,4,unit_4_p4,05,126,claude_only,라卽사람그대로의天眞을表顯케하는,宗敎,信仰을이른것이니라由來宗敎는少하,C단독,
宗敎,67,1921-03-15,同歸一體,4,unit_4_p4,05,139,claude_only,케하는宗敎信仰을이른것이니라由來,宗敎,는少하야도사람의本然을막음이多하,C단독,
宗敎,67,1921-03-15,同歸一體,4,unit_4_p4,05,164,claude_only,의本然을막음이多하엿다그럼으로各,宗敎,가各其一方에論爭하야사람그대로의,C단독,
宗敎,67,1921-03-15,同歸一體,4,unit_4_p4,06,44,claude_only,하엿나니試하야吾人으로써世界의大,宗敎,되는異点을擧하면其中에各其一長一,C단독,
宗敎,67,1921-03-15,同歸一體,4,unit_4_p4,06,87,claude_only,免치못할事實이라할지니何故오하면,宗敎,도亦是其各宗敎가各其의差一短의嫌,C단독,
宗敎,67,1921-03-15,同歸一體,4,unit_4_p4,06,94,claude_only,라할지니何故오하면宗敎도亦是其各,宗敎,가各其의差一短의嫌을가지게된所以,C단독,
宗敎,67,1921-03-15,同歸一體,4,unit_4_p4,06,114,claude_only,其의差一短의嫌을가지게된所以는是,宗敎,歷史上l避치못할지로다그리하야其,C단독,
宗敎,67,1921-03-15,同歸一體,4,unit_4_p4,06,133,claude_only,史上l避치못할지로다그리하야其各,宗敎,가各其一長,C단독,
宗敎,67,1921-03-15,同歸一體,5,unit_5_p5,03,6,both,할지며又其各,宗敎,가各其當時의相差相異한敎理를가지,합의,
宗敎,67,1921-03-15,同歸一體,5,unit_5_p5,04,17,both,이안이리오萬一二千年以前에在한各,宗敎,가各其의地方의風俗思想과各其의時,합의,
宗敎,67,1921-03-15,同歸一體,5,unit_5_p5,05,41,both,衆의思想과今日時代의程度에標準할,宗敎,가出生할것,합의,
宗敎,67,1921-03-15,同歸一體,5,unit_5_p5,06,32,both,마마한우리의思想程度에適合할만한,宗敎,가自然히出生될것은當然의理라,합의,
宗敎,67,1921-03-15,同歸一體,5,unit_5_p5,12,29,both,旨가안이면不可하리라過去時代의各,宗敎,가各其々地方을一圓으로하고勃興합,합의,
宗敎,67,1921-03-15,同歸一體,5,unit_5_p5,13,19,both,今日時代는世界全幅을一圓으로하고,宗敎,의範圍를가지지안이함이不可하며,합의,
宗敎,67,1921-03-15,同歸一體,5,unit_5_p5,15,33,both,宗旨가안이면不可하니過去時代의各,宗敎,가各其々時代의民衆思想의進步한思,합의,
宗敎,67,1921-03-15,同歸一體,5,unit_5_p5,16,34,both,時代의民衆思想을根底로하고出來한,宗敎,가안이면到底今日以後의人,합의,
宗敎,67,1921-03-15,同歸一體,5,unit_5_p5,18,11,both,第三은사람其者를標準한,宗敎,가안이면最後의宗敎가되지못할지니,합의,
宗敎,67,1921-03-15,同歸一體,5,unit_5_p5,18,20,both,람其者를標準한宗敎가안이면最後의,宗敎,가되지못할지니今日의時代논사람으,합의,
宗敎,67,1921-03-15,同歸一體,6,unit_6_p6,03,11,both,吾人은以上四條로써最後,宗敎,의眞風光이라할눌마지안이하노니基,합의,
宗敎,67,1921-03-15,同歸一體,6,unit_6_p6,03,130,both,의眞理라ᄒᆞ치안이치못할지니今日,宗敎,家된者ㅣ此点에서深ᄉ한考慮를費치,합의,
宗敎,67,1921-03-15,同歸一體,6,unit_6_p6,05,50,both,時代에도ᄯᅩ한今日의時代에適合한,宗敎,가出生하엿스리라自信하노니그눈必,합의,
宗敎,67,1921-03-15,同歸一體,6,unit_6_p6,05,97,both,로써라然하면吾人은무엇으로써卽何,宗敎,로써今日時代에適合한宗旨라自信하,합의,
宗敎,67,1921-03-15,同歸一體,6,unit_6_p6,09,71,both,此時代의進步한民衆의思想은過去의,宗敎,로써支配치못할것을一言하고그過,합의,
宗敎,67,1921-03-15,同歸一體,7,unit_7_p7,01,3,claude_only,去모든,宗敎,의源泉되는天道그대로로써一世를廣,C단독,
宗敎,67,1921-03-15,同歸一體,7,unit_7_p7,01,72,claude_only,本然의原理를이름이니이實로世界의,宗敎,를一圓으로하고其各宗敎를超越한大,C단독,
宗敎,67,1921-03-15,同歸一體,7,unit_7_p7,01,83,claude_only,實로世界의宗敎를一圓으로하고其各,宗敎,를超越한大眞理를,C단독,
宗敎,68,1921-06-15,사람性의 無窮을 論하노라(續),5,unit_5_p5,01,40,both,道德的風化를規定코저하엿슴이그卽,宗敎,하면宗敎라함을簡單한定義로써一言,합의,
宗敎,68,1921-06-15,사람性의 無窮을 論하노라(續),5,unit_5_p5,01,44,both,化를規定코저하엿슴이그卽宗敎하면,宗敎,라함을簡單한定義로써一言하면人이,합의,
宗敎,68,1921-06-15,사람性의 無窮을 論하노라(續),5,unit_5_p5,04,37,both,할지니라世에但히死後問題를指하야,宗敎,의最高眞髓라思하는人이아즉此世의,합의,
宗敎,68,1921-06-15,사람性의 無窮을 論하노라(續),5,unit_5_p5,04,64,claude_only,人이아즉此世의間에그는現代思想的,宗敎,界에幾千步落後한者라할지라元來사,C단독,
宗敎,69,1921-07-15,新文化는 무엇에 依하야 建設되랴,1,unit_1_p1,01,95,claude_only,야가장잇지못할一大事件은卽文化와,宗敎,의關係니東西를不問하고엇더한民族,C단독,
宗敎,69,1921-07-15,新文化는 무엇에 依하야 建設되랴,1,unit_1_p1,01,133,claude_only,든지其文化와直接의關係를가진者는,宗敎,가唯一의重要한位置에居하엿음은歷,C단독,
宗敎,69,1921-07-15,新文化는 무엇에 依하야 建設되랴,1,unit_1_p1,02,234,claude_only,文化를成出하엿든것이엿다卽東洋諸,宗敎,의渦流中에서宗敎的諸般思想의磨鍊,C단독,
宗敎,69,1921-07-15,新文化는 무엇에 依하야 建設되랴,1,unit_1_p1,02,242,claude_only,것이엿다卽東洋諸宗敎의渦流中에서,宗敎,的諸般思想의磨鍊에依하야朝鮮의文,C단독,
宗敎,69,1921-07-15,新文化는 무엇에 依하야 建設되랴,2,unit_2_p2,02,163,claude_only,하면敎育의發達이며産業의向上이며,宗敎,文學藝術道德等보든것의新進步를말,C단독,
宗敎,69,1921-07-15,新文化는 무엇에 依하야 建設되랴,3,unit_3_p3,,756,gemini_only,라族의歷史를背하고는到底히吾人은,宗敎,上에서今日兩派하기어렵다이러타하,G단독,
宗敎,69,1921-07-15,新文化는 무엇에 依하야 建設되랴,3,unit_3_p3,09,21,both,朝鮮新文化建設에就한理論을吾人은,宗敎,上에셔서今日兩派의論者로써논아볼,합의,
宗敎,69,1921-07-15,新文化는 무엇에 依하야 建設되랴,5,unit_5_p5,01,179,both,과舊美와醜彼와我上과下左와右모든,宗敎,도든哲學모든科學等의理想을總合大,합의,
宗敎,86,1921-11-15,"우리時代의 創造事業, 目下의 急先務를 提案함",,unit_3_p3,01,138,claude_only,고그를改造하며又建設한人乃天的大,宗敎,이니大神師는이世界의우에서天國을,C단독,
宗敎,86,1921-11-15,"우리時代의 創造事業, 目下의 急先務를 提案함",,unit_4_p4,02,29,claude_only,던지)의實施丁敎化的敎書의著述戊,宗敎,를藝術化로引導할만한諸般의實施己,C단독,
宗敎,86,1921-11-15,"우리時代의 創造事業, 目下의 急先務를 提案함",,unit_6_p6,01,63,both,一層社會化敎化化가될것이라다음은,宗敎,를藝術化로할것이니,합의,
宗敎,86,1921-11-15,"우리時代의 創造事業, 目下의 急先務를 提案함",,unit_6_p6,02,0,both,,宗敎,를藝術化하라는말은宗敎를但히宗敎,합의,
宗敎,86,1921-11-15,"우리時代의 創造事業, 目下의 急先務를 提案함",,unit_6_p6,02,11,both,宗敎를藝術化하라는말은,宗敎,를但히宗敎라는空漠的意味에두지말,합의,
宗敎,86,1921-11-15,"우리時代의 創造事業, 目下의 急先務를 提案함",,unit_6_p6,02,16,both,宗敎를藝術化하라는말은宗敎를但히,宗敎,라는空漠的意味에두지말고그를實地,합의,
宗敎,70,1921-12-15,中國 北京의 傳敎室 問題를 둣고 吾敎의 對外 發展을 賀함,14,unit_3_p3,03,48,claude_only,그精神現像이人乃天主義와符合하야,宗敎,에서다갓치사람本位를어오게되엿스,C단독,
宗敎,70,1921-12-15,中國 北京의 傳敎室 問題를 둣고 吾敎의 對外 發展을 賀함,14,unit_3_p3,03,104,claude_only,를排斥하고세로온精神으로結晶된新,宗敎,를要求하於是에天下의靈心이새것을,C단독,
宗敎,70,1921-12-15,中國 北京의 傳敎室 問題를 둣고 吾敎의 對外 發展을 賀함,15,unit_4_p4,01,160,both,듯건되아디와갓다「吾敎가이世界的,宗敎,의資格으로世界的布敎의活動을開始,합의,
宗敎,70,1921-12-15,中國 北京의 傳敎室 問題를 둣고 吾敎의 對外 發展을 賀함,15,unit_4_p4,01,304,claude_only,모든方面의硏究를烈히하는中이特허,宗敎,家와如합은中國民族을中心으로하고,C단독,
宗敎,70,1921-12-15,中國 北京의 傳敎室 問題를 둣고 吾敎의 對外 發展을 賀함,15,unit_4_p4,01,354,claude_only,습니다다시말하면政治에나經濟에나,宗敎,에나社會에나모든데서世界의眼目은,C단독,
宗敎,70,1921-12-15,中國 北京의 傳敎室 問題를 둣고 吾敎의 對外 發展을 賀함,15,unit_4_p4,01,394,claude_only,集中하는中입니다그럼으로歐州人의,宗敎,家或은思想家가直接或間接으로中國,C단독,
宗敎,70,1921-12-15,中國 北京의 傳敎室 問題를 둣고 吾敎의 對外 發展을 賀함,16,unit_5_p5,01,40,both,스나이제로부터는그의反對로朝鮮의,宗敎,를支那에逆輸할時運이돌아왓나니吾,합의,
宗敎,70,1921-12-15,中國 北京의 傳敎室 問題를 둣고 吾敎의 對外 發展을 賀함,16,unit_5_p5,01,94,both,精神의勇氣를皷舞하야大陸의天地에,宗敎,的舞蹈를試할時機가到來하엿다할지,합의,
宗敎,70,1921-12-15,中國 北京의 傳敎室 問題를 둣고 吾敎의 對外 發展을 賀함,17,unit_6_p6,03,93,both,流行語도만히잇다다시一步를進하야,宗敎,的,합의,
宗敎,70,1921-12-15,中國 北京의 傳敎室 問題를 둣고 吾敎의 對外 發展을 賀함,17,unit_6_p6,04,59,claude_only,가?或우리의眞生活은왼世界가모도,宗敎,化되는날―,C단독,
宗敎,72,1922-02-15,進化의 側面으로 본 人乃天,8,unit_1_p1,10,17,claude_only,의槪念으로論斷케되는것이니하나는,宗敎,的方面이오ᄯᅩ하나난科學的及哲學,C단독,
宗敎,72,1922-02-15,進化의 側面으로 본 人乃天,8,unit_1_p1,13,11,claude_only,돌여보내엿다그런데元來,宗敎,上學說이라는것은宗敎的方面에잇어,C단독,
宗敎,72,1922-02-15,進化의 側面으로 본 人乃天,8,unit_1_p1,13,21,claude_only,다그런데元來宗敎上學說이라는것은,宗敎,的方面에잇어는各宗來부터神學에直,C단독,
宗敎,72,1922-02-15,進化의 側面으로 본 人乃天,12,unit_5_p5,02,28,both,한点이만히잇는것은이될지라우리가,宗敎,上意味에서이른바天國이라하며不斷,합의,
宗敎,72,1922-02-15,進化의 側面으로 본 人乃天,12,unit_5_p5,03,46,both,化의餘地가만히남겨잇다하면舊式의,宗敎,家로문득人類의資格이自己네의生각,합의,
宗敎,73,1922-03-15,信仰 觀念의 本體,8,unit_1_p1,01,245,both,밋지못함에서나온일이라이世上에는,宗敎,의種類도여러가지며信仰의方法도만,합의,
宗敎,73,1922-03-15,信仰 觀念의 本體,8,unit_1_p1,01,273,both,仰의方法도만히잇으나그러나그여러,宗敎,만혼信仰으로도아즉徹底한體悟를衆,합의,
宗敎,73,1922-03-15,信仰 觀念의 本體,8,unit_1_p1,02,17,both,즉眞實된幸福을世界에펴지못한것은,宗敎,그物과信仰其物이한울의뜻을直接으,합의,
宗敎,73,1922-03-15,信仰 觀念의 本體,8,unit_1_p1,02,59,both,게한原因이며ᄯᅡ라셔衆生스스로가,宗敎,와信仰의本義를把得치못하고因襲과,합의,
宗敎,73,1922-03-15,信仰 觀念의 本體,13,unit_6_p6,02,286,claude_only,不完全으로부터完全으로나아가나니,宗敎,上方面에서一神觀念으로옴겨나아가,C단독,
宗敎,75,1922-05-15,宗教의 六大 要素,10,unit_1_p1u,,173,gemini_only,으로그를信仰함이다二、希望。엇던,宗敎,를勿論하고希望의觀念업시此를信치,G단독,
宗敎,75,1922-05-15,宗教의 六大 要素,10,unit_1_p1u,01,10,both,試ᄒᆞ야由來모일은바,宗敎,的素質이만건을皆,합의,
宗敎,75,1922-05-15,宗教의 六大 要素,10,unit_1_p1u,02,4,both,人乃天新,宗敎,의宗敎의素質에比較對照ᄒᆞ[se,합의,
宗敎,75,1922-05-15,宗教의 六大 要素,10,unit_1_p1u,02,7,both,人乃天新宗敎의,宗敎,의素質에比較對照ᄒᆞ[secti,합의,
宗敎,75,1922-05-15,宗教의 六大 要素,10,unit_1_p1u,03,2,both,엇던,宗敎,에던지必히人以上의超人的의勢力이,합의,
宗敎,75,1922-05-15,宗教의 六大 要素,10,unit_1_p1u,05,15,both,그를信仰ᄒᆞᆷ이니그러나高等인,宗敎,에는,합의,
宗敎,75,1922-05-15,宗教의 六大 要素,10,unit_1_p1u,06,5,both,안이오劣等,宗敎,",即水,火,木,石을崇拜ᄒᆞᄂᆞ",합의,
宗敎,75,1922-05-15,宗教의 六大 要素,10,unit_2_p1l,06,12,both,確信ᄒᆞᆯᄉᆞᆺ써新藤의,宗敎,가救濟의方式이生ᄒᆞᄂᆞᆫ것이며,합의,
宗敎,75,1922-05-15,宗教의 六大 要素,11,unit_3_p2u,,175,gemini_only,本部分을明言하였다그러한데人乃天,宗敎,에至하야도마찬가지로그素質에至하,G단독,
宗敎,75,1922-05-15,宗教의 六大 要素,11,unit_3_p2u,,276,gemini_only,은此를自力의觀念으로活用하며由來,宗敎,은此를自己以外의것으로思하나人乃,G단독,
宗敎,75,1922-05-15,宗教의 六大 要素,11,unit_3_p2u,02,0,both,,宗敎,的犧牲의精神이라ᄒᆞᆯ진대[se,합의,
宗敎,75,1922-05-15,宗教의 六大 要素,11,unit_3_p2u,07,4,both,等다같이,宗敎,의仁愛,합의,
宗敎,75,1922-05-15,宗教의 六大 要素,11,unit_3_p2u,08,5,both,의精神이니,宗敎,는此仁愛,합의,
宗敎,75,1922-05-15,宗教의 六大 要素,11,unit_3_p2u,11,5,both,以上은由來,宗敎,의素質을一言,합의,
宗敎,75,1922-05-15,宗教의 六大 要素,11,unit_3_p2u,12,3,both,ᄒᆞ야,宗敎,構成의根本部分은至ᄒᆞ,합의,
宗敎,75,1922-05-15,宗教의 六大 要素,11,unit_3_p2u,13,13,both,言ᄒᆞ얏다그러ᄒᆞ면人乃天,宗敎,,합의,
宗敎,75,1922-05-15,宗教의 六大 要素,12,unit_5_p3u,,168,gemini_only,으로써多希望의到達目的을삼음이곳,宗敎,의最新의이라할지며第二敬虔의念을,G단독,
宗敎,75,1922-05-15,宗教의 六大 要素,12,unit_6_p3l,02,20,both,念으로觀ᄒᆞ면人乃天은이미自力의,宗敎,인ᄉᆞ써,합의,
宗敎,75,1922-05-15,宗教의 六大 要素,12,unit_6_p3l,03,2,both,의脫,宗敎,의精神인ᄉᆞ아니로自己의[?]德,합의,
宗敎,75,1922-05-15,宗教의 六大 要素,12,unit_6_p3l,13,2,claude_only,由來,宗敎,의素質이人乃天의上에쌍納ᄒᆞ야,C단독,
實在,12,1912-03-15,我觀人生,34,unit_6_p3l,08,18,both,에伴ᄒᆞ야舊日의所信을脫却ᄒᆞ고,實在,,대조,Y 2026-08-11
實在,19,1913-01-15,理想中新光陰,37,unit_2_p1l,15,0,both,,實在,며萬動의母라車는流水와如ᄒᆞ며馬,대조,Y 2026-08-11
實在,19,1913-01-15,理想中新光陰,38,unit_4_p2l,02,16,both,二有一의永却不變의眞眞如如의固定,實在,,대조,Y 2026-08-11
實在,45,1919-01-15,新年元旦,8,unit_1_p1,03,132,claude_only,ᆞᆷ은個性中心의範圍샏、若吾人의,實在,的立脚地로븟혀個性中心을除却ᄒᆞ,대조,Y 2026-08-11
實在,45,1919-01-15,新年元旦,11,unit_4_p4,03,114,claude_only,ᆫ갓치大宇宙大眞理上에一貫ᄒᆞᆫ,實在,일진디吾人의눈다시生老病死로써愛,대조,Y 2026-08-11
實在,45,1919-01-15,新年元旦,11,unit_4_p4,03,191,claude_only,原來時間이란恒常剎那라云하ᄂᆞᆫ,實在,가經過ᄒᆞ면서背로ᄂᆞᆫ過去가되,대조,Y 2026-08-11
實在,45,1919-01-15,新年元旦,12,unit_5_p5,04,14,both,然ᄒᆞ되吾人은過去라云ᄒᆞ야,實在,의境遇를挽回ᄒᆞ야實在의境遇를삼,대조,Y 2026-08-11
實在,45,1919-01-15,新年元旦,12,unit_5_p5,04,25,claude_only,라云ᄒᆞ야實在의境遇를挽回ᄒᆞ야,實在,의境遇를삼지못ᄒᆞ눈以上은過去의,대조,Y 2026-08-11
實在,53,1919-10-15,今日以後의 宗敎,2,unit_1_p1,01,183,both,後에歷史가有ᄒᆞ事와吾人의眼前에,實在,가瞭然ᄒᆞ一作습이엇나니換言ᄒᆞ,대조,Y 2026-08-11
實在,53,1919-10-15,今日以後의 宗敎,2,unit_1_p1,01,222,both,後의僅少ᄒᆞᆫ歷史와眼前의刹那的,實在,를解剖ᄒᆞ야其로써研究의端緖를開,대조,Y 2026-08-11
實在,56,1920-01-15,天道敎六十一歲花甲庚申을 迎喜,8,unit_2_p2,16,19,claude_only,이라ᄒᆞ며哲學者는此를美善眞이라,實在,라ᄒᆞ며理,대조,Y 2026-08-11
實在,61,1920-07-15,自己解放과 人乃天主義(續),5,unit_5_p5,05,18,both,로自己의事務를處理치못하고彼岸이,實在,이니眞善美라할지라도自己임이虛空,대조,Y 2026-08-11
實在,61,1920-07-15,自己解放과 人乃天主義(續),5,unit_5_p5,05,66,claude_only,仰이이것이로다思하라아모리彼岸이,實在,이며眞善美라할지라도自己임이虛空,대조,Y 2026-08-11
實在,72,1922-02-15,進化의 側面으로 본 人乃天,8,unit_1_p1,04,34,claude_only,가浸入한後其步를漸次引下하야平易,實在,의本地에歸復케하난一大,C단독,
實在,73,1922-03-15,信仰 觀念의 本體,8,unit_1_p1,01,221,both,本的心法을세다지못이專혀한울님의,實在,精神을바르게밋지못함에서나온일이,합의,
實在,73,1922-03-15,信仰 觀念의 本體,13,unit_6_p6,01,243,claude_only,사람이그自性에本來부터無窮以前의,實在,體로써그가又無窮以後에及하야無窮,C단독,
實在,73,1922-03-15,信仰 觀念의 本體,14,unit_7_p7,02,127,both,가라처는이를天堂이라하며或은眞如,實在,라하야世界에엿는世界를쎠나사람의,합의,
實在,73,1922-03-15,信仰 觀念의 本體,14,unit_7_p7,02,306,claude_only,一大靈妙無窮의精神體가內在的으로,實在,하엿음으로그가表顯하는處에萬物이,C단독,
實在,74,1922-04-15,信仰 觀念의 本體(續),19,unit_5_p5,02,96,both,으로써象徵하야萬象의게心은確實히,實在,體인所以를明示코저하심이니라,합의,
實在,75,1922-05-15,宗教의 六大 要素,11,unit_4_p2l,05,1,claude_only,의,實在,로觀ᄒᆞ나니即自己의意識을大宇宙,C단독,
意識,15,1912-06-15,東經大全要旨講解,10,unit_4_p2l,08,15,both,論에不居ᄒᆞ고普通人類의共通혼,意識,的,합의,
意識,18,1912-12-15,靈通力의 事實됨을 解明言(續),12,unit_2_p1l,04,13,both,凡童이一鄕里에生ᄒᆞ야自我,意識,으로自家를,합의,
意識,18,1912-12-15,靈通力의 事實됨을 解明言(續),15,unit_7_p4u,10,12,both,ᄒᆞᆯ時ᄂᆞᆫ他의觀念과,意識,이無ᄒᆞ時라此狀態,합의,
意識,18,1912-12-15,靈通力의 事實됨을 解明言(續),15,unit_8_p4l,04,48,both,)口識(四)觸識(五)鼻識(六),意識,、總稱現象識이라ᄒᆞᆷ,합의,
意識,82,1918-11-15,大神師性靈出世說(其五),,unit_3_p3,,844,gemini_only,은決코此外의今日이無意味의이며無,意識,的이안니라하吾人은告白코저ᄒᆞ노,G단독,
意識,82,1918-11-15,大神師性靈出世說(其五),,unit_3_p3,01,94,both,故로玆에吾人은現代生活의意味를無,意識,的으로抹消ᄒᆞ이不可ᄒᆞ고一屑猛,합의,
意識,82,1918-11-15,大神師性靈出世說(其五),,unit_3_p3,03,184,both,決코無意味ᄒᆞᆫ者안이오大意味大,意識,의法諦가此間에伏在ᄒᆞᆫ것은知치,합의,
意識,82,1918-11-15,大神師性靈出世說(其五),,unit_3_p3,04,43,both,ᄒᆞ야無意味를大意味되게ᄒᆞ며無,意識,을大意識되게ᄒᆞ지안이ᄒᆞ이不可,합의,
意識,82,1918-11-15,大神師性靈出世說(其五),,unit_3_p3,04,47,both,意味를大意味되게ᄒᆞ며無意識을大,意識,되게ᄒᆞ지안이ᄒᆞ이不可ᄒᆞ도다,합의,
意識,82,1918-11-15,大神師性靈出世說(其五),,unit_3_p3,04,134,both,上은決코此의今日이無意味的이며無,意識,的이안이리마吾人은告白ᄒᆞ고져ᄒ,합의,
意識,46,1919-02-15,將來의 宗敎,2,unit_2_p2,02,92,both,如何ᄒᆞ眞理가?今에神聖公平ᄒᆞ,意識,下에此를因果에證ᄒᆞ며事實에下에,합의,
意識,46,1919-02-15,將來의 宗敎,6,unit_6_p6,15,15,both,有ᄒᆞ기라도大體에서共通ᄒᆞᆫ,意識,的知能이有ᄒᆞᆫ所以ᄂᆞᆫ天,합의,
意識,46,1919-02-15,將來의 宗敎,6,unit_6_p6,21,5,both,公平ᄒᆞᆫ,意識,下에서此ᄅᆞᆯ眞理로認定ᄒᆞᆷ에,합의,
意識,47,1919-03-15,我觀東經,14,unit_1_p1,01,26,claude_only,……至昭然于天下也）見ᄒᆞᆯ지라,意識,이可及ᄒᆞᄂᆞᆫ대로、이눈에ᄯᅴ,C단독,
意識,47,1919-03-15,我觀東經,14,unit_1_p1,02,64,claude_only,ᆞ며次에經驗ᄒᆞᆫ材料를「疑」即,意識,의尺度로準的ᄒᆞ야其味ᄒᆞᆫ바를,C단독,
意識,47,1919-03-15,我觀東經,16,unit_3_p3,,825,gemini_only,宇宙를無量數의自我識別된點에自我,意識,을小我와各小我를普遍ᄒᆞ야大我라,G단독,
意識,47,1919-03-15,我觀東經,16,unit_3_p3,06,35,both,觀的觀念으로萬有를識別ᄒᆞᄂᆞᆫ,意識,의中心이니宇宙ᄂᆞᆫ靈無景數的組,합의,
意識,47,1919-03-15,我觀東經,17,unit_4_p4,04,246,claude_only,바이나旣히進化라ᄒᆞᆯ것은畢境無,意識,的無機的作用이아니오有機的活ᄒᆞ,C단독,
意識,54,1919-11-15,十月二十八日大祈禱,2,unit_1_p1,01,225,both,試ᄒᆞ야余다러天地宇宙의大意味大,意識,됨을語케ᄒᆞ,합의,
意識,55,1919-12-15,改造와 宗敎,6,unit_3_p3,02,12,claude_only,가霜雹所墜와日月所到에는,意識,이잇는動物로ᄂᆞᆫ精,C단독,
意識,83,1920-03-15,現代思潮와 事人如天主義,,unit_3_p3,01,28,claude_only,를理解ᄒᆞ는知力과其를實施ᄒᆞ는,意識,은多少不充分ᄒᆞ,C단독,
意識,59,1920-05-15,哲人主義의 將來와 新宗敎의 價値,10,unit_3_p3,06,57,both,는人類가自己의權威와欲望의價値를,意識,ᄒᆞ야옴에不過ᄒᆞ다思하노라그리,합의,
意識,59,1920-05-15,哲人主義의 將來와 新宗敎의 價値,10,unit_3_p3,06,86,both,하노라그리하야人類가欲望의價値를,意識,ᄒᆞ야自己의權威를意識하야오는것,합의,
意識,59,1920-05-15,哲人主義의 將來와 新宗敎의 價値,10,unit_3_p3,06,97,both,望의價値를意識ᄒᆞ야自己의權威를,意識,하야오는것은人類가自己를開放ᄒᆞ,합의,
意識,59,1920-05-15,哲人主義의 將來와 新宗敎의 價値,11,unit_4_p4,01,6,both,惟我即自我의,意識,的自由解放흠ㅡ言코저하노라王陽明,합의,
意識,59,1920-05-15,哲人主義의 將來와 新宗敎의 價値,11,unit_4_p4,02,118,both,遍의修養을要할者는即各自의內部的,意識,目由의改造이니故로自我의改造호는,합의,
意識,59,1920-05-15,哲人主義의 將來와 新宗敎의 價値,11,unit_4_p4,04,83,claude_only,이젓것엇든物質或은私慾의奴隷이든,意識,을解放하야正大한理想의路로進步하,C단독,
意識,59,1920-05-15,哲人主義의 將來와 新宗敎의 價値,12,unit_5_p5,01,71,claude_only,다갓치自己를解放하야各自의價値를,意識,하며各自의權威를意識한下에서各自,C단독,
意識,59,1920-05-15,哲人主義의 將來와 新宗敎의 價値,12,unit_5_p5,01,81,claude_only,各自의價値를意識하며各自의權威를,意識,한下에서各自의職業을徹底하는者를,C단독,
意識,63,1920-09-15,오로지 法門에 依信하라,7,unit_7_p7,02,29,both,에서人은萬物을代表하야가장天主의,意識,을其心靈,합의,
意識,63,1920-09-15,오로지 法門에 依信하라,8,unit_8_p8,09,25,both,天壤이라弟子는法門에依하야自己를,意識,的으로化하는것이오,합의,
意識,65,1920-11-15,拘束의 宗敎로부터 自由의 宗敎,1,unit_1_p1,02,72,both,大覺이잇다하는者ㅣ안이오少하야도,意識,이라云하는自由精神을가지고모든活,합의,
意識,65,1920-11-15,拘束의 宗敎로부터 自由의 宗敎,1,unit_1_p1,02,99,both,을가지고모든活動을開始하는것이니,意識,이잇는곳에는반듯이硏究가생기게되,합의,
意識,65,1920-11-15,拘束의 宗敎로부터 自由의 宗敎,1,unit_1_p1,02,203,both,을食하며木巢에居하다가漸次宗敎的,意識,이動케됨은是ㅣ疑心의觀念이此를始,합의,
意識,65,1920-11-15,拘束의 宗敎로부터 自由의 宗敎,2,unit_2_p2,05,29,both,와스며硏究는疑로부터나와스며疑는,意識,의自由로나,합의,
意識,65,1920-11-15,拘束의 宗敎로부터 自由의 宗敎,2,unit_2_p2,06,7,both,온것이라그러면,意識,이잇는以上은不得已疑치안이처못할,합의,
意識,65,1920-11-15,拘束의 宗敎로부터 自由의 宗敎,4,unit_4_p4,03,175,both,ᄒᆞ고一種靈軆라云ᄒᆞᄂᆞᆫ者를,意識,케되엿ᄂᆞ니卽自然現象은一種의神,합의,
意識,65,1920-11-15,拘束의 宗敎로부터 自由의 宗敎,7,unit_7_p7,15,6,both,면다만現世의,意識,的慰安을得키爲하야即生活의滿足을,합의,
意識,65,1920-11-15,拘束의 宗敎로부터 自由의 宗敎,8,unit_8_p8,01,13,both,想目標(神或靈魂問題)되는,意識,的觀念도ᄯᅩ한自由로ᄡᅥ改造ᄒᆞ,합의,
意識,67,1921-03-15,同歸一體,1,unit_1_p1,01,75,both,를浮裏이라이르지말나世界는決코無,意識,的이안이오人事는盲目目的이안이니,합의,
意識,67,1921-03-15,同歸一體,1,unit_1_p1,01,98,both,人事는盲目目的이안이니라世界는無,意識,의裡에셔大意識의循環이잇게되는것,합의,
意識,67,1921-03-15,同歸一體,1,unit_1_p1,01,105,both,이안이니라世界는無意識의裡에셔大,意識,의循環이잇게되는것이오人事는盲目,합의,
意識,75,1922-05-15,宗教의 六大 要素,11,unit_4_p2l,05,13,claude_only,의實在로觀ᄒᆞ나니即自己의,意識,을大宇宙의大意識의系,C단독,
意識,75,1922-05-15,宗教의 六大 要素,11,unit_4_p2l,05,21,claude_only,ᄒᆞ나니即自己의意識을大宇宙의大,意識,의系,C단독,
意識,75,1922-05-15,宗教의 六大 要素,11,unit_4_p2l,13,20,claude_only,리오故로此로比ᄒᆞ야超現人(現象,意識,의,C단독,
物心,81,1918-10-15,大神師性靈出世說(其四),,unit_2_p2,03,181,both,이唯物論으로化ᄒᆞ며唯物論이更히,物心,合一論으로變ᄒᆞᆫ것이며宗敎의方,대조,Y 2026-08-11
物心,73,1922-03-15,信仰 觀念의 本體,15,unit_8_p8,03,0,both,,物心,心物物物心에無窮의感化를주나니그,합의,
物心,73,1922-03-15,信仰 觀念의 本體,15,unit_8_p8,03,5,both,物心心物物,物心,에無窮의感化를주나니그가化하야思,합의,
物心合一論,81,1918-10-15,大神師性靈出世說(其四),,unit_2_p2,03,181,both,이唯物論으로化ᄒᆞ며唯物論이更히,物心合一論,으로變ᄒᆞᆫ것이며宗敎의方面으로,대조,Y 2026-08-11
現象,6,1911-09-15,還人欲이라야 眞樂生이오 眞樂이라야 世界得幸福이라,15,unit_3_p2u,16,8,both,의眞素와事物界의,現象,이究其原則一也라,합의,
現象,6,1911-09-15,還人欲이라야 眞樂生이오 眞樂이라야 世界得幸福이라,15,unit_4_p2l,02,12,claude_only,바恒常支ᄒᆞ閑々ᄒᆞ고有,現象,이肉觀에隊々,C단독,
現象,12,1912-03-15,我觀人生,34,unit_5_p3u,05,8,both,敎의元理와人生上,現象,의關係를融合ᄒᆞ기爲,합의,
現象,15,1912-06-15,東經大全要旨講解,11,unit_6_p3l,,54,gemini_only,이오天門開闔日是衆妙之根이니宇宙,現象,은是門의開闔을從ᄒᆞ야生滅變化를,G단독,
現象,77,1912-10-15,靈通力이 事實됨을 解明言,,unit_2_p2,01,9,both,宇宙의間에는種種의,現象,이有ᄒᆞ니曰物理,합의,
現象,77,1912-10-15,靈通力이 事實됨을 解明言,,unit_2_p2,02,1,both,的,現象,化學的現象日社會的現象日心理的,합의,
現象,77,1912-10-15,靈通力이 事實됨을 解明言,,unit_2_p2,02,6,both,的現象化學的,現象,日社會的現象日心理的,합의,
現象,77,1912-10-15,靈通力이 事實됨을 解明言,,unit_2_p2,02,12,both,的現象化學的現象日社會的,現象,日心理的,합의,
現象,77,1912-10-15,靈通力이 事實됨을 解明言,,unit_2_p2,03,0,both,,現象,이라是等現象을硏究ᄒᆞ는學問을日,합의,
現象,77,1912-10-15,靈通力이 事實됨을 解明言,,unit_2_p2,03,6,both,現象이라是等,現象,을硏究ᄒᆞ는學問을日今,합의,
現象,77,1912-10-15,靈通力이 事實됨을 解明言,,unit_2_p2,11,2,both,宙總,現象,에對ᄒᆞ야今日科學의力으로能히,합의,
現象,77,1912-10-15,靈通力이 事實됨을 解明言,,unit_2_p2,16,16,both,히解明치못ᄒᆞᆯ者임으로써此靈的,現象,을聞,합의,
現象,77,1912-10-15,靈通力이 事實됨을 解明言,,unit_2_p2,23,6,both,면精神의非常,現象,이라,합의,
現象,77,1912-10-15,靈通力이 事實됨을 解明言,,unit_2_p2,25,16,both,秘를發揮ᄒᆞ는潛勢力의發現이라此,現象,은,합의,
現象,77,1912-10-15,靈通力이 事實됨을 解明言,,unit_3_p3,08,6,both,仙은本來自然,現象,을持重ᄒᆞ者라故로自然의理會를通,합의,
現象,77,1912-10-15,靈通力이 事實됨을 解明言,,unit_4_p4,01,11,claude_only,精神)의本體를明치안이,現象,나然ᄒᆞ,C단독,
現象,77,1912-10-15,靈通力이 事實됨을 解明言,,unit_4_p4,03,10,claude_only,的으로實驗又經驗以外,現象,에ᄂᆞᆫ一毫도理,C단독,
現象,77,1912-10-15,靈通力이 事實됨을 解明言,,unit_4_p4,05,2,claude_only,精神,現象,은心理로認定치안이ᄒᆞ엿ᄂᆞ니是,C단독,
現象,77,1912-10-15,靈通力이 事實됨을 解明言,,unit_4_p4,06,13,claude_only,ᄂᆞᆫ其弊가靈通卽精神非常,現象,에對ᄒᆞ야,C단독,
現象,77,1912-10-15,靈通力이 事實됨을 解明言,,unit_4_p4,11,10,claude_only,ᄒᆞᆷ과如히精神非常,現象,은東西古今에屢現,C단독,
現象,77,1912-10-15,靈通力이 事實됨을 解明言,,unit_4_p4,11,14,claude_only,ᄒᆞᆷ과如히精神非常現象은東,現象,今에屢現,C단독,
現象,77,1912-10-15,靈通力이 事實됨을 解明言,,unit_4_p4,14,16,claude_only,瞪ᄒᆞ야有ᄒᆞᆯᄉᆡᆼ世人의不審,現象,面으로브터,C단독,
現象,77,1912-10-15,靈通力이 事實됨을 解明言,,unit_4_p4,16,11,claude_only,其然의理가不無ᄒᆞ니何,現象,是ᄂᆞᆫ由來의學,C단독,
現象,77,1912-10-15,靈通力이 事實됨을 解明言,,unit_5_p5,03,1,both,의,現象,도亦人間本性에關ᄒᆞ總現象이안이,합의,
現象,77,1912-10-15,靈通力이 事實됨을 解明言,,unit_5_p5,03,14,both,의現象도亦人間本性에關ᄒᆞ總,現象,이안이나라卽普通의人人이有ᄒᆞ感,합의,
現象,18,1912-12-15,靈通力의 事實됨을 解明言(續),16,unit_10_p5l,,211,gemini_only,을投ᄒᆞ야忽然其点에向ᄒᆞ야非常,現象,이發露될지라此를吾人이稱ᄒᆞ야靈,G단독,
現象,18,1912-12-15,靈通力의 事實됨을 解明言(續),16,unit_10_p5l,02,5,both,默念의結果,現象,識의弊障을斷絶ᄒᆞ면神,합의,
現象,18,1912-12-15,靈通力의 事實됨을 解明言(續),16,unit_10_p5l,09,4,both,進ᄒᆞ면,現象,識이自然斷絶되고神識이無爲,합의,
現象,18,1912-12-15,靈通力의 事實됨을 解明言(續),16,unit_10_p5l,12,0,both,,現象,이發露될지라此를吾人이稱ᄒᆞ야靈,합의,
現象,18,1912-12-15,靈通力의 事實됨을 解明言(續),13,unit_3_p2u,08,4,both,精神非常,現象,靈通力은經驗的事實에,합의,
現象,18,1912-12-15,靈通力의 事實됨을 解明言(續),14,unit_6_p3l,01,168,both,더라此等은勿論自己의精神運動으로,現象,의背後에在ᄒᆞᆫ造化力이發現ᄒᆞ,합의,
現象,18,1912-12-15,靈通力의 事實됨을 解明言(續),15,unit_7_p4u,14,10,both,以上에述ᄒᆞᆫ普通的,現象,又ᄂᆞᆫ何人이던지,합의,
現象,18,1912-12-15,靈通力의 事實됨을 解明言(續),15,unit_8_p4l,03,15,both,默念中精神狀態默念은要言ᄒᆞ면,現象,識을殄滅ᄒᆞ고全히現象의背後를求,합의,
現象,18,1912-12-15,靈通力의 事實됨을 解明言(續),15,unit_8_p4l,03,26,both,要言ᄒᆞ면現象識을殄滅ᄒᆞ고全히,現象,의背後를求ᄒᆞ는一種神通方針이라,합의,
現象,18,1912-12-15,靈通力의 事實됨을 解明言(續),15,unit_8_p4l,03,55,both,通方針이라此에서何故로不可思議的,現象,이發現ᄒᆞ는고此를論키前에吾人의,합의,
現象,18,1912-12-15,靈通力의 事實됨을 解明言(續),15,unit_8_p4l,03,75,both,現ᄒᆞ는고此를論키前에吾人의心理,現象,을解釋코져ᄒᆞ노라,합의,
現象,18,1912-12-15,靈通力의 事實됨을 解明言(續),15,unit_8_p4l,04,12,both,吾人의日常使用ᄒᆞ는心理,現象,은如左ᄒᆞᆷ(一)眼識(二)耳識,합의,
現象,18,1912-12-15,靈通力의 事實됨을 解明言(續),15,unit_8_p4l,04,53,both,)觸識(五)鼻識(六)意識、總稱,現象,識이라ᄒᆞᆷ,합의,
現象,18,1912-12-15,靈通力의 事實됨을 解明言(續),16,unit_9_p5u,01,23,both,世에셔必要를應ᄒᆞ야發達ᄒᆞ所謂,現象,識이니此現象識은實로現在人格을搆,합의,
現象,18,1912-12-15,靈通力의 事實됨을 解明言(續),16,unit_9_p5u,01,29,both,應ᄒᆞ야發達ᄒᆞ所謂現象識이니此,現象,識은實로現在人格을搆成ᄒᆞᆫ要素,합의,
現象,18,1912-12-15,靈通力의 事實됨을 解明言(續),16,unit_9_p5u,01,75,both,人의日常使用치아니ᄒᆞᄂᆞᆫ心理,現象,은如左ᄒᆞᆷ,합의,
現象,18,1912-12-15,靈通力의 事實됨을 解明言(續),16,unit_9_p5u,02,140,both,此ᄂᆞᆫ吾人이日常使用ᄒᆞᄂᆞᆫ,現象,識이神識을弊ᄒᆞ야暫時도發現의動,합의,
現象,18,1912-12-15,靈通力의 事實됨을 解明言(續),16,unit_9_p5u,02,175,both,를未得ᄒᆞᆷ으로永久히自存的으로,現象,識背後에潛在ᄒᆞ얏ᄂᆞ니是가卽普,합의,
現象,19,1913-01-15,理想中新光陰,38,unit_4_p2l,04,10,both,論ᄒᆞ고物質的背後卽,現象,의裏面에ᄂᆞᆫ一個,합의,
現象,19,1913-01-15,理想中新光陰,38,unit_4_p2l,12,11,both,然ᄒᆞ나心界의事ᄂᆞᆫ,現象,界에서發生ᄒᆞᆫ言語,합의,
現象,20,1913-02-15,光의 說,37,unit_8_p4l,11,1,both,盖,現象,의背後는絶大無窮ᄒᆞᆫ性界라一朝,합의,
現象,20,1913-02-15,光의 說,38,unit_9_p5u,01,14,both,最後一言으로ᄡᅥ告ᄒᆞᆯ바는,現象,即絶對며,합의,
現象,20,1913-02-15,光의 說,38,unit_9_p5u,02,3,both,絶對即,現象,이라現象을離ᄒᆞ야絶對를求코,합의,
現象,20,1913-02-15,光의 說,38,unit_9_p5u,02,7,both,絶對即現象이라,現象,을離ᄒᆞ야絶對를求코,합의,
現象,45,1919-01-15,新年元旦,12,unit_5_p5,02,23,both,이吾人의事實로表示되야直接苦樂의,現象,이,합의,
現象,46,1919-02-15,將來의 宗敎,3,unit_3_p3,,698,gemini_only,次統一의緒에就코저함은實로可貴한,現象,이며特別宗教의方面에서其精神影響,G단독,
現象,48,1919-04-15,靈通說,24,unit_1_p1,02,9,both,宇宙의間에는種々의,現象,이잇느니이른바物理的現象라化學的,합의,
現象,48,1919-04-15,靈通說,24,unit_1_p1,02,21,both,는種々의現象이잇느니이른바物理的,現象,라化學的現象、社會的現象、心理的,합의,
現象,48,1919-04-15,靈通說,24,unit_1_p1,02,27,both,이잇느니이른바物理的現象라化學的,現象,、社會的現象、心理的現象等이니라,합의,
現象,48,1919-04-15,靈通說,24,unit_1_p1,02,33,both,바物理的現象라化學的現象、社會的,現象,、心理的現象等이니라이러ᄒᆞ現象,합의,
現象,48,1919-04-15,靈通說,24,unit_1_p1,02,39,both,라化學的現象、社會的現象、心理的,現象,等이니라이러ᄒᆞ現象을硏究ᄒᆞ는,합의,
現象,48,1919-04-15,靈通說,24,unit_1_p1,02,49,both,現象、心理的現象等이니라이러ᄒᆞ,現象,을硏究ᄒᆞ는學問을이론社會上科學,합의,
現象,48,1919-04-15,靈通說,24,unit_1_p1,02,192,both,라그러ᄂᆞ現在及將來의無窮ᄒᆞ絕,現象,에對ᄒᆞ야수日科學의力으로能히此,합의,
現象,48,1919-04-15,靈通說,24,unit_1_p1,02,309,both,히此를解明치ᄒᆞ것임으로써此靈的,現象,을聞ᄒᆞ고全然히無事實或은迷信이,합의,
現象,48,1919-04-15,靈通說,24,unit_1_p1,05,21,both,인고、靈通이라ᄒᆞᆷ은要解ᄒᆞ면,現象,이니換言ᄒᆞ면卽心靈의通一作用이,합의,
現象,48,1919-04-15,靈通說,24,unit_1_p1,05,55,both,니라精神의非常勢力의發現이니라此,現象,은古今東西를勿論ᄒᆞ고累千百歲之,합의,
現象,48,1919-04-15,靈通說,25,unit_2_p2,01,28,claude_only,前生의生死苦樂의因果며靈通의各般,現象,"으로表顯된바를言ᄒᆞᆷ이로다五,",C단독,
現象,48,1919-04-15,靈通說,25,unit_2_p2,03,7,claude_only,仙은本來의自然,現象,을持重ᄒᆞᆫ者라故로自然되ᄂᆞᆫ,C단독,
現象,48,1919-04-15,靈通說,25,unit_2_p2,03,82,claude_only,命中에셔永世無窮의變化以外의精神,現象,은心理로認定치아니ᄒᆞ야何等의自,C단독,
現象,48,1919-04-15,靈通說,25,unit_2_p2,06,16,claude_only,다ᄒᆞ니라其他落般意想以外의非常,現象,을一々히枚擧키不遑ᄒᆞ나總言ᄒᆞ,C단독,
現象,48,1919-04-15,靈通說,25,unit_2_p2,06,40,claude_only,키不遑ᄒᆞ나總言ᄒᆞ면靈通의各般,現象,으로表顯된바를言ᄒᆞᆷ이로다今一,C단독,
現象,48,1919-04-15,靈通說,25,unit_2_p2,07,14,claude_only,"三,辨說人性의本來精神의非常",現象,을見ᄒᆞ고一人二人乃至學者ㅣ지此,C단독,
現象,48,1919-04-15,靈通說,25,unit_2_p2,07,75,claude_only,此를說明키不能ᄒᆞᆫ故라由來精神,現象,을研究ᄒᆞᆷ에ᄂᆞᆫ吾人이平生云,C단독,
現象,48,1919-04-15,靈通說,25,unit_2_p2,08,76,claude_only,ᆞᆫ故이며從ᄒᆞ야實驗以外의精神,現象,은心理로認定치아니ᄒᆞᆫ故이라是,C단독,
現象,48,1919-04-15,靈通說,25,unit_2_p2,08,108,claude_only,라是ᄂᆞᆫ其理가靈通力即精神非常,現象,은心理에對ᄒᆞ야何等의能理致라[,C단독,
現象,48,1919-04-15,靈通說,26,unit_3_p3,,345,gemini_only,樣으로現在吾人에發現ᄒᆞ는人格의,現象,도亦人間本性에關ᄒᆞᆫ總現象이아,G단독,
現象,48,1919-04-15,靈通說,26,unit_3_p3,,359,gemini_only,格의現象도亦人間本性에關ᄒᆞᆫ總,現象,이아님은明白ᄒᆞ니即普通人人의外,G단독,
現象,48,1919-04-15,靈通說,26,unit_3_p3,04,14,both,異ᄒᆞᆫ事ᄂᆞᆫ何지ᄃᆞᆫ容,現象,解得ᄒᆞᆯ事이며從ᄒᆞ야感覺도,합의,
現象,50,1919-06-15,眞實된 信仰生活,3,unit_3_p3,01,303,both,ᆞ면卽此驚嘆ᄒᆞᆯ만ᄒᆞ無量數의,現象,이永遠의法則에從ᄒᆞ야動ᄒᆞᄂᆞ,합의,
現象,54,1919-11-15,十月二十八日大祈禱,3,unit_2_p2,14,4,claude_only,려今日의,現象,을改造키不能ᄒᆞ리라云ᄒᆞᆫ一語,C단독,
現象,83,1920-03-15,現代思潮와 事人如天主義,,unit_5_p5,,507,gemini_only,氓은勞々ᄒᆞ여도飢餓ᄒᆞ야死케된,現象,은이實로過去社會의한罪惡이엿도다,G단독,
現象,58,1920-04-15,庚申四月五日,4,unit_2_p2,03,10,both,今日에안저널니世界의,現象,을돌아보건대원社會모든人類아직도,합의,
現象,59,1920-05-15,哲人主義의 將來와 新宗敎의 價値,11,unit_4_p4,01,139,both,ㅡ업스나然이나其가驟然히進步하는,現象,이無혼所以는抑何故일가是皆自己의,합의,
現象,60,1920-06-15,自己解放과 人乃天主義,3,unit_3_p3,,384,gemini_only,大恐怖를感觸케하는바여러가지社會,現象,이잇도다이른바「데모크라시」이른,G단독,
現象,60,1920-06-15,自己解放과 人乃天主義,3,unit_3_p3,,474,gemini_only,完全한建設이보히지안이하며光明한,現象,이나타나지안이하도다그러나吾人이,G단독,
現象,60,1920-06-15,自己解放과 人乃天主義,4,unit_4_p4,,227,gemini_only,가잇서야하는것이오로써라今日世界,現象,은아즉新時代의過渡初期라할것이오,G단독,
現象,60,1920-06-15,自己解放과 人乃天主義,4,unit_4_p4,,398,gemini_only,며改造의第一步에섯는이辛酸한破壞,現象,으로부터華麗壯嚴한事에本末이잇고,G단독,
現象,61,1920-07-15,自己解放과 人乃天主義(續),4,unit_4_p4,02,35,both,야는自然人即身體와其에附屬한諸般,現象,은外人에屬함이오精神的人格即心法,합의,
現象,61,1920-07-15,自己解放과 人乃天主義(續),4,unit_4_p4,02,61,both,精神的人格即心法과其에附屬한諸般,現象,은內人에屬함이라故로古人이일♀스,합의,
現象,65,1920-11-15,拘束의 宗敎로부터 自由의 宗敎,1,unit_1_p1,02,236,both,始케하얏나니그들은水火木石의自然,現象,을보고玆에恐怖의心이起케되야其를,합의,
現象,65,1920-11-15,拘束의 宗敎로부터 自由의 宗敎,4,unit_4_p4,03,186,both,ᄂᆞᆫ者를意識케되엿ᄂᆞ니卽自然,現象,은一種의神의住處又ᄂᆞᆫ形象等에,합의,
現象,84,1920-12-15,年齡論,,unit_3_p3,01,4,both,快ᄒᆞᆫ,現象,을直覺ᄒᆞ나老壯은主觀的我欲의念,합의,
現象,84,1920-12-15,年齡論,,unit_5_p5,03,133,both,ᄂᆞᆫ過去幾十年間에在ᄒᆞᆫ生活,現象,中에서記憶에殘留ᄒᆞᆫ者ᄂᆞᆫ回,합의,
現象,85,1921-04-15,사람性의 無窮을 論하노라,,unit_2_p2,09,25,both,ᆫ太古人民은宇宙의創造로ᄡᅥ自然,現象,又ᄂᆞᆫ力의發現이라見做치안이ᄒ,합의,
現象,85,1921-04-15,사람性의 無窮을 論하노라,,unit_4_p4,11,34,claude_only,滅變化四時의循環等一모든自然界의,現象,은도모지大宇宙의進化의總體普遍,C단독,
現象,86,1921-11-15,"우리時代의 創造事業, 目下의 急先務를 提案함",,unit_2_p2,03,42,both,무엇에잇나ᄒᆞ면只今我東洋의모든,現象,이이러ᄒᆞ게되엿고더[?]ᄒᆞ야,합의,
現象,86,1921-11-15,"우리時代의 創造事業, 目下의 急先務를 提案함",,unit_2_p2,03,69,claude_only,더[?]ᄒᆞ야今[?]世界의모든,現象,이이러ᄒᆞ게되는,C단독,
現象,86,1921-11-15,"우리時代의 創造事業, 目下의 急先務를 提案함",,unit_2_p2,04,31,claude_only,ᄯᅩ한이러한觀察로ᄡᅥ우리朝鮮의,現象,을對할뿐만안이라ᄯᅩ갓가이는우리,C단독,
現象,86,1921-11-15,"우리時代의 創造事業, 目下의 急先務를 提案함",,unit_2_p2,04,51,claude_only,할뿐만안이라ᄯᅩ갓가이는우리敎의,現象,도ᄯᅩ한이러한觀察의力으로ᄡᅥ늘,C단독,
現象,70,1921-12-15,中國 北京의 傳敎室 問題를 둣고 吾敎의 對外 發展을 賀함,14,unit_3_p3,02,9,claude_only,二、吾敎對外發展의,現象,과北京消息大神師ㅣ布德天下의意義,C단독,
現象,70,1921-12-15,中國 北京의 傳敎室 問題를 둣고 吾敎의 對外 發展을 賀함,15,unit_4_p4,01,63,both,이傳來하게되는것은그얼마나可喜할,現象,이아니다月前北京으로부터吾敎中志,합의,
現象,75,1922-05-15,宗教의 六大 要素,11,unit_4_p2l,13,18,claude_only,ᄒᆞ리오故로此로比ᄒᆞ야超現人(,現象,意識의,C단독,
生命,11,1912-02-15,死後問題,21,unit_2_p1l,,109,gemini_only,ᄒᆞᆷ은吾의範圍內에職分이어니와,生命,을保維ᄒᆞ야我가保全ᄒᆞᆷ.設或,G단독,
生命,11,1912-02-15,死後問題,21,unit_2_p1l,01,7,both,吾也라然則吾의,生命,은吾敎가아니리오夫,합의,
生命,11,1912-02-15,死後問題,21,unit_2_p1l,02,17,both,人의最重最要ᄒᆞᆫ者ᄂᆞᆫ吾人의,生命,이生,합의,
生命,11,1912-02-15,死後問題,21,unit_2_p1l,04,7,both,人의壽命位祿은,生命,이存在ᄒᆞᆫ以後問題ㄴ,합의,
生命,11,1912-02-15,死後問題,21,unit_2_p1l,06,8,both,內에職分이어니와,生命,을保維ᄒᆞ야我가保,합의,
生命,11,1912-02-15,死後問題,22,unit_3_p2u,02,4,claude_only,ᄒᆞᆷ은,生命,이有ᄒᆞ以上은不可避의原理라生,C단독,
生命,11,1912-02-15,死後問題,23,unit_6_p3l,,318,gemini_only,ᆞ야其生命을維持ᄒᆞᆷ인則植物의,生命,은植物自體에不在ᄒᆞ고炭酸水分에,G단독,
生命,11,1912-02-15,死後問題,23,unit_6_p3l,15,7,both,을吸收ᄒᆞ야其,生命,을維持ᄒᆞᆷ인則植物의生,합의,
生命,11,1912-02-15,死後問題,24,unit_7_p4u,,77,gemini_only,ᄒᆞ야化成ᄒᆞ는者인則植物의最終,生命,은天이로다此理는植物뿐不在ᄒᆞ고,G단독,
生命,11,1912-02-15,死後問題,24,unit_7_p4u,02,12,both,環ᄒᆞᄂᆞᆫ者인則植物의,生命,은炭酸水分에도,합의,
生命,12,1912-03-15,我觀人生,35,unit_7_p4u,02,159,both,本的心으로ᄒᆞ天에返ᄒᆞ야眞理로,生命,을作ᄒᆞ며眞理로活을作ᄒᆞ면天下,합의,
生命,13,1912-04-15,宇宙說,12,unit_8_p4l,,230,gemini_only,아靈慾界正義地에立흐야百年身萬年,生命,可乎아人無不欲生이오生無,G단독,
生命,16,1912-07-15,東經大全要旨講解(續),8,unit_4_p2l,08,13,both,ᄒᆞ얀靈覺生이되ᄂᆞ니故로,生命,이有ᄒᆞᆫ以,합의,
生命,23,1914-01-15,個性中心說,16,unit_4_p2l,01,7,both,悟宇던我何이一,生命,이라知性이던지本能이故로一生命임,합의,
生命,23,1914-01-15,個性中心說,16,unit_4_p2l,01,22,both,一生命이라知性이던지本能이故로一,生命,임을知ᄒᆞ는고其는道具니何宇宙는,합의,
生命,30,1915-05-15,最高消遣法,26,,,425,verified,現實ᄒᆞᆫ바ᄂᆞᆫ赤裸裸ᄒᆞᆫ一,生命,的肉塊가母胎中에出ᄒᆞᆷ을見ᄒᆞ,정본,Y 정본
生命,30,1915-05-15,最高消遣法,27,,,1037,verified,"死ᄒᆞᆯ而已라ᄒᆞ니,果然吾人의",生命,은短ᄒᆞ니라.然ᄒᆞ나短ᄒᆞᆫ生,정본,Y 정본
生命,30,1915-05-15,最高消遣法,27,,,1054,verified,命은短ᄒᆞ니라.然ᄒᆞ나短ᄒᆞᆫ,生命,됨을不拘ᄒᆞ고同一의事를繰返ᄒᆞ,정본,Y 정본
生命,30,1915-05-15,最高消遣法,27,,,1114,verified,은總是同一ᄒᆞᆫ事를繰返ᄒᆞ면셔,生命,이最終一日를得ᄒᆞᆯᄲᅮᆫ.嗟홉,정본,Y 정본
生命,37,1917-12-15,吾敎의 大宗,6,,,1921,verified,의資格이有ᄒᆞ면現代人生에宗敎的,生命,을爲ᄒᆞ야多幸이라ᄒᆞ노라.天道,정본,Y 정본
生命,41,1918-05-15,兩道師巡回와 關北敎友,8,unit_1_p1u,03,85,both,下에서宗敎의事業을爲ᄒᆞ야精神的,生命,을吾人의게與코져ᄒᆞᆷ이로다,합의,
生命,42,1918-07-15,大神師性靈出世說(其一),11,unit_4_p2l,09,23,both,又天運이昭々ᄒᆞ니我ㅣ엇지一線의,生命,을惜ᄒᆞ야冥々의神命을違ᄒᆞ리오,합의,
生命,42,1918-07-15,大神師性靈出世說(其一),12,unit_6_p3l,11,4,both,說은肉的,生命,을希望ᄒᆞ인가抑靈的活動을意味ᄒ,합의,
生命,80,1918-09-15,大神師性靈出世說(其三),,unit_1_p1,01,84,both,天的約束을遠越ᄒᆞ야肉體로써永久,生命,을持ᄒᆞ랴故로古代의宗敎ᄂᆞᆫ其,합의,
生命,80,1918-09-15,大神師性靈出世說(其三),,unit_1_p1,02,105,both,ᆞᆫ則恐怖心의基因은何이뇨是勿論,生命,이라ᄒᆞᄂᆞᆫ生命肉合致的活動이,합의,
生命,80,1918-09-15,大神師性靈出世說(其三),,unit_1_p1,02,114,both,은何이뇨是勿論生命이라ᄒᆞᄂᆞᆫ,生命,肉合致的活動이有ᄒᆞᆫ所以라ᄒᆞ,합의,
生命,80,1918-09-15,大神師性靈出世說(其三),,unit_1_p1,02,145,both,라ᄒᆞ지라故로恐怖心은慘言ᄒᆞ면,生命,의愛着心이라ᄒᆞ야도可ᄒᆞ도다卽,합의,
生命,80,1918-09-15,大神師性靈出世說(其三),,unit_1_p1,02,167,both,이라ᄒᆞ야도可ᄒᆞ도다卽可及的此,生命,을持續ᄒᆞ야肉體的幸福을太陽光線,합의,
生命,80,1918-09-15,大神師性靈出世說(其三),,unit_1_p1,03,34,both,過去의歷史의經驗에依ᄒᆞ야自己의,生命,을何時ᄭᆞ지든,합의,
生命,80,1918-09-15,大神師性靈出世說(其三),,unit_1_p1,04,22,both,稀」란峻嶺을越키難ᄒᆞ야此峻嶺을,生命,活動의最高範圍로預想ᄒᆞ엿도다生,합의,
生命,80,1918-09-15,大神師性靈出世說(其三),,unit_1_p1,04,64,both,能히此先天的約束을遠越ᄒᆞ야永久,生命,을持ᄒᆞᆫ者ㅣ도無ᄒᆞ고何時든지,합의,
生命,80,1918-09-15,大神師性靈出世說(其三),,unit_1_p1,05,183,claude_only,ᆞ라此ᄒᆞ다人鄭에至ᄒᆞ야爾等의,生命,永久持續方法을講求ᄒᆞ엿노라此,C단독,
生命,82,1918-11-15,大神師性靈出世說(其五),,unit_3_p3,03,39,both,續ᄒᆞ야永久라云ᄒᆞ는絕對下에서,生命,을運脈키不能ᄒᆞ以上은吾人의一生,합의,
生命,47,1919-03-15,我觀東經,17,unit_4_p4,04,146,claude_only,有機的細胞가始作되얏슬지로다旣히,生命,의原素되ᄂᆞᆫ有機的細胞가生成된,C단독,
生命,51,1919-07-15,愛의 開放,9,unit_4_p4,04,40,claude_only,生ᄒᆞ면셔붓父母의愛를受ᄒᆞ야此,生命,을保存케되엇스며進ᄒᆞ야家族의愛,C단독,
生命,52,1919-09-15,自覺ᄒᆞ야써 其根에 歸ᄒᆞ라,5,unit_5_p5,03,128,both,活은비록間斷업시變化ᄒᆞ며吾人의,生命,은비록短ᄒᆞᆯ지라도此一或物은鬼,합의,
生命,53,1919-10-15,今日以後의 宗敎,3,unit_2_p2,05,31,claude_only,曰平和라든지曰自己實現이라든지曰,生命,開發이라든지云ᄒᆞ는吾人의共通히,C단독,
生命,53,1919-10-15,今日以後의 宗敎,4,unit_3_p3,02,46,claude_only,ᄒᆞ나然이나其究極의目的은個個의,生命,의圓滿ᄒᆞᆷ을具形일ᄉᆞ이라다換,C단독,
生命,53,1919-10-15,今日以後의 宗敎,5,unit_4_p4,02,3,claude_only,禍로써,生命,을奪ᄒᆞᆫ後一冥冥의中에서神秘的,C단독,
生命,53,1919-10-15,今日以後의 宗敎,6,unit_5_p5,30,5,claude_only,自己啓發이,生命,開發이라ᄒᆞ면人乃天主義ᄂᆞᆫ自,C단독,
生命,53,1919-10-15,今日以後의 宗敎,6,unit_5_p5,31,11,claude_only,煉ᄒᆞ야永久無亘의靈的,生命,의下에서不滅의永生을得,C단독,
生命,56,1920-01-15,天道敎六十一歲花甲庚申을 迎喜,12,unit_6_p6,,555,gemini_only,로말ᄒᆞ면少者든지老者든지何時에,生命,이盡ᄒᆞᆯ는지計치못ᄒᆞᆯ줄을慮,G단독,
生命,57,1920-02-15,天道敎靑年臨時敎理講習會에 就하야,4,unit_4_p4,,679,gemini_only,四는敎理의實行方法이니이는吾敎의,生命,問題라ᄒᆞ겟스며第五는時局問題의,G단독,
生命,58,1920-04-15,庚申四月五日,8,unit_6_p6,05,27,both,ᆫ天性이니卽人이自己의有限ᄒᆞᆫ,生命,能力以上에偉大ᄒᆞᆫ勢力의顯動ᄒ,합의,
生命,60,1920-06-15,自己解放과 人乃天主義,2,unit_2_p2,,154,gemini_only,萬有의史證됨과同時에人世億兆光의,生命,이되는것이로다萬若人類로하야곰知,G단독,
生命,60,1920-06-15,自己解放과 人乃天主義,2,unit_2_p2,,1111,gemini_only,打開할것이다運命을打開한다함은新,生命,을創造하는것이다新生命을創造한다,G단독,
生命,60,1920-06-15,自己解放과 人乃天主義,2,unit_2_p2,,1122,gemini_only,한다함은新生命을創造하는것이다新,生命,을創造한다함은新生活을營爲하는것,G단독,
生命,60,1920-06-15,自己解放과 人乃天主義,2,unit_2_p2,,1203,gemini_only,人은新文化를建設하야朝鮮民族의新,生命,을創造하며新運命을打開할것이다然,G단독,
生命,60,1920-06-15,自己解放과 人乃天主義,2,unit_2_p2,,1413,gemini_only,化라할것이다假文化는到底히民族의,生命,이되지못할것이다故로吾人은朝鮮民,G단독,
生命,60,1920-06-15,自己解放과 人乃天主義,2,unit_2_p2,,1701,gemini_only,人乃天思想을發揮하야朝鮮民族의新,生命,을創造하며新運命을打開할것이다(,G단독,
生命,64,1920-10-15,布德天下는 活誠에 在하니라,7,unit_1_p1,01,135,both,傳에努力할것이며天道敎로써自己의,生命,과換할것이외다,합의,
生命,85,1921-04-15,사람性의 無窮을 論하노라,,unit_3_p3,04,102,claude_only,在ᄒᆞᆫ物體ᄂᆞᆫ徐徐히進化의新,生命,에向ᄒᆞ면셔無限의時間에存在ᄒᆞ,C단독,
生命,85,1921-04-15,사람性의 無窮을 論하노라,,unit_5_p5,03,0,both,,生命,이니吾人은此宇宙의大生命의一部를,합의,
生命,85,1921-04-15,사람性의 無窮을 論하노라,,unit_5_p5,03,12,both,生命이니吾人은此宇宙의大,生命,의一部를得하야써生命의生命된所以,합의,
生命,85,1921-04-15,사람性의 無窮을 論하노라,,unit_5_p5,03,22,both,은此宇宙의大生命의一部를得하야써,生命,의生命된所以가되엿도다그럼으로吾,합의,
生命,85,1921-04-15,사람性의 無窮을 論하노라,,unit_5_p5,03,25,both,宙의大生命의一部를得하야써生命의,生命,된所以가되엿도다그럼으로吾人은肉,합의,
生命,85,1921-04-15,사람性의 無窮을 論하노라,,unit_5_p5,04,6,both,히吾人의肉的,生命,은비록茲에盡한다할지라도此宇宙의,합의,
生命,85,1921-04-15,사람性의 無窮을 論하노라,,unit_5_p5,04,25,both,비록茲에盡한다할지라도此宇宙의大,生命,即靈的生命은永刼을通하야不滅하나,합의,
生命,85,1921-04-15,사람性의 無窮을 論하노라,,unit_5_p5,04,30,both,한다할지라도此宇宙의大生命即靈的,生命,은永刼을通하야不滅하나니即吾人의,합의,
生命,85,1921-04-15,사람性의 無窮을 論하노라,,unit_5_p5,05,2,both,軆的,生命,은未來의子孫을通하야永久生命을存,합의,
生命,85,1921-04-15,사람性의 無窮을 論하노라,,unit_5_p5,05,16,both,軆的生命은未來의子孫을通하야永久,生命,을存한者라할지라要컨댄吾人의生死,합의,
生命,85,1921-04-15,사람性의 無窮을 論하노라,,unit_5_p5,07,17,both,生滅變化가有하나吾人人類의全軆的,生命,으로는本來不生不滅인것이라吾人이,합의,
生命,72,1922-02-15,進化의 側面으로 본 人乃天,9,unit_2_p2,03,190,claude_only,難問에屬한것이라하엿다다시말하면,生命,의創造가어대로부터始作되엿는가難,C단독,
生命,72,1922-02-15,進化의 側面으로 본 人乃天,9,unit_2_p2,03,218,claude_only,作되엿는가難問이라하는말이다이미,生命,의創造는順序잇게階梯잇게그端緖가,C단독,
生命,72,1922-02-15,進化의 側面으로 본 人乃天,9,unit_2_p2,04,22,claude_only,造의順序가잇는以上은그모도生物의,生命,의原始라갈일이되되엿스나그러나그,C단독,
生命,72,1922-02-15,進化의 側面으로 본 人乃天,9,unit_2_p2,04,137,claude_only,나니그리고보면그火의球의中에當初,生命,가진生物이업섯을것은勿論의事가안,C단독,
生命,72,1922-02-15,進化의 側面으로 본 人乃天,9,unit_2_p2,04,163,claude_only,것은勿論의事가안이리오그러타하면,生命,의創造는더욱疑心날일이안이리오이,C단독,
生命,72,1922-02-15,進化의 側面으로 본 人乃天,9,unit_2_p2,04,192,claude_only,안이리오이에셔進化學者는斷言하되,生命,의原素는本來宇宙에잇다함에至하엿,C단독,
生命,72,1922-02-15,進化의 側面으로 본 人乃天,9,unit_2_p2,04,222,claude_only,에至하엿나니即宇宙大라는이것이큰,生命,될만한原質이잇는ᄭᆞᆰ에이宇宙,C단독,
生命,72,1922-02-15,進化의 側面으로 본 人乃天,10,unit_3_p3,01,0,both,,生命,의展開가곳今日萬有의生命이되엿으,합의,
生命,72,1922-02-15,進化의 側面으로 본 人乃天,10,unit_3_p3,01,12,both,生命의展開가곳今日萬有의,生命,이되엿으며最終高尙한人類의生命씨,합의,
生命,72,1922-02-15,進化의 側面으로 본 人乃天,10,unit_3_p3,01,27,both,의生命이되엿으며最終高尙한人類의,生命,씨지도됨에이르럿다하는것이다,합의,
生命,72,1922-02-15,進化의 側面으로 본 人乃天,11,unit_4_p4,02,204,both,高로發達한者됨에不拘하고一方에는,生命,을奪코저하는矛盾이잇게되는것이다,합의,
生命,75,1922-05-15,宗教의 六大 要素,10,unit_2_p1l,02,17,both,의信仰은此三種의希望에係하야써그,生命,을維持하는것이라할진대[sect,합의,
科學,12,1912-03-15,我觀人生,34,unit_6_p3l,15,11,both,으로所謂知識派(卽今日,科學,哲學等)ᄂᆞᆫ排,합의,
科學,14,1912-05-15,自修喻人의 解,26,unit_3_p2u,07,13,claude_only,今世界는長雄時代-라ᄒᆞ며,科學,時代라ᄒᆞ,C단독,
科學,15,1912-06-15,東經大全要旨講解,9,unit_1_p1u,04,15,both,의意匠됨은疑問中大疑問이오現代,科學,,합의,
科學,15,1912-06-15,東經大全要旨講解,11,unit_6_p3l,05,7,both,始ᄒᆞ나니今에,科學,的으로動物의一種卵,합의,
科學,15,1912-06-15,東經大全要旨講解,11,unit_6_p3l,13,6,both,此에對ᄒᆞ면,科學,者라도亦是手工으로不,합의,
科學,77,1912-10-15,靈通力이 事實됨을 解明言,,unit_2_p2,04,6,both,日總稱社會上,科學,이라ᄒᆞᄂᆞ니是等科學은,합의,
科學,77,1912-10-15,靈通力이 事實됨을 解明言,,unit_2_p2,04,17,both,總稱社會上科學이라ᄒᆞᄂᆞ니是等,科學,은,합의,
科學,77,1912-10-15,靈通力이 事實됨을 解明言,,unit_2_p2,07,3,both,幸福은,科學,을離ᄒᆞ야一日이라도存在치못,합의,
科學,77,1912-10-15,靈通力이 事實됨을 解明言,,unit_2_p2,09,5,both,ᄒᆞ는者는,科學,의惠澤을蒙치아니ᄒᆞ엿다謂치,합의,
科學,77,1912-10-15,靈通力이 事實됨을 解明言,,unit_2_p2,11,11,both,宙總現象에對ᄒᆞ야今日,科學,의力으로能히,합의,
科學,77,1912-10-15,靈通力이 事實됨을 解明言,,unit_2_p2,15,2,both,理는,科學,上限界를超越ᄒᆞ야科學力으로能,합의,
科學,77,1912-10-15,靈通力이 事實됨을 解明言,,unit_2_p2,15,13,both,理는科學上限界를超越ᄒᆞ야,科學,力으로能,합의,
科學,77,1912-10-15,靈通力이 事實됨을 解明言,,unit_2_p2,20,0,both,,科學,上確明ᄒᆞᆫ事實에據ᄒᆞ야此를略,합의,
科學,77,1912-10-15,靈通力이 事實됨을 解明言,,unit_5_p5,01,3,both,者等은,科學,의一方面에自縛自囚ᄒᆞ야一步를其,합의,
科學,77,1912-10-15,靈通力이 事實됨을 解明言,,unit_5_p5,03,138,both,를解明키爲ᄒᆞ야原始時代의有ᄒᆞ,科學,上,합의,
科學,20,1913-02-15,光의 說,36,unit_6_p3l,01,13,both,로遂히電燈의發明에至ᄒᆞ니,科學,者는電燈,합의,
科學,30,1915-05-15,最高消遣法,25,,,296,verified,ᆞᆯ者-無ᄒᆞ리라.勿論宗敎哲學,科學,等諸般의敎訓中에ᄂᆞᆫ生死問題를,정본,Y 정본
科學,32,1915-08-15,人生은 神에 出ᄒᆞ야 神에 歸言故로 人生의 目的은 道를 覺홈에 在함,17,,,2972,verified,"ᆞᆯᄲᅮᆫ,政治法律文學實業等諸",科學,은人이神의目的을達ᄒᆞᄂᆞᆫ間에,정본,Y 정본
科學,36,1917-11-15,是我修養,12,,,870,verified,神我를果케ᄒᆞᄂᆞᆫ力이有ᄒᆞ니,科學,者ᄂᆞᆫ物質의性을解剖ᄒᆞ야顯微,정본,Y 정본
科學,37,1917-12-15,吾敎의 大宗,6,,,2082,verified,ᄒᆞ야哲學을包容ᄒᆞ며又進ᄒᆞ야,科學,ᄭᅡ지包容ᄒᆞᆫ眞理가아니면不可,정본,Y 정본
科學,37,1917-12-15,吾敎의 大宗,7,,,2710,verified,是理를從ᄒᆞ야各般의哲學과各般의,科學,을解剖ᄒᆞ면如何ᄒᆞᆫ疑案이라도,정본,Y 정본
科學,46,1919-02-15,將來의 宗敎,3,unit_3_p3,07,38,both,에實로風雲이ᄒᆞ엿더니라宗敎哲學,科學,도其然ᄒᆞ고實業도,합의,
科學,46,1919-02-15,將來의 宗敎,4,unit_4_p4,05,0,claude_only,,科學,極端의反動으로宗敎勿與의新閣光이,C단독,
科學,47,1919-03-15,我觀東經,14,unit_1_p1,02,349,claude_only,見을抱ᄒᆞ엿다自處ᄒᆞᄂᆞᆫ近代,科學,,C단독,
科學,47,1919-03-15,我觀東經,15,unit_2_p2,06,36,claude_only,ᆞ大勢力이라ᄒᆞ며他意味에ᄂᆞᆫ,科學,上一이를萬有引力이라ᄒᆞ며을謂ᄒ,C단독,
科學,47,1919-03-15,我觀東經,15,unit_2_p2,06,58,claude_only,萬有引力이라ᄒᆞ며을謂ᄒᆞᆷ이라,科學,上一이를萬有引力이라ᄒᆞ며에서又,C단독,
科學,48,1919-04-15,靈通說,24,unit_1_p1,02,65,both,現象을硏究ᄒᆞ는學問을이론社會上,科學,이라ᄒᆞᄂᆞ니是等科學은前世紀로,합의,
科學,48,1919-04-15,靈通說,24,unit_1_p1,02,76,both,이론社會上科學이라ᄒᆞᄂᆞ니是等,科學,은前世紀로브터現世紀에至ᄒᆞ는長,합의,
科學,48,1919-04-15,靈通說,24,unit_1_p1,02,115,both,ᆞ야發達又發達ᄒᆞ야人類의幸福은,科學,을離ᄒᆞ야一日이라도存在치못ᄒᆞ,합의,
科學,48,1919-04-15,靈通說,24,unit_1_p1,02,160,both,現世界의空氣를呼吸ᄒᆞ者는뉘든지,科學,의惠澤을蒙치아니ᄒᆞ者업스리라그,합의,
科學,48,1919-04-15,靈通說,24,unit_1_p1,02,201,both,來의無窮ᄒᆞ絕現象에對ᄒᆞ야수日,科學,의力으로能히此ᄅᆞ遺憾업시解明ᄒ,합의,
科學,48,1919-04-15,靈通說,24,unit_1_p1,02,275,both,者는吾人의修煉上難問이라其理ᄂᆞ,科學,의範圍를超越ᄒᆞ야科學의力으로能,합의,
科學,48,1919-04-15,靈通說,24,unit_1_p1,02,286,both,라其理ᄂᆞ科學의範圍를超越ᄒᆞ야,科學,의力으로能히此를解明치ᄒᆞ것임으,합의,
科學,48,1919-04-15,靈通說,24,unit_1_p1,03,3,both,고寧히,科學,上確明ᄒᆞ事實에依ᄒᆞ야此를累說,합의,
科學,48,1919-04-15,靈通說,26,unit_3_p3,,459,gemini_only,鮮明키爲ᄒᆞ야原始時代의在ᄒᆞᆫ,科學,上人格을暫述하건대四、原始時代의,G단독,
科學,48,1919-04-15,靈通說,26,unit_3_p3,09,6,both,祖先도其原始,科學,에在ᄒᆞ야ᄂᆞᆫ亦是徵細ᄒᆞᆫ一,합의,
科學,50,1919-06-15,眞實된 信仰生活,2,unit_2_p2,03,147,both,도다又幾多의宗敎幾多의哲學ᄂᆞᆫ,科學,이臆斷激說을弄ᄒᆞ야文으로詩로歌,합의,
科學,55,1919-12-15,改造와 宗敎,5,unit_2_p2,05,64,claude_only,ᄒᆞ야哀라ᄒᆞᆯ것이름이니人類가,科學,에依ᄒᆞ야得ᄒᆞᆫ바ᄂᆞᆫ物質發,C단독,
科學,55,1919-12-15,改造와 宗敎,5,unit_2_p2,05,141,claude_only,ᆫ失ᄒᆞᆫ바不無ᄒᆞ니更言ᄒᆞ면,科學,에因ᄒᆞᆫ人生의得失은得ᄒᆞᆫ바,C단독,
科學,55,1919-12-15,改造와 宗敎,5,unit_2_p2,06,54,claude_only,改造를要ᄒᆞ엿ᄂᆞ니라十八世紀의,科學,勃興은實로精神的惠澤을過去二千年,C단독,
科學,55,1919-12-15,改造와 宗敎,5,unit_2_p2,06,164,claude_only,다益々懷疑悲哀의境에落케되엿도다,科學,은大勝利를得ᄒᆞ엿다ᄒᆞᆯ지라도,C단독,
科學,55,1919-12-15,改造와 宗敎,5,unit_2_p2,06,231,claude_only,疑悲哀라ᄒᆞᆷ은卽이름이니人類가,科學,에依ᄒᆞ야得ᄒᆞᆫ바ᄂᆞᆫ物質發,C단독,
科學,55,1919-12-15,改造와 宗敎,6,unit_3_p3,11,12,claude_only,ㅣ其二이며ᄯᅩ平和ᄂᆞᆫ,科學,의力으로成立ᄒᆞᆯ바이오宗,C단독,
科學,55,1919-12-15,改造와 宗敎,6,unit_3_p3,16,73,claude_only,ᄒᆞ게되엿더니라[colB]故로,科學,은改造的意味에셔暫時過渡期의經程,C단독,
科學,55,1919-12-15,改造와 宗敎,6,unit_3_p3,16,116,claude_only,C]을免치못ᄒᆞᆯ지니詳言ᄒᆞ면,科學,은人類의精神的改造를[colD],C단독,
科學,55,1919-12-15,改造와 宗敎,7,unit_4_p4,04,7,claude_only,頭ᄒᆞᆯ가萬一,科學,으로붓터打擊을受ᄒᆞᆯ際眞理가根,C단독,
科學,55,1919-12-15,改造와 宗敎,7,unit_4_p4,08,10,claude_only,ᄒᆞ者ᅵ안인가思컨딕,科學,은理想을審判ᄒᆞ엿거니證明以外,C단독,
科學,55,1919-12-15,改造와 宗敎,7,unit_4_p4,09,1,claude_only,며,科學,은證明이며宗敎ᄂᆞᆫ理想일지라然,C단독,
科學,55,1919-12-15,改造와 宗敎,7,unit_4_p4,10,19,claude_only,가엇지此를彌縫ᄒᆞᆯ슈잇스랴勿論,科學,的事實證,C단독,
科學,55,1919-12-15,改造와 宗敎,7,unit_4_p4,19,2,claude_only,라卽,科學,의最高理想이神其者의絕對觀念으로,C단독,
科學,55,1919-12-15,改造와 宗敎,7,unit_4_p4,30,10,claude_only,第二新宗敎ᄂᆞᆫ必히,科學,을背ᄒᆞᆯ者ᅵ안이오寧히科學의,C단독,
科學,55,1919-12-15,改造와 宗敎,7,unit_4_p4,30,24,claude_only,必히科學을背ᄒᆞᆯ者ᅵ안이오寧히,科學,의,C단독,
科學,55,1919-12-15,改造와 宗敎,8,unit_5_p5,,651,gemini_only,히新宗敎는由來萬敎를包容ᄒᆞ며萬,科學,을調和ᄒᆞ고萬哲學을先驅로ᄒᆞ야,G단독,
科學,55,1919-12-15,改造와 宗敎,8,unit_5_p5,09,27,both,宗敎ᄂᆞᆫ由來萬敎를包容ᄒᆞ며萬,科學,을調和ᄒᆞ며萬哲學을先驅로ᄒᆞ야,합의,
科學,56,1920-01-15,天道敎六十一歲花甲庚申을 迎喜,8,unit_2_p2,15,16,both,고耶蘇는彼의一部를愛라ᄒᆞ니其他,科學,者는此,합의,
科學,56,1920-01-15,天道敎六十一歲花甲庚申을 迎喜,9,unit_3_p3,02,83,both,ᄒᆞ섯ᄂᆞ니다今에此十萬年의說을,科學,上으로부러보면即此地球上에ᄂᆞᆫ,합의,
科學,56,1920-01-15,天道敎六十一歲花甲庚申을 迎喜,9,unit_3_p3,03,40,both,ᆞ니(雜俎欄天道敎五萬年開闢說과,科學,上研究라ᄒᆞᆫ問題를參照ᄒᆞ라),합의,
科學,56,1920-01-15,天道敎六十一歲花甲庚申을 迎喜,9,unit_3_p3,03,67,both,를參照ᄒᆞ라)元來大神師의此說은,科學,上研究로붓터出ᄒᆞᆫ바아니로되此,합의,
科學,56,1920-01-15,天道敎六十一歲花甲庚申을 迎喜,9,unit_3_p3,03,91,both,出ᄒᆞᆫ바아니로되此說이事實的인,科學,과符合됨은實로奇異치아니ᄒᆞᆫ가,합의,
科學,65,1920-11-15,拘束의 宗敎로부터 自由의 宗敎,5,unit_5_p5,09,13,both,것은神의存在와靈魂의歸宿을,科學,或은哲學으로到底히其根據를發見치,합의,
科學,69,1921-07-15,新文化는 무엇에 依하야 建設되랴,5,unit_5_p5,01,187,both,上과下左와右모든宗敎도든哲學모든,科學,等의理想을總合大觀하야그를天道로,합의,
科學,71,1922-01-15,新紀元을 劃한 우리敎의 新面目,15,unit_6_p6,10,17,both,는이가만흔것은참깃거운中現代모든,科學,의,합의,
科學,72,1922-02-15,進化의 側面으로 본 人乃天,8,unit_1_p1,10,29,claude_only,니하나는宗敎的方面이오ᄯᅩ하나난,科學,的及哲學的方面으로보는法이엇다,C단독,
科學,72,1922-02-15,進化의 側面으로 본 人乃天,8,unit_1_p1,14,12,claude_only,不能함은勿論이엇다그러나,科學,的又哲學的方面에잇는人類의發生原,C단독,
科學,72,1922-02-15,進化의 側面으로 본 人乃天,10,unit_3_p3,04,173,both,餘地를가지고잇을것이라이에對하야,科學,者―「멧치니코」는人類進化上不調,합의,
進化,16,1912-07-15,東經大全要旨講解(續),9,unit_6_p3l,04,2,both,類는,進化,的動物이라一定ᄒᆞ目的地에達코져,합의,
進化,77,1912-10-15,靈通力이 事實됨을 解明言,,unit_5_p5,04,101,both,記載ᄒᆞᆫ作用은不有ᄒᆞ엿쓸지로,進化,學上에硏究ᄒᆞ說明에依ᄒᆞ면人類,합의,
進化,77,1912-10-15,靈通力이 事實됨을 解明言,,unit_7_p7,28,7,both,人類ᄂᆞᆫ次第,進化,ᄒᆞ야其形을具ᄒᆞᄂᆞᆫ時代에,합의,
進化,20,1913-02-15,光의 說,36,unit_5_p3u,14,14,both,螢의光人力의所作ᄒᆞᆫ光도亦,進化,의法則,합의,
進化,20,1913-02-15,光의 說,36,unit_5_p3u,15,7,both,으로ᄒᆞ야段段,進化,ᄒᆞᄂᆞ니라燈이不滿足ᄒᆞ,합의,
進化,20,1913-02-15,光의 說,36,unit_5_p3u,16,7,both,에從ᄒᆞ야段段,進化,ᄒᆞᄂᆞ니라燈이不滿足ᄒᆞ,합의,
進化,23,1914-01-15,個性中心說,16,unit_4_p2l,01,116,both,ᆞ니萬物은不斷의創造ᄀᆞ有ᄒᆞ면,進化,ᄂᆞᆫ其中에自在ᄒᆞ니라此個性中,합의,
進化,29,1914-11-15,真理의 根底를 誤解치 勿하라,7,unit_1_p1u,01,0,both,,進化,ᄂᆞᆫ宇宙의大法則이라無始以來의,합의,
進化,29,1914-11-15,真理의 根底를 誤解치 勿하라,7,unit_1_p1u,02,14,both,無窮ᄒᄂᆞᆫ一切變化ᄂᆞᆫ此,進化,를目的ᄒᄂᆞᆫ,합의,
進化,29,1914-11-15,真理의 根底를 誤解치 勿하라,7,unit_2_p1l,02,26,both,窮無窮의大宇宙大法則下에係ᄒᆞᆫ,進化,의一連鎖니라路程의一驛驂이니라故,합의,
進化,29,1914-11-15,真理의 根底를 誤解치 勿하라,7,unit_2_p1l,02,90,both,인데刹那主義는同時에無窮主義니라,進化,主義니라,합의,
進化,29,1914-11-15,真理의 根底를 誤解치 勿하라,8,unit_3_p2u,05,4,both,도其로써,進化,의轉倒라謂치못ᄒᆞᆯ지라勿論,합의,
進化,29,1914-11-15,真理의 根底를 誤解치 勿하라,8,unit_3_p2u,07,9,both,이뭇안이나其ᄂᆞᆫ,進化,의路程에在ᄒᆞᆫ一高低,합의,
進化,29,1914-11-15,真理의 根底를 誤解치 勿하라,8,unit_3_p2u,08,3,both,ᄲᅮᆫ,進化,의潮流中에在ᄒᆞᆫ波山波谷ᄲᅮᆫ,합의,
進化,29,1914-11-15,真理의 根底를 誤解치 勿하라,8,unit_3_p2u,08,21,both,의潮流中에在ᄒᆞᆫ波山波谷ᄲᅮᆫ,進化,其,합의,
進化,29,1914-11-15,真理의 根底를 誤解치 勿하라,8,unit_3_p2u,09,13,both,者의問題ᄂᆞᆫ안이니라故로,進化,를目的ᄒᆞᄂᆞᆫ,합의,
進化,29,1914-11-15,真理의 根底를 誤解치 勿하라,9,unit_5_p3u,02,3,both,何故오,進化,가有ᄒ故니現今討議時代,합의,
進化,29,1914-11-15,真理의 根底를 誤解치 勿하라,9,unit_5_p3u,08,13,both,니古눈古에셔今은今에셔各其,進化,의一,합의,
進化,29,1914-11-15,真理의 根底를 誤解치 勿하라,9,unit_5_p3u,11,7,both,며兼ᄒ야吾人이,進化,의原理를違背치안,합의,
進化,32,1915-08-15,人生은 神에 出ᄒᆞ야 神에 歸言故로 人生의 目的은 道를 覺홈에 在함,14,,,1036,verified,苦痛과戰ᄒᆞᄂᆞᆫ裏에世界ᄂᆞᆫ,進化,ᄒᆞᄂᆞ니進化ᄂᆞᆫ卽人生의威力,정본,Y 정본
進化,32,1915-08-15,人生은 神에 出ᄒᆞ야 神에 歸言故로 人生의 目的은 道를 覺홈에 在함,14,,,1043,verified,ᆞᆫ裏에世界ᄂᆞᆫ進化ᄒᆞᄂᆞ니,進化,ᄂᆞᆫ卽人生의威力이로다.故로一,정본,Y 정본
進化,32,1915-08-15,人生은 神에 出ᄒᆞ야 神에 歸言故로 人生의 目的은 道를 覺홈에 在함,16,,,2025,verified,ᄂᆞᆫ者아닌가.繰返과繰返은勿論,進化,의複習이니라.然ᄒᆞ나其所謂進化,정본,Y 정본
進化,32,1915-08-15,人生은 神에 出ᄒᆞ야 神에 歸言故로 人生의 目的은 道를 覺홈에 在함,16,,,2041,verified,進化의複習이니라.然ᄒᆞ나其所謂,進化,ᄂᆞᆫ勿論長ᄒᆞᆫ歷史를生活上一,정본,Y 정본
進化,32,1915-08-15,人生은 神에 出ᄒᆞ야 神에 歸言故로 人生의 目的은 道를 覺홈에 在함,16,,,2090,verified,이有ᄒᆞᆷ을認ᄒᆞᆯᄲᅮᆫ인ᄃᆡ,進化,의上에셔人類ᄂᆞᆫ四十萬年前에人,정본,Y 정본
進化,32,1915-08-15,人生은 神에 出ᄒᆞ야 神에 歸言故로 人生의 目的은 道를 覺홈에 在함,17,,,2776,verified,냐ᄒᆞ면吾人은强히答ᄒᆞ되人生은,進化,키爲ᄒᆞᆯᄲᅮᆫ이라.何故로人生,정본,Y 정본
進化,32,1915-08-15,人生은 神에 出ᄒᆞ야 神에 歸言故로 人生의 目的은 道를 覺홈에 在함,17,,,2795,verified,爲ᄒᆞᆯᄲᅮᆫ이라.何故로人生은,進化,키爲ᄒᆞᄂᆞ냐ᄒᆞ면人으로神에接,정본,Y 정본
進化,37,1917-12-15,吾敎의 大宗,3,,,225,verified,先祖도畢竟此過程을經ᄒᆞ야今日에,進化,가有ᄒᆞ야슬것이라.此點에셔吾人,정본,Y 정본
進化,37,1917-12-15,吾敎의 大宗,4,,,1189,verified,셔大ᄒᆞᆫ欠點이發生ᄒᆞ얏ᄂᆞ니,進化,ᄒᆞᆫ今日에셔尙히主觀的敎說로써,정본,Y 정본
進化,37,1917-12-15,吾敎의 大宗,5,,,1367,verified,라云치아니ᄒᆞᄂᆞ니是ᄂᆞᆫ世道,進化,"의結果,人心向上의必然으로自生ᄒ",정본,Y 정본
進化,37,1917-12-15,吾敎의 大宗,5,,,1496,verified,가아이오.寧히可尙ᄒᆞᆯ宗敎心의,進化,라謂ᄒᆞᆯ지로다.然이나々々々是,정본,Y 정본
進化,37,1917-12-15,吾敎의 大宗,8,,,3283,verified,疑와笑가無ᄒᆞ리오마ᄂᆞᆫ時代의,進化,ᄂᆞᆫ冥々의裡에天道敎的傾向이有,정본,Y 정본
進化,37,1917-12-15,吾敎의 大宗,8,,,3313,verified,傾向이有ᄒᆞᆷ에奈何오.即時代의,進化,ᄂᆞᆫ個人々々의心理에셔自然ᄒᆞ,정본,Y 정본
進化,37,1917-12-15,吾敎의 大宗,8,,,3366,verified,理와其實行이偶々天道敎的心法으로,進化,ᄒᆞᄂᆞ니太陽이一出ᄒᆞ면萬光이,정본,Y 정본
進化,38,1918-01-15,新年과 人生,6,unit_3_p2u,09,7,both,은此無窮無極의,進化,妙法에依ᄒᆞ야幾百,합의,
進化,38,1918-01-15,新年과 人生,6,unit_3_p2u,10,16,both,億의光陰을經過ᄒᆞ야以心傳心으로,進化,,합의,
進化,38,1918-01-15,新年과 人生,6,unit_3_p2u,11,0,both,,進化,ᄅᆞᆯ加ᄒᆞ者ᅵ是即吾人今日의心,합의,
進化,38,1918-01-15,新年과 人生,6,unit_3_p2u,12,2,both,故로,進化,ᄂᆞᆫ萬有史論이며同時에無極史,합의,
進化,38,1918-01-15,新年과 人生,6,unit_3_p2u,14,0,both,,進化,로生滅은進化의波이며新舊ᄂᆞᆫ進,합의,
進化,38,1918-01-15,新年과 人生,6,unit_3_p2u,14,6,both,進化로生滅은,進化,의波이며新舊ᄂᆞᆫ進化,합의,
進化,38,1918-01-15,新年과 人生,6,unit_3_p2u,14,17,both,化로生滅은進化의波이며新舊ᄂᆞᆫ,進化,,합의,
進化,38,1918-01-15,新年과 人生,6,unit_3_p2u,16,17,both,라ᄒᆞ야眞理ᄅᆞᆯ誤解ᄒᆞᆷ은是,進化,의罪人,합의,
進化,38,1918-01-15,新年과 人生,6,unit_4_p2l,02,5,claude_only,量數祖先의,進化,心法을傳鉢ᄒᆞ야此를未來,C단독,
進化,39,1918-02-15,宗敎의 兩側面,9,unit_1_p1u,07,16,claude_only,相對와絕對의連鎖로、眞理의側面이,進化,되ᄂᆞᆫ,C단독,
進化,39,1918-02-15,宗敎의 兩側面,10,unit_4_p2l,15,0,claude_only,,進化,케其熱腦를靜養치안임이不可ᄒᆞ도,C단독,
進化,79,1918-08-15,大神師性靈出世說(其二),,unit_4_p4,02,161,both,ᄂᆞᆫ日로此를謳歌ᄒᆞ야그時代의,進化,를蔑視ᄒᆞ니然이나太古天國은其勢,합의,
進化,79,1918-08-15,大神師性靈出世說(其二),,unit_4_p4,03,92,both,爲的天國을造成ᄒᆞ엿ᄂᆞ니是實로,進化,의一階段인뎌他信的責任으로自信的,합의,
進化,80,1918-09-15,大神師性靈出世說(其三),,unit_3_p3,23,35,both,能ᄒᆞ者ᄋᆞᆫ相轉相隨ᄒᆞ야發展,進化,,합의,
進化,80,1918-09-15,大神師性靈出世說(其三),,unit_3_p3,24,20,claude_only,니即社會는個性의發達을待ᄒᆞ야亦,進化,ᄒᆞ고個性,C단독,
進化,81,1918-10-15,大神師性靈出世說(其四),,unit_3_p3,02,69,both,援引ᄒᆞᆫ强名辭가안이오大宇宙의,進化,結果ㅣ此等眞思想이必然으로成立된,합의,
進化,82,1918-11-15,大神師性靈出世說(其五),,unit_1_p1,01,106,claude_only,切物은一動物인디動物은一切物의最,進化,ᄒᆞᆫ者이며結局人은動物中最進化,C단독,
進化,82,1918-11-15,大神師性靈出世說(其五),,unit_1_p1,01,122,claude_only,進化ᄒᆞᆫ者이며結局人은動物中最,進化,物인디即一切物의最進化物이니라以,C단독,
進化,82,1918-11-15,大神師性靈出世說(其五),,unit_1_p1,01,133,claude_only,은動物中最進化物인디即一切物의最,進化,物이니라以上定義에由ᄒᆞ야人은神,C단독,
進化,82,1918-11-15,大神師性靈出世說(其五),,unit_1_p1,01,153,claude_only,니라以上定義에由ᄒᆞ야人은神의最,進化,ᄒᆞᆫ者로萬物의靈長이,C단독,
進化,44,1918-12-18,百號紀念에 對ᄒᆞᆫ 余의 感想,13,unit_10_p5l,04,11,both,上ᄒᆞ며어더ᄯᅥ지든지,進化,ᄒᆞ기를望ᄒᆞᄂᆞ니其는余一人의,합의,
進化,44,1918-12-18,百號紀念에 對ᄒᆞᆫ 余의 感想,11,unit_5_p3u,04,10,both,吾人은어ᄃᆡ서지든지,進化,를主張ᄒᆞ는者라故로吾人은天地宇,합의,
進化,44,1918-12-18,百號紀念에 對ᄒᆞᆫ 余의 感想,12,unit_7_p4u,15,10,both,의存在가何이냐誠力과,進化,의過程이是니라活動이,합의,
進化,44,1918-12-18,百號紀念에 對ᄒᆞᆫ 余의 感想,12,unit_7_p4u,17,15,both,誠力이存ᄒᆞ處에眞理가存ᄒᆞ고,進化,가存ᄒᆞ處에眞理가,합의,
進化,44,1918-12-18,百號紀念에 對ᄒᆞᆫ 余의 感想,12,unit_8_p4l,01,11,both,若字宙의側面으로誠力과,進化,를除ᄒᆞ고보아라其는곳乾ᄒᆞ沙漠,합의,
進化,44,1918-12-18,百號紀念에 對ᄒᆞᆫ 余의 感想,12,unit_8_p4l,04,112,both,바니라大神師곳自力的誠力과自力的,進化,를明示ᄒᆞᆫ것이라大神師는其로써,합의,
進化,44,1918-12-18,百號紀念에 對ᄒᆞᆫ 余의 感想,13,unit_9_p5u,03,64,both,報의將來는人乃天的自力的파自力的,進化,를抱ᄒᆞ고어더서지든지自家無의盡,합의,
進化,46,1919-02-15,將來의 宗敎,2,unit_2_p2,,635,gemini_only,的貢獻은如何ᄒᆞ며眞理下에서是가,進化,오?又如何ᄒᆞᆫ方式下에서是가發,G단독,
進化,46,1919-02-15,將來의 宗敎,2,unit_2_p2,02,113,both,를因果에證ᄒᆞ며事實에下에서是가,進化,ᄒᆞ며?又如何ᄒᆞ方式下에서是가,합의,
進化,46,1919-02-15,將來의 宗敎,2,unit_2_p2,04,190,both,云ᄒᆞ섯도다吾人은어ᄃᆞ서지든지,進化,의裡에一部의眞理가包含ᄒᆞ엿슴을,합의,
進化,46,1919-02-15,將來의 宗敎,2,unit_2_p2,04,236,both,玆에萬有의歷史를眼前에置ᄒᆞ고其,進化,의證蹟을遡考ᄒᆞ면治亂盛衰가變復,합의,
進化,46,1919-02-15,將來의 宗敎,3,unit_3_p3,01,4,both,今에萬有,進化,라云ᄒᆞᄂᆞᆫ觀念下에서現代의思,합의,
進化,46,1919-02-15,將來의 宗敎,4,unit_4_p4,01,90,claude_only,礎가될지라故로人文은更히一楷梯를,進化,ᄒᆞ야多數部落的信仰은漸次統一되,C단독,
進化,46,1919-02-15,將來의 宗敎,5,unit_5_p5,01,3,both,時代로,進化,ᄒᆞ며一神時代로更히調和時代에進,합의,
進化,46,1919-02-15,將來의 宗敎,5,unit_5_p5,01,20,both,化ᄒᆞ며一神時代로更히調和時代에,進化,케됨,합의,
進化,47,1919-03-15,我觀東經,16,unit_3_p3,,679,gemini_only,의何者이든지類似物이有ᄒᆞ야特히,進化,連鎖點을表示ᄒᆞ고잇지아니ᄒᆞ냐,G단독,
進化,47,1919-03-15,我觀東經,16,unit_3_p3,,707,gemini_only,지아니ᄒᆞ냐故로萬有의有機的系統,進化,는其領劣優劣의差別은自然組織의關,G단독,
進化,47,1919-03-15,我觀東經,16,unit_3_p3,03,27,both,의順序排置를點檢ᄒᆞ면一定ᄒᆞᆫ,進化,의證跡이瞭然ᄒᆞ도다即萬有ᄂᆞᆫ,합의,
進化,47,1919-03-15,我觀東經,16,unit_3_p3,03,66,both,ᆞᆫ同一의系統下에在ᄒᆞᆫ者로되,進化,의階級에依ᄒᆞ야自然ᄒᆞᆫ差別이,합의,
進化,47,1919-03-15,我觀東經,16,unit_3_p3,04,55,both,든지類似ᄒᆞᆫ種物이有ᄒᆞ야特히,進化,의連鎖點을表示ᄒᆞ엿ᄂᆞ니故로萬,합의,
進化,47,1919-03-15,我觀東經,16,unit_3_p3,05,73,both,ᆞ야他高等動物과人類의差異도全히,進化,의法則上明證이니然ᄒᆞ면萬에不過,합의,
進化,47,1919-03-15,我觀東經,16,unit_3_p3,05,102,both,면萬에不過ᄒᆞ다ᄒᆞᆫ은是ㅣ近世,進化,學上明證이니然ᄒᆞ면萬有를同一系,합의,
進化,47,1919-03-15,我觀東經,17,unit_4_p4,03,124,claude_only,神秘되얏든者이로다「小演」吾人은,進化,學을借ᄒᆞ야此를說去ᄒᆞ면宇宙開,C단독,
進化,47,1919-03-15,我觀東經,17,unit_4_p4,04,177,claude_only,生成된以上은此에從ᄒᆞ야此가漸次,進化,變展ᄒᆞ야畢境吾人類와如ᄒᆞ靈智,C단독,
進化,47,1919-03-15,我觀東經,17,unit_4_p4,04,212,claude_only,動物이되기시지到達ᄒᆞ얏도다勿論,進化,가事實되ᄂᆞᆫ吾人이否認키難ᄒᆞ,C단독,
進化,47,1919-03-15,我觀東經,17,unit_4_p4,04,235,claude_only,ᆞᆫ吾人이否認키難ᄒᆞ바이나旣히,進化,라ᄒᆞᆯ것은畢境無意識的無機的作,C단독,
進化,47,1919-03-15,我觀東經,17,unit_4_p4,04,298,claude_only,汰에依ᄒᆞ法則이有ᄒᆞᆯ지라도其,進化,의過程을表示ᄒᆞ바오其連綿不盡ᄒ,C단독,
進化,48,1919-04-15,靈通說,26,unit_3_p3,06,0,both,,進化,學上의硏究ᄒᆞᆫ說明에依ᄒᆞ면人,합의,
進化,48,1919-04-15,靈通說,27,unit_4_p4,03,424,claude_only,缺하엿다云하엿슨則人類ᄂᆞᆫ次第,進化,하야其形을具ᄒᆞ엿슨則此時代에尙,C단독,
進化,53,1919-10-15,今日以後의 宗敎,3,unit_2_p2,02,124,claude_only,善」이라ᄒᆞᄂᆞᆫ境涯를向ᄒᆞ야,進化,ᄒᆞ엿다ᄒᆞ리라,C단독,
進化,53,1919-10-15,今日以後의 宗敎,5,unit_4_p4,01,30,claude_only,로다元來時代의變遷이라ᄒᆞᆷ은卽,進化,의路程을意味ᄒᆞᆫ것이라一切物이,C단독,
進化,53,1919-10-15,今日以後의 宗敎,5,unit_4_p4,01,48,claude_only,의路程을意味ᄒᆞᆫ것이라一切物이,進化,ᄒᆞ며一切世界가皆進化의路程을意,C단독,
進化,53,1919-10-15,今日以後의 宗敎,5,unit_4_p4,01,59,claude_only,라一切物이進化ᄒᆞ며一切世界가皆,進化,의路程을意味ᄒᆞᆫ것이라皆進化에,C단독,
進化,53,1919-10-15,今日以後의 宗敎,5,unit_4_p4,01,74,claude_only,皆進化의路程을意味ᄒᆞᆫ것이라皆,進化,에進化를加ᄒᆞᄂᆞ니進化ᄂᆞᆫ卽,C단독,
進化,53,1919-10-15,今日以後의 宗敎,5,unit_4_p4,01,77,claude_only,의路程을意味ᄒᆞᆫ것이라皆進化에,進化,를加ᄒᆞᄂᆞ니進化ᄂᆞᆫ卽復活를,C단독,
進化,53,1919-10-15,今日以後의 宗敎,5,unit_4_p4,01,86,claude_only,것이라皆進化에進化를加ᄒᆞᄂᆞ니,進化,ᄂᆞᆫ卽復活를意味ᄒᆞᆫ것이라復,C단독,
進化,53,1919-10-15,今日以後의 宗敎,5,unit_4_p4,02,422,claude_only,更히世界의新精神을帶ᄒᆞ야今日로,進化,의域에達케됨은是一開闢의運에際ᄒ,C단독,
進化,54,1919-11-15,十月二十八日大祈禱,2,unit_1_p1,02,101,both,니萬一宇宙의間에伏能이업다ᄒᆞ면,進化,의路는玆에窒塞되고改造의式은玆에,합의,
進化,55,1919-12-15,改造와 宗敎,4,unit_1_p1,03,64,claude_only,야至ᄒᆞ니然ᄒᆞ면吾人人世의發展,進化,도ᄯᅩᄒᆞᆫ此宇宙의改造的絶對原,C단독,
進化,55,1919-12-15,改造와 宗敎,4,unit_1_p1,05,8,claude_only,吾人우이러ᄒᆞᆫ,進化,의原理를가저故로能히萬物의時代를,C단독,
進化,55,1919-12-15,改造와 宗敎,4,unit_1_p1,05,87,claude_only,作用에依ᄒᆞ야新故로改造ᄂᆞᆫ卽,進化,의連鎖點을맛ᄒᆞᆷ이니或時代의進,C단독,
進化,55,1919-12-15,改造와 宗敎,4,unit_1_p1,05,104,claude_only,化의連鎖點을맛ᄒᆞᆷ이니或時代의,進化,,C단독,
進化,55,1919-12-15,改造와 宗敎,4,unit_1_p1,07,5,claude_only,로改ᄒᆞ며,進化,ᄒᆞ며魚獵時代가뙤어ᄯᅩ進ᄒᆞ야,C단독,
進化,55,1919-12-15,改造와 宗敎,5,unit_2_p2,01,9,claude_only,體工時代가되은實로,進化,의勢力이偉大ᄒᆞᆷ을可證ᄒᆞᆫ者,C단독,
進化,55,1919-12-15,改造와 宗敎,5,unit_2_p2,02,14,claude_only,「夫神師ᅵ의大覺의後ᅵ宇宙의,進化,ᄒᆞᄂᆞᆫ理를無ᅥ에發表되되曰「,C단독,
進化,55,1919-12-15,改造와 宗敎,5,unit_2_p2,03,36,claude_only,터四時盛衰의今日에至ᄒᆞ기ᄭᅡ지,進化,케되은余히宇宙大神의伏能이ᄒᆞᆫ,C단독,
進化,55,1919-12-15,改造와 宗敎,5,unit_2_p2,05,5,claude_only,吾人은此ᅵ,進化,改造의原理를直接精神的卽宗敎的發,C단독,
進化,55,1919-12-15,改造와 宗敎,7,unit_4_p4,27,8,claude_only,으로觀ᄒᆞ면佛의,進化,ᄒᆞᆫ者耶의方面으로觀ᄒᆞ면耶의,C단독,
進化,56,1920-01-15,天道敎六十一歲花甲庚申을 迎喜,8,unit_2_p2,03,28,both,天道인ᄃᆡ試ᄒᆞ야永刹無始以來ㅣ,進化,의跡을,합의,
進化,56,1920-01-15,天道敎六十一歲花甲庚申을 迎喜,11,unit_5_p5,01,17,claude_only,이를要求케된것은우리의精神이一層,進化,홀지오時運이一層開化홀지로다,C단독,
進化,57,1920-02-15,天道敎靑年臨時敎理講習會에 就하야,2,unit_2_p2,03,127,both,斷키難ᄒᆞ나吾人은是ᄂᆞᆫ도亦是,進化,의法則에依ᄒᆞ야優劣勝敗의定理에,합의,
進化,57,1920-02-15,天道敎靑年臨時敎理講習會에 就하야,5,unit_5_p5,01,87,both,練ᄒᆞ點이多ᄒᆞ엿나니아實로時代,進化,에伴ᄒᆞ야可히處ᄒᆞᆯ事인則故로,합의,
進化,57,1920-02-15,天道敎靑年臨時敎理講習會에 就하야,5,unit_5_p5,03,161,both,된一怪現狀이엇더니라然ᄒᆞ디時代,進化,는世界的으로宗敎의勃興을催케되는,합의,
進化,83,1920-03-15,現代思潮와 事人如天主義,,unit_3_p3,15,20,claude_only,魔手를伸ᄒᆞ엿다然이나世界는恒常,進化,ᄒᆞ는것이다此와如한野蠻的風習의,C단독,
進化,58,1920-04-15,庚申四月五日,3,unit_1_p1,04,215,claude_only,遷이며人事의無常이니變遷이是ㅣ-,進化,안임이안이로되知ㅣ-,C단독,
進化,58,1920-04-15,庚申四月五日,6,unit_4_p4,,635,gemini_only,永劫最初最後의目的을達키爲ᄒᆞ야,進化,又進化ᄒᆞ리니進化는곳改造인덴改,G단독,
進化,58,1920-04-15,庚申四月五日,6,unit_4_p4,,638,gemini_only,初最後의目的을達키爲ᄒᆞ야進化又,進化,ᄒᆞ리니進化는곳改造인덴改造는곳,G단독,
進化,58,1920-04-15,庚申四月五日,6,unit_4_p4,,644,gemini_only,을達키爲ᄒᆞ야進化又進化ᄒᆞ리니,進化,는곳改造인덴改造는곳變換이라故로,G단독,
進化,58,1920-04-15,庚申四月五日,6,unit_4_p4,,674,gemini_only,이라故로吾人의生死라ᄒᆞᆷ은神의,進化,改造上一甲의殼을乙의殼으로變換케,G단독,
進化,58,1920-04-15,庚申四月五日,6,unit_4_p4,,750,gemini_only,生死는即同一眞理의兩側面인것이며,進化,의前後過程이며改造의首尾兩端일뿐,G단독,
進化,58,1920-04-15,庚申四月五日,6,unit_4_p4,03,154,both,엇나니이點에서萬有는神(上帝)의,進化,한者이며萬有中動物은萬有中가장어,합의,
進化,58,1920-04-15,庚申四月五日,6,unit_4_p4,03,183,both,有中가장어머動物中人은動物中가장,進化,한者이니結局ㅣ人은神의가장進化한,합의,
進化,58,1920-04-15,庚申四月五日,6,unit_4_p4,03,198,both,장進化한者이니結局ㅣ人은神의가장,進化,한肖像이라하리라故로人은神의造成,합의,
進化,58,1920-04-15,庚申四月五日,6,unit_4_p4,03,222,both,리라故로人은神의造成이안어오神의,進化,的表顯이니是乃人乃天主義의宇宙觀,합의,
進化,58,1920-04-15,庚申四月五日,6,unit_4_p4,04,49,both,無極의永刼最後의目的을達키爲하야,進化,又進化하리니改造ᄂᆞᆫ곳變換이라,합의,
進化,58,1920-04-15,庚申四月五日,6,unit_4_p4,04,52,both,永刼最後의目的을達키爲하야進化又,進化,하리니改造ᄂᆞᆫ곳變換이라故로吾,합의,
進化,58,1920-04-15,庚申四月五日,8,unit_6_p6,03,137,both,에主先히由來宗敎의歷史的宗敎心의,進化,를略述코져ᄒᆞ노라,합의,
進化,59,1920-05-15,哲人主義의 將來와 新宗敎의 價値,8,unit_1_p1,03,101,claude_only,할能律인데人心으로써變復을加하야,進化,의最高極致에達하며써라셔人心으로,C단독,
進化,60,1920-06-15,自己解放과 人乃天主義,1,unit_1_p1,01,0,both,,進化,論의元祖에利픈ᄒᆞᆫ哲學者ᄂᆞᆫ,합의,
進化,60,1920-06-15,自己解放과 人乃天主義,1,unit_1_p1,06,15,claude_only,萬若死亡時代가始ᄒᆞ면其發明의,進化,的價値ᄂᆞᆫ卽消滅에歸ᄒᆞ,C단독,
進化,60,1920-06-15,自己解放과 人乃天主義,2,unit_2_p2,,635,gemini_only,論하면其人類의滅亡이될것이니此卽,進化,의公例라할것이다故로人類의生存權,G단독,
進化,60,1920-06-15,自己解放과 人乃天主義,2,unit_2_p2,,837,gemini_only,의要求에應하며生活의向上을圖하야,進化,의恩澤을享할것이다然하면現下朝鮮,G단독,
進化,60,1920-06-15,自己解放과 人乃天主義,2,unit_2_p2,04,5,both,시無機的의,進化,가其發明이며其他의의의無機的의事,합의,
進化,60,1920-06-15,自己解放과 人乃天主義,2,unit_2_p2,12,4,both,各時代의,進化,와ᄒᆞ法의不同이라故로適者의의의,합의,
進化,60,1920-06-15,自己解放과 人乃天主義,5,unit_5_p5,,298,gemini_only,但히社會的生活을營함으로서今日의,進化,가有하다함에는多少疑点이업지안이,G단독,
進化,60,1920-06-15,自己解放과 人乃天主義,5,unit_5_p5,,346,gemini_only,的生活이有함으로서玆에發達이잇고,進化,가잇게됨은學術이이를證明하며歷史,G단독,
進化,60,1920-06-15,自己解放과 人乃天主義,5,unit_5_p5,,438,gemini_only,건대人類는社會的生活에依하야漸次,進化,發達이잇스되彼蟻蜂의世界와如함은,G단독,
進化,60,1920-06-15,自己解放과 人乃天主義,7,unit_7_p7,,293,gemini_only,送ᄒᆞᆫ者ㅣ幾許이뇨故로今日人文,進化,는過去의矛盾되고缺陷된社會를匡正,G단독,
進化,85,1921-04-15,사람性의 無窮을 論하노라,,unit_3_p3,03,97,claude_only,ᆞ니라二、此永久運動은連續不斷의,進化,인대生으로부터死發達로부터退化라,C단독,
進化,85,1921-04-15,사람性의 無窮을 論하노라,,unit_3_p3,04,98,claude_only,의一部에在ᄒᆞᆫ物體ᄂᆞᆫ徐徐히,進化,의新生命에向ᄒᆞ면셔無限의時間에,C단독,
進化,85,1921-04-15,사람性의 無窮을 論하노라,,unit_3_p3,06,97,claude_only,重大히記憶ᄒᆞᆯ一事ᄂᆞᆫ宇宙의,進化,運動,C단독,
進化,85,1921-04-15,사람性의 無窮을 論하노라,,unit_3_p3,07,10,claude_only,無始以來―永久無限히,進化,를繼續ᄒᆞᄂᆞᆫ間에속히지못ᄒᆞ,C단독,
進化,85,1921-04-15,사람性의 無窮을 論하노라,,unit_3_p3,07,75,claude_only,ᆞᆫ所이니人類ᄂᆞᆫ實로大宇宙의,進化,하ᄂᆞᆫ間에物과力의二屬性이有ᄒ,C단독,
進化,85,1921-04-15,사람性의 無窮을 論하노라,,unit_3_p3,08,48,claude_only,라ᄒᆞᆯ지라도人으로써萬物中最終,進化,의結晶體라ᄒᆞᆯ지며그리ᄒᆞ야此,C단독,
進化,85,1921-04-15,사람性의 無窮을 論하노라,,unit_3_p3,09,33,claude_only,ᆷ은是人을指ᄒᆞ야宇宙의間에가장,進化,ᄒᆞᆫ動物임을黙認치안이ᄒᆞᆯ수,C단독,
進化,85,1921-04-15,사람性의 無窮을 論하노라,,unit_3_p3,09,69,claude_only,ᆞ니見ᄒᆞ면人類가宇宙의間에最終,進化,의物이라ᄒᆞᆷ을但此에ᄂᆞᆫ宇宙,C단독,
進化,85,1921-04-15,사람性의 無窮을 論하노라,,unit_4_p4,02,27,claude_only,에서人格的上帝를除却하고보면宇宙,進化,結晶이,C단독,
進化,85,1921-04-15,사람性의 無窮을 論하노라,,unit_4_p4,06,18,claude_only,히宇宙ᄂᆞᆫ無始無終의體로永刼의,進化,運動을繼續ᄒᆞᄂᆞᆫᄃᆡ에人類가,C단독,
進化,85,1921-04-15,사람性의 無窮을 論하노라,,unit_4_p4,10,47,claude_only,라ᄒᆞᆯ지라그리하야그宇宙萬有의,進化,律에係ᄒᆞᆫ,C단독,
進化,85,1921-04-15,사람性의 無窮을 論하노라,,unit_4_p4,11,44,claude_only,모든自然界의現象은도모지大宇宙의,進化,의總體普遍,C단독,
進化,85,1921-04-15,사람性의 無窮을 論하노라,,unit_4_p4,14,4,claude_only,向ᄒᆞ야,進化,無窮케되ᄂᆞᆫ것이라ᄒᆞᆯ지로다,C단독,
進化,85,1921-04-15,사람性의 無窮을 論하노라,,unit_4_p4,16,16,claude_only,創造ᄉᆞᄉᆞ마다其各新創造의最後,進化,結晶을吾人은稱ᄒᆞ야人이라ᄒᆞ나,C단독,
進化,85,1921-04-15,사람性의 無窮을 論하노라,,unit_5_p5,,146,gemini_only,述한것과ᄀᆞᆺ치宇宙의無限한永劫,進化,ᄂᆞᆫ是宇宙의大生命이니吾人은此,G단독,
進化,85,1921-04-15,사람性의 無窮을 論하노라,,unit_6_p6,14,33,both,이며無善無惡한本質로但히大宇宙의,進化,律을사람自己性의中에包容하야가지,합의,
進化,85,1921-04-15,사람性의 無窮을 論하노라,,unit_6_p6,15,27,claude_only,無善無惡ᄒᆞᆫ本質로但히大宇宙의,進化,律을사람自己性의中에包容하야가지,C단독,
進化,86,1921-11-15,"우리時代의 創造事業, 目下의 急先務를 提案함",,unit_1_p1,04,155,both,는것이엿다元來一眞理라는것은恒常,進化,無窮하야가는것이며러서그眞理로부,합의,
進化,72,1922-02-15,進化의 側面으로 본 人乃天,8,unit_1_p1,05,29,claude_only,固定不變하고吾人의智識은時代時代,進化,하나니何時던지此의神祕가一度缺裂,C단독,
進化,72,1922-02-15,進化의 側面으로 본 人乃天,9,unit_2_p2,01,5,claude_only,特히다윈의,進化,論이한번남에이르러가根底로부터顚,C단독,
進化,72,1922-02-15,進化의 側面으로 본 人乃天,9,unit_2_p2,01,41,claude_only,얏다다윈는宇宙及人生의發生原因을,進化,의理에依하야闡明코저함에밋쳐一世,C단독,
進化,72,1922-02-15,進化의 側面으로 본 人乃天,9,unit_2_p2,01,78,claude_only,은다갓치이問題에傾向케되엿다이제,進化,學說에依하야보면人類의出生을進化,C단독,
進化,72,1922-02-15,進化의 側面으로 본 人乃天,9,unit_2_p2,01,94,claude_only,進化學說에依하야보면人類의出生을,進化,의理에據하야말하되等動物로부터進,C단독,
進化,72,1922-02-15,進化의 側面으로 본 人乃天,9,unit_2_p2,01,111,claude_only,化의理에據하야말하되等動物로부터,進化,한것이라하엿다即人類는人類自軆가,C단독,
進化,72,1922-02-15,進化의 側面으로 본 人乃天,9,unit_2_p2,01,163,claude_only,넷젹의下等動物이長久한年月의間에,進化,를加한結果는今日이마ᄎᆞᆷ한高等,C단독,
進化,72,1922-02-15,進化의 側面으로 본 人乃天,9,unit_2_p2,02,0,claude_only,,進化,學說에對한理論의正否는世人이임이,C단독,
進化,72,1922-02-15,進化의 側面으로 본 人乃天,9,unit_2_p2,02,30,claude_only,人이임이定評이有하야人은이에別로,進化,에對한學說을臚列할必要가업거니와,C단독,
進化,72,1922-02-15,進化의 側面으로 본 人乃天,9,unit_2_p2,02,76,claude_only,當한者라論斷한것이니세世人이임이,進化,的學理로써가장ᄒᆞ온硏究라酌定된,C단독,
進化,72,1922-02-15,進化의 側面으로 본 人乃天,9,unit_2_p2,02,103,claude_only,온硏究라酌定된以上吾人은이에다못,進化,的學說이人乃天과엇더한密接의關係,C단독,
進化,72,1922-02-15,進化의 側面으로 본 人乃天,9,unit_2_p2,02,193,claude_only,生한긋이안이오下等動物로부터漸次,進化,한것이라하면順序上人類의先祖는猿,C단독,
進化,72,1922-02-15,進化의 側面으로 본 人乃天,9,unit_2_p2,02,213,claude_only,이라하면順序上人類의先祖는猿類로,進化,한것이라ᄒᆞᆯ것이오그리하야猿類,C단독,
進化,72,1922-02-15,進化의 側面으로 본 人乃天,9,unit_2_p2,03,52,claude_only,는最下等動物에落着되고말것이엿다,進化,論의系統은이ᄭᅥ지에이름에는아모,C단독,
進化,72,1922-02-15,進化의 側面으로 본 人乃天,9,unit_2_p2,04,183,claude_only,造는더욱疑心날일이안이리오이에셔,進化,學者는斷言하되生命의原素는本來宇,C단독,
進化,72,1922-02-15,進化의 側面으로 본 人乃天,10,unit_3_p3,02,92,both,卦八卦가生萬物이라하는原理를또한,進化,論의原理에빗치워그符合点을發見할,합의,
進化,72,1922-02-15,進化의 側面으로 본 人乃天,10,unit_3_p3,03,0,both,,進化,에進化를加하야今日이야겨우이마마,합의,
進化,72,1922-02-15,進化의 側面으로 본 人乃天,10,unit_3_p3,03,3,both,進化에,進化,를加하야今日이야겨우이마마한形體,합의,
進化,72,1922-02-15,進化의 側面으로 본 人乃天,10,unit_3_p3,03,57,both,그런데宇宙는當初―엇지하야이러한,進化,의運動이잇섯슬가畢竟은宇宙의大目,합의,
進化,72,1922-02-15,進化의 側面으로 본 人乃天,10,unit_3_p3,04,18,both,類에이르게된것이라지라그리고보면,進化,學上에잇어가장놉흔程度의資格을가,합의,
進化,72,1922-02-15,進化의 側面으로 본 人乃天,10,unit_3_p3,04,113,both,따라한가지생각할일은宇宙는永遠히,進化,를진活動體라하면宇宙의全體進化의,합의,
進化,72,1922-02-15,進化의 側面으로 본 人乃天,10,unit_3_p3,04,128,both,히進化를진活動體라하면宇宙의全體,進化,의品性을가장능히發揮한人類는아즉,합의,
進化,72,1922-02-15,進化의 側面으로 본 人乃天,10,unit_3_p3,04,154,both,發揮한人類는아즉도이압날에限업는,進化,의餘地를가지고잇을것이라이에對하,합의,
進化,72,1922-02-15,進化의 側面으로 본 人乃天,10,unit_3_p3,04,186,both,對하야科學者―「멧치니코」는人類,進化,上不調和의点을擧하야여러가지로人,합의,
進化,72,1922-02-15,進化의 側面으로 본 人乃天,10,unit_3_p3,04,208,both,의点을擧하야여러가지로人類는아즉,進化,前途가遼遠함을證明하엿는데그는일,합의,
進化,72,1922-02-15,進化의 側面으로 본 人乃天,10,unit_3_p3,04,239,both,그는일넛으되人類는漸次下等動物로,進化,向上하는間에進化上아즉여가지不調,합의,
進化,72,1922-02-15,進化의 側面으로 본 人乃天,10,unit_3_p3,04,247,both,는漸次下等動物로進化向上하는間에,進化,上아즉여가지不調和한点이잇다하고,합의,
進化,72,1922-02-15,進化의 側面으로 본 人乃天,12,unit_5_p5,,529,gemini_only,한程度에왓스며今日以後는又無窮의,進化,力을가지고創造에創造를열어먼압길,G단독,
進化,72,1922-02-15,進化의 側面으로 본 人乃天,12,unit_5_p5,01,81,both,增加와共히以前으로부터宇宙와共히,進化,하야今日이마ᄒᆞᆫ程度에까지生存,합의,
進化,72,1922-02-15,進化의 側面으로 본 人乃天,12,unit_5_p5,02,47,both,意味에서이른바天國이라하며不斷의,進化,를먼ㅡ압길에넉ㅅ히남겨둔것이니그,합의,
進化,72,1922-02-15,進化의 側面으로 본 人乃天,12,unit_5_p5,02,68,both,압길에넉ㅅ히남겨둔것이니그럼으로,進化,의過程上人類가이러한不調和를除去,합의,
進化,72,1922-02-15,進化의 側面으로 본 人乃天,12,unit_5_p5,03,18,both,에말함과갓치人類가下等動物로브터,進化,하야먼압길에아즉도進化의餘地가만,합의,
進化,72,1922-02-15,進化의 側面으로 본 人乃天,12,unit_5_p5,03,29,both,動物로브터進化하야먼압길에아즉도,進化,의餘地가만히남겨잇다하면舊式의宗,합의,
進化,72,1922-02-15,進化의 側面으로 본 人乃天,12,unit_5_p5,03,106,both,그러나吾人의思考로써말하면人類는,進化,的動物이라하ᄒᆞ는点에셔더욱이人,합의,
進化,72,1922-02-15,進化의 側面으로 본 人乃天,12,unit_5_p5,03,145,both,値가놉하지며何故오人類가萬一아무,進化,가업시創造當時가即今日이오今日이,합의,
進化,72,1922-02-15,進化의 側面으로 본 人乃天,12,unit_5_p5,04,1,both,로,進化,의압길의無限을追念하며그리하야그,합의,
進化,73,1922-03-15,信仰 觀念의 本體,12,unit_5_p5,,688,gemini_only,다하는것이니사람은곳한울의無窮한,進化,過程에서가장前頭의開拓者가되야여,G단독,
進化,73,1922-03-15,信仰 觀念의 本體,12,unit_5_p5,,730,gemini_only,程을임의지내왓으며ᄯᅩ압흐로먼먼,進化,의過程을사람自己가압서서무엇보다,G단독,
進化,73,1922-03-15,信仰 觀念의 本體,12,unit_5_p5,03,133,both,하는것이니사람은곳한울님의無窮한,進化,過程에서가장前頭의開拓者가되야여,합의,
進化,73,1922-03-15,信仰 觀念의 本體,12,unit_5_p5,03,172,both,物의過程을임이지내왓스며쪼압흐로,進化,의過程을사람自己가압셔무엇보다도,합의,
進化,73,1922-03-15,信仰 觀念의 本體,13,unit_6_p6,01,52,claude_only,고無限한것은사람의의림이그들보다,進化,의時間이오랫으며그過程이길엇으며,C단독,
進化,73,1922-03-15,信仰 觀念의 本體,13,unit_6_p6,01,124,claude_only,나物과人의區別할点은사람은한울의,進化,的全系統을全體로가젓으며다른物件,C단독,
進化,73,1922-03-15,信仰 觀念의 本體,14,unit_7_p7,02,348,both,類의모든道德的條件과創造的本能과,進化,向上的美德이이에根據하고나타나지,합의,
靈魂,25,1914-04-15,吊孫鳳奎文幷小引,33,unit_4_p2l,07,7,claude_only,ᄒᆞ얏스나君의,靈魂,을爲ᄒᆞ야伐草를息치아니ᄒᆞ노라,C단독,
靈魂,29,1914-11-15,真理의 根底를 誤解치 勿하라,11,unit_9_p5u,02,27,both,에歸ᄒᆞᆷ肉體가質에歸ᄒᆞᆷ은卽,靈魂,이活精에歸ᄒᆞᆷ인디遠不滅이니라,합의,
靈魂,42,1918-07-15,大神師性靈出世說(其一),13,unit_7_p4u,03,31,both,敎的迷信으로出ᄒᆞᆫ者니人의死後,靈魂,이生前의善惡應報에依ᄒᆞ야天堂及,합의,
靈魂,79,1918-08-15,大神師性靈出世說(其二),,unit_3_p3,07,132,both,ᆞ며廬荒不可考의天堂의裡에過去의,靈魂,을求ᄒᆞ리不可避의精神의內에서神,합의,
靈魂,45,1919-01-15,新年元旦,12,unit_5_p5,04,223,both,ᆞᆷ은其人은北邙을回ᄒᆞ야古人의,靈魂,을求코저ᄒᆞᆷ과無異ᄒᆞ니라,합의,
靈魂,54,1919-11-15,十月二十八日大祈禱,4,unit_3_p3,04,185,both,즉向我設位法을設ᄒᆞ시고大神師의,靈魂,不滅說을信徒의게敎ᄒᆞᆫ一節에曰,합의,
靈魂,65,1920-11-15,拘束의 宗敎로부터 自由의 宗敎,5,unit_5_p5,05,34,both,엿스며現在의多數宗敎는아쥭것神及,靈魂,問題等ㅣ最,합의,
靈魂,65,1920-11-15,拘束의 宗敎로부터 自由의 宗敎,5,unit_5_p5,06,8,both,後의不思議는神과,靈魂,이라할지라卽現在의多數宗敎는아쥭,합의,
靈魂,65,1920-11-15,拘束의 宗敎로부터 自由의 宗敎,5,unit_5_p5,06,29,both,지라卽現在의多數宗敎는아쥭것神及,靈魂,問題에對한最,합의,
靈魂,65,1920-11-15,拘束의 宗敎로부터 自由의 宗敎,5,unit_5_p5,07,33,both,게되엿다만약經驗的學術的으로神及,靈魂,의,합의,
靈魂,65,1920-11-15,拘束의 宗敎로부터 自由의 宗敎,5,unit_5_p5,09,7,both,것은神의存在와,靈魂,의歸宿을科學或은哲學으로到底히其,합의,
靈魂,65,1920-11-15,拘束의 宗敎로부터 自由의 宗敎,5,unit_5_p5,10,33,both,像에依하야맘대로神의資格을論하고,靈魂,의,합의,
靈魂,65,1920-11-15,拘束의 宗敎로부터 自由의 宗敎,5,unit_5_p5,11,16,both,歸宿을말하고잇는것이겟다故로神及,靈魂,의問題가永遠히不思議의中에잇기만,합의,
靈魂,65,1920-11-15,拘束의 宗敎로부터 自由의 宗敎,7,unit_7_p7,01,21,both,도다即從來宗敎는不思議即「神或은,靈魂,問題」에就하야,합의,
靈魂,65,1920-11-15,拘束의 宗敎로부터 自由의 宗敎,7,unit_7_p7,03,20,both,보는것인즉吾人은비록神을信仰하며,靈魂,問題를信할지라도어대싸지든지,합의,
靈魂,65,1920-11-15,拘束의 宗敎로부터 自由의 宗敎,7,unit_7_p7,12,5,both,世를信하는,靈魂,問題를主躰로敎示한다할지라도究竟,합의,
靈魂,65,1920-11-15,拘束의 宗敎로부터 自由의 宗敎,8,unit_8_p8,01,6,both,想目標(神或,靈魂,問題)되는意識的觀念도ᄯᅩ한自由,합의,
靈魂,73,1922-03-15,信仰 觀念의 本體,14,unit_7_p7,02,145,both,라하야世界에엿는世界를쎠나사람의,靈魂,은쪽專혀誤謬된思想에쏨먼한대사람,합의,
