src,n_chunk_id,c,token
1924,,,인내천요의
1924,,,목차
1924,,,인내천요의
1924,,,목차
1924,,,제일장
1924,,,서언
1924,,,제일절
1924,,,신사회
1924,,,종교적
1924,,,정신
1924,,,무종교
1924,,,유종교
1924,,,무궁
1924,,,관념
1924,,,종교
1924,,,선천
1924,,,후천
1924,,,제이절
1924,,,신사회
1924,,,종교적
1924,,,요소
1924,,,현실
1924,,,신비주의
1924,,,위안적
1924,,,신앙
1924,,,실천적
1924,,,흥미
1924,,,신앙
1924,,,타력
1924,,,자력
1924,,,경전적
1924,,,교리
1924,,,공식적
1924,,,교리
1924,,,理想
1924,,,사실
1924,,,연결
1924,,,활동
1924,,,제이장
1924,,,인내천
1924,,,천도
1924,,,제일절
1924,,,천도
1924,,,개의
1924,,,이구
1924,,,무극
1924,,,원만
1924,,,개벽
1924,,,자연
1924,,,동귀일체
1924,,,제이절
1924,,,천도
1924,,,교화
1924,,,삼오
1924,,,교화
1924,,,원만
1924,,,교화
1924,,,시대
1924,,,특징
1924,,,제삼장
1924,,,인내천
1924,,,진리
1924,,,제일절
1924,,,천도교
1924,,,종지
1924,,,사일
1924,,,인내천
1924,,,발원
1924,,,인내천
1924,,,신앙
1924,,,인내천
1924,,,철리
1924,,,제이절
1924,,,인내천
1924,,,발원
1924,,,사이
1924,,,행적
1924,,,경전
1924,,,주문
1924,,,제삼절
1924,,,인내천
1924,,,신앙
1924,,,사팔
1924,,,세계
1924,,,조직
1924,,,제사절
1924,,,인내천
1924,,,철리
1924,,,팔일
1924,,,현실
1924,,,인내천
1924,,,실재
1924,,,인내천
1924,,,범신
1924,,,인내천
1924,,,생명
1924,,,인내천
1924,,,의식
1924,,,인내천
1924,,,영혼
1924,,,인내천
1924,,,진화
1924,,,인내천
1924,,,제사장
1924,,,인내천
1924,,,목적
1924,,,제일절
1924,,,神人
1924,,,관계
1924,,,일사삼
1924,,,노이무공
1924,,,의사
1924,,,의사
1924,,,속성
1924,,,숭배
1924,,,인내천
1924,,,시대
1924,,,理想
1924,,,인내천
1924,,,의지
1924,,,제이절
1924,,,포덕
1924,,,개의
1924,,,일오오
1924,,,화생
1924,,,시간
1924,,,화생
1924,,,공간
1924,,,시간
1924,,,공간
1924,,,본능
1924,,,본능
1924,,,사회성
1924,,,본능
1924,,,창조성
1924,,,덕치
1924,,,시대
1924,,,도래
1924,,,제삼절
1924,,,광제
1924,,,개의
1924,,,일륙팔
1924,,,사회적
1924,,,질병
1924,,,사생재천
1924,,,정신적
1924,,,해악
1924,,,해탈
1924,,,육체적
1924,,,해악
1924,,,해탈
1924,,,권력적
1924,,,해악
1924,,,해탈
1924,,,생활
1924,,,제오장
1924,,,인내천
1924,,,수련
1924,,,제일절
1924,,,수련
1924,,,교화
1924,,,특질
1924,,,일팔칠
1924,,,위안
1924,,,흥미적
1924,,,신앙
1924,,,차별
1924,,,자력
1924,,,타력
1924,,,구별
1924,,,경전적
1924,,,종교
1924,,,실천력적
1924,,,종교
1924,,,제이절
1924,,,영부
1924,,,일구일
1924,,,영부
1924,,,생혼
1924,,,영부
1924,,,참회
1924,,,제삼절
1924,,,주문
1924,,,일구륙
1924,,,제사절
1924,,,심고
1924,,,일구구
1924,,,지상
1924,,,천국
1924,,,실현
1924,,,현상적인
1924,,,창조적인
1924,,,심고
1924,,,묵념
1924,,,구별
1924,,,제오절
1924,,,성명
1924,,,주의인
1924,,,소유욕
1924,,,제거
1924,,,혹세무민
1924,,,기천
1924,,,행위
1924,,,제륙절
1924,,,팔절
1924,,,이일이
1924,,,제칠절
1924,,,자연
1924,,,이이륙
1924,,,무의미
1924,,,자연
1924,,,천연적
1924,,,자연
1924,,,허위
1924,,,자연
1924,,,제도상
1924,,,자연
1924,,,자연주의
1924,,,제륙장
1924,,,인내천
1924,,,잡감
1924,,,전적생활
1924,,,부분적생활
1924,,,이삼오
1924,,,이삼구
1924,,,양심
1924,,,이사이
1924,,,운명
1924,,,이사칠
1924,,,영생
1924,,,도덕적
1924,,,동기
1924,,,이오이
1924,,,세계
1924,,,삼대
1924,,,종교
1924,,,차이점
1924,,,인내천
1924,,,이륙일
1924,,,인내천
1924,,,조직
1924,,,철리
1924,,,이칠일
1924,,,인내천요의
1924,C01-S01-I01-N01,C01,현대
1924,C01-S01-I01-N01,C01,종교
1924,C01-S01-I01-N01,C01,견해
1924,C01-S01-I01-N01,C01,관찰
1924,C01-S01-I01-N01,C01,과학적
1924,C01-S01-I01-N01,C01,신봉
1924,C01-S01-I01-N01,C01,입각
1924,C01-S01-I01-N01,C01,장래
1924,C01-S01-I01-N01,C01,신사회
1924,C01-S01-I01-N01,C01,과학적
1924,C01-S01-I01-N01,C01,혹시
1924,C01-S01-I01-N01,C01,철학적
1924,C01-S01-I01-N01,C01,사상
1924,C01-S01-I01-N01,C01,존재
1924,C01-S01-I01-N01,C01,종교적
1924,C01-S01-I01-N01,C01,가치
1924,C01-S01-I01-N01,C01,소멸
1924,C01-S01-I01-N01,C01,사고
1924,C01-S01-I01-N01,C01,파당
1924,C01-S01-I01-N01,C01,유래
1924,C01-S01-I01-N01,C01,종교
1924,C01-S01-I01-N01,C01,다소
1924,C01-S01-I01-N01,C01,형식
1924,C01-S01-I01-N01,C01,변경
1924,C01-S01-I01-N01,C01,교리
1924,C01-S01-I01-N01,C01,수정
1924,C01-S01-I01-N01,C01,진리
1924,C01-S01-I01-N01,C01,신앙
1924,C01-S01-I01-N01,C01,하시외
1924,C01-S01-I01-N01,C01,파당
1924,C01-S01-I01-N01,C01,오인
1924,C01-S01-I01-N01,C01,관찰
1924,C01-S01-I01-N01,C01,양자
1924,C01-S01-I01-N01,C01,의론상
1924,C01-S01-I01-N01,C01,결과
1924,C01-S01-I01-N01,C01,숙시숙비
1924,C01-S01-I01-N01,C01,문제
1924,C01-S01-I01-N01,C01,신사회
1924,C01-S01-I01-N01,C01,요구
1924,C01-S01-I01-N01,C01,철저적
1924,C01-S01-I01-N01,C01,고찰력
1924,C01-S01-I01-N01,C01,결핍
1924,C01-S01-I01-N01,C01,유감
1924,C01-S01-I01-N01,C01,하고
1924,C01-S01-I01-N01,C01,전자
1924,C01-S01-I01-N01,C01,신사회
1924,C01-S01-I01-N01,C01,신적
1924,C01-S01-I01-N01,C01,분량
1924,C01-S01-I01-N01,C01,제각
1924,C01-S01-I01-N01,C01,경단
1924,C01-S01-I01-N01,C01,후자
1924,C01-S01-I01-N01,C01,신사회
1924,C01-S01-I01-N01,C01,인습적
1924,C01-S01-I01-N01,C01,유해
1924,C01-S01-I01-N01,C01,답습
1924,C01-S01-I01-N01,C01,억병
1924,C01-S01-I01-N02,C01,장래
1924,C01-S01-I01-N02,C01,신사회
1924,C01-S01-I01-N02,C01,유종교
1924,C01-S01-I01-N02,C01,무종교
1924,C01-S01-I01-N02,C01,질의
1924,C01-S01-I01-N02,C01,필요
1924,C01-S01-I01-N02,C01,대답
1924,C01-S01-I01-N02,C01,전체
1924,C01-S01-I01-N02,C01,생활
1924,C01-S01-I01-N02,C01,지지
1924,C01-S01-I01-N02,C01,필연적
1924,C01-S01-I01-N02,C01,유종교
1924,C01-S01-I01-N02,C01,유종교
1924,C01-S01-I01-N02,C01,생활
1924,C01-S01-I01-N02,C01,무종교
1924,C01-S01-I01-N02,C01,무종교
1924,C01-S01-I01-N02,C01,생활
1924,C01-S01-I01-N02,C01,지지
1924,C01-S01-I01-N02,C01,자기
1924,C01-S01-I01-N02,C01,증명
1924,C01-S01-I01-N02,C01,전체
1924,C01-S01-I01-N02,C01,생활
1924,C01-S01-I01-N02,C01,관계
1924,C01-S01-I01-N02,C01,유무
1924,C01-S01-I01-N02,C01,가치
1924,C01-S01-I01-N02,C01,흥미
1924,C01-S01-I01-N02,C01,종교적
1924,C01-S01-I01-N02,C01,가치
1924,C01-S01-I01-N02,C01,생활
1924,C01-S01-I01-N02,C01,요소
1924,C01-S01-I01-N02,C01,기초
1924,C01-S01-I01-N02,C01,생활상
1924,C01-S01-I01-N02,C01,가치론적
1924,C01-S01-I01-N02,C01,흥미
1924,C01-S01-I01-N03,C01,구사회
1924,C01-S01-I01-N03,C01,종교
1924,C01-S01-I01-N03,C01,세력
1924,C01-S01-I01-N03,C01,구사회
1924,C01-S01-I01-N03,C01,생활
1924,C01-S01-I01-N03,C01,요소
1924,C01-S01-I01-N03,C01,종교적
1924,C01-S01-I01-N03,C01,분자
1924,C01-S01-I01-N03,C01,포용
1924,C01-S01-I01-N03,C01,신사회
1924,C01-S01-I01-N03,C01,종교
1924,C01-S01-I01-N03,C01,필요
1924,C01-S01-I01-N03,C01,신사회
1924,C01-S01-I01-N03,C01,생활
1924,C01-S01-I01-N03,C01,요소
1924,C01-S01-I01-N03,C01,종교적
1924,C01-S01-I01-N03,C01,가치
1924,C01-S01-I01-N03,C01,인연
1924,C01-S01-I01-N03,C01,불외
1924,C01-S01-I01-N03,C01,신사회
1924,C01-S01-I01-N03,C01,종교
1924,C01-S01-I01-N03,C01,유무
1924,C01-S01-I01-N03,C01,쟁론
1924,C01-S01-I01-N03,C01,신사회
1924,C01-S01-I01-N03,C01,생활
1924,C01-S01-I01-N03,C01,생활적
1924,C01-S01-I01-N03,C01,요소
1924,C01-S01-I01-N03,C01,평론
1924,C01-S01-I01-N03,C01,재료
1924,C01-S01-I01-N03,C01,전무
1924,C01-S01-I01-N03,C01,대개
1924,C01-S01-I01-N03,C01,무종교적
1924,C01-S01-I01-N03,C01,사상
1924,C01-S01-I01-N03,C01,금일
1924,C01-S01-I01-N03,C01,돌발
1924,C01-S01-I01-N03,C01,원인
1924,C01-S01-I01-N03,C01,근대
1924,C01-S01-I01-N03,C01,과학
1924,C01-S01-I01-N03,C01,발흥
1924,C01-S01-I01-N03,C01,금일
1924,C01-S01-I01-N03,C01,세력
1924,C01-S01-I01-N03,C01,조장
1924,C01-S01-I01-N03,C01,유물사관
1924,C01-S01-I01-N03,C01,기인
1924,C01-S01-I01-N03,C01,사회주의적
1924,C01-S01-I01-N03,C01,사상
1924,C01-S01-I01-N03,C01,유물사관
1924,C01-S01-I01-N03,C01,무종교적
1924,C01-S01-I01-N03,C01,사상
1924,C01-S01-I01-N03,C01,우주
1924,C01-S01-I01-N03,C01,무신
1924,C01-S01-I01-N03,C01,인생
1924,C01-S01-I01-N03,C01,무령혼
1924,C01-S01-I01-N03,C01,화복
1924,C01-S01-I01-N03,C01,전륜
1924,C01-S01-I01-N03,C01,인위적
1924,C01-S01-I01-N03,C01,사실
1924,C01-S01-I01-N03,C01,기인
1924,C01-S01-I01-N03,C01,과학적
1924,C01-S01-I01-N03,C01,증명
1924,C01-S01-I01-N03,C01,이외
1924,C01-S01-I01-N03,C01,진리
1924,C01-S01-I01-N03,C01,인정
1924,C01-S01-I01-N03,C01,유래
1924,C01-S01-I01-N03,C01,종교
1924,C01-S01-I01-N03,C01,교리
1924,C01-S01-I01-N03,C01,의식
1924,C01-S01-I01-N03,C01,신화적
1924,C01-S01-I01-N03,C01,미신
1924,C01-S01-I01-N03,C01,산출
1924,C01-S01-I01-N03,C01,절증
1924,C01-S01-I01-N04,C01,판단
1924,C01-S01-I01-N04,C01,진리
1924,C01-S01-I01-N04,C01,문제
1924,C01-S01-I01-N04,C01,종교적
1924,C01-S01-I01-N04,C01,요소
1924,C01-S01-I01-N04,C01,신사회
1924,C01-S01-I01-N04,C01,종교적
1924,C01-S01-I01-N04,C01,요소
1924,C01-S01-I01-N04,C01,유래
1924,C01-S01-I01-N04,C01,인습적
1924,C01-S01-I01-N04,C01,신앙
1924,C01-S01-I01-N04,C01,대조
1924,C01-S01-I01-N04,C01,판단
1924,C01-S01-I01-N04,C01,개념
1924,C01-S01-I01-N04,C01,무종교적
1924,C01-S01-I01-N04,C01,사상
1924,C01-S01-I01-N04,C01,배태
1924,C01-S01-I01-N04,C01,신사회
1924,C01-S01-I01-N04,C01,생활
1924,C01-S01-I01-N04,C01,요소
1924,C01-S01-I01-N04,C01,구종교
1924,C01-S01-I01-N04,C01,신앙
1924,C01-S01-I01-N04,C01,요소
1924,C01-S01-I01-N04,C01,대조
1924,C01-S01-I01-N04,C01,고찰
1924,C01-S01-I01-N04,C01,종교
1924,C01-S01-I01-N04,C01,否認
1924,C01-S01-I01-N04,C01,태도
1924,C01-S01-I01-N04,C01,신사회
1924,C01-S01-I01-N04,C01,종교적
1924,C01-S01-I01-N04,C01,고찰
1924,C01-S01-I01-N04,C01,결함
1924,C01-S01-I01-N04,C01,일고
1924,C01-S01-I01-N04,C01,종교적
1924,C01-S01-I01-N04,C01,요소
1924,C01-S01-I01-N04,C01,과거
1924,C01-S01-I01-N04,C01,역상
1924,C01-S01-I01-N04,C01,해석
1924,C01-S01-I01-N04,C01,명견
1924,C01-S01-I01-N04,C01,미래
1924,C01-S01-I01-N04,C01,추연
1924,C01-S01-I01-N04,C01,창조
1924,C01-S01-I01-N04,C01,의장
1924,C01-S01-I01-N04,C01,박약
1924,C01-S01-I01-N05,C01,종교
1924,C01-S01-I01-N05,C01,규구적
1924,C01-S01-I01-N05,C01,고정적
1924,C01-S01-I01-N05,C01,기성적
1924,C01-S01-I01-N05,C01,사고
1924,C01-S01-I01-N05,C01,오류
1924,C01-S01-I01-N05,C01,종교
1924,C01-S01-I01-N05,C01,발달
1924,C01-S01-I01-N05,C01,태고
1924,C01-S01-I01-N05,C01,다신
1924,C01-S01-I01-N05,C01,숭배
1924,C01-S01-I01-N05,C01,신앙
1924,C01-S01-I01-N05,C01,종교
1924,C01-S01-I01-N05,C01,해부
1924,C01-S01-I01-N05,C01,능력
1924,C01-S01-I01-N05,C01,대담
1924,C01-S01-I01-N05,C01,하고
1924,C01-S01-I01-N05,C01,미래
1924,C01-S01-I01-N05,C01,창조적
1924,C01-S01-I01-N05,C01,사고
1924,C01-S01-I01-N05,C01,유감
1924,C01-S01-I01-N05,C01,반성
1924,C01-S01-I01-N05,C01,정신
1924,C01-S01-I01-N05,C01,관념
1924,C01-S01-I01-N05,C01,신사회
1924,C01-S01-I01-N05,C01,종교적
1924,C01-S01-I01-N05,C01,요소
1924,C01-S01-I01-N05,C01,과거
1924,C01-S01-I01-N05,C01,대조
1924,C01-S01-I01-N05,C01,고정적
1924,C01-S01-I01-N05,C01,기성적
1924,C01-S01-I01-N05,C01,정신
1924,C01-S01-I01-N05,C01,파기
1924,C01-S01-I01-N05,C01,종교적
1924,C01-S01-I01-N05,C01,진리
1924,C01-S01-I01-N05,C01,하시
1924,C01-S01-I01-N05,C01,만약
1924,C01-S01-I01-N05,C01,종교적
1924,C01-S01-I01-N05,C01,조건
1924,C01-S01-I01-N05,C01,과거
1924,C01-S01-I01-N05,C01,종교
1924,C01-S01-I01-N05,C01,모형
1924,C01-S01-I01-N05,C01,완성적
1924,C01-S01-I01-N05,C01,종교
1924,C01-S01-I01-N05,C01,시대
1924,C01-S01-I01-N05,C01,추이
1924,C01-S01-I01-N05,C01,자연
1924,C01-S01-I01-N05,C01,소멸
1924,C01-S01-I01-N05,C01,하인
1924,C01-S01-I01-N05,C01,무종교론자
1924,C01-S01-I01-N05,C01,의견
1924,C01-S01-I01-N05,C01,동일
1924,C01-S01-I01-N05,C01,사상
1924,C01-S01-I01-N05,C01,하고
1924,C01-S01-I01-N05,C01,조직
1924,C01-S01-I01-N05,C01,우주
1924,C01-S01-I01-N05,C01,하고
1924,C01-S01-I01-N05,C01,성정
1924,C01-S01-I01-N05,C01,인생
1924,C01-S01-I01-N05,C01,하인
1924,C01-S01-I01-N05,C01,지력
1924,C01-S01-I01-N05,C01,해설
1924,C01-S01-I01-N05,C01,불능
1924,C01-S01-I02-N01,C01,사상
1924,C01-S01-I02-N01,C01,영원
1924,C01-S01-I02-N01,C01,우주관
1924,C01-S01-I02-N01,C01,인생관
1924,C01-S01-I02-N01,C01,일별
1924,C01-S01-I02-N01,C01,사상
1924,C01-S01-I02-N01,C01,여하
1924,C01-S01-I02-N01,C01,무궁
1924,C01-S01-I02-N01,C01,관념
1924,C01-S01-I02-N01,C01,제각
1924,C01-S01-I02-N01,C01,불능
1924,C01-S01-I02-N01,C01,일종
1924,C01-S01-I02-N01,C01,불가사의
1924,C01-S01-I02-N01,C01,자기
1924,C01-S01-I02-N01,C01,사상
1924,C01-S01-I02-N01,C01,만일
1924,C01-S01-I02-N01,C01,무궁
1924,C01-S01-I02-N01,C01,제각
1924,C01-S01-I02-N01,C01,대지력
1924,C01-S01-I02-N01,C01,종교적
1924,C01-S01-I02-N01,C01,유무
1924,C01-S01-I02-N01,C01,무궁
1924,C01-S01-I02-N01,C01,무궁적
1924,C01-S01-I02-N01,C01,관념
1924,C01-S01-I02-N01,C01,필연
1924,C01-S01-I02-N01,C01,종교적
1924,C01-S01-I02-N01,C01,신감
1924,C01-S01-I02-N01,C01,파지
1924,C01-S01-I02-N01,C01,종교적
1924,C01-S01-I02-N01,C01,신감
1924,C01-S01-I02-N01,C01,무궁
1924,C01-S01-I02-N01,C01,관념
1924,C01-S01-I02-N01,C01,약동
1924,C01-S01-I02-N01,C01,오인적
1924,C01-S01-I02-N01,C01,개성
1924,C01-S01-I02-N01,C01,무궁
1924,C01-S01-I02-N01,C01,복재
1924,C01-S01-I02-N01,C01,증거
1924,C01-S01-I02-N01,C01,개성
1924,C01-S01-I02-N01,C01,무궁
1924,C01-S01-I02-N01,C01,접속
1924,C01-S01-I02-N01,C01,종교적
1924,C01-S01-I02-N01,C01,요소
1924,C01-S01-I02-N01,C01,과거
1924,C01-S01-I02-N01,C01,종교
1924,C01-S01-I02-N01,C01,근저
1924,C01-S01-I02-N01,C01,허탄
1924,C01-S01-I02-N01,C01,공포
1924,C01-S01-I02-N01,C01,귀의
1924,C01-S01-I02-N01,C01,원망
1924,C01-S01-I02-N01,C01,배척
1924,C01-S01-I02-N01,C01,당연
1924,C01-S01-I02-N01,C01,무궁
1924,C01-S01-I02-N01,C01,배척
1924,C01-S01-I02-N01,C01,억단
1924,C01-S01-I02-N01,C01,사실
1924,C01-S01-I02-N01,C01,否認
1924,C01-S01-I02-N02,C01,개성
1924,C01-S01-I02-N02,C01,무궁
1924,C01-S01-I02-N02,C01,관념
1924,C01-S01-I02-N02,C01,제각
1924,C01-S01-I02-N02,C01,자아
1924,C01-S01-I02-N02,C01,인류
1924,C01-S01-I02-N02,C01,제각
1924,C01-S01-I02-N02,C01,동일
1924,C01-S01-I02-N02,C01,여사
1924,C01-S01-I02-N02,C01,무궁
1924,C01-S01-I02-N02,C01,관념
1924,C01-S01-I02-N02,C01,오인
1924,C01-S01-I02-N02,C01,존재
1924,C01-S01-I02-N02,C01,소이
1924,C01-S01-I02-N02,C01,개성적
1924,C01-S01-I02-N02,C01,본원
1924,C01-S01-I02-N02,C01,무궁
1924,C01-S01-I02-N02,C01,개성적
1924,C01-S01-I02-N02,C01,오저
1924,C01-S01-I02-N02,C01,본래
1924,C01-S01-I02-N02,C01,일무궁
1924,C01-S01-I02-N02,C01,복재
1924,C01-S01-I02-N02,C01,오인
1924,C01-S01-I02-N02,C01,여하
1924,C01-S01-I02-N02,C01,무궁
1924,C01-S01-I02-N02,C01,상기
1924,C01-S01-I02-N02,C01,능력
1924,C01-S01-I02-N02,C01,무궁
1924,C01-S01-I02-N02,C01,종교적
1924,C01-S01-I02-N02,C01,관념
1924,C01-S01-I02-N02,C01,시공
1924,C01-S01-I02-N02,C01,무궁
1924,C01-S01-I02-N02,C01,관련
1924,C01-S01-I02-N02,C01,신념
1924,C01-S01-I02-N02,C01,신사회
1924,C01-S01-I02-N02,C01,필연
1924,C01-S01-I02-N02,C01,신사회
1924,C01-S01-I02-N02,C01,종교적
1924,C01-S01-I02-N02,C01,관념
1924,C01-S01-I02-N02,C01,가령
1924,C01-S01-I02-N02,C01,신사회
1924,C01-S01-I02-N02,C01,종교적
1924,C01-S01-I02-N02,C01,종교
1924,C01-S01-I02-N02,C01,특별
1924,C01-S01-I02-N02,C01,명사
1924,C01-S01-I02-N02,C01,형식
1924,C01-S01-I02-N02,C01,여하
1924,C01-S01-I02-N02,C01,개성적
1924,C01-S01-I02-N02,C01,정신상
1924,C01-S01-I02-N02,C01,내용
1924,C01-S01-I02-N02,C01,요구
1924,C01-S01-I02-N02,C01,무궁성적
1924,C01-S01-I02-N02,C01,약동
1924,C01-S01-I02-N02,C01,소멸
1924,C01-S01-I02-N02,C01,불능
1924,C01-S01-I02-N03,C01,무궁성적
1924,C01-S01-I02-N03,C01,약동
1924,C01-S01-I02-N03,C01,내적외적
1924,C01-S01-I02-N03,C01,생활
1924,C01-S01-I02-N03,C01,전체
1924,C01-S01-I02-N03,C01,지배
1924,C01-S01-I02-N03,C01,종교적
1924,C01-S01-I02-N03,C01,요소
1924,C01-S01-I02-N03,C01,신사회적
1924,C01-S01-I02-N03,C01,생활
1924,C01-S01-I02-N03,C01,요소
1924,C01-S01-I02-N03,C01,결합
1924,C01-S01-I02-N03,C01,신인간
1924,C01-S01-I02-N03,C01,생활
1924,C01-S01-I02-N03,C01,건설
1924,C01-S01-I02-N03,C01,세상
1924,C01-S01-I02-N03,C01,확실
1924,C01-S01-I02-N03,C01,종교
1924,C01-S01-I02-N03,C01,인간
1924,C01-S01-I02-N03,C01,개조
1924,C01-S01-I02-N03,C01,시작
1924,C01-S01-I02-N03,C01,분명
1924,C01-S01-I02-N03,C01,東洋
1924,C01-S01-I02-N03,C01,불교적
1924,C01-S01-I02-N03,C01,문화
1924,C01-S01-I02-N03,C01,유교적
1924,C01-S01-I02-N03,C01,문화
1924,C01-S01-I02-N03,C01,서양
1924,C01-S01-I02-N03,C01,기독교
1924,C01-S01-I02-N03,C01,문화
1924,C01-S01-I02-N03,C01,근대
1924,C01-S01-I02-N03,C01,인간
1924,C01-S01-I02-N03,C01,생활
1924,C01-S01-I02-N03,C01,종교적
1924,C01-S01-I02-N03,C01,가치
1924,C01-S01-I02-N03,C01,적막
1924,C01-S01-I02-N03,C01,근대
1924,C01-S01-I02-N03,C01,문명
1924,C01-S01-I02-N03,C01,대개
1924,C01-S01-I02-N03,C01,과학
1924,C01-S01-I02-N04,C01,종교
1924,C01-S01-I02-N04,C01,하등
1924,C01-S01-I02-N04,C01,공헌
1924,C01-S01-I02-N04,C01,장해
1924,C01-S01-I02-N04,C01,혐의
1924,C01-S01-I02-N04,C01,근대
1924,C01-S01-I02-N04,C01,종교
1924,C01-S01-I02-N04,C01,혐기
1924,C01-S01-I02-N04,C01,무리
1924,C01-S01-I02-N04,C01,확실
1924,C01-S01-I02-N04,C01,인간
1924,C01-S01-I02-N04,C01,개조
1924,C01-S01-I02-N04,C01,종교
1924,C01-S01-I02-N04,C01,금일
1924,C01-S01-I02-N04,C01,하고
1924,C01-S01-I02-N04,C01,책임
1924,C01-S01-I02-N04,C01,완만
1924,C01-S01-I02-N04,C01,종교
1924,C01-S01-I02-N04,C01,내용
1924,C01-S01-I02-N04,C01,시대
1924,C01-S01-I02-N04,C01,생명
1924,C01-S01-I02-N04,C01,과거
1924,C01-S01-I02-N04,C01,공적
1924,C01-S01-I02-N04,C01,역사상
1924,C01-S01-I02-N04,C01,불과
1924,C01-S01-I02-N05,C01,종교
1924,C01-S01-I02-N05,C01,멸망
1924,C01-S01-I02-N05,C01,구식적인물
1924,C01-S01-I02-N05,C01,시대
1924,C01-S01-I02-N05,C01,점차
1924,C01-S01-I02-N05,C01,무용
1924,C01-S01-I02-N05,C01,폐물
1924,C01-S01-I02-N05,C01,대신
1924,C01-S01-I02-N05,C01,신식적인물
1924,C01-S01-I02-N05,C01,위치
1924,C01-S01-I02-N05,C01,보충
1924,C01-S01-I02-N05,C01,구종교
1924,C01-S01-I02-N05,C01,소멸
1924,C01-S01-I02-N05,C01,구종교
1924,C01-S01-I02-N05,C01,교리
1924,C01-S01-I02-N05,C01,신생활
1924,C01-S01-I02-N05,C01,요소
1924,C01-S01-I02-N05,C01,불합
1924,C01-S01-I02-N05,C01,자연도태
1924,C01-S01-I02-N05,C01,법칙
1924,C01-S01-I02-N05,C01,무궁
1924,C01-S01-I02-N05,C01,관념
1924,C01-S01-I02-N05,C01,신생활
1924,C01-S01-I02-N05,C01,요소
1924,C01-S01-I02-N05,C01,시대
1924,C01-S01-I02-N05,C01,신종교
1924,C01-S01-I02-N05,C01,발생
1924,C01-S01-I02-N05,C01,약동
1924,C01-S01-I02-N05,C01,신진대사
1924,C01-S01-I02-N05,C01,원리
1924,C01-S01-I02-N05,C01,저간
1924,C01-S01-I02-N05,C01,유행
1924,C01-S01-I02-N05,C01,종교
1924,C01-S01-I02-N05,C01,진리
1924,C01-S01-I02-N05,C01,여하
1924,C01-S01-I02-N05,C01,변천
1924,C01-S01-I02-N05,C01,변천
1924,C01-S01-I02-N05,C01,진화
1924,C01-S01-I02-N05,C01,이법
1924,C01-S01-I02-N05,C01,신진대사
1924,C01-S01-I02-N05,C01,교환
1924,C01-S01-I02-N05,C01,인간
1924,C01-S01-I02-N05,C01,개조
1924,C01-S01-I02-N05,C01,무궁성
1924,C01-S01-I02-N05,C01,약동
1924,C01-S01-I02-N05,C01,종교적
1924,C01-S01-I02-N05,C01,정신
1924,C01-S01-I02-N05,C01,직접
1924,C01-S01-I02-N05,C01,혹시
1924,C01-S01-I02-N05,C01,간접
1924,C01-S01-I02-N05,C01,책임
1924,C01-S01-I02-N05,C01,소질
1924,C01-S01-I02-N05,C01,종교
1924,C01-S01-I02-N05,C01,형식
1924,C01-S01-I02-N05,C01,승려
1924,C01-S01-I02-N05,C01,제도
1924,C01-S01-I02-N05,C01,의식
1924,C01-S01-I02-N05,C01,제도
1924,C01-S01-I02-N05,C01,교육
1924,C01-S01-I02-N05,C01,제도
1924,C01-S01-I02-N05,C01,근저
1924,C01-S01-I02-N05,C01,소멸
1924,C01-S01-I02-N05,C01,무궁성
1924,C01-S01-I02-N05,C01,종교적
1924,C01-S01-I02-N05,C01,정신
1924,C01-S01-I02-N05,C01,만무
1924,C01-S01-I02-N05,C01,무궁성
1924,C01-S01-I02-N05,C01,종교적
1924,C01-S01-I02-N05,C01,정신
1924,C01-S01-I02-N05,C01,시대
1924,C01-S01-I02-N05,C01,변천
1924,C01-S01-I02-N05,C01,불절
1924,C01-S01-I02-N05,C01,신사회적
1924,C01-S01-I02-N05,C01,생활
1924,C01-S01-I02-N05,C01,요소
1924,C01-S01-I02-N05,C01,창조
1924,C01-S01-I02-N05,C01,원동력
1924,C01-S01-I02-N05,C01,고금
1924,C01-S01-I03-N01,C01,종교학자
1924,C01-S01-I03-N01,C01,종교
1924,C01-S01-I03-N01,C01,여하
1924,C01-S01-I03-N01,C01,해석
1924,C01-S01-I03-N01,C01,과거
1924,C01-S01-I03-N01,C01,종교
1924,C01-S01-I03-N01,C01,여하
1924,C01-S01-I03-N01,C01,교리
1924,C01-S01-I03-N01,C01,포용
1924,C01-S01-I03-N01,C01,신사회
1924,C01-S01-I03-N01,C01,종교적
1924,C01-S01-I03-N01,C01,정신
1924,C01-S01-I03-N01,C01,以上
1924,C01-S01-I03-N01,C01,신사회적
1924,C01-S01-I03-N01,C01,생활
1924,C01-S01-I03-N01,C01,요소
1924,C01-S01-I03-N01,C01,결합
1924,C01-S01-I03-N01,C01,신인간
1924,C01-S01-I03-N01,C01,창조
1924,C01-S01-I03-N01,C01,위력
1924,C01-S01-I03-N01,C01,신인간
1924,C01-S01-I03-N01,C01,창조
1924,C01-S01-I03-N01,C01,종교적
1924,C01-S01-I03-N01,C01,요소
1924,C01-S01-I03-N01,C01,구색
1924,C01-S01-I03-N01,C01,理想
1924,C01-S01-I03-N01,C01,理想
1924,C01-S01-I03-N01,C01,직접
1924,C01-S01-I03-N01,C01,건설
1924,C01-S01-I03-N01,C01,과거
1924,C01-S01-I03-N01,C01,자체
1924,C01-S01-I03-N01,C01,무궁
1924,C01-S01-I03-N01,C01,선택
1924,C01-S01-I03-N01,C01,理想
1924,C01-S01-I03-N01,C01,무궁성
1924,C01-S01-I03-N01,C01,위력
1924,C01-S01-I03-N01,C01,직접
1924,C01-S01-I03-N01,C01,건설
1924,C01-S01-I03-N01,C01,책임
1924,C01-S01-I03-N01,C01,신사회적
1924,C01-S01-I03-N01,C01,종교적
1924,C01-S01-I03-N01,C01,정신
1924,C01-S01-I03-N01,C01,시대
1924,C01-S01-I03-N01,C01,구사회
1924,C01-S01-I03-N01,C01,선천
1924,C01-S01-I03-N01,C01,신사회
1924,C01-S01-I03-N01,C01,후천
1924,C01-S01-I03-N02,C01,선천시대
1924,C01-S01-I03-N02,C01,무궁성
1924,C01-S01-I03-N02,C01,이상적
1924,C01-S01-I03-N02,C01,시대
1924,C01-S01-I03-N02,C01,후천시대
1924,C01-S01-I03-N02,C01,무궁성
1924,C01-S01-I03-N02,C01,건설적
1924,C01-S01-I03-N02,C01,시대
1924,C01-S01-I03-N02,C01,선천시대
1924,C01-S01-I03-N02,C01,사색적
1924,C01-S01-I03-N02,C01,시대
1924,C01-S01-I03-N02,C01,후천시대
1924,C01-S01-I03-N02,C01,지행적
1924,C01-S01-I03-N02,C01,시대
1924,C01-S01-I03-N02,C01,선천시대
1924,C01-S01-I03-N02,C01,자기
1924,C01-S01-I03-N02,C01,본성
1924,C01-S01-I03-N02,C01,공상
1924,C01-S01-I03-N02,C01,理想
1924,C01-S01-I03-N02,C01,연구
1924,C01-S01-I03-N02,C01,사색
1924,C01-S01-I03-N02,C01,토의
1924,C01-S01-I03-N02,C01,시대
1924,C01-S01-I03-N02,C01,후천시대
1924,C01-S01-I03-N02,C01,토의
1924,C01-S01-I03-N02,C01,결과
1924,C01-S01-I03-N02,C01,감상
1924,C01-S01-I03-N02,C01,선택
1924,C01-S01-I03-N02,C01,수정
1924,C01-S01-I03-N02,C01,실제
1924,C01-S01-I03-N02,C01,개척
1924,C01-S01-I03-N02,C01,시대
1924,C01-S01-I03-N02,C01,선천시대
1924,C01-S01-I03-N02,C01,망원경
1924,C01-S01-I03-N02,C01,피안
1924,C01-S01-I03-N02,C01,탐상
1924,C01-S01-I03-N02,C01,시대
1924,C01-S01-I03-N02,C01,후천시대
1924,C01-S01-I03-N02,C01,피안
1924,C01-S01-I03-N02,C01,이상적
1924,C01-S01-I03-N02,C01,천국
1924,C01-S01-I03-N02,C01,건설
1924,C01-S01-I03-N02,C01,시대
1924,C01-S01-I03-N02,C01,신사회
1924,C01-S01-I03-N02,C01,종교적
1924,C01-S01-I03-N02,C01,정신
1924,C01-S01-I03-N02,C01,공상적
1924,C01-S01-I03-N02,C01,건설
1924,C01-S01-I03-N02,C01,시대
1924,C01-S01-I03-N03,C01,선천시대
1924,C01-S01-I03-N03,C01,요구
1924,C01-S01-I03-N03,C01,이상적
1924,C01-S01-I03-N03,C01,조건
1924,C01-S01-I03-N03,C01,내부적
1924,C01-S01-I03-N03,C01,신급불
1924,C01-S01-I03-N03,C01,성급현
1924,C01-S01-I03-N03,C01,성격
1924,C01-S01-I03-N03,C01,외부적
1924,C01-S01-I03-N03,C01,천국
1924,C01-S01-I03-N03,C01,선경
1924,C01-S01-I03-N03,C01,이상향
1924,C01-S01-I03-N03,C01,탐상적
1924,C01-S01-I03-N03,C01,사업
1924,C01-S01-I03-N03,C01,선천
1924,C01-S01-I03-N03,C01,조화옹
1924,C01-S01-I03-N03,C01,임무
1924,C01-S01-I03-N03,C01,후천시대
1924,C01-S01-I03-N03,C01,사업
1924,C01-S01-I03-N03,C01,선천
1924,C01-S01-I03-N03,C01,신급불
1924,C01-S01-I03-N03,C01,천국급선경
1924,C01-S01-I03-N03,C01,도안
1924,C01-S01-I03-N03,C01,신불
1924,C01-S01-I03-N03,C01,세계
1924,C01-S01-I03-N03,C01,천국급선경
1924,C01-S01-I03-N03,C01,책임
1924,C01-S01-I03-N03,C01,후천시대
1924,C01-S01-I03-N03,C01,종교적
1924,C01-S01-I03-N03,C01,정신
1924,C01-S01-I03-N03,C01,무궁
1924,C01-S01-I03-N03,C01,건설
1924,C01-S01-I03-N03,C01,인내천
1924,C01-S01-I03-N03,C01,시대
1924,C01-S02-I00-N01,C01,종교적
1924,C01-S02-I00-N01,C01,정신
1924,C01-S02-I00-N01,C01,무궁
1924,C01-S02-I00-N01,C01,원인
1924,C01-S02-I00-N01,C01,무궁
1924,C01-S02-I00-N01,C01,종교적
1924,C01-S02-I00-N01,C01,근저
1924,C01-S02-I00-N01,C01,상술
1924,C01-S02-I00-N01,C01,신사회
1924,C01-S02-I00-N01,C01,인내천
1924,C01-S02-I00-N01,C01,종교적
1924,C01-S02-I00-N01,C01,요소
1924,C01-S02-I01-N01,C01,종교적
1924,C01-S02-I01-N01,C01,신념
1924,C01-S02-I01-N01,C01,과학
1924,C01-S02-I01-N01,C01,사실증명
1924,C01-S02-I01-N01,C01,철학
1924,C01-S02-I01-N01,C01,이론적
1924,C01-S02-I01-N01,C01,사색
1924,C01-S02-I01-N01,C01,무궁
1924,C01-S02-I01-N01,C01,근저
1924,C01-S02-I01-N01,C01,불사의
1924,C01-S02-I01-N01,C01,신비적
1924,C01-S02-I01-N01,C01,기분
1924,C01-S02-I01-N01,C01,만약
1924,C01-S02-I01-N01,C01,신비
1924,C01-S02-I01-N01,C01,파괴
1924,C01-S02-I01-N01,C01,신비적
1924,C01-S02-I01-N01,C01,내용
1924,C01-S02-I01-N01,C01,무종교적
1924,C01-S02-I01-N01,C01,상태
1924,C01-S02-I01-N01,C01,대개
1924,C01-S02-I01-N01,C01,근대
1924,C01-S02-I01-N01,C01,문명
1924,C01-S02-I01-N01,C01,요소
1924,C01-S02-I01-N01,C01,과학적
1924,C01-S02-I01-N01,C01,사상
1924,C01-S02-I01-N01,C01,의미
1924,C01-S02-I01-N01,C01,신비
1924,C01-S02-I01-N01,C01,파괴
1924,C01-S02-I01-N01,C01,임무
1924,C01-S02-I01-N01,C01,천문학
1924,C01-S02-I01-N01,C01,공간
1924,C01-S02-I01-N01,C01,기계적
1924,C01-S02-I01-N01,C01,역학적
1924,C01-S02-I01-N01,C01,관계
1924,C01-S02-I01-N01,C01,해부
1924,C01-S02-I01-N01,C01,생리학
1924,C01-S02-I01-N01,C01,육체
1924,C01-S02-I01-N01,C01,물리적
1924,C01-S02-I01-N01,C01,화학적
1924,C01-S02-I01-N01,C01,변화
1924,C01-S02-I01-N01,C01,증명
1924,C01-S02-I01-N01,C01,이화학
1924,C01-S02-I01-N01,C01,자연계
1924,C01-S02-I01-N01,C01,일종
1924,C01-S02-I01-N01,C01,맹목적
1924,C01-S02-I01-N01,C01,물질
1924,C01-S02-I01-N01,C01,現象
1924,C01-S02-I01-N01,C01,판정
1924,C01-S02-I01-N02,C01,우주관
1924,C01-S02-I01-N02,C01,인생관
1924,C01-S02-I01-N02,C01,신비적
1924,C01-S02-I01-N02,C01,감능
1924,C01-S02-I01-N02,C01,신비
1924,C01-S02-I01-N02,C01,파괴
1924,C01-S02-I01-N02,C01,결국
1924,C01-S02-I01-N02,C01,영향
1924,C01-S02-I01-N02,C01,종교적
1924,C01-S02-I01-N02,C01,불신성
1924,C01-S02-I01-N02,C01,무종교적
1924,C01-S02-I01-N02,C01,경향
1924,C01-S02-I01-N02,C01,원인
1924,C01-S02-I01-N02,C01,신비
1924,C01-S02-I01-N02,C01,대두
1924,C01-S02-I01-N02,C01,여지
1924,C01-S02-I01-N02,C01,신비
1924,C01-S02-I01-N02,C01,영원
1924,C01-S02-I01-N02,C01,강복
1924,C01-S02-I01-N03,C01,과학
1924,C01-S02-I01-N03,C01,신비
1924,C01-S02-I01-N03,C01,근절
1924,C01-S02-I01-N03,C01,본능
1924,C01-S02-I01-N03,C01,무궁
1924,C01-S02-I01-N03,C01,否認
1924,C01-S02-I01-N03,C01,정도
1924,C01-S02-I01-N03,C01,물론
1924,C01-S02-I01-N03,C01,과학
1924,C01-S02-I01-N03,C01,신비
1924,C01-S02-I01-N03,C01,파괴
1924,C01-S02-I01-N03,C01,대수단
1924,C01-S02-I01-N03,C01,현저
1924,C01-S02-I01-N03,C01,자가
1924,C01-S02-I01-N03,C01,승리
1924,C01-S02-I01-N03,C01,사실
1924,C01-S02-I01-N03,C01,과학
1924,C01-S02-I01-N03,C01,파괴
1924,C01-S02-I01-N03,C01,신비
1924,C01-S02-I01-N03,C01,신비
1924,C01-S02-I01-N03,C01,당연
1924,C01-S02-I01-N03,C01,파멸
1924,C01-S02-I01-N03,C01,성질
1924,C01-S02-I01-N03,C01,신비
1924,C01-S02-I01-N03,C01,낭만적
1924,C01-S02-I01-N03,C01,신비
1924,C01-S02-I01-N03,C01,신화적
1924,C01-S02-I01-N03,C01,신비
1924,C01-S02-I01-N04,C01,과거
1924,C01-S02-I01-N04,C01,祖先
1924,C01-S02-I01-N04,C01,유치
1924,C01-S02-I01-N04,C01,사상
1924,C01-S02-I01-N04,C01,공상
1924,C01-S02-I01-N04,C01,무근저
1924,C01-S02-I01-N04,C01,무증거
1924,C01-S02-I01-N04,C01,허위적
1924,C01-S02-I01-N04,C01,신비
1924,C01-S02-I01-N04,C01,파괴
1924,C01-S02-I01-N04,C01,기실
1924,C01-S02-I01-N04,C01,신비
1924,C01-S02-I01-N04,C01,신비
1924,C01-S02-I01-N04,C01,동요
1924,C01-S02-I01-N04,C01,천지
1924,C01-S02-I01-N04,C01,고금
1924,C01-S02-I01-N04,C01,엄연
1924,C01-S02-I01-N04,C01,존립
1924,C01-S02-I01-N04,C01,과학
1924,C01-S02-I01-N04,C01,도저
1924,C01-S02-I01-N04,C01,파괴
1924,C01-S02-I01-N04,C01,능력
1924,C01-S02-I01-N04,C01,일진
1924,C01-S02-I01-N04,C01,하자
1924,C01-S02-I01-N04,C01,일진
1924,C01-S02-I01-N04,C01,문제
1924,C01-S02-I01-N04,C01,일진
1924,C01-S02-I01-N04,C01,조직
1924,C01-S02-I01-N04,C01,과학적
1924,C01-S02-I01-N04,C01,고찰
1924,C01-S02-I01-N05,C01,일진
1924,C01-S02-I01-N05,C01,분해
1924,C01-S02-I01-N05,C01,구성
1924,C01-S02-I01-N05,C01,분자
1924,C01-S02-I01-N05,C01,분자
1924,C01-S02-I01-N05,C01,원자
1924,C01-S02-I01-N05,C01,원원자
1924,C01-S02-I01-N05,C01,과학적
1924,C01-S02-I01-N05,C01,사색
1924,C01-S02-I01-N05,C01,원원자
1924,C01-S02-I01-N05,C01,구극
1924,C01-S02-I01-N05,C01,대본원
1924,C01-S02-I01-N05,C01,무궁
1924,C01-S02-I01-N05,C01,복재
1924,C01-S02-I01-N05,C01,무궁
1924,C01-S02-I01-N05,C01,무궁
1924,C01-S02-I01-N05,C01,과학적
1924,C01-S02-I01-N05,C01,사색
1924,C01-S02-I01-N05,C01,용훼
1924,C01-S02-I01-N05,C01,경애
1924,C01-S02-I01-N05,C01,신비
1924,C01-S02-I01-N05,C01,경애
1924,C01-S02-I01-N06,C01,신비적
1924,C01-S02-I01-N06,C01,경애
1924,C01-S02-I01-N06,C01,과거
1924,C01-S02-I01-N06,C01,종교적
1924,C01-S02-I01-N06,C01,미신
1924,C01-S02-I01-N06,C01,신비
1924,C01-S02-I01-N06,C01,판이
1924,C01-S02-I01-N06,C01,신비
1924,C01-S02-I01-N06,C01,정로
1924,C01-S02-I01-N06,C01,신비
1924,C01-S02-I01-N06,C01,사실
1924,C01-S02-I01-N06,C01,연쇄
1924,C01-S02-I01-N06,C01,신비
1924,C01-S02-I01-N06,C01,현실
1924,C01-S02-I01-N06,C01,무궁적
1924,C01-S02-I01-N06,C01,신비주의
1924,C01-S02-I01-N06,C01,만상
1924,C01-S02-I01-N06,C01,표현
1924,C01-S02-I01-N06,C01,신비
1924,C01-S02-I01-N06,C01,경애
1924,C01-S02-I01-N06,C01,신비
1924,C01-S02-I01-N06,C01,사유
1924,C01-S02-I01-N06,C01,자기
1924,C01-S02-I01-N06,C01,自身
1924,C01-S02-I01-N06,C01,사유
1924,C01-S02-I01-N07,C01,자기
1924,C01-S02-I01-N07,C01,사유
1924,C01-S02-I01-N07,C01,상대
1924,C01-S02-I01-N07,C01,대상
1924,C01-S02-I01-N07,C01,숭배
1924,C01-S02-I01-N07,C01,자기
1924,C01-S02-I01-N07,C01,自身
1924,C01-S02-I01-N07,C01,숭배
1924,C01-S02-I01-N07,C01,박약
1924,C01-S02-I01-N07,C01,무형
1924,C01-S02-I01-N07,C01,자기
1924,C01-S02-I01-N07,C01,성심
1924,C01-S02-I01-N07,C01,숭배
1924,C01-S02-I01-N07,C01,희한
1924,C01-S02-I01-N07,C01,태고
1924,C01-S02-I01-N07,C01,祖先
1924,C01-S02-I01-N07,C01,대상
1924,C01-S02-I01-N07,C01,일월
1924,C01-S02-I01-N07,C01,수화
1924,C01-S02-I01-N07,C01,내지
1924,C01-S02-I01-N07,C01,동물
1924,C01-S02-I01-N07,C01,神聖
1924,C01-S02-I01-N07,C01,숭배
1924,C01-S02-I01-N07,C01,자기
1924,C01-S02-I01-N07,C01,自身
1924,C01-S02-I01-N07,C01,숭배
1924,C01-S02-I01-N07,C01,자기
1924,C01-S02-I01-N07,C01,폭기
1924,C01-S02-I01-N07,C01,관념
1924,C01-S02-I01-N07,C01,제각
1924,C01-S02-I01-N07,C01,이유
1924,C01-S02-I01-N07,C01,현실
1924,C01-S02-I01-N07,C01,신비
1924,C01-S02-I01-N07,C01,현실
1924,C01-S02-I01-N07,C01,자기
1924,C01-S02-I01-N07,C01,自身
1924,C01-S02-I01-N08,C01,만유
1924,C01-S02-I01-N08,C01,否認
1924,C01-S02-I01-N08,C01,억단자
1924,C01-S02-I01-N08,C01,자기
1924,C01-S02-I01-N08,C01,否認
1924,C01-S02-I01-N08,C01,자기
1924,C01-S02-I01-N08,C01,현실
1924,C01-S02-I01-N08,C01,신비
1924,C01-S02-I01-N08,C01,신비력
1924,C01-S02-I01-N08,C01,물건
1924,C01-S02-I01-N08,C01,과학자
1924,C01-S02-I01-N08,C01,여하
1924,C01-S02-I01-N08,C01,인체
1924,C01-S02-I01-N08,C01,해부
1924,C01-S02-I01-N08,C01,물질적
1924,C01-S02-I01-N08,C01,기계적
1924,C01-S02-I01-N08,C01,판단
1924,C01-S02-I01-N08,C01,생명
1924,C01-S02-I01-N08,C01,감정
1924,C01-S02-I01-N08,C01,起源
1924,C01-S02-I01-N08,C01,내지
1924,C01-S02-I01-N08,C01,육체적
1924,C01-S02-I01-N08,C01,물질
1924,C01-S02-I01-N08,C01,起源
1924,C01-S02-I01-N08,C01,만유
1924,C01-S02-I01-N08,C01,관계
1924,C01-S02-I01-N08,C01,起源
1924,C01-S02-I01-N08,C01,무궁
1924,C01-S02-I01-N08,C01,미래
1924,C01-S02-I01-N08,C01,구경
1924,C01-S02-I01-N08,C01,목적
1924,C01-S02-I01-N08,C01,해시
1924,C01-S02-I01-N08,C01,만일
1924,C01-S02-I01-N08,C01,표면적
1924,C01-S02-I01-N08,C01,형식적
1924,C01-S02-I01-N08,C01,관계적
1924,C01-S02-I01-N08,C01,상대적
1924,C01-S02-I01-N08,C01,불외
1924,C01-S02-I01-N09,C01,신사회
1924,C01-S02-I01-N09,C01,종교적
1924,C01-S02-I01-N09,C01,정신
1924,C01-S02-I01-N09,C01,과거
1924,C01-S02-I01-N09,C01,사회
1924,C01-S02-I01-N09,C01,미신
1924,C01-S02-I01-N09,C01,신비
1924,C01-S02-I01-N09,C01,소멸
1924,C01-S02-I01-N09,C01,내이
1924,C01-S02-I01-N09,C01,신비주의
1924,C01-S02-I01-N09,C01,안전
1924,C01-S02-I01-N09,C01,목도
1924,C01-S02-I01-N09,C01,현실
1924,C01-S02-I01-N09,C01,일층
1924,C01-S02-I01-N09,C01,위대
1924,C01-S02-I01-N09,C01,일층
1924,C01-S02-I01-N09,C01,경이
1924,C01-S02-I01-N09,C01,신비
1924,C01-S02-I01-N09,C01,발견
1924,C01-S02-I01-N09,C01,자기
1924,C01-S02-I01-N09,C01,自身
1924,C01-S02-I01-N09,C01,존재
1924,C01-S02-I01-N09,C01,구분
1924,C01-S02-I01-N09,C01,무궁
1924,C01-S02-I01-N09,C01,경애
1924,C01-S02-I01-N09,C01,신앙
1924,C01-S02-I01-N09,C01,대기초
1924,C01-S02-I01-N09,C01,건설
1924,C01-S02-I01-N09,C01,신앙
1924,C01-S02-I01-N09,C01,신사회
1924,C01-S02-I01-N09,C01,생활
1924,C01-S02-I01-N09,C01,요소
1924,C01-S02-I01-N09,C01,연결
1924,C01-S02-I01-N09,C01,신앙
1924,C01-S02-I02-N01,C01,상술
1924,C01-S02-I02-N01,C01,장래
1924,C01-S02-I02-N01,C01,신앙
1924,C01-S02-I02-N01,C01,신화적
1924,C01-S02-I02-N01,C01,낭만적
1924,C01-S02-I02-N01,C01,신비주의
1924,C01-S02-I02-N01,C01,소멸
1924,C01-S02-I02-N01,C01,현실신비주의
1924,C01-S02-I02-N01,C01,기초
1924,C01-S02-I02-N01,C01,완성
1924,C01-S02-I02-N01,C01,필연적
1924,C01-S02-I02-N01,C01,장래
1924,C01-S02-I02-N01,C01,신앙
1924,C01-S02-I02-N01,C01,허무
1924,C01-S02-I02-N01,C01,위안적
1924,C01-S02-I02-N01,C01,무궁
1924,C01-S02-I02-N01,C01,실천적
1924,C01-S02-I02-N01,C01,흥미
1924,C01-S02-I02-N01,C01,종교
1924,C01-S02-I02-N01,C01,목적
1924,C01-S02-I02-N01,C01,위안
1924,C01-S02-I02-N01,C01,경단
1924,C01-S02-I02-N01,C01,과거
1924,C01-S02-I02-N01,C01,종교
1924,C01-S02-I02-N01,C01,대개
1924,C01-S02-I02-N01,C01,허무
1924,C01-S02-I02-N01,C01,신화적
1924,C01-S02-I02-N01,C01,교리
1924,C01-S02-I02-N01,C01,인심
1924,C01-S02-I02-N01,C01,농락
1924,C01-S02-I02-N01,C01,구사회
1924,C01-S02-I02-N01,C01,신앙
1924,C01-S02-I02-N01,C01,하고
1924,C01-S02-I02-N01,C01,허무적
1924,C01-S02-I02-N01,C01,위안
1924,C01-S02-I02-N01,C01,술책
1924,C01-S02-I02-N01,C01,민중
1924,C01-S02-I02-N01,C01,원인
1924,C01-S02-I02-N01,C01,일례
1924,C01-S02-I02-N01,C01,제일
1924,C01-S02-I02-N01,C01,자각
1924,C01-S02-I02-N01,C01,위력
1924,C01-S02-I02-N01,C01,장애
1924,C01-S02-I02-N01,C01,마력
1924,C01-S02-I02-N01,C01,피차
1924,C01-S02-I02-N01,C01,상적
1924,C01-S02-I02-N02,C01,대개
1924,C01-S02-I02-N02,C01,인류
1924,C01-S02-I02-N02,C01,지력
1924,C01-S02-I02-N02,C01,유치
1924,C01-S02-I02-N02,C01,시대
1924,C01-S02-I02-N02,C01,유치
1924,C01-S02-I02-N02,C01,지력
1924,C01-S02-I02-N02,C01,만유자연현상
1924,C01-S02-I02-N02,C01,위력
1924,C01-S02-I02-N02,C01,대조
1924,C01-S02-I02-N02,C01,도저
1924,C01-S02-I02-N02,C01,이해
1924,C01-S02-I02-N02,C01,정복
1924,C01-S02-I02-N02,C01,저항
1924,C01-S02-I02-N02,C01,능력
1924,C01-S02-I02-N02,C01,필연
1924,C01-S02-I02-N02,C01,공상적
1924,C01-S02-I02-N02,C01,자위자안
1924,C01-S02-I02-N02,C01,폭풍신뢰
1924,C01-S02-I02-N02,C01,거해교악
1924,C01-S02-I02-N02,C01,내지
1924,C01-S02-I02-N02,C01,홍수
1924,C01-S02-I02-N02,C01,악수
1924,C01-S02-I02-N02,C01,재해
1924,C01-S02-I02-N02,C01,원인
1924,C01-S02-I02-N02,C01,연구
1924,C01-S02-I02-N02,C01,저항
1924,C01-S02-I02-N02,C01,지능
1924,C01-S02-I02-N02,C01,박약
1924,C01-S02-I02-N02,C01,결과
1924,C01-S02-I02-N02,C01,불가불
1924,C01-S02-I02-N02,C01,강복적
1924,C01-S02-I02-N02,C01,태도
1924,C01-S02-I02-N02,C01,숭배
1924,C01-S02-I02-N02,C01,자위자안
1924,C01-S02-I02-N02,C01,가련
1924,C01-S02-I02-N02,C01,신앙심
1924,C01-S02-I02-N02,C01,후세
1924,C01-S02-I02-N02,C01,종교
1924,C01-S02-I02-N02,C01,발달
1924,C01-S02-I02-N02,C01,일신적
1924,C01-S02-I02-N02,C01,숭배시대
1924,C01-S02-I02-N02,C01,도달
1924,C01-S02-I02-N02,C01,위안적
1924,C01-S02-I02-N02,C01,기분
1924,C01-S02-I02-N02,C01,중요
1924,C01-S02-I02-N02,C01,종교적
1924,C01-S02-I02-N02,C01,정신요소
1924,C01-S02-I02-N03,C01,발달
1924,C01-S02-I02-N03,C01,종교
1924,C01-S02-I02-N03,C01,인류
1924,C01-S02-I02-N03,C01,죄악
1924,C01-S02-I02-N03,C01,종자
1924,C01-S02-I02-N03,C01,세계
1924,C01-S02-I02-N03,C01,악마
1924,C01-S02-I02-N03,C01,원인
1924,C01-S02-I02-N03,C01,지력
1924,C01-S02-I02-N03,C01,역량
1924,C01-S02-I02-N03,C01,원인
1924,C01-S02-I02-N03,C01,연구
1924,C01-S02-I02-N03,C01,결함
1924,C01-S02-I02-N03,C01,교정
1924,C01-S02-I02-N03,C01,능력
1924,C01-S02-I02-N03,C01,세계
1924,C01-S02-I02-N03,C01,진화법칙
1924,C01-S02-I02-N03,C01,몰각
1924,C01-S02-I02-N03,C01,사회제도
1924,C01-S02-I02-N03,C01,개조적
1924,C01-S02-I02-N03,C01,역능
1924,C01-S02-I02-N03,C01,박약
1924,C01-S02-I02-N03,C01,어시호
1924,C01-S02-I02-N03,C01,신비
1924,C01-S02-I02-N03,C01,동경
1924,C01-S02-I02-N03,C01,세계
1924,C01-S02-I02-N03,C01,천국
1924,C01-S02-I02-N03,C01,공상
1924,C01-S02-I02-N03,C01,현세
1924,C01-S02-I02-N03,C01,태도
1924,C01-S02-I02-N03,C01,퇴굴적
1924,C01-S02-I02-N03,C01,소극적
1924,C01-S02-I02-N03,C01,극단
1924,C01-S02-I02-N03,C01,자심
1924,C01-S02-I02-N03,C01,위안
1924,C01-S02-I02-N03,C01,방법
1924,C01-S02-I02-N03,C01,내세
1924,C01-S02-I02-N03,C01,몽상
1924,C01-S02-I02-N03,C01,칩훼적
1924,C01-S02-I02-N03,C01,수양
1924,C01-S02-I02-N03,C01,계속
1924,C01-S02-I02-N04,C01,현대
1924,C01-S02-I02-N04,C01,문명
1924,C01-S02-I02-N04,C01,과학적
1924,C01-S02-I02-N04,C01,건설
1924,C01-S02-I02-N04,C01,종교적
1924,C01-S02-I02-N04,C01,신앙
1924,C01-S02-I02-N04,C01,구사회
1924,C01-S02-I02-N04,C01,신앙
1924,C01-S02-I02-N04,C01,퇴굴적
1924,C01-S02-I02-N04,C01,정면
1924,C01-S02-I02-N04,C01,신사회
1924,C01-S02-I02-N04,C01,위안
1924,C01-S02-I02-N04,C01,퇴굴적
1924,C01-S02-I02-N04,C01,만족
1924,C01-S02-I02-N04,C01,성적
1924,C01-S02-I02-N04,C01,神性
1924,C01-S02-I02-N04,C01,체현
1924,C01-S02-I02-N04,C01,세상적
1924,C01-S02-I02-N04,C01,천국
1924,C01-S02-I02-N04,C01,건설
1924,C01-S02-I02-N04,C01,실천적
1924,C01-S02-I02-N04,C01,흥미
1924,C01-S02-I02-N04,C01,성적
1924,C01-S02-I02-N04,C01,자기
1924,C01-S02-I02-N04,C01,발전
1924,C01-S02-I02-N04,C01,자기
1924,C01-S02-I02-N04,C01,향상
1924,C01-S02-I02-N04,C01,무궁
1924,C01-S02-I02-N04,C01,추구
1924,C01-S02-I02-N04,C01,무궁
1924,C01-S02-I02-N04,C01,실천
1924,C01-S02-I02-N04,C01,흥미
1924,C01-S02-I02-N04,C01,인간
1924,C01-S02-I02-N04,C01,인간
1924,C01-S02-I02-N04,C01,전부
1924,C01-S02-I02-N04,C01,행복
1924,C01-S02-I02-N04,C01,요구
1924,C01-S02-I02-N04,C01,정신
1924,C01-S02-I02-N04,C01,신앙
1924,C01-S02-I02-N04,C01,신사회
1924,C01-S02-I02-N04,C01,신앙
1924,C01-S02-I02-N04,C01,소극적
1924,C01-S02-I02-N04,C01,위안
1924,C01-S02-I02-N04,C01,적극적
1924,C01-S02-I02-N04,C01,실천적
1924,C01-S02-I02-N04,C01,이상적
1924,C01-S02-I02-N04,C01,건설
1924,C01-S02-I02-N04,C01,추요
1924,C01-S02-I02-N04,C01,무한
1924,C01-S02-I02-N04,C01,동적
1924,C01-S02-I02-N04,C01,흥미
1924,C01-S02-I02-N04,C01,생맥
1924,C01-S02-I03-N01,C01,일신교
1924,C01-S02-I03-N01,C01,종교적
1924,C01-S02-I03-N01,C01,요소
1924,C01-S02-I03-N01,C01,초인적
1924,C01-S02-I03-N01,C01,세력
1924,C01-S02-I03-N01,C01,초인적
1924,C01-S02-I03-N01,C01,세력
1924,C01-S02-I03-N01,C01,귀의
1924,C01-S02-I03-N01,C01,초인적
1924,C01-S02-I03-N01,C01,세력
1924,C01-S02-I03-N01,C01,희망
1924,C01-S02-I03-N01,C01,祈願
1924,C01-S02-I03-N01,C01,주요
1924,C01-S02-I03-N01,C01,요소
1924,C01-S02-I03-N01,C01,요소
1924,C01-S02-I03-N01,C01,타력적
1924,C01-S02-I03-N01,C01,신앙
1924,C01-S02-I03-N01,C01,우주
1924,C01-S02-I03-N01,C01,확실
1924,C01-S02-I03-N01,C01,전우주
1924,C01-S02-I03-N01,C01,지배
1924,C01-S02-I03-N01,C01,위대
1924,C01-S02-I03-N01,C01,사실
1924,C01-S02-I03-N01,C01,과학자
1924,C01-S02-I03-N01,C01,철학자
1924,C01-S02-I03-N01,C01,종교가
1924,C01-S02-I03-N01,C01,각기
1924,C01-S02-I03-N01,C01,여하
1924,C01-S02-I03-N01,C01,명사
1924,C01-S02-I03-N01,C01,각자
1924,C01-S02-I03-N01,C01,사유
1924,C01-S02-I03-N01,C01,자유
1924,C01-S02-I03-N01,C01,오인
1924,C01-S02-I03-N01,C01,사고
1924,C01-S02-I03-N01,C01,우주
1924,C01-S02-I03-N01,C01,원력
1924,C01-S02-I03-N01,C01,보편성
1924,C01-S02-I03-N01,C01,차별성
1924,C01-S02-I03-N01,C01,연통
1924,C01-S02-I03-N01,C01,본래
1924,C01-S02-I03-N01,C01,타력
1924,C01-S02-I03-N01,C01,자력
1924,C01-S02-I03-N01,C01,타력
1924,C01-S02-I03-N01,C01,자력
1924,C01-S02-I03-N01,C01,통일
1924,C01-S02-I03-N01,C01,연대성
1924,C01-S02-I03-N01,C01,통일
1924,C01-S02-I03-N02,C01,일물
1924,C01-S02-I03-N02,C01,일물
1924,C01-S02-I03-N02,C01,일물
1924,C01-S02-I03-N02,C01,섭리
1924,C01-S02-I03-N02,C01,일물
1924,C01-S02-I03-N02,C01,일물
1924,C01-S02-I03-N02,C01,일물
1924,C01-S02-I03-N02,C01,제각
1924,C01-S02-I03-N02,C01,타력
1924,C01-S02-I03-N02,C01,일물
1924,C01-S02-I03-N02,C01,타일물
1924,C01-S02-I03-N02,C01,관계
1924,C01-S02-I03-N02,C01,연대성
1924,C01-S02-I03-N02,C01,통일력
1924,C01-S02-I03-N02,C01,일물
1924,C01-S02-I03-N02,C01,타일물
1924,C01-S02-I03-N02,C01,공존공영
1924,C01-S02-I03-N02,C01,유통
1924,C01-S02-I03-N02,C01,가령
1924,C01-S02-I03-N02,C01,지구
1924,C01-S02-I03-N02,C01,태양
1924,C01-S02-I03-N02,C01,회전
1924,C01-S02-I03-N02,C01,태양
1924,C01-S02-I03-N02,C01,독력
1924,C01-S02-I03-N02,C01,지구
1924,C01-S02-I03-N02,C01,독력
1924,C01-S02-I03-N02,C01,태양
1924,C01-S02-I03-N02,C01,지구
1924,C01-S02-I03-N02,C01,연대성
1924,C01-S02-I03-N02,C01,통일력
1924,C01-S02-I03-N02,C01,지구
1924,C01-S02-I03-N02,C01,물체
1924,C01-S02-I03-N02,C01,견인
1924,C01-S02-I03-N03,C01,지구
1924,C01-S02-I03-N03,C01,물체
1924,C01-S02-I03-N03,C01,지구
1924,C01-S02-I03-N03,C01,물체
1924,C01-S02-I03-N03,C01,관계
1924,C01-S02-I03-N03,C01,구심력
1924,C01-S02-I03-N03,C01,원심력
1924,C01-S02-I03-N03,C01,연대성
1924,C01-S02-I03-N03,C01,통일력
1924,C01-S02-I03-N03,C01,일반
1924,C01-S02-I03-N03,C01,자연계
1924,C01-S02-I03-N03,C01,생존력
1924,C01-S02-I03-N03,C01,자연
1924,C01-S02-I03-N03,C01,각자
1924,C01-S02-I03-N03,C01,연대성적
1924,C01-S02-I03-N03,C01,통일력
1924,C01-S02-I03-N03,C01,연대성
1924,C01-S02-I03-N03,C01,통일
1924,C01-S02-I03-N03,C01,우주
1924,C01-S02-I03-N03,C01,만유
1924,C01-S02-I03-N03,C01,방박
1924,C01-S02-I03-N03,C01,무궁
1924,C01-S02-I03-N03,C01,무궁
1924,C01-S02-I03-N03,C01,몰아적
1924,C01-S02-I03-N03,C01,관념
1924,C01-S02-I03-N03,C01,연대성
1924,C01-S02-I03-N03,C01,통일력
1924,C01-S02-I03-N03,C01,타력
1924,C01-S02-I03-N03,C01,주아적
1924,C01-S02-I03-N03,C01,관념
1924,C01-S02-I03-N03,C01,연대성
1924,C01-S02-I03-N03,C01,통일력
1924,C01-S02-I03-N03,C01,자력
1924,C01-S02-I03-N03,C01,진리
1924,C01-S02-I03-N03,C01,본래
1924,C01-S02-I03-N03,C01,몰아적
1924,C01-S02-I03-N03,C01,주아적
1924,C01-S02-I03-N03,C01,몰아
1924,C01-S02-I03-N03,C01,주아
1924,C01-S02-I03-N03,C01,연대
1924,C01-S02-I03-N03,C01,차별
1924,C01-S02-I03-N03,C01,평등
1924,C01-S02-I03-N03,C01,평등
1924,C01-S02-I03-N03,C01,차별
1924,C01-S02-I03-N03,C01,원리
1924,C01-S02-I03-N04,C01,연대성
1924,C01-S02-I03-N04,C01,통일력
1924,C01-S02-I03-N04,C01,공간적
1924,C01-S02-I03-N04,C01,만유
1924,C01-S02-I03-N04,C01,一切
1924,C01-S02-I03-N04,C01,평등선상
1924,C01-S02-I03-N04,C01,시간적
1924,C01-S02-I03-N04,C01,一切
1924,C01-S02-I03-N04,C01,차별선상
1924,C01-S02-I03-N04,C01,연대성
1924,C01-S02-I03-N04,C01,통일력
1924,C01-S02-I03-N04,C01,진화
1924,C01-S02-I03-N04,C01,이법
1924,C01-S02-I03-N04,C01,말초신경
1924,C01-S02-I03-N04,C01,역적
1924,C01-S02-I03-N04,C01,작용
1924,C01-S02-I03-N04,C01,인류
1924,C01-S02-I03-N04,C01,이론
1924,C01-S02-I03-N04,C01,인류
1924,C01-S02-I03-N04,C01,현상상
1924,C01-S02-I03-N04,C01,만유
1924,C01-S02-I03-N04,C01,영장
1924,C01-S02-I03-N04,C01,진화상
1924,C01-S02-I03-N04,C01,연대성
1924,C01-S02-I03-N04,C01,통일력
1924,C01-S02-I03-N04,C01,말초신경적
1924,C01-S02-I03-N04,C01,인류
1924,C01-S02-I03-N04,C01,만유
1924,C01-S02-I03-N04,C01,소양
1924,C01-S02-I03-N04,C01,차별
1924,C01-S02-I03-N04,C01,일개
1924,C01-S02-I03-N04,C01,植物
1924,C01-S02-I03-N04,C01,종자
1924,C01-S02-I03-N04,C01,과정
1924,C01-S02-I03-N04,C01,전체
1924,C01-S02-I03-N04,C01,연대성
1924,C01-S02-I03-N04,C01,통일력
1924,C01-S02-I03-N04,C01,표현
1924,C01-S02-I03-N04,C01,공간적
1924,C01-S02-I03-N04,C01,시간적
1924,C01-S02-I03-N04,C01,다대
1924,C01-S02-I03-N04,C01,흥미
1924,C01-S02-I03-N05,C01,공간적
1924,C01-S02-I03-N05,C01,지엽
1924,C01-S02-I03-N05,C01,화실
1924,C01-S02-I03-N05,C01,一切
1924,C01-S02-I03-N05,C01,평등
1924,C01-S02-I03-N05,C01,시간적
1924,C01-S02-I03-N05,C01,어시호
1924,C01-S02-I03-N05,C01,차별성
1924,C01-S02-I03-N05,C01,植物
1924,C01-S02-I03-N05,C01,일개
1924,C01-S02-I03-N05,C01,연대성
1924,C01-S02-I03-N05,C01,통일력
1924,C01-S02-I03-N05,C01,결국
1924,C01-S02-I03-N05,C01,진전
1924,C01-S02-I03-N05,C01,물론
1924,C01-S02-I03-N05,C01,각기
1924,C01-S02-I03-N05,C01,자체
1924,C01-S02-I03-N05,C01,연대성
1924,C01-S02-I03-N05,C01,통일력
1924,C01-S02-I03-N05,C01,각기
1924,C01-S02-I03-N05,C01,자기
1924,C01-S02-I03-N05,C01,연대성
1924,C01-S02-I03-N05,C01,통일력
1924,C01-S02-I03-N05,C01,목적
1924,C01-S02-I03-N05,C01,구경
1924,C01-S02-I03-N05,C01,근경지엽
1924,C01-S02-I03-N05,C01,과실
1924,C01-S02-I03-N05,C01,연대성
1924,C01-S02-I03-N05,C01,통일력
1924,C01-S02-I03-N05,C01,과실
1924,C01-S02-I03-N05,C01,과실
1924,C01-S02-I03-N05,C01,연대성
1924,C01-S02-I03-N05,C01,통일력
1924,C01-S02-I03-N05,C01,생존
1924,C01-S02-I03-N06,C01,이유
1924,C01-S02-I03-N06,C01,우주
1924,C01-S02-I03-N06,C01,진화
1924,C01-S02-I03-N06,C01,이법
1924,C01-S02-I03-N06,C01,대조
1924,C01-S02-I03-N06,C01,인류
1924,C01-S02-I03-N06,C01,진화상
1924,C01-S02-I03-N06,C01,연대성
1924,C01-S02-I03-N06,C01,통일력
1924,C01-S02-I03-N06,C01,말초신경
1924,C01-S02-I03-N06,C01,인류
1924,C01-S02-I03-N06,C01,타력
1924,C01-S02-I03-N06,C01,동물
1924,C01-S02-I03-N06,C01,만유
1924,C01-S02-I03-N06,C01,연대성
1924,C01-S02-I03-N06,C01,통일력
1924,C01-S02-I03-N06,C01,포용
1924,C01-S02-I03-N06,C01,종교적
1924,C01-S02-I03-N06,C01,초인적
1924,C01-S02-I03-N06,C01,세력
1924,C01-S02-I03-N06,C01,신앙
1924,C01-S02-I03-N06,C01,기실
1924,C01-S02-I03-N06,C01,시간적
1924,C01-S02-I03-N06,C01,차별성
1924,C01-S02-I03-N06,C01,공간적
1924,C01-S02-I03-N06,C01,평등성
1924,C01-S02-I03-N06,C01,신앙
1924,C01-S02-I03-N06,C01,초인적
1924,C01-S02-I03-N06,C01,세력
1924,C01-S02-I03-N06,C01,귀의
1924,C01-S02-I03-N06,C01,祈願
1924,C01-S02-I03-N06,C01,희망
1924,C01-S02-I03-N06,C01,역시
1924,C01-S02-I03-N06,C01,시간적
1924,C01-S02-I03-N06,C01,차별성
1924,C01-S02-I03-N06,C01,공간적
1924,C01-S02-I03-N06,C01,평등성
1924,C01-S02-I03-N06,C01,귀의
1924,C01-S02-I03-N06,C01,요구
1924,C01-S02-I03-N06,C01,원래
1924,C01-S02-I03-N06,C01,타력
1924,C01-S02-I03-N06,C01,신앙
1924,C01-S02-I03-N06,C01,의타적
1924,C01-S02-I03-N06,C01,위안
1924,C01-S02-I03-N06,C01,종교적
1924,C01-S02-I03-N06,C01,요소
1924,C01-S02-I03-N06,C01,폐해
1924,C01-S02-I03-N06,C01,필경
1924,C01-S02-I03-N06,C01,해독
1924,C01-S02-I03-N06,C01,자체
1924,C01-S02-I03-N06,C01,내용상
1924,C01-S02-I03-N06,C01,타력
1924,C01-S02-I03-N06,C01,노례적
1924,C01-S02-I03-N06,C01,근성
1924,C01-S02-I03-N06,C01,방종적
1924,C01-S02-I03-N06,C01,타락
1924,C01-S02-I03-N06,C01,몰락
1924,C01-S02-I03-N06,C01,내이
1924,C01-S02-I03-N06,C01,금일
1924,C01-S02-I03-N06,C01,이후
1924,C01-S02-I03-N06,C01,종교적
1924,C01-S02-I03-N06,C01,신앙
1924,C01-S02-I03-N06,C01,타력
1924,C01-S02-I03-N06,C01,기인
1924,C01-S02-I03-N06,C01,무궁
1924,C01-S02-I03-N06,C01,기인
1924,C01-S02-I03-N06,C01,전우주
1924,C01-S02-I03-N06,C01,연대성
1924,C01-S02-I03-N06,C01,통일력
1924,C01-S02-I03-N06,C01,신앙
1924,C01-S02-I03-N06,C01,신불
1924,C01-S02-I03-N06,C01,무궁
1924,C01-S02-I03-N06,C01,연대
1924,C01-S02-I03-N06,C01,통일
1924,C01-S02-I03-N06,C01,신앙
1924,C01-S02-I04-N01,C01,금일이후
1924,C01-S02-I04-N01,C01,신사회
1924,C01-S02-I04-N01,C01,유래
1924,C01-S02-I04-N01,C01,종교
1924,C01-S02-I04-N01,C01,경전
1924,C01-S02-I04-N01,C01,여하
1924,C01-S02-I04-N01,C01,일종
1924,C01-S02-I04-N01,C01,연구
1924,C01-S02-I04-N01,C01,문제
1924,C01-S02-I04-N01,C01,과거
1924,C01-S02-I04-N01,C01,인습적
1924,C01-S02-I04-N01,C01,종교
1924,C01-S02-I04-N01,C01,경전
1924,C01-S02-I04-N01,C01,교훈
1924,C01-S02-I04-N01,C01,자연
1924,C01-S02-I04-N01,C01,시대
1924,C01-S02-I04-N01,C01,합리
1924,C01-S02-I04-N01,C01,대반이상
1924,C01-S02-I04-N01,C01,자연도태
1924,C01-S02-I04-N01,C01,소멸
1924,C01-S02-I04-N01,C01,다소
1924,C01-S02-I04-N01,C01,일영구
1924,C01-S02-I04-N01,C01,성질
1924,C01-S02-I04-N01,C01,교훈
1924,C01-S02-I04-N01,C01,세력
1924,C01-S02-I04-N01,C01,사회
1924,C01-S02-I04-N01,C01,영향
1924,C01-S02-I04-N01,C01,일종
1924,C01-S02-I04-N01,C01,수양담
1924,C01-S02-I04-N01,C01,기정
1924,C01-S02-I04-N01,C01,운명
1924,C01-S02-I04-N01,C01,구경전
1924,C01-S02-I04-N01,C01,소멸
1924,C01-S02-I04-N01,C01,신신앙
1924,C01-S02-I04-N01,C01,신경전
1924,C01-S02-I04-N01,C01,의문
1924,C01-S02-I04-N01,C01,원래
1924,C01-S02-I04-N01,C01,일종교
1924,C01-S02-I04-N01,C01,경전
1924,C01-S02-I04-N01,C01,원인
1924,C01-S02-I04-N01,C01,승려제도
1924,C01-S02-I04-N01,C01,발생
1924,C01-S02-I04-N02,C01,승려
1924,C01-S02-I04-N02,C01,특권계급
1924,C01-S02-I04-N02,C01,자기
1924,C01-S02-I04-N02,C01,특권상
1924,C01-S02-I04-N02,C01,지위
1924,C01-S02-I04-N02,C01,보존상
1924,C01-S02-I04-N02,C01,다수적
1924,C01-S02-I04-N02,C01,경전해석
1924,C01-S02-I04-N02,C01,부속적
1924,C01-S02-I04-N02,C01,경전
1924,C01-S02-I04-N02,C01,승려제도
1924,C01-S02-I04-N02,C01,시대
1924,C01-S02-I04-N02,C01,정치
1924,C01-S02-I04-N02,C01,법률
1924,C01-S02-I04-N02,C01,과학
1924,C01-S02-I04-N02,C01,문학
1924,C01-S02-I04-N02,C01,발달
1924,C01-S02-I04-N02,C01,유일
1924,C01-S02-I04-N02,C01,종교적
1924,C01-S02-I04-N02,C01,경전
1924,C01-S02-I04-N02,C01,지식
1924,C01-S02-I04-N02,C01,기초
1924,C01-S02-I04-N02,C01,원인
1924,C01-S02-I04-N02,C01,당시
1924,C01-S02-I04-N02,C01,유치
1924,C01-S02-I04-N02,C01,인지
1924,C01-S02-I04-N02,C01,경전적
1924,C01-S02-I04-N02,C01,지도
1924,C01-S02-I04-N02,C01,불가불
1924,C01-S02-I04-N02,C01,해석적
1924,C01-S02-I04-N02,C01,의미
1924,C01-S02-I04-N02,C01,부속적
1924,C01-S02-I04-N02,C01,경전
1924,C01-S02-I04-N02,C01,원인
1924,C01-S02-I04-N02,C01,과거
1924,C01-S02-I04-N02,C01,종교
1924,C01-S02-I04-N02,C01,다수
1924,C01-S02-I04-N02,C01,경전
1924,C01-S02-I04-N02,C01,금일
1924,C01-S02-I04-N02,C01,원인
1924,C01-S02-I04-N02,C01,소멸
1924,C01-S02-I04-N02,C01,내이
1924,C01-S02-I04-N03,C01,금일
1924,C01-S02-I04-N03,C01,세상
1924,C01-S02-I04-N03,C01,과학
1924,C01-S02-I04-N03,C01,철학
1924,C01-S02-I04-N03,C01,문학
1924,C01-S02-I04-N03,C01,기타
1924,C01-S02-I04-N03,C01,만종
1924,C01-S02-I04-N03,C01,전문적
1924,C01-S02-I04-N03,C01,지식
1924,C01-S02-I04-N03,C01,생활
1924,C01-S02-I04-N03,C01,직접
1924,C01-S02-I04-N03,C01,필요상
1924,C01-S02-I04-N03,C01,요구
1924,C01-S02-I04-N03,C01,하가
1924,C01-S02-I04-N03,C01,종교적
1924,C01-S02-I04-N03,C01,경전
1924,C01-S02-I04-N03,C01,일률
1924,C01-S02-I04-N03,C01,몰두전심
1924,C01-S02-I04-N03,C01,신사회
1924,C01-S02-I04-N03,C01,구식
1924,C01-S02-I04-N03,C01,경전
1924,C01-S02-I04-N03,C01,신식
1924,C01-S02-I04-N03,C01,경전
1924,C01-S02-I04-N03,C01,불필요
1924,C01-S02-I04-N03,C01,종교적
1924,C01-S02-I04-N03,C01,교리
1924,C01-S02-I04-N03,C01,경전적
1924,C01-S02-I04-N03,C01,해석
1924,C01-S02-I04-N03,C01,공식적
1924,C01-S02-I04-N03,C01,진체
1924,C01-S02-I04-N03,C01,음미
1924,C01-S02-I04-N03,C01,대신사
1924,C01-S02-I04-N03,C01,오도
1924,C01-S02-I04-N03,C01,박이약
1924,C01-S02-I04-N03,C01,공식적
1924,C01-S02-I04-N03,C01,교리
1924,C01-S02-I04-N04,C01,대신사
1924,C01-S02-I04-N04,C01,인내천주의
1924,C01-S02-I04-N04,C01,주문
1924,C01-S02-I04-N04,C01,십삼자
1924,C01-S02-I04-N04,C01,세상
1924,C01-S02-I04-N04,C01,십삼자
1924,C01-S02-I04-N04,C01,지극
1924,C01-S02-I04-N04,C01,만권시서
1924,C01-S02-I04-N04,C01,공식적
1924,C01-S02-I04-N04,C01,교리
1924,C01-S02-I04-N04,C01,직업
1924,C01-S02-I04-N04,C01,여하
1924,C01-S02-I04-N04,C01,지식
1924,C01-S02-I04-N04,C01,여하
1924,C01-S02-I04-N04,C01,불구
1924,C01-S02-I04-N04,C01,간단
1924,C01-S02-I04-N04,C01,공식적
1924,C01-S02-I04-N04,C01,교리
1924,C01-S02-I04-N04,C01,내적반
1924,C01-S02-I04-N04,C01,외적
1924,C01-S02-I04-N04,C01,생활
1924,C01-S02-I04-N04,C01,응용적
1924,C01-S02-I04-N04,C01,활교훈
1924,C01-S02-I04-N04,C01,금일이후
1924,C01-S02-I04-N04,C01,교리
1924,C01-S02-I04-N04,C01,공식적
1924,C01-S02-I04-N04,C01,교리
1924,C01-S02-I04-N04,C01,무궁
1924,C01-S02-I04-N04,C01,사실적
1924,C01-S02-I04-N04,C01,지식
1924,C01-S02-I04-N04,C01,과학
1924,C01-S02-I04-N04,C01,대개
1924,C01-S02-I04-N04,C01,구사회
1924,C01-S02-I04-N04,C01,종교
1924,C01-S02-I04-N04,C01,신사회적
1924,C01-S02-I04-N04,C01,생활요소
1924,C01-S02-I04-N04,C01,접근
1924,C01-S02-I04-N04,C01,제일
1924,C01-S02-I04-N04,C01,원인
1924,C01-S02-I04-N04,C01,종교
1924,C01-S02-I04-N04,C01,우주관
1924,C01-S02-I04-N04,C01,인생관
1924,C01-S02-I04-N04,C01,지식
1924,C01-S02-I04-N04,C01,우주관
1924,C01-S02-I04-N04,C01,인생관
1924,C01-S02-I04-N04,C01,부합
1924,C01-S02-I04-N04,C01,물론
1924,C01-S02-I04-N04,C01,종교적
1924,C01-S02-I04-N04,C01,정신
1924,C01-S02-I04-N04,C01,以上
1924,C01-S02-I04-N04,C01,과학
1924,C01-S02-I04-N04,C01,초월
1924,C01-S02-I04-N04,C01,철학
1924,C01-S02-I04-N04,C01,초월
1924,C01-S02-I04-N04,C01,以上
1924,C01-S02-I04-N04,C01,신비적
1924,C01-S02-I04-N04,C01,근저
1924,C01-S02-I04-N04,C01,과학적
1924,C01-S02-I04-N04,C01,지식
1924,C01-S02-I04-N04,C01,기본
1924,C01-S02-I04-N04,C01,요구
1924,C01-S02-I04-N04,C01,당연
1924,C01-S02-I04-N05,C01,종교적
1924,C01-S02-I04-N05,C01,교리
1924,C01-S02-I04-N05,C01,무한
1924,C01-S02-I04-N05,C01,의미
1924,C01-S02-I04-N05,C01,일변
1924,C01-S02-I04-N05,C01,무궁
1924,C01-S02-I04-N05,C01,일변
1924,C01-S02-I04-N05,C01,사실
1924,C01-S02-I04-N05,C01,접속
1924,C01-S02-I04-N05,C01,무궁
1924,C01-S02-I04-N05,C01,직하
1924,C01-S02-I04-N05,C01,사실
1924,C01-S02-I04-N05,C01,경지
1924,C01-S02-I04-N05,C01,사실
1924,C01-S02-I04-N05,C01,직상
1924,C01-S02-I04-N05,C01,무궁
1924,C01-S02-I04-N05,C01,신비
1924,C01-S02-I04-N05,C01,접속
1924,C01-S02-I04-N05,C01,과학적
1924,C01-S02-I04-N05,C01,지식
1924,C01-S02-I04-N05,C01,직상
1924,C01-S02-I04-N05,C01,종교
1924,C01-S02-I04-N05,C01,종교적
1924,C01-S02-I04-N05,C01,신앙
1924,C01-S02-I04-N05,C01,순하
1924,C01-S02-I04-N05,C01,과학
1924,C01-S02-I04-N05,C01,철학
1924,C01-S02-I04-N05,C01,포용
1924,C01-S02-I04-N05,C01,신종교
1924,C01-S02-I04-N05,C01,공식적
1924,C01-S02-I04-N05,C01,교리
1924,C01-S02-I04-N05,C01,내용상
1924,C01-S02-I04-N05,C01,포용
1924,C01-S02-I04-N05,C01,동시
1924,C01-S02-I04-N05,C01,현실
1924,C01-S02-I04-N05,C01,생활
1924,C01-S02-I04-N05,C01,진리
1924,C01-S02-I04-N05,C01,포함
1924,C01-S02-I05-N01,C01,전절
1924,C01-S02-I05-N01,C01,선천
1924,C01-S02-I05-N01,C01,종교
1924,C01-S02-I05-N01,C01,理想
1924,C01-S02-I05-N01,C01,후천
1924,C01-S02-I05-N01,C01,종교
1924,C01-S02-I05-N01,C01,건설
1924,C01-S02-I05-N01,C01,구종교
1924,C01-S02-I05-N01,C01,신종교
1924,C01-S02-I05-N01,C01,절연
1924,C01-S02-I05-N01,C01,구별
1924,C01-S02-I05-N01,C01,전자
1924,C01-S02-I05-N01,C01,도안적
1924,C01-S02-I05-N01,C01,교리
1924,C01-S02-I05-N01,C01,후자
1924,C01-S02-I05-N01,C01,건설적
1924,C01-S02-I05-N01,C01,교훈
1924,C01-S02-I05-N01,C01,전자
1924,C01-S02-I05-N01,C01,理想
1924,C01-S02-I05-N01,C01,사실
1924,C01-S02-I05-N01,C01,구별
1924,C01-S02-I05-N01,C01,활동
1924,C01-S02-I05-N01,C01,후자
1924,C01-S02-I05-N01,C01,理想
1924,C01-S02-I05-N01,C01,사실
1924,C01-S02-I05-N01,C01,연결
1924,C01-S02-I05-N01,C01,활동
1924,C01-S02-I05-N01,C01,神性
1924,C01-S02-I05-N01,C01,천국
1924,C01-S02-I05-N01,C01,세계
1924,C01-S02-I05-N01,C01,동일선상
1924,C01-S02-I05-N01,C01,유일
1924,C01-S02-I05-N01,C01,무궁
1924,C01-S02-I05-N01,C01,실제
1924,C01-S02-I05-N01,C01,근행
1924,C01-S02-I05-N01,C01,내외
1924,C01-S02-I05-N01,C01,일치
1924,C01-S02-I05-N01,C01,지정의
1924,C01-S02-I05-N01,C01,융화
1924,C01-S02-I05-N01,C01,개조
1924,C01-S02-I05-N01,C01,혁신적
1924,C01-S02-I05-N01,C01,심법
1924,C01-S02-I05-N01,C01,무궁
1924,C01-S02-I05-N01,C01,개척
1924,C01-S02-I05-N01,C01,실제적
1924,C01-S02-I05-N01,C01,활동
1924,C01-S02-I05-N01,C01,신종교
1924,C01-S02-I05-N01,C01,요소
1924,C01-S02-I05-N01,C01,물론
1924,C01-S02-I05-N01,C01,기외
1924,C01-S02-I05-N01,C01,기다
1924,C01-S02-I05-N01,C01,요소
1924,C01-S02-I05-N01,C01,복재
1924,C01-S02-I05-N01,C01,후장
1924,C01-S02-I05-N01,C01,인내천주의
1924,C01-S02-I05-N01,C01,하자
1924,C02-S01-I00-N01,C02,천도
1924,C02-S01-I00-N01,C02,광명정대
1924,C02-S01-I00-N01,C02,이법
1924,C02-S01-I00-N01,C02,세상
1924,C02-S01-I00-N01,C02,교화
1924,C02-S01-I00-N01,C02,천도교
1924,C02-S01-I00-N01,C02,원조
1924,C02-S01-I00-N01,C02,수운대신사
1924,C02-S01-I00-N01,C02,대각
1924,C02-S01-I00-N01,C02,광명
1924,C02-S01-I00-N01,C02,천도
1924,C02-S01-I00-N01,C02,대개
1924,C02-S01-I00-N01,C02,무궁
1924,C02-S01-I00-N01,C02,의미
1924,C02-S01-I00-N01,C02,원만
1924,C02-S01-I00-N01,C02,의미
1924,C02-S01-I00-N01,C02,개벽
1924,C02-S01-I00-N01,C02,의미
1924,C02-S01-I00-N01,C02,자연
1924,C02-S01-I00-N01,C02,의미
1924,C02-S01-I00-N01,C02,동귀일체
1924,C02-S01-I00-N01,C02,의미
1924,C02-S01-I01-N01,C02,대신사
1924,C02-S01-I01-N01,C02,오도
1924,C02-S01-I01-N01,C02,무극대도
1924,C02-S01-I01-N01,C02,무극
1924,C02-S01-I01-N01,C02,광대
1924,C02-S01-I01-N01,C02,무량
1924,C02-S01-I01-N01,C02,불생불멸
1924,C02-S01-I01-N01,C02,무소불재
1924,C02-S01-I01-N01,C02,의미
1924,C02-S01-I01-N01,C02,극광극대
1924,C02-S01-I01-N01,C02,무량성
1924,C02-S01-I01-N01,C02,이법
1924,C02-S01-I01-N01,C02,만물
1924,C02-S01-I01-N01,C02,천도
1924,C02-S01-I01-N01,C02,무량성
1924,C02-S01-I01-N01,C02,무극
1924,C02-S01-I01-N01,C02,위대
1924,C02-S01-I01-N01,C02,증명
1924,C02-S01-I01-N01,C02,고인
1924,C02-S01-I01-N01,C02,무극
1924,C02-S01-I01-N01,C02,생태극
1924,C02-S01-I01-N01,C02,태극
1924,C02-S01-I01-N01,C02,생량의
1924,C02-S01-I01-N01,C02,어법
1924,C02-S01-I01-N01,C02,무극
1924,C02-S01-I01-N01,C02,천지만유
1924,C02-S01-I01-N01,C02,생생
1924,C02-S01-I01-N01,C02,무량성
1924,C02-S01-I01-N01,C02,본원
1924,C02-S01-I01-N01,C02,무극
1924,C02-S01-I01-N01,C02,무궁성
1924,C02-S01-I01-N01,C02,원리
1924,C02-S01-I01-N01,C02,소위
1924,C02-S01-I01-N01,C02,철학상
1924,C02-S01-I01-N01,C02,칠대
1924,C02-S01-I01-N01,C02,불가사의
1924,C02-S01-I01-N01,C02,시공
1924,C02-S01-I01-N01,C02,생명
1924,C02-S01-I01-N01,C02,의식
1924,C02-S01-I01-N01,C02,물질등
1924,C02-S01-I01-N01,C02,起源
1924,C02-S01-I01-N01,C02,무궁
1924,C02-S01-I01-N01,C02,의미
1924,C02-S01-I01-N01,C02,무극
1924,C02-S01-I01-N01,C02,현실신비주의
1924,C02-S01-I01-N01,C02,천지만유
1924,C02-S01-I01-N01,C02,現象
1924,C02-S01-I01-N01,C02,무극
1924,C02-S01-I01-N01,C02,종자
1924,C02-S01-I01-N01,C02,植物
1924,C02-S01-I01-N01,C02,세포
1924,C02-S01-I01-N01,C02,개체
1924,C02-S01-I01-N01,C02,완성
1924,C02-S01-I01-N01,C02,묘법
1924,C02-S01-I01-N01,C02,일종
1924,C02-S01-I01-N01,C02,무극
1924,C02-S01-I01-N01,C02,작용
1924,C02-S01-I02-N01,C02,대신사
1924,C02-S01-I02-N01,C02,천도
1924,C02-S01-I02-N01,C02,유불선
1924,C02-S01-I02-N01,C02,기타
1924,C02-S01-I02-N01,C02,대원
1924,C02-S01-I02-N01,C02,우왈
1924,C02-S01-I02-N01,C02,오도
1924,C02-S01-I02-N01,C02,금불문고불문
1924,C02-S01-I02-N01,C02,금불비고불비
1924,C02-S01-I02-N01,C02,천도
1924,C02-S01-I02-N01,C02,시대
1924,C02-S01-I02-N01,C02,특정
1924,C02-S01-I02-N01,C02,종교
1924,C02-S01-I02-N01,C02,특정
1924,C02-S01-I02-N01,C02,철학
1924,C02-S01-I02-N01,C02,혹시
1924,C02-S01-I02-N01,C02,과학
1924,C02-S01-I02-N01,C02,이치
1924,C02-S01-I02-N01,C02,비교
1924,C02-S01-I02-N01,C02,대원
1924,C02-S01-I02-N01,C02,귀납
1924,C02-S01-I02-N01,C02,불원만
1924,C02-S01-I02-N01,C02,원만
1924,C02-S01-I02-N01,C02,천도
1924,C02-S01-I02-N01,C02,전체
1924,C02-S01-I02-N01,C02,두이목
1924,C02-S01-I02-N01,C02,수족
1924,C02-S01-I02-N01,C02,국부
1924,C02-S01-I02-N01,C02,국부
1924,C02-S01-I02-N01,C02,총합
1924,C02-S01-I02-N01,C02,전체
1924,C02-S01-I02-N01,C02,천도
1924,C02-S01-I02-N01,C02,총성질
1924,C02-S01-I02-N02,C02,천도
1924,C02-S01-I02-N02,C02,물질
1924,C02-S01-I02-N02,C02,정신
1924,C02-S01-I02-N02,C02,理想
1924,C02-S01-I02-N02,C02,사실
1924,C02-S01-I02-N02,C02,진리
1924,C02-S01-I02-N02,C02,총합
1924,C02-S01-I02-N02,C02,절대
1924,C02-S01-I02-N02,C02,천도
1924,C02-S01-I02-N02,C02,일방
1924,C02-S01-I02-N02,C02,사고
1924,C02-S01-I02-N02,C02,일단
1924,C02-S01-I02-N02,C02,단정
1924,C02-S01-I02-N02,C02,무량성
1924,C02-S01-I02-N02,C02,형용
1924,C02-S01-I02-N02,C02,원만
1924,C02-S01-I02-N02,C02,이자
1924,C02-S01-I02-N02,C02,서기
1924,C02-S01-I03-N01,C02,대신사
1924,C02-S01-I03-N01,C02,오도
1924,C02-S01-I03-N01,C02,후천개벽
1924,C02-S01-I03-N01,C02,천도
1924,C02-S01-I03-N01,C02,진화성
1924,C02-S01-I03-N01,C02,무극성
1924,C02-S01-I03-N01,C02,진화
1924,C02-S01-I03-N01,C02,이법
1924,C02-S01-I03-N01,C02,태극
1924,C02-S01-I03-N01,C02,혼원일기
1924,C02-S01-I03-N01,C02,태양계
1924,C02-S01-I03-N01,C02,만유
1924,C02-S01-I03-N01,C02,생물
1924,C02-S01-I03-N01,C02,인류
1924,C02-S01-I03-N01,C02,개벽
1924,C02-S01-I03-N01,C02,천도
1924,C02-S01-I03-N01,C02,고정불동
1924,C02-S01-I03-N01,C02,무궁무궁
1924,C02-S01-I03-N01,C02,개벽성
1924,C02-S01-I03-N01,C02,전우주
1924,C02-S01-I03-N01,C02,조직
1924,C02-S01-I03-N01,C02,순서
1924,C02-S01-I03-N01,C02,전벽
1924,C02-S01-I03-N01,C02,질서
1924,C02-S01-I03-N01,C02,연장
1924,C02-S01-I03-N01,C02,인간계
1924,C02-S01-I03-N01,C02,사리
1924,C02-S01-I03-N01,C02,사물
1924,C02-S01-I03-N01,C02,태고
1924,C02-S01-I03-N01,C02,지금
1924,C02-S01-I03-N01,C02,일정
1924,C02-S01-I03-N01,C02,계단
1924,C02-S01-I03-N01,C02,역사
1924,C02-S01-I03-N01,C02,사상
1924,C02-S01-I03-N01,C02,불완전
1924,C02-S01-I03-N01,C02,완전
1924,C02-S01-I03-N01,C02,대신사
1924,C02-S01-I03-N01,C02,시대
1924,C02-S01-I03-N01,C02,개벽운수
1924,C02-S01-I03-N01,C02,현대
1924,C02-S01-I03-N01,C02,인류
1924,C02-S01-I03-N01,C02,사상
1924,C02-S01-I03-N01,C02,공전
1924,C02-S01-I03-N01,C02,변천
1924,C02-S01-I03-N01,C02,인문개벽
1924,C02-S01-I03-N01,C02,경시
1924,C02-S01-I03-N02,C02,개벽운수
1924,C02-S01-I03-N02,C02,지배
1924,C02-S01-I03-N02,C02,원만무결
1924,C02-S01-I03-N02,C02,천도
1924,C02-S01-I03-N02,C02,법칙
1924,C02-S01-I03-N02,C02,순응
1924,C02-S01-I03-N02,C02,고인
1924,C02-S01-I03-N02,C02,개벽
1924,C02-S01-I03-N02,C02,의의
1924,C02-S01-I03-N02,C02,천개지벽
1924,C02-S01-I03-N02,C02,의미
1924,C02-S01-I03-N02,C02,원시적
1924,C02-S01-I03-N02,C02,천지조판
1924,C02-S01-I03-N02,C02,개벽
1924,C02-S01-I03-N02,C02,대신사
1924,C02-S01-I03-N02,C02,개벽
1924,C02-S01-I03-N02,C02,원시적
1924,C02-S01-I03-N02,C02,개벽
1924,C02-S01-I03-N02,C02,순수
1924,C02-S01-I03-N02,C02,인문개벽
1924,C02-S01-I03-N02,C02,대신사
1924,C02-S01-I03-N02,C02,전자
1924,C02-S01-I03-N02,C02,선천개벽
1924,C02-S01-I03-N02,C02,후자
1924,C02-S01-I03-N02,C02,후천개벽
1924,C02-S01-I03-N02,C02,후천개벽
1924,C02-S01-I03-N02,C02,정신급물질
1924,C02-S01-I03-N02,C02,개벽
1924,C02-S01-I03-N02,C02,정신적
1924,C02-S01-I03-N02,C02,물질적
1924,C02-S01-I03-N02,C02,정신
1924,C02-S01-I03-N02,C02,물질
1924,C02-S01-I03-N02,C02,병행개조
1924,C02-S01-I03-N02,C02,의미
1924,C02-S01-I03-N02,C02,현재
1924,C02-S01-I03-N02,C02,세계사상
1924,C02-S01-I03-N02,C02,정신
1924,C02-S01-I03-N02,C02,물질
1924,C02-S01-I03-N02,C02,양극단
1924,C02-S01-I03-N02,C02,병립
1924,C02-S01-I03-N02,C02,기일
1924,C02-S01-I03-N02,C02,타일
1924,C02-S01-I03-N02,C02,배척
1924,C02-S01-I03-N02,C02,유물론적
1924,C02-S01-I03-N02,C02,사회개조파
1924,C02-S01-I03-N02,C02,유심론적
1924,C02-S01-I03-N02,C02,세계운동자
1924,C02-S01-I03-N02,C02,병립
1924,C02-S01-I03-N02,C02,중화
1924,C02-S01-I03-N02,C02,진리
1924,C02-S01-I03-N02,C02,천도
1924,C02-S01-I03-N02,C02,본래
1924,C02-S01-I03-N02,C02,유물
1924,C02-S01-I03-N02,C02,유심
1924,C02-S01-I03-N02,C02,물심량자
1924,C02-S01-I03-N02,C02,천도
1924,C02-S01-I03-N02,C02,포용
1924,C02-S01-I03-N02,C02,천도
1924,C02-S01-I03-N02,C02,개벽
1924,C02-S01-I03-N02,C02,물심량자
1924,C02-S01-I03-N02,C02,병행개벽
1924,C02-S01-I04-N01,C02,대신사
1924,C02-S01-I04-N01,C02,오도
1924,C02-S01-I04-N01,C02,무위이화
1924,C02-S01-I04-N01,C02,우왈
1924,C02-S01-I04-N01,C02,자연
1924,C02-S01-I04-N01,C02,천도
1924,C02-S01-I04-N01,C02,법칙
1924,C02-S01-I04-N01,C02,무위자연
1924,C02-S01-I04-N01,C02,대개
1924,C02-S01-I04-N01,C02,우주
1924,C02-S01-I04-N01,C02,일정
1924,C02-S01-I04-N01,C02,법칙
1924,C02-S01-I04-N01,C02,만유
1924,C02-S01-I04-N01,C02,일사불란
1924,C02-S01-I04-N01,C02,법칙
1924,C02-S01-I04-N01,C02,진전
1924,C02-S01-I04-N01,C02,오인
1924,C02-S01-I04-N01,C02,천도
1924,C02-S01-I04-N01,C02,사물
1924,C02-S01-I04-N01,C02,당행
1924,C02-S01-I04-N01,C02,사시
1924,C02-S01-I04-N01,C02,순환
1924,C02-S01-I04-N01,C02,만유
1924,C02-S01-I04-N01,C02,진행
1924,C02-S01-I04-N01,C02,당유
1924,C02-S01-I04-N01,C02,천지
1924,C02-S01-I04-N01,C02,일순
1924,C02-S01-I04-N01,C02,자체
1924,C02-S01-I04-N01,C02,보존
1924,C02-S01-I04-N01,C02,불행
1924,C02-S01-I04-N01,C02,인간
1924,C02-S01-I04-N01,C02,지식
1924,C02-S01-I04-N01,C02,사교
1924,C02-S01-I04-N01,C02,허위
1924,C02-S01-I04-N01,C02,망상
1924,C02-S01-I04-N01,C02,사욕
1924,C02-S01-I04-N01,C02,자연
1924,C02-S01-I04-N01,C02,이법
1924,C02-S01-I04-N01,C02,무위
1924,C02-S01-I04-N01,C02,대도
1924,C02-S01-I04-N01,C02,호상
1924,C02-S01-I04-N01,C02,도탄
1924,C02-S01-I04-N01,C02,흡연
1924,C02-S01-I04-N01,C02,맹자
1924,C02-S01-I04-N01,C02,맹자
1924,C02-S01-I04-N01,C02,심연
1924,C02-S01-I04-N01,C02,대신사
1924,C02-S01-I04-N01,C02,천도자연
1924,C02-S01-I04-N01,C02,이법
1924,C02-S01-I04-N01,C02,인계
1924,C02-S01-I04-N01,C02,계시
1924,C02-S01-I04-N01,C02,우연
1924,C02-S01-I04-N01,C02,후장
1924,C02-S01-I04-N01,C02,자연론
1924,C02-S01-I04-N01,C02,참조
1924,C02-S01-I05-N01,C02,대신사
1924,C02-S01-I05-N01,C02,세상
1924,C02-S01-I05-N01,C02,과거
1924,C02-S01-I05-N01,C02,성도
1924,C02-S01-I05-N01,C02,성법
1924,C02-S01-I05-N01,C02,천도
1924,C02-S01-I05-N01,C02,세상
1924,C02-S01-I05-N01,C02,억조
1924,C02-S01-I05-N01,C02,일체
1924,C02-S01-I05-N01,C02,천도
1924,C02-S01-I05-N01,C02,본의
1924,C02-S01-I05-N01,C02,본래
1924,C02-S01-I05-N01,C02,심법
1924,C02-S01-I05-N01,C02,정신
1924,C02-S01-I05-N01,C02,조직
1924,C02-S01-I05-N01,C02,동귀일체
1924,C02-S01-I05-N01,C02,본원적
1924,C02-S01-I05-N01,C02,요소
1924,C02-S01-I05-N01,C02,명시
1924,C02-S01-I05-N01,C02,대신사
1924,C02-S01-I05-N01,C02,항상
1924,C02-S01-I05-N01,C02,우탄
1924,C02-S01-I05-N01,C02,각자위심
1924,C02-S01-I05-N01,C02,동일
1924,C02-S01-I05-N01,C02,심법
1924,C02-S01-I05-N01,C02,전인류
1924,C02-S01-I05-N01,C02,질투
1924,C02-S01-I05-N01,C02,원한
1924,C02-S01-I05-N01,C02,진에
1924,C02-S01-I05-N01,C02,경쟁
1924,C02-S01-I05-N01,C02,악로
1924,C02-S01-I05-N01,C02,멸망
1924,C02-S01-I05-N01,C02,각자위심
1924,C02-S01-I05-N01,C02,불상
1924,C02-S01-I05-N01,C02,각자위심
1924,C02-S01-I05-N01,C02,대원인
1924,C02-S01-I05-N01,C02,억조
1924,C02-S01-I05-N01,C02,천도
1924,C02-S01-I05-N01,C02,대법
1924,C02-S01-I05-N01,C02,후장포덕
1924,C02-S01-I05-N01,C02,개의
1924,C02-S01-I05-N01,C02,참조
1924,C02-S01-I05-N01,C02,여사
1924,C02-S01-I05-N01,C02,천도
1924,C02-S01-I05-N01,C02,무극
1924,C02-S01-I05-N01,C02,원만
1924,C02-S01-I05-N01,C02,개벽
1924,C02-S01-I05-N01,C02,무위자연
1924,C02-S01-I05-N01,C02,동귀일체
1924,C02-S01-I05-N01,C02,오대
1924,C02-S01-I05-N01,C02,법성
1924,C02-S01-I05-N01,C02,오대
1924,C02-S01-I05-N01,C02,법성
1924,C02-S01-I05-N01,C02,인계
1924,C02-S01-I05-N01,C02,천도
1924,C02-S01-I05-N01,C02,교화
1924,C02-S02-I01-N01,C02,천도
1924,C02-S02-I01-N01,C02,본래
1924,C02-S02-I01-N01,C02,신구
1924,C02-S02-I01-N01,C02,고금
1924,C02-S02-I01-N01,C02,구별
1924,C02-S02-I01-N01,C02,신구고금
1924,C02-S02-I01-N01,C02,엄연
1924,C02-S02-I01-N01,C02,존립
1924,C02-S02-I01-N01,C02,대법성
1924,C02-S02-I01-N01,C02,법성
1924,C02-S02-I01-N01,C02,우주
1924,C02-S02-I01-N01,C02,천지
1924,C02-S02-I01-N01,C02,인여물
1924,C02-S02-I01-N01,C02,화생
1924,C02-S02-I01-N01,C02,공자
1924,C02-S02-I01-N01,C02,법성
1924,C02-S02-I01-N01,C02,일단
1924,C02-S02-I01-N01,C02,석가기독
1924,C02-S02-I01-N01,C02,법성
1924,C02-S02-I01-N01,C02,일단
1924,C02-S02-I01-N01,C02,기타
1924,C02-S02-I01-N01,C02,고금
1924,C02-S02-I01-N01,C02,현철
1924,C02-S02-I01-N01,C02,진리
1924,C02-S02-I01-N01,C02,법성
1924,C02-S02-I01-N01,C02,천도
1924,C02-S02-I01-N01,C02,광대
1924,C02-S02-I01-N01,C02,시대시대
1924,C02-S02-I01-N01,C02,특징
1924,C02-S02-I01-N01,C02,표현
1924,C02-S02-I01-N01,C02,조건
1924,C02-S02-I01-N01,C02,성질상
1924,C02-S02-I01-N01,C02,시대
1924,C02-S02-I01-N01,C02,교화
1924,C02-S02-I01-N01,C02,물론
1924,C02-S02-I01-N01,C02,천도
1924,C02-S02-I01-N01,C02,일단
1924,C02-S02-I01-N02,C02,천도
1924,C02-S02-I01-N02,C02,전체
1924,C02-S02-I01-N02,C02,본래
1924,C02-S02-I01-N02,C02,원만무결
1924,C02-S02-I01-N02,C02,일단
1924,C02-S02-I01-N02,C02,교화
1924,C02-S02-I01-N02,C02,천도
1924,C02-S02-I01-N02,C02,천도
1924,C02-S02-I01-N02,C02,전체
1924,C02-S02-I01-N02,C02,대신사
1924,C02-S02-I01-N02,C02,대각
1924,C02-S02-I01-N02,C02,법문
1924,C02-S02-I01-N02,C02,인계
1924,C02-S02-I01-N02,C02,법시
1924,C02-S02-I01-N02,C02,대신사
1924,C02-S02-I01-N02,C02,천도교
1924,C02-S02-I02-N01,C02,교화
1924,C02-S02-I02-N01,C02,억조
1924,C02-S02-I02-N01,C02,대법성
1924,C02-S02-I02-N01,C02,억조자기
1924,C02-S02-I02-N01,C02,법성
1924,C02-S02-I02-N01,C02,법성
1924,C02-S02-I02-N01,C02,대법성
1924,C02-S02-I02-N01,C02,천도
1924,C02-S02-I02-N01,C02,시대
1924,C02-S02-I02-N01,C02,표현
1924,C02-S02-I02-N01,C02,시대
1924,C02-S02-I02-N01,C02,정신
1924,C02-S02-I02-N01,C02,진화
1924,C02-S02-I02-N01,C02,대답
1924,C02-S02-I02-N01,C02,대신사
1924,C02-S02-I02-N01,C02,세상
1924,C02-S02-I02-N01,C02,요순
1924,C02-S02-I02-N01,C02,공맹
1924,C02-S02-I02-N01,C02,과거
1924,C02-S02-I02-N01,C02,성법
1924,C02-S02-I02-N01,C02,현대
1924,C02-S02-I02-N01,C02,진보
1924,C02-S02-I02-N01,C02,민중
1924,C02-S02-I02-N01,C02,사상
1924,C02-S02-I02-N01,C02,적합
1924,C02-S02-I02-N01,C02,진보
1924,C02-S02-I02-N01,C02,사상
1924,C02-S02-I02-N01,C02,인습
1924,C02-S02-I02-N01,C02,교훈
1924,C02-S02-I02-N01,C02,제도
1924,C02-S02-I02-N01,C02,의식
1924,C02-S02-I02-N01,C02,불합치
1924,C02-S02-I02-N01,C02,상식
1924,C02-S02-I02-N01,C02,판단
1924,C02-S02-I02-N01,C02,시대
1924,C02-S02-I02-N01,C02,정신
1924,C02-S02-I02-N01,C02,시대
1924,C02-S02-I02-N01,C02,적합
1924,C02-S02-I02-N01,C02,신신앙
1924,C02-S02-I02-N01,C02,요구
1924,C02-S02-I02-N01,C02,진화
1924,C02-S02-I02-N01,C02,당연
1924,C02-S02-I02-N01,C02,이치
1924,C02-S02-I02-N01,C02,시대
1924,C02-S02-I02-N01,C02,요구
1924,C02-S02-I02-N01,C02,신신앙
1924,C02-S02-I02-N01,C02,천도교
1924,C02-S02-I02-N01,C02,교화
1924,C02-S02-I02-N01,C02,소이
1924,C02-S02-I02-N02,C02,천도
1924,C02-S02-I02-N02,C02,진화
1924,C02-S02-I02-N02,C02,천도
1924,C02-S02-I02-N02,C02,교화
1924,C02-S02-I02-N02,C02,기실
1924,C02-S02-I02-N02,C02,진리
1924,C02-S02-I02-N02,C02,정신
1924,C02-S02-I02-N02,C02,향상
1924,C02-S02-I02-N02,C02,금일
1924,C02-S02-I02-N02,C02,대성
1924,C02-S02-I02-N02,C02,교화
1924,C02-S02-I02-N02,C02,형제
1924,C02-S02-I02-N02,C02,천도교
1924,C02-S02-I02-N02,C02,태도
1924,C02-S02-I02-N02,C02,천도교
1924,C02-S02-I02-N02,C02,각기
1924,C02-S02-I02-N02,C02,자기
1924,C02-S02-I02-N02,C02,종파
1924,C02-S02-I02-N02,C02,모범
1924,C02-S02-I02-N02,C02,당연
1924,C02-S02-I02-N02,C02,하고
1924,C02-S02-I02-N02,C02,천도
1924,C02-S02-I02-N02,C02,진리
1924,C02-S02-I02-N02,C02,완성
1924,C02-S02-I02-N02,C02,천도교
1924,C02-S02-I02-N02,C02,각자
1924,C02-S02-I02-N02,C02,자기
1924,C02-S02-I02-N02,C02,신앙체
1924,C02-S02-I02-N02,C02,이상화
1924,C02-S02-I02-N02,C02,의심
1924,C02-S02-I02-N02,C02,상사
1924,C02-S02-I02-N02,C02,천도교
1924,C02-S02-I02-N02,C02,각자
1924,C02-S02-I02-N02,C02,소신
1924,C02-S02-I02-N02,C02,일부분
1924,C02-S02-I02-N02,C02,일부
1924,C02-S02-I02-N02,C02,총합
1924,C02-S02-I02-N02,C02,융화
1924,C02-S02-I02-N02,C02,순화
1924,C02-S02-I02-N02,C02,영화
1924,C02-S02-I02-N02,C02,대집성
1924,C02-S02-I02-N02,C02,교화
1924,C02-S02-I02-N02,C02,천도교
1924,C02-S02-I02-N02,C02,종교
1924,C02-S02-I02-N02,C02,종교
1924,C02-S02-I02-N02,C02,진리
1924,C02-S02-I02-N02,C02,진리
1924,C02-S02-I02-N02,C02,종파
1924,C02-S02-I02-N02,C02,천도
1924,C02-S02-I02-N02,C02,진리
1924,C02-S02-I02-N02,C02,종교
1924,C02-S02-I02-N02,C02,향상
1924,C02-S02-I02-N02,C02,발달
1924,C02-S02-I02-N02,C02,종교
1924,C02-S02-I02-N02,C02,종교
1924,C02-S02-I02-N02,C02,극단
1924,C02-S02-I02-N02,C02,향상
1924,C02-S02-I02-N02,C02,필경
1924,C02-S02-I02-N02,C02,천도교
1924,C02-S02-I02-N02,C02,이치
1924,C02-S02-I02-N02,C02,과거
1924,C02-S02-I02-N02,C02,선철
1924,C02-S02-I02-N02,C02,복활
1924,C02-S02-I02-N02,C02,否認
1924,C02-S02-I02-N02,C02,현대
1924,C02-S02-I02-N02,C02,민중
1924,C02-S02-I02-N02,C02,의사
1924,C02-S02-I02-N02,C02,소구
1924,C02-S02-I02-N02,C02,불패
1924,C03-S01-I00-N01,C03,천도교
1924,C03-S01-I00-N01,C03,종지
1924,C03-S01-I00-N01,C03,인내천
1924,C03-S01-I00-N01,C03,천도교
1924,C03-S01-I00-N01,C03,이법
1924,C03-S01-I00-N01,C03,광대무량
1924,C03-S01-I00-N01,C03,총정신
1924,C03-S01-I00-N01,C03,인내천
1924,C03-S01-I00-N01,C03,원리
1924,C03-S01-I00-N01,C03,귀결
1924,C03-S01-I00-N01,C03,朝鮮
1924,C03-S01-I00-N01,C03,산맥
1924,C03-S01-I00-N01,C03,천지만엽
1924,C03-S01-I00-N01,C03,분파
1924,C03-S01-I00-N01,C03,주산
1924,C03-S01-I00-N01,C03,백두산
1924,C03-S01-I00-N01,C03,일개인
1924,C03-S01-I00-N01,C03,감정
1924,C03-S01-I00-N01,C03,희로애락
1924,C03-S01-I00-N01,C03,칠종
1924,C03-S01-I00-N01,C03,발현
1924,C03-S01-I00-N01,C03,원인
1924,C03-S01-I00-N01,C03,통고
1924,C03-S01-I00-N01,C03,개인
1924,C03-S01-I00-N01,C03,개체성격
1924,C03-S01-I00-N01,C03,이유
1924,C03-S01-I00-N01,C03,인내천
1924,C03-S01-I00-N01,C03,천도교
1924,C03-S01-I00-N01,C03,성격
1924,C03-S01-I00-N01,C03,정신
1924,C03-S01-I00-N01,C03,천도
1924,C03-S01-I00-N01,C03,천도교
1924,C03-S01-I00-N01,C03,인내천
1924,C03-S01-I00-N01,C03,정신
1924,C03-S01-I00-N01,C03,인내천
1924,C03-S01-I00-N01,C03,분류
1924,C03-S01-I00-N01,C03,인내천
1924,C03-S01-I00-N01,C03,발원
1924,C03-S01-I00-N01,C03,인내천
1924,C03-S01-I00-N01,C03,신앙
1924,C03-S01-I00-N01,C03,인내천
1924,C03-S01-I00-N01,C03,철리
1924,C03-S01-I00-N01,C03,인내천주의
1924,C03-S01-I00-N01,C03,정신
1924,C03-S01-I00-N01,C03,인내천
1924,C03-S01-I00-N01,C03,발원
1924,C03-S01-I00-N01,C03,대신사
1924,C03-S01-I00-N01,C03,각도
1924,C03-S01-I00-N01,C03,대정신
1924,C03-S01-I00-N01,C03,개의
1924,C03-S01-I00-N01,C03,인내천
1924,C03-S01-I00-N01,C03,신앙
1924,C03-S01-I00-N01,C03,천도교
1924,C03-S01-I00-N01,C03,진리신앙
1924,C03-S01-I00-N01,C03,인내천
1924,C03-S01-I00-N01,C03,철리
1924,C03-S01-I00-N01,C03,인내천
1924,C03-S01-I00-N01,C03,진리
1924,C03-S01-I00-N01,C03,철학사상
1924,C03-S01-I00-N01,C03,부합
1924,C03-S02-I01-N01,C03,인내천
1924,C03-S02-I01-N01,C03,발원
1924,C03-S02-I01-N01,C03,대신사
1924,C03-S02-I01-N01,C03,행적
1924,C03-S02-I01-N01,C03,상고
1924,C03-S02-I01-N01,C03,대신사
1924,C03-S02-I01-N01,C03,일출세후
1924,C03-S02-I01-N01,C03,제세안민
1924,C03-S02-I01-N01,C03,혹유
1924,C03-S02-I01-N01,C03,결함
1924,C03-S02-I01-N01,C03,쇠퇴
1924,C03-S02-I01-N01,C03,천지자연
1924,C03-S02-I01-N01,C03,묘법
1924,C03-S02-I01-N01,C03,명상
1924,C03-S02-I01-N01,C03,사색
1924,C03-S02-I01-N01,C03,을묘춘
1924,C03-S02-I01-N01,C03,이인
1924,C03-S02-I01-N01,C03,천서
1924,C03-S02-I01-N01,C03,이후
1924,C03-S02-I01-N01,C03,불출산외
1924,C03-S02-I01-N01,C03,맹서
1924,C03-S02-I01-N01,C03,육개년
1924,C03-S02-I01-N01,C03,경신
1924,C03-S02-I01-N01,C03,사월
1924,C03-S02-I01-N01,C03,오일
1924,C03-S02-I01-N01,C03,대각
1924,C03-S02-I01-N01,C03,경애
1924,C03-S02-I01-N01,C03,대각
1924,C03-S02-I01-N01,C03,경애
1924,C03-S02-I01-N01,C03,시작
1924,C03-S02-I01-N01,C03,대신사
1924,C03-S02-I01-N01,C03,사월
1924,C03-S02-I01-N01,C03,오일
1924,C03-S02-I01-N01,C03,구월
1924,C03-S02-I01-N01,C03,이십일
1924,C03-S02-I01-N01,C03,매매사사
1924,C03-S02-I01-N01,C03,상제
1924,C03-S02-I01-N01,C03,문답
1924,C03-S02-I01-N01,C03,대각
1924,C03-S02-I01-N01,C03,초경
1924,C03-S02-I01-N02,C03,필경
1924,C03-S02-I01-N02,C03,구월
1924,C03-S02-I01-N02,C03,이십일일
1924,C03-S02-I01-N02,C03,오심
1924,C03-S02-I01-N02,C03,즉여심
1924,C03-S02-I01-N02,C03,지천지이무지귀신
1924,C03-S02-I01-N02,C03,귀신자
1924,C03-S02-I01-N02,C03,오야
1924,C03-S02-I01-N02,C03,천어
1924,C03-S02-I01-N02,C03,열연
1924,C03-S02-I01-N02,C03,대각
1924,C03-S02-I01-N02,C03,진리
1924,C03-S02-I01-N02,C03,인내천
1924,C03-S02-I01-N02,C03,초두
1924,C03-S02-I01-N02,C03,의미
1924,C03-S02-I01-N02,C03,귀신
1924,C03-S02-I01-N02,C03,정신적
1924,C03-S02-I01-N02,C03,질재체
1924,C03-S02-I01-N02,C03,상제
1924,C03-S02-I01-N02,C03,대신사
1924,C03-S02-I01-N02,C03,각심
1924,C03-S02-I01-N02,C03,속소위
1924,C03-S02-I01-N02,C03,귀신
1924,C03-S02-I01-N02,C03,결국
1924,C03-S02-I01-N02,C03,상제
1924,C03-S02-I01-N02,C03,귀신
1924,C03-S02-I01-N02,C03,대신사
1924,C03-S02-I01-N02,C03,심법
1924,C03-S02-I01-N02,C03,일체
1924,C03-S02-I01-N02,C03,동귀
1924,C03-S02-I01-N02,C03,신인합일
1924,C03-S02-I01-N02,C03,신인근본
1924,C03-S02-I01-N02,C03,일체원리
1924,C03-S02-I01-N02,C03,천어
1924,C03-S02-I01-N02,C03,증명
1924,C03-S02-I02-N01,C03,경전
1924,C03-S02-I02-N01,C03,상고
1924,C03-S02-I02-N01,C03,대신사
1924,C03-S02-I02-N01,C03,일각
1924,C03-S02-I02-N01,C03,진리
1924,C03-S02-I02-N01,C03,도제
1924,C03-S02-I02-N01,C03,문자
1924,C03-S02-I02-N01,C03,포덕문
1924,C03-S02-I02-N01,C03,불의사월
1924,C03-S02-I02-N01,C03,심한신전
1924,C03-S02-I02-N01,C03,질불득집증
1924,C03-S02-I02-N01,C03,언불득난상지제
1924,C03-S02-I02-N01,C03,유하선어
1924,C03-S02-I02-N01,C03,홀입이중
1924,C03-S02-I02-N01,C03,경기탐개칙
1924,C03-S02-I02-N01,C03,왈물구물공
1924,C03-S02-I02-N01,C03,세인
1924,C03-S02-I02-N01,C03,위아상제
1924,C03-S02-I02-N01,C03,여불지상제야
1924,C03-S02-I02-N01,C03,논학문
1924,C03-S02-I02-N01,C03,거차일일불이고
1924,C03-S02-I02-N01,C03,오역송연
1924,C03-S02-I02-N01,C03,지유한생만지제
1924,C03-S02-I02-N01,C03,신다전한
1924,C03-S02-I02-N01,C03,외유접령지기
1924,C03-S02-I02-N01,C03,내유강화지교
1924,C03-S02-I02-N01,C03,시지불견
1924,C03-S02-I02-N01,C03,청지불문
1924,C03-S02-I02-N01,C03,심상괴아
1924,C03-S02-I02-N01,C03,수심정기이문왈
1924,C03-S02-I02-N01,C03,하위약연야
1924,C03-S02-I02-N01,C03,오심즉여심야
1924,C03-S02-I02-N01,C03,인하지지
1924,C03-S02-I02-N01,C03,지천지이무지귀신
1924,C03-S02-I02-N01,C03,귀신자
1924,C03-S02-I02-N01,C03,오야
1924,C03-S02-I02-N01,C03,포덕문
1924,C03-S02-I02-N01,C03,천어
1924,C03-S02-I02-N01,C03,분명
1924,C03-S02-I02-N01,C03,논학문
1924,C03-S02-I02-N01,C03,천어
1924,C03-S02-I02-N01,C03,전후
1924,C03-S02-I02-N01,C03,대모순
1924,C03-S02-I02-N01,C03,연구
1924,C03-S02-I02-N01,C03,대각
1924,C03-S02-I02-N01,C03,순서
1924,C03-S02-I02-N02,C03,포덕문
1924,C03-S02-I02-N02,C03,대각
1924,C03-S02-I02-N02,C03,초경
1924,C03-S02-I02-N02,C03,경신
1924,C03-S02-I02-N02,C03,사월오일
1924,C03-S02-I02-N02,C03,상태
1924,C03-S02-I02-N02,C03,논학문
1924,C03-S02-I02-N02,C03,구월이십일
1924,C03-S02-I02-N02,C03,이후
1924,C03-S02-I02-N02,C03,진정대각
1924,C03-S02-I02-N02,C03,경애
1924,C03-S02-I02-N02,C03,경전중
1924,C03-S02-I02-N02,C03,발견
1924,C03-S02-I02-N02,C03,가사
1924,C03-S02-I02-N02,C03,안심가
1924,C03-S02-I02-N02,C03,공중
1924,C03-S02-I02-N02,C03,천지
1924,C03-S02-I02-N02,C03,진동
1924,C03-S02-I02-N02,C03,백지
1924,C03-S02-I02-N02,C03,분부
1924,C03-S02-I02-N02,C03,백지
1924,C03-S02-I02-N02,C03,생전
1924,C03-S02-I02-N02,C03,물형부
1924,C03-S02-I02-N02,C03,완연
1924,C03-S02-I02-N02,C03,완연
1924,C03-S02-I02-N02,C03,인격적
1924,C03-S02-I02-N02,C03,상제
1924,C03-S02-I02-N02,C03,공중
1924,C03-S02-I02-N02,C03,대신사
1924,C03-S02-I02-N02,C03,도덕사
1924,C03-S02-I02-N02,C03,무지
1924,C03-S02-I02-N02,C03,세상
1924,C03-S02-I02-N02,C03,천지
1924,C03-S02-I02-N02,C03,경외지심
1924,C03-S02-I02-N02,C03,천상
1924,C03-S02-I02-N02,C03,상제
1924,C03-S02-I02-N02,C03,옥경대
1924,C03-S02-I02-N02,C03,음양리치
1924,C03-S02-I02-N02,C03,시함
1924,C03-S02-I02-N02,C03,허무지설
1924,C03-S02-I02-N02,C03,무고사
1924,C03-S02-I02-N02,C03,아동방
1924,C03-S02-I02-N02,C03,명색
1924,C03-S02-I02-N02,C03,귀신
1924,C03-S02-I02-N02,C03,각구경
1924,C03-S02-I02-N02,C03,천지역시
1924,C03-S02-I02-N02,C03,귀신
1924,C03-S02-I02-N02,C03,귀신역시
1924,C03-S02-I02-N02,C03,음양
1924,C03-S02-I02-N02,C03,일세
1924,C03-S02-I02-N02,C03,하소
1924,C03-S02-I02-N02,C03,일세
1924,C03-S02-I02-N02,C03,우왈
1924,C03-S02-I02-N02,C03,수족동정
1924,C03-S02-I02-N02,C03,역시
1924,C03-S02-I02-N02,C03,귀신
1924,C03-S02-I02-N02,C03,선악간
1924,C03-S02-I02-N02,C03,용사
1924,C03-S02-I02-N02,C03,역시
1924,C03-S02-I02-N02,C03,기운
1924,C03-S02-I02-N02,C03,역시
1924,C03-S02-I02-N02,C03,造化
1924,C03-S02-I02-N02,C03,교훈가
1924,C03-S02-I02-N02,C03,사근취원
1924,C03-S02-I02-N02,C03,도시
1924,C03-S02-I02-N02,C03,인격적
1924,C03-S02-I02-N02,C03,상제
1924,C03-S02-I02-N02,C03,否認
1924,C03-S02-I02-N02,C03,영성
1924,C03-S02-I02-N02,C03,상제
1924,C03-S02-I02-N02,C03,무지
1924,C03-S02-I02-N02,C03,세인
1924,C03-S02-I02-N02,C03,각도
1924,C03-S02-I02-N02,C03,순서
1924,C03-S02-I03-N01,C03,주문
1924,C03-S02-I03-N01,C03,주문
1924,C03-S02-I03-N01,C03,인내천
1924,C03-S02-I03-N01,C03,전정신
1924,C03-S02-I03-N01,C03,간단
1924,C03-S02-I03-N01,C03,이십일자
1924,C03-S02-I03-N01,C03,발표
1924,C03-S02-I03-N01,C03,주문
1924,C03-S02-I03-N01,C03,후절
1924,C03-S02-I03-N01,C03,십삼자
1924,C03-S02-I03-N01,C03,철저
1924,C03-S02-I03-N01,C03,인내천
1924,C03-S02-I03-N01,C03,정신
1924,C03-S02-I03-N01,C03,계시
1924,C03-S02-I03-N01,C03,대신사
1924,C03-S02-I03-N01,C03,주문
1924,C03-S02-I03-N01,C03,중차대
1924,C03-S02-I03-N01,C03,경문
1924,C03-S02-I03-N01,C03,도제
1924,C03-S02-I03-N01,C03,효유
1924,C03-S02-I03-N01,C03,십삼자
1924,C03-S02-I03-N01,C03,지극
1924,C03-S02-I03-N01,C03,만권시서
1924,C03-S02-I03-N01,C03,一節
1924,C03-S02-I03-N01,C03,주문
1924,C03-S02-I03-N01,C03,여하
1924,C03-S02-I03-N01,C03,의의
1924,C03-S02-I03-N01,C03,심원
1924,C03-S02-I03-N01,C03,정신
1924,C03-S02-I03-N01,C03,철저
1924,C03-S02-I03-N01,C03,짐작
1924,C03-S02-I03-N01,C03,주문
1924,C03-S02-I03-N01,C03,후절
1924,C03-S02-I03-N01,C03,시천주조화정
1924,C03-S02-I03-N01,C03,영세불망만사지
1924,C03-S02-I03-N01,C03,십삼자
1924,C03-S02-I03-N01,C03,주문
1924,C03-S02-I03-N01,C03,대신사
1924,C03-S02-I03-N01,C03,개의
1924,C03-S02-I03-N01,C03,내유신령
1924,C03-S02-I03-N01,C03,외유기화
1924,C03-S02-I03-N01,C03,일세
1924,C03-S02-I03-N01,C03,각각
1924,C03-S02-I03-N02,C03,천주
1924,C03-S02-I03-N02,C03,신령
1924,C03-S02-I03-N02,C03,위대
1924,C03-S02-I03-N02,C03,부모
1924,C03-S02-I03-N02,C03,造化
1924,C03-S02-I03-N02,C03,천지자연
1924,C03-S02-I03-N02,C03,무위화기
1924,C03-S02-I03-N02,C03,대도대덕
1924,C03-S02-I03-N02,C03,순응
1924,C03-S02-I03-N02,C03,자연
1924,C03-S02-I03-N02,C03,신령
1924,C03-S02-I03-N02,C03,기심
1924,C03-S02-I03-N02,C03,신인합일
1924,C03-S02-I03-N02,C03,경애
1924,C03-S02-I03-N02,C03,영세불망
1924,C03-S02-I03-N02,C03,수도
1924,C03-S02-I03-N02,C03,과정
1924,C03-S02-I03-N02,C03,계속
1924,C03-S02-I03-N02,C03,내유신령
1924,C03-S02-I03-N02,C03,신령
1924,C03-S02-I03-N03,C03,주문
1924,C03-S02-I03-N03,C03,십삼자
1924,C03-S02-I03-N03,C03,응용
1924,C03-S02-I03-N03,C03,만유동화
1924,C03-S02-I03-N03,C03,계기
1924,C03-S02-I03-N03,C03,인내천
1924,C03-S02-I03-N03,C03,정신
1924,C03-S02-I03-N03,C03,주문
1924,C03-S02-I03-N03,C03,발표
1924,C03-S02-I03-N03,C03,대신사
1924,C03-S02-I03-N03,C03,행적
1924,C03-S02-I03-N03,C03,경전
1924,C03-S02-I03-N03,C03,주문
1924,C03-S02-I03-N03,C03,인내천
1924,C03-S02-I03-N03,C03,발원
1924,C03-S02-I03-N03,C03,대신사
1924,C03-S02-I03-N03,C03,교화
1924,C03-S02-I03-N03,C03,천도
1924,C03-S02-I03-N03,C03,천도
1924,C03-S02-I03-N03,C03,인내천
1924,C03-S02-I03-N03,C03,종교적
1924,C03-S02-I03-N03,C03,종지
1924,C03-S02-I03-N03,C03,일언
1924,C03-S02-I03-N03,C03,대신사
1924,C03-S02-I03-N03,C03,각도
1924,C03-S02-I03-N03,C03,근기
1924,C03-S02-I03-N03,C03,대신사
1924,C03-S02-I03-N03,C03,인격적
1924,C03-S02-I03-N03,C03,근기
1924,C03-S02-I03-N03,C03,전성
1924,C03-S02-I03-N03,C03,초월
1924,C03-S02-I03-N03,C03,대개
1924,C03-S02-I03-N03,C03,종교
1924,C03-S02-I03-N03,C03,교조
1924,C03-S02-I03-N03,C03,대각
1924,C03-S02-I03-N03,C03,경애
1924,C03-S02-I03-N03,C03,이적
1924,C03-S02-I03-N03,C03,발현
1924,C03-S02-I03-N03,C03,구극
1924,C03-S02-I03-N04,C03,야소
1924,C03-S02-I03-N04,C03,시험
1924,C03-S02-I03-N04,C03,천사
1924,C03-S02-I03-N04,C03,보호
1924,C03-S02-I03-N04,C03,수련
1924,C03-S02-I03-N04,C03,구경경애
1924,C03-S02-I03-N04,C03,마사묵
1924,C03-S02-I03-N04,C03,산상
1924,C03-S02-I03-N04,C03,천사
1924,C03-S02-I03-N04,C03,석가
1924,C03-S02-I03-N04,C03,보제수하
1924,C03-S02-I03-N04,C03,시련
1924,C03-S02-I03-N04,C03,수련
1924,C03-S02-I03-N04,C03,구경
1924,C03-S02-I03-N04,C03,대신사
1924,C03-S02-I03-N04,C03,을묘춘
1924,C03-S02-I03-N04,C03,이인
1924,C03-S02-I03-N04,C03,천서
1924,C03-S02-I03-N04,C03,대각
1924,C03-S02-I03-N04,C03,만오개년
1924,C03-S02-I03-N04,C03,수련
1924,C03-S02-I03-N04,C03,계속
1924,C03-S02-I03-N04,C03,경신사월오일
1924,C03-S02-I03-N04,C03,천어
1924,C03-S02-I03-N04,C03,대각
1924,C03-S02-I03-N04,C03,자처
1924,C03-S02-I03-N04,C03,만오개월간
1924,C03-S02-I03-N04,C03,상제
1924,C03-S02-I03-N04,C03,반항질의
1924,C03-S02-I03-N04,C03,태도
1924,C03-S02-I03-N04,C03,경전
1924,C03-S02-I03-N04,C03,대신사
1924,C03-S02-I03-N04,C03,상제
1924,C03-S02-I03-N04,C03,명령
1924,C03-S02-I03-N04,C03,백의재상
1924,C03-S02-I03-N04,C03,사양
1924,C03-S02-I03-N04,C03,각종조화
1924,C03-S02-I03-N04,C03,불수
1924,C03-S02-I03-N04,C03,광제창생
1924,C03-S02-I03-N04,C03,대도
1924,C03-S02-I03-N04,C03,상제
1924,C03-S02-I03-N04,C03,명령
1924,C03-S02-I03-N04,C03,불청
1924,C03-S02-I03-N04,C03,십일일
1924,C03-S02-I03-N04,C03,절식
1924,C03-S02-I03-N04,C03,상제
1924,C03-S02-I03-N04,C03,시험
1924,C03-S02-I03-N04,C03,전성
1924,C03-S02-I03-N04,C03,대개
1924,C03-S02-I03-N04,C03,시험
1924,C03-S02-I03-N04,C03,천사
1924,C03-S02-I03-N04,C03,시험
1924,C03-S02-I03-N04,C03,불과
1924,C03-S02-I03-N04,C03,인내천
1924,C03-S02-I03-N04,C03,대도
1924,C03-S02-I03-N04,C03,만족
1924,C03-S02-I03-N04,C03,일년
1924,C03-S02-I03-N04,C03,수련
1924,C03-S02-I03-N04,C03,자연
1924,C03-S02-I03-N04,C03,포덕
1924,C03-S02-I03-N04,C03,종사
1924,C03-S02-I03-N04,C03,전성
1924,C03-S02-I03-N04,C03,일두지
1924,C03-S02-I03-N04,C03,초월
1924,C03-S02-I03-N04,C03,대근기
1924,C03-S03-I00-N01,C03,천도
1924,C03-S03-I00-N01,C03,인내천
1924,C03-S03-I00-N01,C03,종지
1924,C03-S03-I00-N01,C03,종지
1924,C03-S03-I00-N01,C03,신앙
1924,C03-S03-I00-N01,C03,천도교
1924,C03-S03-I00-N01,C03,신앙
1924,C03-S03-I00-N01,C03,인류개벽이래
1924,C03-S03-I00-N01,C03,중생
1924,C03-S03-I00-N01,C03,신앙
1924,C03-S03-I00-N01,C03,지상천국
1924,C03-S03-I00-N01,C03,인내천
1924,C03-S03-I00-N01,C03,신앙
1924,C03-S03-I00-N01,C03,대신사
1924,C03-S03-I00-N01,C03,대신사
1924,C03-S03-I00-N01,C03,이하
1924,C03-S03-I00-N01,C03,각자
1924,C03-S03-I00-N01,C03,대략
1924,C03-S03-I00-N01,C03,세계
1924,C03-S03-I00-N01,C03,조직
1924,C03-S03-I00-N01,C03,인내천
1924,C03-S03-I00-N01,C03,신앙
1924,C03-S03-I00-N01,C03,요소
1924,C03-S03-I00-N01,C03,인내천
1924,C03-S03-I00-N01,C03,신앙
1924,C03-S03-I00-N01,C03,조직
1924,C03-S03-I00-N01,C03,삼대정
1924,C03-S03-I00-N01,C03,귀결
1924,C03-S03-I01-N01,C03,확실존재
1924,C03-S03-I01-N01,C03,체험
1924,C03-S03-I01-N01,C03,신앙
1924,C03-S03-I01-N01,C03,방법
1924,C03-S03-I01-N01,C03,자아
1924,C03-S03-I01-N01,C03,영성
1924,C03-S03-I01-N01,C03,대덕력
1924,C03-S03-I01-N01,C03,감화
1924,C03-S03-I01-N01,C03,실현
1924,C03-S03-I01-N01,C03,확실존재
1924,C03-S03-I01-N01,C03,체험
1924,C03-S03-I01-N01,C03,대신사
1924,C03-S03-I01-N01,C03,상고
1924,C03-S03-I01-N01,C03,춘추
1924,C03-S03-I01-N01,C03,질대
1924,C03-S03-I01-N01,C03,사시
1924,C03-S03-I01-N01,C03,성쇠
1924,C03-S03-I01-N01,C03,천주조화
1924,C03-S03-I01-N01,C03,천하
1924,C03-S03-I01-N01,C03,소연
1924,C03-S03-I01-N01,C03,위력
1924,C03-S03-I01-N01,C03,무소불재
1924,C03-S03-I01-N01,C03,체험
1924,C03-S03-I01-N01,C03,대개
1924,C03-S03-I01-N01,C03,대덕력
1924,C03-S03-I01-N01,C03,하인
1924,C03-S03-I01-N01,C03,시시각각
1924,C03-S03-I01-N01,C03,용역
1924,C03-S03-I01-N01,C03,체험
1924,C03-S03-I01-N01,C03,자연
1924,C03-S03-I01-N01,C03,생생불식
1924,C03-S03-I01-N01,C03,대인심
1924,C03-S03-I01-N01,C03,개자
1924,C03-S03-I01-N01,C03,종자
1924,C03-S03-I01-N01,C03,필경
1924,C03-S03-I01-N01,C03,과실
1924,C03-S03-I01-N01,C03,기본
1924,C03-S03-I01-N01,C03,후세무궁
1924,C03-S03-I01-N01,C03,기력
1924,C03-S03-I01-N01,C03,위대
1924,C03-S03-I01-N02,C03,기력
1924,C03-S03-I01-N02,C03,개자종
1924,C03-S03-I01-N02,C03,단독
1924,C03-S03-I01-N02,C03,공기
1924,C03-S03-I01-N02,C03,태양
1924,C03-S03-I01-N02,C03,개자
1924,C03-S03-I01-N02,C03,개자
1924,C03-S03-I01-N02,C03,일개자
1924,C03-S03-I01-N02,C03,존재
1924,C03-S03-I01-N02,C03,필경
1924,C03-S03-I01-N02,C03,전우주
1924,C03-S03-I01-N02,C03,호상부조
1924,C03-S03-I01-N02,C03,불사의
1924,C03-S03-I01-N02,C03,신심
1924,C03-S03-I01-N02,C03,포함
1924,C03-S03-I01-N02,C03,일야소소
1924,C03-S03-I01-N02,C03,조림
1924,C03-S03-I01-N02,C03,일성
1924,C03-S03-I01-N02,C03,순환
1924,C03-S03-I01-N02,C03,기의
1924,C03-S03-I01-N02,C03,자연현상
1924,C03-S03-I01-N02,C03,순서
1924,C03-S03-I01-N02,C03,질서
1924,C03-S03-I01-N02,C03,일사불란
1924,C03-S03-I01-N02,C03,배치
1924,C03-S03-I01-N02,C03,우주
1924,C03-S03-I01-N02,C03,조직
1924,C03-S03-I01-N02,C03,맹목
1924,C03-S03-I01-N02,C03,무의미
1924,C03-S03-I01-N02,C03,심적물적
1924,C03-S03-I01-N02,C03,존재
1924,C03-S03-I01-N02,C03,여사
1924,C03-S03-I01-N02,C03,조직
1924,C03-S03-I01-N02,C03,우주
1924,C03-S03-I01-N02,C03,여사
1924,C03-S03-I01-N02,C03,성정
1924,C03-S03-I01-N02,C03,도저
1924,C03-S03-I01-N03,C03,결합
1924,C03-S03-I01-N03,C03,조직
1924,C03-S03-I01-N03,C03,무궁
1924,C03-S03-I01-N03,C03,진화
1924,C03-S03-I01-N03,C03,대덕력
1924,C03-S03-I01-N03,C03,존재
1924,C03-S03-I01-N03,C03,방식
1924,C03-S03-I01-N03,C03,대개
1924,C03-S03-I01-N03,C03,사고
1924,C03-S03-I01-N03,C03,종교
1924,C03-S03-I01-N03,C03,설사
1924,C03-S03-I01-N03,C03,종교
1924,C03-S03-I01-N03,C03,공통
1924,C03-S03-I01-N03,C03,신앙
1924,C03-S03-I01-N03,C03,존재
1924,C03-S03-I01-N03,C03,확신
1924,C03-S03-I01-N03,C03,귀의
1924,C03-S03-I01-N03,C03,귀의
1924,C03-S03-I01-N03,C03,귀의
1924,C03-S03-I01-N03,C03,대신사
1924,C03-S03-I01-N03,C03,허공
1924,C03-S03-I01-N03,C03,명색
1924,C03-S03-I01-N04,C03,무소불재
1924,C03-S03-I01-N04,C03,소이
1924,C03-S03-I01-N04,C03,대우주
1924,C03-S03-I01-N04,C03,대덕력
1924,C03-S03-I01-N04,C03,대천성진
1924,C03-S03-I01-N04,C03,미진섬개
1924,C03-S03-I01-N04,C03,발현
1924,C03-S03-I01-N04,C03,존재
1924,C03-S03-I01-N04,C03,전우주
1924,C03-S03-I01-N04,C03,편만
1924,C03-S03-I01-N04,C03,원근상하
1924,C03-S03-I01-N04,C03,무소불재
1924,C03-S03-I01-N04,C03,무소불재
1924,C03-S03-I01-N04,C03,숭배대상
1924,C03-S03-I01-N04,C03,허공
1924,C03-S03-I01-N04,C03,명색
1924,C03-S03-I01-N04,C03,필경
1924,C03-S03-I01-N04,C03,허위
1924,C03-S03-I01-N04,C03,낙하
1924,C03-S03-I01-N04,C03,우상
1924,C03-S03-I01-N04,C03,구속
1924,C03-S03-I01-N04,C03,방법
1924,C03-S03-I01-N04,C03,보통
1924,C03-S03-I01-N04,C03,무궁
1924,C03-S03-I01-N04,C03,적당
1924,C03-S03-I01-N05,C03,무소불재
1924,C03-S03-I01-N05,C03,숭배
1924,C03-S03-I01-N05,C03,대상
1924,C03-S03-I01-N05,C03,하필
1924,C03-S03-I01-N05,C03,세계
1924,C03-S03-I01-N05,C03,전체
1924,C03-S03-I01-N05,C03,영성
1924,C03-S03-I01-N05,C03,진면목
1924,C03-S03-I01-N05,C03,자증
1924,C03-S03-I01-N05,C03,귀의
1924,C03-S03-I01-N05,C03,대신사
1924,C03-S03-I01-N05,C03,산상
1924,C03-S03-I01-N05,C03,비유
1924,C03-S03-I01-N05,C03,무소불재
1924,C03-S03-I01-N05,C03,공중
1924,C03-S03-I01-N05,C03,산상
1924,C03-S03-I01-N05,C03,자체
1924,C03-S03-I01-N05,C03,산상
1924,C03-S03-I01-N05,C03,근원
1924,C03-S03-I01-N05,C03,우로상설
1924,C03-S03-I01-N05,C03,대천
1924,C03-S03-I01-N05,C03,사해
1924,C03-S03-I01-N05,C03,당연
1924,C03-S03-I01-N05,C03,自信
1924,C03-S03-I01-N06,C03,무소불재
1924,C03-S03-I01-N06,C03,무소불재
1924,C03-S03-I01-N06,C03,법성
1924,C03-S03-I01-N06,C03,별별
1924,C03-S03-I01-N06,C03,존재
1924,C03-S03-I01-N06,C03,무궁
1924,C03-S03-I01-N06,C03,법성
1924,C03-S03-I01-N06,C03,만약
1924,C03-S03-I01-N06,C03,무궁
1924,C03-S03-I01-N06,C03,법성
1924,C03-S03-I01-N06,C03,전연
1924,C03-S03-I01-N06,C03,무관계
1924,C03-S03-I01-N06,C03,무관계
1924,C03-S03-I01-N06,C03,대상
1924,C03-S03-I01-N06,C03,상기
1924,C03-S03-I01-N06,C03,동기
1924,C03-S03-I01-N06,C03,근본
1924,C03-S03-I01-N06,C03,인내천
1924,C03-S03-I01-N06,C03,신앙
1924,C03-S03-I01-N06,C03,무궁
1924,C03-S03-I01-N06,C03,무궁
1924,C03-S03-I01-N06,C03,우주
1924,C03-S03-I01-N06,C03,편만
1924,C03-S03-I01-N06,C03,대덕력
1924,C03-S03-I01-N06,C03,만화
1924,C03-S03-I01-N06,C03,만리
1924,C03-S03-I01-N06,C03,유행
1924,C03-S03-I01-N06,C03,무궁
1924,C03-S03-I01-N06,C03,무궁
1924,C03-S03-I01-N06,C03,허공
1924,C03-S03-I01-N06,C03,명색
1924,C03-S03-I01-N06,C03,무궁
1924,C03-S03-I01-N06,C03,신앙
1924,C03-S03-I01-N07,C03,무궁
1924,C03-S03-I01-N07,C03,진리
1924,C03-S03-I01-N07,C03,하장
1924,C03-S03-I01-N07,C03,참조
1924,C03-S03-I01-N07,C03,대덕력
1924,C03-S03-I01-N07,C03,감화
1924,C03-S03-I01-N07,C03,실현
1924,C03-S03-I01-N07,C03,행복
1924,C03-S03-I01-N07,C03,감화
1924,C03-S03-I01-N07,C03,자기
1924,C03-S03-I01-N07,C03,행복
1924,C03-S03-I01-N07,C03,지력
1924,C03-S03-I01-N07,C03,신력
1924,C03-S03-I01-N07,C03,위대
1924,C03-S03-I01-N07,C03,신력
1924,C03-S03-I01-N07,C03,행복
1924,C03-S03-I01-N07,C03,구구
1924,C03-S03-I01-N07,C03,사지사교
1924,C03-S03-I01-N07,C03,무위자연
1924,C03-S03-I01-N07,C03,천지자연
1924,C03-S03-I01-N07,C03,대도대덕
1924,C03-S03-I01-N07,C03,인지이외
1924,C03-S03-I01-N07,C03,무궁
1924,C03-S03-I01-N07,C03,대신사
1924,C03-S03-I01-N07,C03,오도
1924,C03-S03-I01-N07,C03,무위이화
1924,C03-S03-I01-N07,C03,오도
1924,C03-S03-I01-N07,C03,자연
1924,C03-S03-I01-N07,C03,인간사회
1924,C03-S03-I01-N07,C03,행복
1924,C03-S03-I01-N07,C03,사교적
1924,C03-S03-I01-N07,C03,가식
1924,C03-S03-I01-N07,C03,천도
1924,C03-S03-I01-N07,C03,순리순법
1924,C03-S03-I01-N07,C03,자기사력
1924,C03-S03-I01-N07,C03,사력
1924,C03-S03-I01-N07,C03,억제
1924,C03-S03-I01-N07,C03,생사
1924,C03-S03-I01-N07,C03,인지이상
1924,C03-S03-I01-N07,C03,불득이
1924,C03-S03-I01-N07,C03,이론
1924,C03-S03-I01-N08,C03,생사문제
1924,C03-S03-I01-N08,C03,불득이
1924,C03-S03-I01-N08,C03,일이
1924,C03-S03-I01-N08,C03,불지
1924,C03-S03-I01-N08,C03,육체
1924,C03-S03-I01-N08,C03,자기
1924,C03-S03-I01-N08,C03,운동
1924,C03-S03-I01-N08,C03,기력
1924,C03-S03-I01-N08,C03,소종래
1924,C03-S03-I01-N08,C03,하처
1924,C03-S03-I01-N08,C03,호흡
1924,C03-S03-I01-N08,C03,출입
1924,C03-S03-I01-N08,C03,혈액
1924,C03-S03-I01-N08,C03,순환
1924,C03-S03-I01-N08,C03,기력
1924,C03-S03-I01-N08,C03,감정
1924,C03-S03-I01-N08,C03,남녀
1924,C03-S03-I01-N08,C03,연애
1924,C03-S03-I01-N08,C03,결합
1924,C03-S03-I01-N08,C03,인류
1924,C03-S03-I01-N08,C03,친화
1924,C03-S03-I01-N08,C03,집합
1924,C03-S03-I01-N08,C03,세계
1924,C03-S03-I01-N08,C03,사회
1924,C03-S03-I01-N08,C03,대덕력
1924,C03-S03-I01-N08,C03,창조
1924,C03-S03-I01-N08,C03,소멸
1924,C03-S03-I01-N08,C03,자기
1924,C03-S03-I01-N08,C03,자연
1924,C03-S03-I01-N08,C03,이용
1924,C03-S03-I01-N08,C03,자연기자
1924,C03-S03-I01-N08,C03,역량
1924,C03-S03-I01-N08,C03,창조
1924,C03-S03-I01-N08,C03,소멸
1924,C03-S03-I01-N08,C03,불능
1924,C03-S03-I01-N08,C03,기력
1924,C03-S03-I01-N08,C03,필경
1924,C03-S03-I01-N09,C03,양협
1924,C03-S03-I01-N09,C03,세상
1924,C03-S03-I01-N09,C03,불가항력
1924,C03-S03-I01-N09,C03,타력
1924,C03-S03-I01-N09,C03,연상
1924,C03-S03-I01-N09,C03,행복
1924,C03-S03-I01-N09,C03,감화
1924,C03-S03-I01-N09,C03,타력
1924,C03-S03-I01-N09,C03,불가항력
1924,C03-S03-I01-N09,C03,감상
1924,C03-S03-I01-N09,C03,자기
1924,C03-S03-I01-N09,C03,사지
1924,C03-S03-I01-N09,C03,무궁
1924,C03-S03-I01-N09,C03,대조
1924,C03-S03-I01-N09,C03,비교적
1924,C03-S03-I01-N09,C03,차별관념
1924,C03-S03-I01-N09,C03,만약
1924,C03-S03-I01-N09,C03,사지
1924,C03-S03-I01-N09,C03,제각
1924,C03-S03-I01-N09,C03,무언불문
1924,C03-S03-I01-N09,C03,천지자연
1924,C03-S03-I01-N09,C03,대도
1924,C03-S03-I01-N09,C03,묵계
1924,C03-S03-I01-N09,C03,기불가항
1924,C03-S03-I01-N09,C03,원래
1924,C03-S03-I01-N09,C03,불가항
1924,C03-S03-I01-N09,C03,대도대력
1924,C03-S03-I01-N09,C03,자연
1924,C03-S03-I01-N09,C03,과정
1924,C03-S03-I01-N09,C03,필연
1924,C03-S03-I01-N09,C03,귀결
1924,C03-S03-I01-N09,C03,대도
1924,C03-S03-I01-N09,C03,자연
1924,C03-S03-I01-N09,C03,계단
1924,C03-S03-I01-N09,C03,만유
1924,C03-S03-I01-N09,C03,순응
1924,C03-S03-I01-N09,C03,진화
1924,C03-S03-I01-N09,C03,시작
1924,C03-S03-I01-N09,C03,생존
1924,C03-S03-I01-N09,C03,계속
1924,C03-S03-I01-N09,C03,불가항력
1924,C03-S03-I01-N09,C03,존재
1924,C03-S03-I01-N09,C03,소이
1924,C03-S03-I01-N09,C03,근본
1924,C03-S03-I01-N09,C03,천지자연
1924,C03-S03-I01-N09,C03,대도대덕
1924,C03-S03-I01-N09,C03,표현
1924,C03-S03-I01-N10,C03,행복
1924,C03-S03-I01-N10,C03,무궁불가항력
1924,C03-S03-I01-N10,C03,대도
1924,C03-S03-I01-N10,C03,순응
1924,C03-S03-I01-N10,C03,진화
1924,C03-S03-I01-N10,C03,개척
1924,C03-S03-I01-N10,C03,정돈
1924,C03-S03-I01-N10,C03,자기
1924,C03-S03-I01-N10,C03,행복
1924,C03-S03-I01-N10,C03,묘법
1924,C03-S03-I01-N10,C03,성적
1924,C03-S03-I01-N10,C03,연구
1924,C03-S03-I01-N10,C03,발명
1924,C03-S03-I01-N10,C03,결합
1924,C03-S03-I01-N10,C03,단체력
1924,C03-S03-I01-N10,C03,무량
1924,C03-S03-I01-N10,C03,복능
1924,C03-S03-I01-N10,C03,무량
1924,C03-S03-I01-N10,C03,복능
1924,C03-S03-I01-N10,C03,불가항적
1924,C03-S03-I01-N10,C03,일정
1924,C03-S03-I01-N10,C03,순서
1924,C03-S03-I01-N10,C03,계단
1924,C03-S03-I01-N10,C03,발전
1924,C03-S03-I01-N10,C03,복능
1924,C03-S03-I01-N10,C03,귀의
1924,C03-S03-I01-N10,C03,안심립명
1924,C03-S03-I01-N10,C03,낙원
1924,C03-S03-I01-N10,C03,세상
1924,C03-S03-I01-N10,C03,존귀
1924,C03-S03-I01-N10,C03,변안심중
1924,C03-S03-I01-N10,C03,소이
1924,C03-S03-I01-N10,C03,고인
1924,C03-S03-I01-N10,C03,소극적
1924,C03-S03-I01-N10,C03,도덕론
1924,C03-S03-I01-N10,C03,기중
1924,C03-S03-I01-N10,C03,역일리
1924,C03-S03-I01-N10,C03,대덕력
1924,C03-S03-I01-N10,C03,무궁
1924,C03-S03-I01-N10,C03,대복능
1924,C03-S03-I01-N10,C03,만유
1924,C03-S03-I01-N10,C03,평등자유
1924,C03-S03-I01-N10,C03,배치
1924,C03-S03-I01-N10,C03,부유
1924,C03-S03-I01-N10,C03,부유
1924,C03-S03-I01-N10,C03,풍류
1924,C03-S03-I01-N10,C03,운학
1924,C03-S03-I01-N10,C03,운학
1924,C03-S03-I01-N10,C03,운취
1924,C03-S03-I01-N10,C03,자재
1924,C03-S03-I01-N10,C03,부유
1924,C03-S03-I01-N10,C03,운학
1924,C03-S03-I01-N10,C03,비교
1924,C03-S03-I01-N10,C03,제삼자
1924,C03-S03-I01-N10,C03,운학
1924,C03-S03-I01-N10,C03,생활
1924,C03-S03-I01-N10,C03,부유
1924,C03-S03-I01-N10,C03,생활
1924,C03-S03-I01-N10,C03,일층
1924,C03-S03-I01-N11,C03,부유
1924,C03-S03-I01-N11,C03,운학
1924,C03-S03-I01-N11,C03,자체
1924,C03-S03-I01-N11,C03,양자
1924,C03-S03-I01-N11,C03,자체
1924,C03-S03-I01-N11,C03,안심립명
1924,C03-S03-I01-N11,C03,대극락
1924,C03-S03-I01-N11,C03,일반
1924,C03-S03-I01-N11,C03,부유
1924,C03-S03-I01-N11,C03,보장
1924,C03-S03-I01-N11,C03,부유
1924,C03-S03-I01-N11,C03,비애
1924,C03-S03-I01-N11,C03,일절만유
1924,C03-S03-I01-N11,C03,대소
1924,C03-S03-I01-N11,C03,추연
1924,C03-S03-I01-N11,C03,불문
1924,C03-S03-I01-N11,C03,무량성복능
1924,C03-S03-I01-N11,C03,여사
1924,C03-S03-I01-N11,C03,만유
1924,C03-S03-I01-N11,C03,자체
1924,C03-S03-I01-N11,C03,무량성복능
1924,C03-S03-I01-N11,C03,만유
1924,C03-S03-I01-N11,C03,각기자득
1924,C03-S03-I01-N11,C03,각자
1924,C03-S03-I01-N11,C03,별천지
1924,C03-S03-I01-N11,C03,강명
1924,C03-S03-I01-N11,C03,만유
1924,C03-S03-I01-N11,C03,본능
1924,C03-S03-I01-N11,C03,만유본능
1924,C03-S03-I01-N11,C03,총괄
1924,C03-S03-I01-N11,C03,통일
1924,C03-S03-I01-N11,C03,무궁
1924,C03-S03-I01-N11,C03,본능
1924,C03-S03-I01-N11,C03,연구
1924,C03-S03-I01-N11,C03,신발명
1924,C03-S03-I01-N11,C03,노력
1924,C03-S03-I01-N11,C03,신사업
1924,C03-S03-I01-N11,C03,건설
1924,C03-S03-I01-N12,C03,고인
1924,C03-S03-I01-N12,C03,소위
1924,C03-S03-I01-N12,C03,천지만물
1924,C03-S03-I01-N12,C03,개비아신
1924,C03-S03-I01-N12,C03,저간
1924,C03-S03-I01-N12,C03,소식
1924,C03-S03-I01-N12,C03,대덕력
1924,C03-S03-I01-N12,C03,자기
1924,C03-S03-I01-N12,C03,실현
1924,C03-S03-I01-N12,C03,본능
1924,C03-S03-I01-N12,C03,무량
1924,C03-S03-I01-N12,C03,복능
1924,C03-S03-I01-N12,C03,근본
1924,C03-S03-I01-N12,C03,불가사의
1924,C03-S03-I01-N12,C03,불가항력
1924,C03-S03-I01-N12,C03,지배
1924,C03-S03-I01-N12,C03,귀의
1924,C03-S03-I01-N12,C03,귀의
1924,C03-S03-I01-N12,C03,자연
1924,C03-S03-I01-N12,C03,이법
1924,C03-S03-I01-N12,C03,안심립명
1924,C03-S03-I01-N12,C03,경애
1924,C03-S03-I01-N12,C03,순응
1924,C03-S03-I01-N12,C03,창조
1924,C03-S03-I01-N12,C03,개벽
1924,C03-S03-I01-N12,C03,노력
1924,C03-S03-I01-N12,C03,신자유신평등
1924,C03-S03-I01-N12,C03,낙원
1924,C03-S03-I02-N01,C03,자기
1924,C03-S03-I02-N01,C03,본래
1924,C03-S03-I02-N01,C03,자기
1924,C03-S03-I02-N01,C03,인내천
1924,C03-S03-I02-N01,C03,신앙
1924,C03-S03-I02-N01,C03,중요
1924,C03-S03-I02-N01,C03,항목
1924,C03-S03-I02-N01,C03,방법
1924,C03-S03-I02-N01,C03,제일
1924,C03-S03-I02-N01,C03,창조
1924,C03-S03-I02-N01,C03,자기창조
1924,C03-S03-I02-N01,C03,표현
1924,C03-S03-I02-N01,C03,진화
1924,C03-S03-I02-N01,C03,이법
1924,C03-S03-I02-N01,C03,출생원인
1924,C03-S03-I02-N01,C03,조물주
1924,C03-S03-I02-N01,C03,피제조자
1924,C03-S03-I02-N01,C03,오해
1924,C03-S03-I02-N02,C03,이원
1924,C03-S03-I02-N02,C03,대상
1924,C03-S03-I02-N02,C03,불가사의
1924,C03-S03-I02-N02,C03,일원
1924,C03-S03-I02-N02,C03,일대혹물
1924,C03-S03-I02-N02,C03,영겁이전
1924,C03-S03-I02-N02,C03,자기창조
1924,C03-S03-I02-N02,C03,금일
1924,C03-S03-I02-N02,C03,형상
1924,C03-S03-I02-N02,C03,정신
1924,C03-S03-I02-N02,C03,대신사
1924,C03-S03-I02-N02,C03,천고
1924,C03-S03-I02-N02,C03,만물
1924,C03-S03-I02-N02,C03,각각
1924,C03-S03-I02-N02,C03,각각
1924,C03-S03-I02-N02,C03,형상
1924,C03-S03-I02-N02,C03,이론
1924,C03-S03-I02-N02,C03,부모
1924,C03-S03-I02-N02,C03,자손
1924,C03-S03-I02-N03,C03,내세
1924,C03-S03-I02-N03,C03,이치
1924,C03-S03-I02-N03,C03,세상
1924,C03-S03-I02-N03,C03,분간
1924,C03-S03-I02-N03,C03,태고
1924,C03-S03-I02-N03,C03,천황씨
1924,C03-S03-I02-N03,C03,근원
1924,C03-S03-I02-N03,C03,근본
1924,C03-S03-I02-N03,C03,각자
1924,C03-S03-I02-N03,C03,부모
1924,C03-S03-I02-N03,C03,기영겁이전
1924,C03-S03-I02-N03,C03,부모
1924,C03-S03-I02-N03,C03,소고
1924,C03-S03-I02-N03,C03,불가사의
1924,C03-S03-I02-N03,C03,신비적존재
1924,C03-S03-I02-N03,C03,원인
1924,C03-S03-I02-N03,C03,무체법경
1924,C03-S03-I02-N03,C03,운용
1924,C03-S03-I02-N03,C03,성천
1924,C03-S03-I02-N03,C03,원인
1924,C03-S03-I02-N04,C03,성천
1924,C03-S03-I02-N04,C03,근본
1924,C03-S03-I02-N04,C03,천지
1924,C03-S03-I02-N04,C03,미판
1924,C03-S03-I02-N04,C03,시작
1924,C03-S03-I02-N04,C03,억억만년
1924,C03-S03-I02-N04,C03,본원
1924,C03-S03-I02-N04,C03,원래
1924,C03-S03-I02-N04,C03,무궁
1924,C03-S03-I02-N04,C03,기인
1924,C03-S03-I02-N04,C03,명언
1924,C03-S03-I02-N04,C03,천지미판이전
1924,C03-S03-I02-N04,C03,무일물
1924,C03-S03-I02-N04,C03,절대
1924,C03-S03-I02-N04,C03,절대
1924,C03-S03-I02-N04,C03,영성
1924,C03-S03-I02-N04,C03,차무일물
1924,C03-S03-I02-N04,C03,절대
1924,C03-S03-I02-N04,C03,자기
1924,C03-S03-I02-N04,C03,창조력
1924,C03-S03-I02-N04,C03,천지
1924,C03-S03-I02-N04,C03,만유
1924,C03-S03-I02-N04,C03,생물
1924,C03-S03-I02-N04,C03,필경
1924,C03-S03-I02-N04,C03,인류
1924,C03-S03-I02-N05,C03,여사
1924,C03-S03-I02-N05,C03,추측
1924,C03-S03-I02-N05,C03,위대
1924,C03-S03-I02-N05,C03,자기
1924,C03-S03-I02-N05,C03,창조력
1924,C03-S03-I02-N05,C03,영겁
1924,C03-S03-I02-N05,C03,노력
1924,C03-S03-I02-N05,C03,인류
1924,C03-S03-I02-N05,C03,해월신사
1924,C03-S03-I02-N05,C03,만물
1924,C03-S03-I02-N05,C03,제조
1924,C03-S03-I02-N05,C03,만유
1924,C03-S03-I02-N05,C03,만물
1924,C03-S03-I02-N05,C03,자기창조적
1924,C03-S03-I02-N05,C03,진화
1924,C03-S03-I02-N05,C03,진화
1924,C03-S03-I02-N05,C03,만물
1924,C03-S03-I02-N05,C03,以上
1924,C03-S03-I02-N05,C03,과학자
1924,C03-S03-I02-N05,C03,祖先
1924,C03-S03-I02-N05,C03,하등동물
1924,C03-S03-I02-N05,C03,진화
1924,C03-S03-I02-N05,C03,정도
1924,C03-S03-I02-N05,C03,과연
1924,C03-S03-I02-N05,C03,진정
1924,C03-S03-I02-N05,C03,각오
1924,C03-S03-I02-N05,C03,확실
1924,C03-S03-I02-N06,C03,혹자
1924,C03-S03-I02-N06,C03,하등동물
1924,C03-S03-I02-N06,C03,대경소괴
1924,C03-S03-I02-N06,C03,종교신자
1924,C03-S03-I02-N06,C03,연고
1924,C03-S03-I02-N06,C03,만물
1924,C03-S03-I02-N06,C03,영장
1924,C03-S03-I02-N06,C03,자칭
1924,C03-S03-I02-N06,C03,인류
1924,C03-S03-I02-N06,C03,하등동물
1924,C03-S03-I02-N06,C03,진화
1924,C03-S03-I02-N06,C03,위대
1924,C03-S03-I02-N06,C03,소견
1924,C03-S03-I02-N06,C03,하등동물
1924,C03-S03-I02-N06,C03,진화
1924,C03-S03-I02-N06,C03,일층
1924,C03-S03-I02-N06,C03,만물
1924,C03-S03-I02-N06,C03,영장
1924,C03-S03-I02-N06,C03,자격
1924,C03-S03-I02-N06,C03,천지
1924,C03-S03-I02-N06,C03,주인공
1924,C03-S03-I02-N06,C03,이력
1924,C03-S03-I02-N06,C03,증명
1924,C03-S03-I02-N06,C03,위대
1924,C03-S03-I02-N06,C03,모독
1924,C03-S03-I02-N06,C03,神聖
1924,C03-S03-I02-N06,C03,보증
1924,C03-S03-I02-N07,C03,하고
1924,C03-S03-I02-N07,C03,진화론
1924,C03-S03-I02-N07,C03,우주
1924,C03-S03-I02-N07,C03,최상계급
1924,C03-S03-I02-N07,C03,과학적
1924,C03-S03-I02-N07,C03,조직적
1924,C03-S03-I02-N07,C03,증명
1924,C03-S03-I02-N07,C03,최상급
1924,C03-S03-I02-N07,C03,위치
1924,C03-S03-I02-N07,C03,정도
1924,C03-S03-I02-N07,C03,명백
1924,C03-S03-I02-N07,C03,해석
1924,C03-S03-I02-N07,C03,원래
1924,C03-S03-I02-N07,C03,생물계단
1924,C03-S03-I02-N07,C03,진화
1924,C03-S03-I02-N07,C03,종자
1924,C03-S03-I02-N07,C03,植物
1924,C03-S03-I02-N07,C03,부모
1924,C03-S03-I02-N07,C03,자손
1924,C03-S03-I02-N07,C03,종자
1924,C03-S03-I02-N07,C03,과실
1924,C03-S03-I02-N07,C03,동일계단
1924,C03-S03-I02-N07,C03,동일
1924,C03-S03-I02-N07,C03,동일형체
1924,C03-S03-I02-N07,C03,종자
1924,C03-S03-I02-N07,C03,유전
1924,C03-S03-I02-N07,C03,생물진화
1924,C03-S03-I02-N07,C03,갑계단
1924,C03-S03-I02-N07,C03,자기창조적
1924,C03-S03-I02-N07,C03,위력
1924,C03-S03-I02-N07,C03,계단
1924,C03-S03-I02-N07,C03,진화
1924,C03-S03-I02-N08,C03,을계단
1924,C03-S03-I02-N08,C03,형체
1924,C03-S03-I02-N08,C03,정신
1924,C03-S03-I02-N08,C03,기타
1924,C03-S03-I02-N08,C03,생활형편
1924,C03-S03-I02-N08,C03,갑계단
1924,C03-S03-I02-N08,C03,벽력
1924,C03-S03-I02-N08,C03,판이
1924,C03-S03-I02-N08,C03,인류
1924,C03-S03-I02-N08,C03,원류
1924,C03-S03-I02-N08,C03,차이
1924,C03-S03-I02-N08,C03,형수
1924,C03-S03-I02-N08,C03,동일
1924,C03-S03-I02-N08,C03,일계단
1924,C03-S03-I02-N08,C03,타일계단
1924,C03-S03-I02-N08,C03,진화
1924,C03-S03-I02-N08,C03,과정
1924,C03-S03-I02-N08,C03,원인
1924,C03-S03-I02-N08,C03,문명인
1924,C03-S03-I02-N08,C03,진보
1924,C03-S03-I02-N08,C03,시간
1924,C03-S03-I02-N08,C03,기만년
1924,C03-S03-I02-N08,C03,무량수
1924,C03-S03-I02-N08,C03,세월
1924,C03-S03-I02-N08,C03,서서
1924,C03-S03-I02-N08,C03,창조적
1924,C03-S03-I02-N08,C03,변천
1924,C03-S03-I02-N08,C03,우주
1924,C03-S03-I02-N08,C03,진화
1924,C03-S03-I02-N08,C03,과정
1924,C03-S03-I02-N08,C03,간단
1924,C03-S03-I02-N08,C03,복잡
1924,C03-S03-I02-N08,C03,불완전
1924,C03-S03-I02-N08,C03,완전
1924,C03-S03-I02-N08,C03,진화
1924,C03-S03-I02-N08,C03,계단
1924,C03-S03-I02-N08,C03,상고
1924,C03-S03-I02-N08,C03,상고
1924,C03-S03-I02-N08,C03,소고
1924,C03-S03-I02-N08,C03,간단차
1924,C03-S03-I02-N08,C03,불완전
1924,C03-S03-I02-N09,C03,내세
1924,C03-S03-I02-N09,C03,내세
1924,C03-S03-I02-N09,C03,복잡차
1924,C03-S03-I02-N09,C03,완전
1924,C03-S03-I02-N09,C03,노자
1924,C03-S03-I02-N09,C03,우주
1924,C03-S03-I02-N09,C03,태초
1924,C03-S03-I02-N09,C03,유물혼성
1924,C03-S03-I02-N09,C03,선천지생
1924,C03-S03-I02-N09,C03,우주
1924,C03-S03-I02-N09,C03,태초
1924,C03-S03-I02-N09,C03,유물혼성
1924,C03-S03-I02-N09,C03,일계급
1924,C03-S03-I02-N09,C03,천지생
1924,C03-S03-I02-N09,C03,이계단
1924,C03-S03-I02-N09,C03,진화
1924,C03-S03-I02-N09,C03,태양계
1924,C03-S03-I02-N09,C03,조직
1924,C03-S03-I02-N09,C03,만유
1924,C03-S03-I02-N09,C03,생성
1924,C03-S03-I02-N09,C03,우주
1924,C03-S03-I02-N09,C03,점차
1924,C03-S03-I02-N09,C03,복잡
1924,C03-S03-I02-N09,C03,상태
1924,C03-S03-I02-N09,C03,지구
1924,C03-S03-I02-N09,C03,생명
1924,C03-S03-I02-N09,C03,창조
1924,C03-S03-I02-N09,C03,생명
1924,C03-S03-I02-N09,C03,천변만화
1924,C03-S03-I02-N09,C03,植物
1924,C03-S03-I02-N09,C03,생물
1924,C03-S03-I02-N09,C03,생물
1924,C03-S03-I02-N09,C03,무수
1924,C03-S03-I02-N09,C03,계단
1924,C03-S03-I02-N09,C03,인류
1924,C03-S03-I02-N09,C03,계단
1924,C03-S03-I02-N09,C03,진화
1924,C03-S03-I02-N09,C03,과정
1924,C03-S03-I02-N09,C03,요원
1924,C03-S03-I02-N09,C03,노력
1924,C03-S03-I02-N09,C03,추측
1924,C03-S03-I02-N09,C03,이치
1924,C03-S03-I02-N09,C03,무궁
1924,C03-S03-I02-N09,C03,자기과정
1924,C03-S03-I02-N09,C03,무극
1924,C03-S03-I02-N09,C03,천지급
1924,C03-S03-I02-N09,C03,태양계
1924,C03-S03-I02-N09,C03,기타
1924,C03-S03-I02-N09,C03,무기유기
1924,C03-S03-I02-N09,C03,만유
1924,C03-S03-I02-N09,C03,변화
1924,C03-S03-I02-N09,C03,금일
1924,C03-S03-I02-N09,C03,성적
1924,C03-S03-I02-N09,C03,위대
1924,C03-S03-I02-N09,C03,굉장
1924,C03-S03-I02-N09,C03,형용
1924,C03-S03-I02-N09,C03,지나
1924,C03-S03-I02-N10,C03,법성
1924,C03-S03-I02-N10,C03,만유
1924,C03-S03-I02-N10,C03,표현
1924,C03-S03-I02-N10,C03,과정
1924,C03-S03-I02-N10,C03,도저
1924,C03-S03-I02-N10,C03,심원
1924,C03-S03-I02-N10,C03,묘법
1924,C03-S03-I02-N10,C03,형용
1924,C03-S03-I02-N10,C03,무궁
1924,C03-S03-I02-N10,C03,묘법
1924,C03-S03-I02-N10,C03,인내천
1924,C03-S03-I02-N10,C03,일측면
1924,C03-S03-I02-N10,C03,묘법
1924,C03-S03-I02-N10,C03,묘법
1924,C03-S03-I02-N10,C03,자기
1924,C03-S03-I02-N10,C03,무궁
1924,C03-S03-I02-N10,C03,관조
1924,C03-S03-I02-N10,C03,무궁성
1924,C03-S03-I02-N10,C03,천지
1924,C03-S03-I02-N10,C03,기덕
1924,C03-S03-I02-N10,C03,귀신
1924,C03-S03-I02-N10,C03,기조화
1924,C03-S03-I02-N10,C03,합변
1924,C03-S03-I02-N10,C03,무궁주의
1924,C03-S03-I02-N10,C03,자기
1924,C03-S03-I02-N10,C03,계단
1924,C03-S03-I02-N10,C03,一切
1924,C03-S03-I02-N10,C03,신적
1924,C03-S03-I02-N10,C03,평등자유
1924,C03-S03-I02-N10,C03,전인류
1924,C03-S03-I02-N10,C03,신적
1924,C03-S03-I02-N10,C03,대상
1924,C03-S03-I02-N10,C03,항상
1924,C03-S03-I02-N10,C03,평등자유
1924,C03-S03-I02-N10,C03,평등
1924,C03-S03-I02-N10,C03,자유
1924,C03-S03-I02-N10,C03,근거
1924,C03-S03-I02-N11,C03,평등자유
1924,C03-S03-I02-N11,C03,실현
1924,C03-S03-I02-N11,C03,법성
1924,C03-S03-I02-N11,C03,사인여천
1924,C03-S03-I02-N11,C03,불가
1924,C03-S03-I02-N11,C03,인위
1924,C03-S03-I02-N11,C03,강작
1924,C03-S03-I02-N11,C03,빈부
1924,C03-S03-I02-N11,C03,귀천
1924,C03-S03-I02-N11,C03,권세
1924,C03-S03-I02-N11,C03,지혜
1924,C03-S03-I02-N11,C03,간교
1924,C03-S03-I02-N11,C03,인의례지
1924,C03-S03-I02-N11,C03,차위
1924,C03-S03-I02-N11,C03,종교도덕
1924,C03-S03-I02-N11,C03,상위
1924,C03-S03-I02-N11,C03,내지
1924,C03-S03-I02-N11,C03,사상주의
1924,C03-S03-I02-N11,C03,별관
1924,C03-S03-I02-N11,C03,인종
1924,C03-S03-I02-N11,C03,구별
1924,C03-S03-I02-N11,C03,계급
1924,C03-S03-I02-N11,C03,가설
1924,C03-S03-I02-N11,C03,인격
1924,C03-S03-I02-N11,C03,멸시
1924,C03-S03-I02-N11,C03,불상
1924,C03-S03-I02-N11,C03,위반
1924,C03-S03-I02-N11,C03,세계
1924,C03-S03-I02-N11,C03,진평화
1924,C03-S03-I02-N11,C03,실현
1924,C03-S03-I02-N11,C03,복인
1924,C03-S03-I02-N11,C03,대신사
1924,C03-S03-I02-N11,C03,일교
1924,C03-S03-I02-N11,C03,천주
1924,C03-S03-I02-N11,C03,우왈
1924,C03-S03-I02-N11,C03,강림
1924,C03-S03-I02-N12,C03,사인여천
1924,C03-S03-I02-N12,C03,도덕
1924,C03-S03-I02-N12,C03,사실
1924,C03-S03-I02-N12,C03,실행
1924,C03-S03-I02-N12,C03,구구
1924,C03-S03-I02-N12,C03,자비
1924,C03-S03-I02-N12,C03,여지
1924,C03-S03-I02-N12,C03,대개
1924,C03-S03-I02-N12,C03,과거
1924,C03-S03-I02-N12,C03,종교
1924,C03-S03-I02-N12,C03,절대
1924,C03-S03-I02-N12,C03,구분
1924,C03-S03-I02-N12,C03,존귀
1924,C03-S03-I02-N12,C03,미천
1924,C03-S03-I02-N12,C03,실제적
1924,C03-S03-I02-N12,C03,평등자유
1924,C03-S03-I02-N12,C03,실현
1924,C03-S03-I02-N12,C03,소멸
1924,C03-S03-I02-N12,C03,존귀
1924,C03-S03-I02-N12,C03,봉공
1924,C03-S03-I02-N12,C03,미천
1924,C03-S03-I02-N12,C03,자인
1924,C03-S03-I02-N12,C03,평등
1924,C03-S03-I02-N12,C03,사실
1924,C03-S03-I02-N12,C03,근본
1924,C03-S03-I02-N12,C03,미천
1924,C03-S03-I02-N12,C03,동물
1924,C03-S03-I02-N12,C03,작정
1924,C03-S03-I02-N12,C03,대우
1924,C03-S03-I02-N12,C03,미천
1924,C03-S03-I02-N13,C03,존귀
1924,C03-S03-I02-N13,C03,일언일사
1924,C03-S03-I02-N13,C03,경홀
1924,C03-S03-I02-N13,C03,죄악
1924,C03-S03-I02-N13,C03,미천
1924,C03-S03-I02-N13,C03,작정
1924,C03-S03-I02-N13,C03,자기
1924,C03-S03-I02-N13,C03,만분지일
1924,C03-S03-I02-N13,C03,경애지심
1924,C03-S03-I02-N13,C03,표시
1924,C03-S03-I02-N13,C03,경애지심
1924,C03-S03-I02-N13,C03,고사
1924,C03-S03-I02-N13,C03,천우박대
1924,C03-S03-I02-N13,C03,감행
1924,C03-S03-I02-N13,C03,과실
1924,C03-S03-I02-N13,C03,경우
1924,C03-S03-I02-N13,C03,학살
1924,C03-S03-I02-N13,C03,태연자약
1924,C03-S03-I02-N13,C03,존귀
1924,C03-S03-I02-N13,C03,환봉
1924,C03-S03-I02-N13,C03,불유
1924,C03-S03-I02-N13,C03,계급
1924,C03-S03-I02-N13,C03,계급
1924,C03-S03-I02-N13,C03,인연
1924,C03-S03-I02-N13,C03,계급
1924,C03-S03-I02-N13,C03,종교
1924,C03-S03-I02-N13,C03,승려제도
1924,C03-S03-I02-N13,C03,정치상
1924,C03-S03-I02-N13,C03,천자
1924,C03-S03-I02-N13,C03,만민
1924,C03-S03-I02-N13,C03,천자
1924,C03-S03-I02-N13,C03,황족
1924,C03-S03-I02-N13,C03,신하
1924,C03-S03-I02-N13,C03,백성
1924,C03-S03-I02-N13,C03,비교적
1924,C03-S03-I02-N13,C03,계급
1924,C03-S03-I02-N13,C03,인민
1924,C03-S03-I02-N13,C03,존경
1924,C03-S03-I02-N14,C03,천자
1924,C03-S03-I02-N14,C03,서민중
1924,C03-S03-I02-N14,C03,도덕
1924,C03-S03-I02-N14,C03,봉사
1924,C03-S03-I02-N14,C03,천종
1924,C03-S03-I02-N14,C03,특별
1924,C03-S03-I02-N14,C03,존경
1924,C03-S03-I02-N14,C03,계급
1924,C03-S03-I02-N14,C03,존귀
1924,C03-S03-I02-N14,C03,표준
1924,C03-S03-I02-N14,C03,불평등
1924,C03-S03-I02-N14,C03,정신
1924,C03-S03-I02-N14,C03,지배
1924,C03-S03-I02-N14,C03,종교
1924,C03-S03-I02-N14,C03,수리
1924,C03-S03-I02-N14,C03,차별시
1924,C03-S03-I02-N14,C03,습관
1924,C03-S03-I02-N14,C03,세계
1924,C03-S03-I02-N14,C03,화근저
1924,C03-S03-I02-N14,C03,사회적
1924,C03-S03-I02-N14,C03,불평등
1924,C03-S03-I02-N14,C03,합일
1924,C03-S03-I02-N15,C03,인내천
1924,C03-S03-I02-N15,C03,도덕
1924,C03-S03-I02-N15,C03,만일
1924,C03-S03-I02-N15,C03,자기
1924,C03-S03-I02-N15,C03,악독
1924,C03-S03-I02-N15,C03,불상
1924,C03-S03-I02-N15,C03,지상
1924,C03-S03-I02-N15,C03,천상
1924,C03-S03-I02-N15,C03,소질
1924,C03-S03-I02-N15,C03,도덕
1924,C03-S03-I02-N15,C03,지인
1924,C03-S03-I02-N15,C03,지인
1924,C03-S03-I02-N15,C03,발휘
1924,C03-S03-I02-N15,C03,지애
1924,C03-S03-I02-N15,C03,지애
1924,C03-S03-I02-N15,C03,발휘
1924,C03-S03-I02-N15,C03,평등자유
1924,C03-S03-I02-N15,C03,역시
1924,C03-S03-I02-N15,C03,평등자유
1924,C03-S03-I02-N15,C03,인내천
1924,C03-S03-I02-N15,C03,종교
1924,C03-S03-I02-N15,C03,신앙
1924,C03-S03-I02-N15,C03,과거
1924,C03-S03-I02-N15,C03,평등
1924,C03-S03-I02-N15,C03,자유
1924,C03-S03-I02-N15,C03,인애
1924,C03-S03-I02-N15,C03,자비
1924,C03-S03-I02-N15,C03,미덕
1924,C03-S03-I02-N15,C03,전유물
1924,C03-S03-I02-N15,C03,이상적
1924,C03-S03-I02-N15,C03,희망
1924,C03-S03-I02-N15,C03,인내천
1924,C03-S03-I02-N15,C03,신앙
1924,C03-S03-I02-N15,C03,이상체
1924,C03-S03-I02-N15,C03,사실
1924,C03-S03-I02-N15,C03,자기
1924,C03-S03-I02-N15,C03,실행
1924,C03-S03-I02-N15,C03,작정
1924,C03-S03-I02-N15,C03,도덕
1924,C03-S03-I02-N16,C03,영생
1924,C03-S03-I02-N16,C03,인내천
1924,C03-S03-I02-N16,C03,신앙
1924,C03-S03-I02-N16,C03,대신사
1924,C03-S03-I02-N16,C03,불사
1924,C03-S03-I02-N16,C03,궁을
1924,C03-S03-I02-N16,C03,기형
1924,C03-S03-I02-N16,C03,장생
1924,C03-S03-I02-N16,C03,삼칠기자
1924,C03-S03-I02-N16,C03,대신사
1924,C03-S03-I02-N16,C03,여토
1924,C03-S03-I02-N16,C03,장생
1924,C03-S03-I02-N16,C03,천하
1924,C03-S03-I02-N16,C03,소연
1924,C03-S03-I02-N16,C03,인내천
1924,C03-S03-I02-N16,C03,장생
1924,C03-S03-I02-N16,C03,항상
1924,C03-S03-I02-N16,C03,경험
1924,C03-S03-I02-N16,C03,안전
1924,C03-S03-I02-N16,C03,무수
1924,C03-S03-I02-N16,C03,무수
1924,C03-S03-I02-N16,C03,부침동멸
1924,C03-S03-I02-N16,C03,상태
1924,C03-S03-I02-N16,C03,인생
1924,C03-S03-I02-N16,C03,무상
1924,C03-S03-I02-N16,C03,무상
1924,C03-S03-I02-N16,C03,상대
1924,C03-S03-I02-N16,C03,유상
1924,C03-S03-I02-N16,C03,理想
1924,C03-S03-I02-N16,C03,무상세계
1924,C03-S03-I02-N16,C03,상대
1924,C03-S03-I02-N16,C03,유상천국
1924,C03-S03-I02-N16,C03,대상
1924,C03-S03-I02-N16,C03,상상
1924,C03-S03-I02-N17,C03,과거
1924,C03-S03-I02-N17,C03,인생
1924,C03-S03-I02-N17,C03,현생
1924,C03-S03-I02-N17,C03,가치
1924,C03-S03-I02-N17,C03,인생칠십고래희
1924,C03-S03-I02-N17,C03,칠십
1924,C03-S03-I02-N17,C03,생명
1924,C03-S03-I02-N17,C03,자기
1924,C03-S03-I02-N17,C03,공전절후
1924,C03-S03-I02-N17,C03,절대치
1924,C03-S03-I02-N17,C03,결과
1924,C03-S03-I02-N17,C03,일만사
1924,C03-S03-I02-N17,C03,준비
1924,C03-S03-I02-N17,C03,범위내
1924,C03-S03-I02-N17,C03,영원
1924,C03-S03-I02-N17,C03,장래
1924,C03-S03-I02-N17,C03,원려
1924,C03-S03-I02-N17,C03,생전
1924,C03-S03-I02-N17,C03,불의
1924,C03-S03-I02-N17,C03,감행
1924,C03-S03-I02-N17,C03,자기
1924,C03-S03-I02-N17,C03,욕구
1924,C03-S03-I02-N17,C03,만족
1924,C03-S03-I02-N17,C03,영생
1924,C03-S03-I02-N17,C03,신앙
1924,C03-S03-I02-N17,C03,세계외
1924,C03-S03-I02-N17,C03,타계영생주의
1924,C03-S03-I02-N17,C03,미신
1924,C03-S03-I02-N17,C03,기신
1924,C03-S03-I02-N17,C03,타계생활
1924,C03-S03-I02-N17,C03,목적
1924,C03-S03-I02-N17,C03,최후
1924,C03-S03-I02-N17,C03,각오
1924,C03-S03-I02-N17,C03,관념
1924,C03-S03-I02-N17,C03,세계
1924,C03-S03-I02-N17,C03,객관
1924,C03-S03-I02-N17,C03,세계
1924,C03-S03-I02-N17,C03,잠시객원
1924,C03-S03-I02-N17,C03,잠시두류
1924,C03-S03-I02-N17,C03,기객관
1924,C03-S03-I02-N17,C03,영고성쇠
1924,C03-S03-I02-N17,C03,도외
1924,C03-S03-I02-N17,C03,필연
1924,C03-S03-I02-N18,C03,세계
1924,C03-S03-I02-N18,C03,세계
1924,C03-S03-I02-N18,C03,객관
1924,C03-S03-I02-N18,C03,결과
1924,C03-S03-I02-N18,C03,자기
1924,C03-S03-I02-N18,C03,생존
1924,C03-S03-I02-N18,C03,한도내
1924,C03-S03-I02-N18,C03,만사
1924,C03-S03-I02-N18,C03,준비
1924,C03-S03-I02-N18,C03,인생칠십
1924,C03-S03-I02-N18,C03,칠십
1924,C03-S03-I02-N18,C03,세월
1924,C03-S03-I02-N18,C03,자기생존
1924,C03-S03-I02-N18,C03,한도
1924,C03-S03-I02-N18,C03,범위내
1924,C03-S03-I02-N18,C03,자기
1924,C03-S03-I02-N18,C03,행복적
1924,C03-S03-I02-N18,C03,활동
1924,C03-S03-I02-N18,C03,만일
1924,C03-S03-I02-N18,C03,생명범위
1924,C03-S03-I02-N18,C03,칠십세
1924,C03-S03-I02-N18,C03,한도
1924,C03-S03-I02-N18,C03,천년
1924,C03-S03-I02-N18,C03,만년
1924,C03-S03-I02-N18,C03,생명
1924,C03-S03-I02-N18,C03,활동
1924,C03-S03-I02-N18,C03,일시
1924,C03-S03-I02-N18,C03,변혁
1924,C03-S03-I02-N18,C03,만년
1924,C03-S03-I02-N18,C03,생명
1924,C03-S03-I02-N18,C03,만년
1924,C03-S03-I02-N18,C03,생활준비
1924,C03-S03-I02-N18,C03,불행
1924,C03-S03-I02-N18,C03,칠십세
1924,C03-S03-I02-N18,C03,생명
1924,C03-S03-I02-N18,C03,칠십세
1924,C03-S03-I02-N18,C03,이후
1924,C03-S03-I02-N18,C03,세상
1924,C03-S03-I02-N18,C03,종적
1924,C03-S03-I02-N19,C03,만일
1924,C03-S03-I02-N19,C03,타계생활
1924,C03-S03-I02-N19,C03,관념
1924,C03-S03-I02-N19,C03,세계관
1924,C03-S03-I02-N19,C03,비관
1924,C03-S03-I02-N19,C03,만일
1924,C03-S03-I02-N19,C03,영생
1924,C03-S03-I02-N19,C03,영생
1924,C03-S03-I02-N19,C03,타계
1924,C03-S03-I02-N19,C03,영원무궁
1924,C03-S03-I02-N19,C03,세계
1924,C03-S03-I02-N19,C03,생활
1924,C03-S03-I02-N19,C03,철저
1924,C03-S03-I02-N19,C03,각오
1924,C03-S03-I02-N19,C03,생활
1924,C03-S03-I02-N19,C03,기초
1924,C03-S03-I02-N19,C03,근본적
1924,C03-S03-I02-N19,C03,개혁
1924,C03-S03-I02-N19,C03,세계
1924,C03-S03-I02-N19,C03,천국
1924,C03-S03-I02-N19,C03,자기
1924,C03-S03-I02-N19,C03,정신적
1924,C03-S03-I02-N19,C03,생명
1924,C03-S03-I02-N19,C03,천국
1924,C03-S03-I02-N19,C03,영구불멸
1924,C03-S03-I02-N19,C03,일서일행
1924,C03-S03-I02-N19,C03,영구
1924,C03-S03-I02-N19,C03,지인지자
1924,C03-S03-I02-N19,C03,범주내
1924,C03-S03-I02-N19,C03,인내천
1924,C03-S03-I02-N19,C03,가족
1924,C03-S03-I02-N19,C03,인내천
1924,C03-S03-I02-N19,C03,영생
1924,C03-S03-I02-N19,C03,신앙
1924,C03-S03-I02-N20,C03,암간
1924,C03-S03-I02-N20,C03,불절
1924,C03-S03-I02-N20,C03,지상
1924,C03-S03-I02-N20,C03,植物
1924,C03-S03-I02-N20,C03,생물
1924,C03-S03-I02-N20,C03,과실
1924,C03-S03-I02-N20,C03,자손
1924,C03-S03-I02-N20,C03,영구
1924,C03-S03-I02-N20,C03,인류
1924,C03-S03-I02-N20,C03,영겁이전
1924,C03-S03-I02-N20,C03,생명
1924,C03-S03-I02-N20,C03,무한류
1924,C03-S03-I02-N20,C03,생명
1924,C03-S03-I02-N20,C03,인내천란
1924,C03-S03-I02-N20,C03,참조
1924,C03-S03-I02-N20,C03,의식
1924,C03-S03-I02-N20,C03,무궁원
1924,C03-S03-I02-N20,C03,의식
1924,C03-S03-I02-N20,C03,인내천
1924,C03-S03-I02-N20,C03,참조
1924,C03-S03-I02-N20,C03,목전
1924,C03-S03-I02-N20,C03,대사실
1924,C03-S03-I02-N20,C03,해석
1924,C03-S03-I02-N20,C03,인내천
1924,C03-S03-I02-N20,C03,영생
1924,C03-S03-I02-N20,C03,비근
1924,C03-S03-I02-N20,C03,사실
1924,C03-S03-I02-N20,C03,발견
1924,C03-S03-I02-N20,C03,인성무궁
1924,C03-S03-I02-N20,C03,영생불멸
1924,C03-S03-I02-N20,C03,대신사
1924,C03-S03-I02-N20,C03,아사아칙부모재자
1924,C03-S03-I02-N20,C03,후사후칙자손존피
1924,C03-S03-I02-N21,C03,부모
1924,C03-S03-I02-N21,C03,변형
1924,C03-S03-I02-N21,C03,자손
1924,C03-S03-I02-N21,C03,변형
1924,C03-S03-I02-N21,C03,인성무궁
1924,C03-S03-I02-N21,C03,과거
1924,C03-S03-I02-N21,C03,부모
1924,C03-S03-I02-N21,C03,현재
1924,C03-S03-I02-N21,C03,미래
1924,C03-S03-I02-N21,C03,자손
1924,C03-S03-I02-N21,C03,여사
1924,C03-S03-I02-N21,C03,무궁
1924,C03-S03-I02-N21,C03,무궁
1924,C03-S03-I02-N21,C03,불멸불진
1924,C03-S03-I02-N21,C03,무궁
1924,C03-S03-I02-N21,C03,변화법
1924,C03-S03-I02-N21,C03,해월신사
1924,C03-S03-I02-N21,C03,향아설위법
1924,C03-S03-I02-N21,C03,도제
1924,C03-S03-I02-N21,C03,선대
1924,C03-S03-I02-N21,C03,정신
1924,C03-S03-I02-N21,C03,후대오인
1924,C03-S03-I02-N21,C03,정령
1924,C03-S03-I02-N21,C03,융합
1924,C03-S03-I02-N21,C03,祖先
1924,C03-S03-I02-N21,C03,선사
1924,C03-S03-I02-N21,C03,부모
1924,C03-S03-I02-N21,C03,선사
1924,C03-S03-I02-N21,C03,향아설위
1924,C03-S03-I02-N21,C03,천인합일
1924,C03-S03-I02-N21,C03,사후정령
1924,C03-S03-I02-N21,C03,영구
1924,C03-S03-I02-N21,C03,인류
1924,C03-S03-I02-N21,C03,사회정신
1924,C03-S03-I02-N21,C03,융합일치
1924,C03-S03-I02-N22,C03,여사
1924,C03-S03-I02-N22,C03,오인
1924,C03-S03-I02-N22,C03,정령
1924,C03-S03-I02-N22,C03,영구
1924,C03-S03-I02-N22,C03,무궁
1924,C03-S03-I02-N22,C03,불멸
1924,C03-S03-I02-N22,C03,구구
1924,C03-S03-I02-N22,C03,생사문제
1924,C03-S03-I02-N22,C03,필요
1924,C03-S03-I02-N22,C03,注意
1924,C03-S03-I02-N22,C03,일대요건
1924,C03-S03-I02-N22,C03,생전
1924,C03-S03-I02-N22,C03,무궁
1924,C03-S03-I02-N22,C03,체현
1924,C03-S03-I02-N22,C03,정령
1924,C03-S03-I02-N22,C03,영지
1924,C03-S03-I02-N22,C03,신축
1924,C03-S03-I02-N22,C03,생전
1924,C03-S03-I02-N22,C03,적극적
1924,C03-S03-I02-N22,C03,선심
1924,C03-S03-I02-N22,C03,무궁
1924,C03-S03-I02-N22,C03,투시
1924,C03-S03-I02-N22,C03,수양
1924,C03-S03-I02-N22,C03,즉석
1924,C03-S03-I02-N22,C03,생사
1924,C03-S03-I02-N22,C03,초월
1924,C03-S03-I02-N22,C03,생사
1924,C03-S03-I02-N22,C03,희롱
1924,C03-S03-I02-N23,C03,대신사
1924,C03-S03-I02-N23,C03,대구
1924,C03-S03-I02-N23,C03,참형
1924,C03-S03-I02-N23,C03,청수
1924,C03-S03-I02-N23,C03,묵념량구
1924,C03-S03-I02-N23,C03,종용
1924,C03-S03-I02-N23,C03,생사
1924,C03-S03-I02-N23,C03,관문
1924,C03-S03-I02-N23,C03,초월
1924,C03-S03-I02-N23,C03,행위
1924,C03-S03-I02-N23,C03,대신사
1924,C03-S03-I02-N23,C03,생전
1924,C03-S03-I02-N23,C03,기정신
1924,C03-S03-I02-N23,C03,항상
1924,C03-S03-I02-N23,C03,무궁
1924,C03-S03-I02-N23,C03,우유
1924,C03-S03-I02-N23,C03,생사
1924,C03-S03-I02-N23,C03,독침
1924,C03-S03-I02-N23,C03,정신
1924,C03-S03-I02-N23,C03,침범
1924,C03-S03-I02-N23,C03,하고
1924,C03-S03-I02-N23,C03,무궁
1924,C03-S03-I02-N23,C03,본래생사
1924,C03-S03-I02-N23,C03,특립
1924,C03-S03-I02-N23,C03,육체
1924,C03-S03-I02-N23,C03,사망
1924,C03-S03-I02-N23,C03,생사
1924,C03-S03-I02-N23,C03,판정
1924,C03-S03-I02-N23,C03,경단
1924,C03-S03-I02-N23,C03,근본
1924,C03-S03-I02-N23,C03,영육일원
1924,C03-S03-I02-N23,C03,본질
1924,C03-S03-I02-N23,C03,실재적
1924,C03-S03-I02-N23,C03,무궁
1924,C03-S03-I02-N23,C03,오인
1924,C03-S03-I02-N23,C03,자자
1924,C03-S03-I02-N23,C03,수양
1924,C03-S03-I02-N23,C03,정신
1924,C03-S03-I02-N23,C03,기경애
1924,C03-S03-I02-N23,C03,접촉
1924,C03-S03-I02-N23,C03,즉시영생
1924,C03-S03-I02-N23,C03,생사
1924,C03-S03-I02-N23,C03,경애
1924,C03-S03-I02-N23,C03,초월
1924,C03-S03-I02-N24,C03,생사
1924,C03-S03-I02-N24,C03,경애
1924,C03-S03-I02-N24,C03,초월
1924,C03-S03-I02-N24,C03,유일
1924,C03-S03-I02-N24,C03,진체
1924,C03-S03-I02-N24,C03,인내천
1924,C03-S03-I02-N24,C03,신앙
1924,C03-S03-I02-N24,C03,인성무궁
1924,C03-S03-I02-N24,C03,접착
1924,C03-S03-I02-N24,C03,화두
1924,C03-S03-I02-N24,C03,기타
1924,C03-S03-I02-N24,C03,신앙
1924,C03-S03-I02-N24,C03,인내천
1924,C03-S03-I02-N24,C03,철저
1924,C03-S03-I02-N24,C03,신앙
1924,C03-S03-I02-N24,C03,생사
1924,C03-S03-I02-N24,C03,관문
1924,C03-S03-I02-N24,C03,초월
1924,C03-S03-I02-N24,C03,초경
1924,C03-S03-I02-N24,C03,천도
1924,C03-S03-I02-N24,C03,신앙
1924,C03-S03-I02-N24,C03,불신
1924,C03-S03-I02-N24,C03,정도
1924,C03-S03-I02-N24,C03,소양
1924,C03-S03-I02-N24,C03,차이
1924,C03-S03-I02-N24,C03,신앙
1924,C03-S03-I02-N24,C03,흡연
1924,C03-S03-I02-N24,C03,종자
1924,C03-S03-I02-N24,C03,과실
1924,C03-S03-I02-N24,C03,현상적
1924,C03-S03-I02-N24,C03,미관
1924,C03-S03-I02-N24,C03,무궁
1924,C03-S03-I02-N24,C03,영구적
1924,C03-S03-I02-N24,C03,정신활동
1924,C03-S03-I02-N24,C03,가득
1924,C03-S03-I03-N01,C03,세계종교
1924,C03-S03-I03-N01,C03,성신
1924,C03-S03-I03-N01,C03,종교
1924,C03-S03-I03-N01,C03,도덕
1924,C03-S03-I03-N01,C03,진정
1924,C03-S03-I03-N01,C03,세계
1924,C03-S03-I03-N01,C03,행복
1924,C03-S03-I03-N01,C03,인류
1924,C03-S03-I03-N01,C03,재난
1924,C03-S03-I03-N01,C03,죄악
1924,C03-S03-I03-N01,C03,분규
1924,C03-S03-I03-N01,C03,신음
1924,C03-S03-I03-N01,C03,고통
1924,C03-S03-I03-N01,C03,일세
1924,C03-S03-I03-N01,C03,주저
1924,C03-S03-I03-N01,C03,대개
1924,C03-S03-I03-N01,C03,연고
1924,C03-S03-I03-N01,C03,철저
1924,C03-S03-I03-N01,C03,토구
1924,C03-S03-I03-N01,C03,개조
1924,C03-S03-I03-N01,C03,용기
1924,C03-S03-I03-N01,C03,내지
1924,C03-S03-I03-N01,C03,세계
1924,C03-S03-I03-N01,C03,해석
1924,C03-S03-I03-N01,C03,세계
1924,C03-S03-I03-N01,C03,조직
1924,C03-S03-I03-N01,C03,원인
1924,C03-S03-I03-N01,C03,병인
1924,C03-S03-I03-N01,C03,치료
1924,C03-S03-I03-N01,C03,병근
1924,C03-S03-I03-N01,C03,철저
1924,C03-S03-I03-N01,C03,이유
1924,C03-S03-I03-N02,C03,고래
1924,C03-S03-I03-N02,C03,종교가
1924,C03-S03-I03-N02,C03,세계
1924,C03-S03-I03-N02,C03,화갱
1924,C03-S03-I03-N02,C03,마굴
1924,C03-S03-I03-N02,C03,죄악
1924,C03-S03-I03-N02,C03,세계
1924,C03-S03-I03-N02,C03,고통
1924,C03-S03-I03-N02,C03,근본적
1924,C03-S03-I03-N02,C03,오류
1924,C03-S03-I03-N02,C03,세계
1924,C03-S03-I03-N02,C03,화갱
1924,C03-S03-I03-N02,C03,인정
1924,C03-S03-I03-N02,C03,세계
1924,C03-S03-I03-N02,C03,일종
1924,C03-S03-I03-N02,C03,가상적
1924,C03-S03-I03-N02,C03,세계
1924,C03-S03-I03-N02,C03,理想
1924,C03-S03-I03-N02,C03,인류
1924,C03-S03-I03-N02,C03,최후
1924,C03-S03-I03-N02,C03,위안
1924,C03-S03-I03-N02,C03,세계
1924,C03-S03-I03-N02,C03,병독
1924,C03-S03-I03-N02,C03,원인
1924,C03-S03-I03-N02,C03,가령
1924,C03-S03-I03-N02,C03,물건
1924,C03-S03-I03-N02,C03,물건
1924,C03-S03-I03-N02,C03,성질상
1924,C03-S03-I03-N02,C03,근본적
1924,C03-S03-I03-N02,C03,개선
1924,C03-S03-I03-N02,C03,여망
1924,C03-S03-I03-N02,C03,물건
1924,C03-S03-I03-N02,C03,보존
1924,C03-S03-I03-N02,C03,염려
1924,C03-S03-I03-N03,C03,녹석
1924,C03-S03-I03-N03,C03,박옥
1924,C03-S03-I03-N03,C03,행념
1924,C03-S03-I03-N03,C03,부목
1924,C03-S03-I03-N03,C03,양옥
1924,C03-S03-I03-N03,C03,건축
1924,C03-S03-I03-N03,C03,과신
1924,C03-S03-I03-N03,C03,경험
1924,C03-S03-I03-N03,C03,기물건
1924,C03-S03-I03-N03,C03,보수적
1924,C03-S03-I03-N03,C03,신념
1924,C03-S03-I03-N03,C03,과거종교
1924,C03-S03-I03-N03,C03,세계
1924,C03-S03-I03-N03,C03,근본적
1924,C03-S03-I03-N03,C03,죄악
1924,C03-S03-I03-N03,C03,심법
1924,C03-S03-I03-N03,C03,모골
1924,C03-S03-I03-N03,C03,송연
1924,C03-S03-I03-N03,C03,세계
1924,C03-S03-I03-N03,C03,녹석
1924,C03-S03-I03-N03,C03,부목
1924,C03-S03-I03-N03,C03,以上
1924,C03-S03-I03-N03,C03,세계
1924,C03-S03-I03-N03,C03,근본적
1924,C03-S03-I03-N03,C03,행복
1924,C03-S03-I03-N03,C03,신념
1924,C03-S03-I03-N03,C03,세계
1924,C03-S03-I03-N03,C03,결정적
1924,C03-S03-I03-N03,C03,마굴
1924,C03-S03-I03-N03,C03,인정
1924,C03-S03-I03-N03,C03,죄악
1924,C03-S03-I03-N03,C03,불가피
1924,C03-S03-I03-N03,C03,운명
1924,C03-S03-I03-N03,C03,작정
1924,C03-S03-I03-N04,C03,심지어
1924,C03-S03-I03-N04,C03,전쟁
1924,C03-S03-I03-N04,C03,인류
1924,C03-S03-I03-N04,C03,당연
1924,C03-S03-I03-N04,C03,행위
1924,C03-S03-I03-N04,C03,천하
1924,C03-S03-I03-N04,C03,죄악
1924,C03-S03-I03-N04,C03,가공
1924,C03-S03-I03-N04,C03,유래
1924,C03-S03-I03-N04,C03,종교신자
1924,C03-S03-I03-N04,C03,세계
1924,C03-S03-I03-N04,C03,고통
1924,C03-S03-I03-N04,C03,세계
1924,C03-S03-I03-N04,C03,해결
1924,C03-S03-I03-N04,C03,신념
1924,C03-S03-I03-N04,C03,추호
1924,C03-S03-I03-N04,C03,내세
1924,C03-S03-I03-N04,C03,세계외
1924,C03-S03-I03-N04,C03,세계
1924,C03-S03-I03-N04,C03,보수
1924,C03-S03-I03-N04,C03,가긍
1924,C03-S03-I03-N04,C03,행위
1924,C03-S03-I03-N04,C03,퇴굴적
1924,C03-S03-I03-N04,C03,허위
1924,C03-S03-I03-N04,C03,천국
1924,C03-S03-I03-N04,C03,세계
1924,C03-S03-I03-N04,C03,고통
1924,C03-S03-I03-N04,C03,상대
1924,C03-S03-I03-N04,C03,이상적
1924,C03-S03-I03-N04,C03,세계
1924,C03-S03-I03-N04,C03,피안
1924,C03-S03-I03-N04,C03,假定
1924,C03-S03-I03-N04,C03,세계
1924,C03-S03-I03-N04,C03,천국
1924,C03-S03-I03-N04,C03,인류
1924,C03-S03-I03-N04,C03,불행
1924,C03-S03-I03-N04,C03,해결
1924,C03-S03-I03-N04,C03,이상향
1924,C03-S03-I03-N05,C03,세상
1924,C03-S03-I03-N05,C03,고통
1924,C03-S03-I03-N05,C03,잠시간
1924,C03-S03-I03-N05,C03,영구미래
1924,C03-S03-I03-N05,C03,천국
1924,C03-S03-I03-N05,C03,고통
1924,C03-S03-I03-N05,C03,해결
1924,C03-S03-I03-N05,C03,죄악
1924,C03-S03-I03-N05,C03,근본성
1924,C03-S03-I03-N05,C03,소멸
1924,C03-S03-I03-N05,C03,천국
1924,C03-S03-I03-N05,C03,천국
1924,C03-S03-I03-N05,C03,선자
1924,C03-S03-I03-N05,C03,가입
1924,C03-S03-I03-N05,C03,천국
1924,C03-S03-I03-N05,C03,세상
1924,C03-S03-I03-N05,C03,저저
1924,C03-S03-I03-N05,C03,축상
1924,C03-S03-I03-N05,C03,불능
1924,C03-S03-I03-N05,C03,천국
1924,C03-S03-I03-N05,C03,평등
1924,C03-S03-I03-N05,C03,조직
1924,C03-S03-I03-N05,C03,세계
1924,C03-S03-I03-N05,C03,귀천
1924,C03-S03-I03-N05,C03,계급
1924,C03-S03-I03-N05,C03,빈부
1924,C03-S03-I03-N05,C03,차별
1924,C03-S03-I03-N05,C03,전쟁
1924,C03-S03-I03-N05,C03,질투
1924,C03-S03-I03-N05,C03,원한
1924,C03-S03-I03-N05,C03,분문
1924,C03-S03-I03-N05,C03,고통
1924,C03-S03-I03-N05,C03,안온
1924,C03-S03-I03-N05,C03,세계
1924,C03-S03-I03-N06,C03,천국
1924,C03-S03-I03-N06,C03,자유
1924,C03-S03-I03-N06,C03,동작
1924,C03-S03-I03-N06,C03,세계
1924,C03-S03-I03-N06,C03,의식
1924,C03-S03-I03-N06,C03,자연
1924,C03-S03-I03-N06,C03,구속
1924,C03-S03-I03-N06,C03,피아
1924,C03-S03-I03-N06,C03,인위적
1924,C03-S03-I03-N06,C03,절제
1924,C03-S03-I03-N06,C03,화복
1924,C03-S03-I03-N06,C03,윤회
1924,C03-S03-I03-N06,C03,천국
1924,C03-S03-I03-N06,C03,영생
1924,C03-S03-I03-N06,C03,세계
1924,C03-S03-I03-N06,C03,영고부침
1924,C03-S03-I03-N06,C03,세태
1924,C03-S03-I03-N06,C03,질병우고
1924,C03-S03-I03-N06,C03,고통
1924,C03-S03-I03-N06,C03,생사
1924,C03-S03-I03-N06,C03,전륜
1924,C03-S03-I03-N06,C03,세계
1924,C03-S03-I03-N06,C03,理想
1924,C03-S03-I03-N06,C03,천국
1924,C03-S03-I03-N06,C03,관념
1924,C03-S03-I03-N06,C03,대개
1924,C03-S03-I03-N06,C03,천국
1924,C03-S03-I03-N06,C03,이상적
1924,C03-S03-I03-N06,C03,행복
1924,C03-S03-I03-N06,C03,조직
1924,C03-S03-I03-N06,C03,세계
1924,C03-S03-I03-N06,C03,현생
1924,C03-S03-I03-N06,C03,상서
1924,C03-S03-I03-N06,C03,천국
1924,C03-S03-I03-N06,C03,천국
1924,C03-S03-I03-N06,C03,추구
1924,C03-S03-I03-N06,C03,현재
1924,C03-S03-I03-N06,C03,자기
1924,C03-S03-I03-N06,C03,감위
1924,C03-S03-I03-N06,C03,자기
1924,C03-S03-I03-N06,C03,희구
1924,C03-S03-I03-N06,C03,祈願
1924,C03-S03-I03-N06,C03,선모
1924,C03-S03-I03-N06,C03,천국
1924,C03-S03-I03-N06,C03,이상향
1924,C03-S03-I03-N07,C03,사고
1924,C03-S03-I03-N07,C03,문제
1924,C03-S03-I03-N07,C03,인류
1924,C03-S03-I03-N07,C03,사상중
1924,C03-S03-I03-N07,C03,이상적
1924,C03-S03-I03-N07,C03,세계
1924,C03-S03-I03-N07,C03,주출
1924,C03-S03-I03-N07,C03,위대
1924,C03-S03-I03-N07,C03,천국
1924,C03-S03-I03-N07,C03,발견
1924,C03-S03-I03-N07,C03,무궁
1924,C03-S03-I03-N07,C03,理想
1924,C03-S03-I03-N07,C03,대개
1924,C03-S03-I03-N07,C03,理想
1924,C03-S03-I03-N07,C03,현재
1924,C03-S03-I03-N07,C03,사실
1924,C03-S03-I03-N07,C03,관념
1924,C03-S03-I03-N07,C03,추측
1924,C03-S03-I03-N07,C03,정신적
1924,C03-S03-I03-N07,C03,제도
1924,C03-S03-I03-N07,C03,理想
1924,C03-S03-I03-N07,C03,자기
1924,C03-S03-I03-N07,C03,위대
1924,C03-S03-I03-N07,C03,증명
1924,C03-S03-I03-N08,C03,세사
1924,C03-S03-I03-N08,C03,진주패
1924,C03-S03-I03-N08,C03,진주패
1924,C03-S03-I03-N08,C03,자기본능
1924,C03-S03-I03-N08,C03,비출
1924,C03-S03-I03-N08,C03,세사
1924,C03-S03-I03-N08,C03,포용
1924,C03-S03-I03-N08,C03,미려
1924,C03-S03-I03-N08,C03,진주
1924,C03-S03-I03-N08,C03,조출
1924,C03-S03-I03-N08,C03,理想
1924,C03-S03-I03-N08,C03,사실
1924,C03-S03-I03-N08,C03,사실
1924,C03-S03-I03-N08,C03,진맥
1924,C03-S03-I03-N08,C03,사상
1924,C03-S03-I03-N08,C03,자극
1924,C03-S03-I03-N08,C03,사고
1924,C03-S03-I03-N08,C03,비출
1924,C03-S03-I03-N08,C03,기사실
1924,C03-S03-I03-N08,C03,포위
1924,C03-S03-I03-N08,C03,사고
1924,C03-S03-I03-N08,C03,위대
1924,C03-S03-I03-N08,C03,理想
1924,C03-S03-I03-N08,C03,공자
1924,C03-S03-I03-N08,C03,석가
1924,C03-S03-I03-N08,C03,위인
1924,C03-S03-I03-N08,C03,사고
1924,C03-S03-I03-N08,C03,모앙
1924,C03-S03-I03-N08,C03,모앙
1924,C03-S03-I03-N08,C03,사고
1924,C03-S03-I03-N08,C03,점차
1924,C03-S03-I03-N08,C03,理想
1924,C03-S03-I03-N08,C03,공자
1924,C03-S03-I03-N08,C03,석가
1924,C03-S03-I03-N08,C03,필경
1924,C03-S03-I03-N08,C03,이상적
1924,C03-S03-I03-N08,C03,인물
1924,C03-S03-I03-N08,C03,신자
1924,C03-S03-I03-N08,C03,정신
1924,C03-S03-I03-N08,C03,공자
1924,C03-S03-I03-N08,C03,석가
1924,C03-S03-I03-N08,C03,실제
1924,C03-S03-I03-N08,C03,당시
1924,C03-S03-I03-N08,C03,공자
1924,C03-S03-I03-N08,C03,석가
1924,C03-S03-I03-N08,C03,별개
1924,C03-S03-I03-N08,C03,이상적
1924,C03-S03-I03-N08,C03,공자
1924,C03-S03-I03-N08,C03,석가
1924,C03-S03-I03-N08,C03,실제
1924,C03-S03-I03-N08,C03,공자
1924,C03-S03-I03-N08,C03,석가
1924,C03-S03-I03-N08,C03,우월
1924,C03-S03-I03-N09,C03,理想
1924,C03-S03-I03-N09,C03,허위
1924,C03-S03-I03-N09,C03,환경
1924,C03-S03-I03-N09,C03,진주패
1924,C03-S03-I03-N09,C03,진주
1924,C03-S03-I03-N09,C03,허위
1924,C03-S03-I03-N09,C03,以上
1924,C03-S03-I03-N09,C03,오인
1924,C03-S03-I03-N09,C03,사상중
1924,C03-S03-I03-N09,C03,조직적
1924,C03-S03-I03-N09,C03,理想
1924,C03-S03-I03-N09,C03,허위
1924,C03-S03-I03-N09,C03,진정
1924,C03-S03-I03-N09,C03,理想
1924,C03-S03-I03-N09,C03,미래적
1924,C03-S03-I03-N09,C03,정신적
1924,C03-S03-I03-N09,C03,무형적
1924,C03-S03-I03-N09,C03,성립
1924,C03-S03-I03-N09,C03,잠재사실
1924,C03-S03-I03-N09,C03,여사
1924,C03-S03-I03-N09,C03,理想
1924,C03-S03-I03-N09,C03,현재
1924,C03-S03-I03-N09,C03,사실
1924,C03-S03-I03-N09,C03,미화
1924,C03-S03-I03-N09,C03,향상
1924,C03-S03-I03-N09,C03,진보
1924,C03-S03-I03-N09,C03,신사실
1924,C03-S03-I03-N09,C03,창조
1924,C03-S03-I03-N09,C03,과거
1924,C03-S03-I03-N09,C03,祖先
1924,C03-S03-I03-N09,C03,천국
1924,C03-S03-I03-N09,C03,理想
1924,C03-S03-I03-N09,C03,극락세계
1924,C03-S03-I03-N09,C03,理想
1924,C03-S03-I03-N09,C03,봉래방장
1924,C03-S03-I03-N09,C03,선경
1924,C03-S03-I03-N09,C03,理想
1924,C03-S03-I03-N09,C03,허위
1924,C03-S03-I03-N09,C03,몽환
1924,C03-S03-I03-N10,C03,장래
1924,C03-S03-I03-N10,C03,도달
1924,C03-S03-I03-N10,C03,인류
1924,C03-S03-I03-N10,C03,전도
1924,C03-S03-I03-N10,C03,이상적
1924,C03-S03-I03-N10,C03,동경
1924,C03-S03-I03-N10,C03,자기
1924,C03-S03-I03-N10,C03,자기
1924,C03-S03-I03-N10,C03,건설
1924,C03-S03-I03-N10,C03,자기
1924,C03-S03-I03-N10,C03,시대
1924,C03-S03-I03-N10,C03,출현
1924,C03-S03-I03-N10,C03,이상향
1924,C03-S03-I03-N10,C03,정신적
1924,C03-S03-I03-N10,C03,무형적
1924,C03-S03-I03-N10,C03,예상
1924,C03-S03-I03-N10,C03,후세자손
1924,C03-S03-I03-N10,C03,유전
1924,C03-S03-I03-N10,C03,과언
1924,C03-S03-I03-N10,C03,인류
1924,C03-S03-I03-N10,C03,이상향
1924,C03-S03-I03-N10,C03,동경
1924,C03-S03-I03-N10,C03,현대인
1924,C03-S03-I03-N10,C03,祖先
1924,C03-S03-I03-N10,C03,유전
1924,C03-S03-I03-N10,C03,기리상
1924,C03-S03-I03-N10,C03,理想
1924,C03-S03-I03-N10,C03,보수
1924,C03-S03-I03-N10,C03,보수
1924,C03-S03-I03-N10,C03,해방
1924,C03-S03-I03-N10,C03,실제
1924,C03-S03-I03-N10,C03,천국
1924,C03-S03-I03-N10,C03,지상
1924,C03-S03-I03-N10,C03,건설
1924,C03-S03-I03-N10,C03,여명기
1924,C03-S03-I03-N10,C03,각오
1924,C03-S03-I03-N10,C03,인내천
1924,C03-S03-I03-N10,C03,신앙
1924,C03-S03-I03-N10,C03,일대조건
1924,C03-S03-I03-N11,C03,일언
1924,C03-S03-I03-N11,C03,누언
1924,C03-S03-I03-N11,C03,유래
1924,C03-S03-I03-N11,C03,종교
1924,C03-S03-I03-N11,C03,세계
1924,C03-S03-I03-N11,C03,지옥
1924,C03-S03-I03-N11,C03,원인
1924,C03-S03-I03-N11,C03,사회조직
1924,C03-S03-I03-N11,C03,관계
1924,C03-S03-I03-N11,C03,빈부
1924,C03-S03-I03-N11,C03,차별
1924,C03-S03-I03-N11,C03,귀천
1924,C03-S03-I03-N11,C03,계급
1924,C03-S03-I03-N11,C03,빈천자
1924,C03-S03-I03-N11,C03,고통
1924,C03-S03-I03-N11,C03,부귀자
1924,C03-S03-I03-N11,C03,고통
1924,C03-S03-I03-N11,C03,만일
1924,C03-S03-I03-N11,C03,황금
1924,C03-S03-I03-N11,C03,보물
1924,C03-S03-I03-N11,C03,황금
1924,C03-S03-I03-N11,C03,고통
1924,C03-S03-I03-N11,C03,권세
1924,C03-S03-I03-N11,C03,명리
1924,C03-S03-I03-N11,C03,권세
1924,C03-S03-I03-N11,C03,명리
1924,C03-S03-I03-N11,C03,고통
1924,C03-S03-I03-N11,C03,화복
1924,C03-S03-I03-N11,C03,자기
1924,C03-S03-I03-N11,C03,마련
1924,C03-S03-I03-N11,C03,고통
1924,C03-S03-I03-N11,C03,자승자박
1924,C03-S03-I03-N11,C03,행위
1924,C03-S03-I03-N11,C03,고통
1924,C03-S03-I03-N11,C03,해결
1924,C03-S03-I03-N11,C03,방법
1924,C03-S03-I03-N11,C03,자기
1924,C03-S03-I03-N11,C03,처사여하
1924,C03-S04-I00-N01,C03,인내천
1924,C03-S04-I00-N01,C03,철리
1924,C03-S04-I00-N01,C03,천도교
1924,C03-S04-I00-N01,C03,종지
1924,C03-S04-I00-N01,C03,인내천주의
1924,C03-S04-I00-N01,C03,현대
1924,C03-S04-I00-N01,C03,철리
1924,C03-S04-I00-N01,C03,부합
1924,C03-S04-I00-N01,C03,간단
1924,C03-S04-I00-N01,C03,인내천
1924,C03-S04-I00-N01,C03,철리
1924,C03-S04-I00-N01,C03,원리상
1924,C03-S04-I00-N01,C03,인내천주의
1924,C03-S04-I00-N01,C03,응용상
1924,C03-S04-I00-N01,C03,인내천주의
1924,C03-S04-I00-N01,C03,원리상
1924,C03-S04-I00-N01,C03,인내천주의
1924,C03-S04-I00-N01,C03,현실
1924,C03-S04-I00-N01,C03,인내천
1924,C03-S04-I00-N01,C03,실재
1924,C03-S04-I00-N01,C03,인내천
1924,C03-S04-I00-N01,C03,범신
1924,C03-S04-I00-N01,C03,인내천
1924,C03-S04-I00-N01,C03,생명상
1924,C03-S04-I00-N01,C03,인내천
1924,C03-S04-I00-N01,C03,의식상
1924,C03-S04-I00-N01,C03,인내천
1924,C03-S04-I00-N01,C03,영혼문제
1924,C03-S04-I00-N01,C03,인내천
1924,C03-S04-I00-N01,C03,진화
1924,C03-S04-I00-N01,C03,인내천
1924,C03-S04-I00-N02,C03,원리상
1924,C03-S04-I00-N02,C03,인내천주의
1924,C03-S04-I00-N02,C03,대개
1924,C03-S04-I00-N02,C03,以上
1924,C03-S04-I00-N02,C03,칠개조
1924,C03-S04-I00-N02,C03,가득
1924,C03-S04-I00-N02,C03,以上
1924,C03-S04-I00-N02,C03,이외
1924,C03-S04-I00-N02,C03,다소
1924,C03-S04-I00-N02,C03,원리
1924,C03-S04-I00-N02,C03,부합
1924,C03-S04-I00-N02,C03,진체
1924,C03-S04-I00-N02,C03,대략
1924,C03-S04-I00-N02,C03,칠개조
1924,C03-S04-I00-N02,C03,문제
1924,C03-S04-I00-N02,C03,근본
1924,C03-S04-I00-N02,C03,융원심수
1924,C03-S04-I00-N02,C03,철리
1924,C03-S04-I00-N02,C03,상세
1924,C03-S04-I00-N02,C03,여가
1924,C03-S04-I00-N02,C03,본서
1924,C03-S04-I00-N02,C03,중심
1924,C03-S04-I00-N02,C03,인내천
1924,C03-S04-I00-N02,C03,대개
1924,C03-S04-I00-N02,C03,제종문제
1924,C03-S04-I00-N02,C03,主義
1924,C03-S04-I00-N02,C03,강령
1924,C03-S04-I00-N02,C03,인내천주의
1924,C03-S04-I00-N02,C03,관계
1924,C03-S04-I01-N01,C03,오천년간
1924,C03-S04-I01-N01,C03,역사
1924,C03-S04-I01-N01,C03,비류
1924,C03-S04-I01-N01,C03,일개인
1924,C03-S04-I01-N01,C03,일생발달
1924,C03-S04-I01-N01,C03,유사
1924,C03-S04-I01-N01,C03,일생
1924,C03-S04-I01-N01,C03,유년
1924,C03-S04-I01-N01,C03,청년
1924,C03-S04-I01-N01,C03,장년
1924,C03-S04-I01-N01,C03,부분
1924,C03-S04-I01-N01,C03,차이
1924,C03-S04-I01-N01,C03,유년시대
1924,C03-S04-I01-N01,C03,사상
1924,C03-S04-I01-N01,C03,유치
1924,C03-S04-I01-N01,C03,신화
1924,C03-S04-I01-N01,C03,지배
1924,C03-S04-I01-N01,C03,청년시대
1924,C03-S04-I01-N01,C03,혈기
1924,C03-S04-I01-N01,C03,왕성
1924,C03-S04-I01-N01,C03,공상적
1924,C03-S04-I01-N01,C03,지배
1924,C03-S04-I01-N01,C03,장년시대
1924,C03-S04-I01-N01,C03,사상
1924,C03-S04-I01-N01,C03,정돈
1924,C03-S04-I01-N01,C03,의의
1924,C03-S04-I01-N01,C03,主義
1924,C03-S04-I01-N01,C03,확정
1924,C03-S04-I01-N01,C03,기시
1924,C03-S04-I01-N01,C03,유치
1924,C03-S04-I01-N01,C03,신화
1924,C03-S04-I01-N01,C03,지배
1924,C03-S04-I01-N01,C03,물론
1924,C03-S04-I01-N01,C03,공상적
1924,C03-S04-I01-N01,C03,부기
1924,C03-S04-I01-N01,C03,현실적
1924,C03-S04-I01-N01,C03,실제적
1924,C03-S04-I01-N01,C03,행위
1924,C03-S04-I01-N02,C03,일생
1924,C03-S04-I01-N02,C03,유년시대
1924,C03-S04-I01-N02,C03,신화적
1924,C03-S04-I01-N02,C03,시대
1924,C03-S04-I01-N02,C03,청년시대
1924,C03-S04-I01-N02,C03,낭만적
1924,C03-S04-I01-N02,C03,공상시대
1924,C03-S04-I01-N02,C03,장년시대
1924,C03-S04-I01-N02,C03,실현시대
1924,C03-S04-I01-N02,C03,삼대시기
1924,C03-S04-I01-N02,C03,구별
1924,C03-S04-I01-N02,C03,인류오천년
1924,C03-S04-I01-N02,C03,역사
1924,C03-S04-I01-N02,C03,부합
1924,C03-S04-I01-N02,C03,오천년
1924,C03-S04-I01-N02,C03,세월
1924,C03-S04-I01-N02,C03,삼부
1924,C03-S04-I01-N02,C03,기초기
1924,C03-S04-I01-N02,C03,신화시대
1924,C03-S04-I01-N02,C03,실현주의
1924,C03-S04-I01-N02,C03,종교발달
1924,C03-S04-I01-N02,C03,과정
1924,C03-S04-I01-N02,C03,일언
1924,C03-S04-I01-N02,C03,민족
1924,C03-S04-I01-N02,C03,민족
1924,C03-S04-I01-N02,C03,신화
1924,C03-S04-I01-N02,C03,朝鮮
1924,C03-S04-I01-N02,C03,단군신화
1924,C03-S04-I01-N02,C03,환웅
1924,C03-S04-I01-N02,C03,신화
1924,C03-S04-I01-N02,C03,고구려신화
1924,C03-S04-I01-N02,C03,예여
1924,C03-S04-I01-N02,C03,고주몽
1924,C03-S04-I01-N02,C03,신화
1924,C03-S04-I01-N02,C03,신라
1924,C03-S04-I01-N02,C03,신화
1924,C03-S04-I01-N02,C03,박혁거세
1924,C03-S04-I01-N02,C03,석탈해
1924,C03-S04-I01-N02,C03,전설
1924,C03-S04-I01-N02,C03,지나민족
1924,C03-S04-I01-N02,C03,신화
1924,C03-S04-I01-N02,C03,반고씨급복희씨녀왜씨
1924,C03-S04-I01-N02,C03,전설
1924,C03-S04-I01-N03,C03,유태
1924,C03-S04-I01-N03,C03,신화
1924,C03-S04-I01-N03,C03,印度
1924,C03-S04-I01-N03,C03,파라문
1924,C03-S04-I01-N03,C03,신화
1924,C03-S04-I01-N03,C03,민족
1924,C03-S04-I01-N03,C03,신화
1924,C03-S04-I01-N03,C03,동시
1924,C03-S04-I01-N03,C03,종교적
1924,C03-S04-I01-N03,C03,교화
1924,C03-S04-I01-N03,C03,고대
1924,C03-S04-I01-N03,C03,종교
1924,C03-S04-I01-N03,C03,자연력
1924,C03-S04-I01-N03,C03,간주
1924,C03-S04-I01-N03,C03,일신
1924,C03-S04-I01-N03,C03,풍신
1924,C03-S04-I01-N03,C03,뇌신
1924,C03-S04-I01-N03,C03,수화목석
1924,C03-S04-I01-N03,C03,수화목석
1924,C03-S04-I01-N03,C03,개유
1924,C03-S04-I01-N03,C03,신화시대
1924,C03-S04-I01-N03,C03,상유
1924,C03-S04-I01-N03,C03,낭만시대
1924,C03-S04-I01-N03,C03,대개
1924,C03-S04-I01-N03,C03,영웅호걸
1924,C03-S04-I01-N03,C03,공상
1924,C03-S04-I01-N03,C03,교화
1924,C03-S04-I01-N03,C03,기시대
1924,C03-S04-I01-N03,C03,주요
1924,C03-S04-I01-N03,C03,종교
1924,C03-S04-I01-N03,C03,석가
1924,C03-S04-I01-N03,C03,기독
1924,C03-S04-I01-N03,C03,마사묵
1924,C03-S04-I01-N03,C03,대표적
1924,C03-S04-I01-N03,C03,인물
1924,C03-S04-I01-N03,C03,유치
1924,C03-S04-I01-N03,C03,신화시대
1924,C03-S04-I01-N03,C03,사상
1924,C03-S04-I01-N03,C03,개혁
1924,C03-S04-I01-N03,C03,일종
1924,C03-S04-I01-N03,C03,종교
1924,C03-S04-I01-N03,C03,건립
1924,C03-S04-I01-N03,C03,신종교
1924,C03-S04-I01-N03,C03,위인
1924,C03-S04-I01-N03,C03,理想
1924,C03-S04-I01-N03,C03,낭만적
1924,C03-S04-I01-N03,C03,교화
1924,C03-S04-I01-N03,C03,피안
1924,C03-S04-I01-N03,C03,천국
1924,C03-S04-I01-N03,C03,극락세계
1924,C03-S04-I01-N03,C03,봉래별경
1924,C03-S04-I01-N03,C03,세계외
1924,C03-S04-I01-N03,C03,세계
1924,C03-S04-I01-N03,C03,공상적
1924,C03-S04-I01-N03,C03,동경
1924,C03-S04-I01-N03,C03,민중
1924,C03-S04-I01-N04,C03,시대
1924,C03-S04-I01-N04,C03,민중
1924,C03-S04-I01-N04,C03,공상적
1924,C03-S04-I01-N04,C03,신앙
1924,C03-S04-I01-N04,C03,생활
1924,C03-S04-I01-N04,C03,경제
1924,C03-S04-I01-N04,C03,신화시대
1924,C03-S04-I01-N04,C03,민중
1924,C03-S04-I01-N04,C03,민중자기
1924,C03-S04-I01-N04,C03,생활
1924,C03-S04-I01-N04,C03,신화
1924,C03-S04-I01-N04,C03,낭만시대
1924,C03-S04-I01-N04,C03,민중
1924,C03-S04-I01-N04,C03,성현성걸
1924,C03-S04-I01-N04,C03,이상력
1924,C03-S04-I01-N04,C03,시대
1924,C03-S04-I01-N04,C03,민중
1924,C03-S04-I01-N04,C03,성걸
1924,C03-S04-I01-N04,C03,자기
1924,C03-S04-I01-N04,C03,동일
1924,C03-S04-I01-N04,C03,간주
1924,C03-S04-I01-N04,C03,중간
1924,C03-S04-I01-N04,C03,인이상
1924,C03-S04-I01-N04,C03,별물
1924,C03-S04-I01-N04,C03,사고
1924,C03-S04-I01-N04,C03,기독
1924,C03-S04-I01-N04,C03,석가
1924,C03-S04-I01-N04,C03,현신
1924,C03-S04-I01-N04,C03,공자
1924,C03-S04-I01-N04,C03,천종
1924,C03-S04-I01-N04,C03,현대
1924,C03-S04-I01-N04,C03,실현시대
1924,C03-S04-I01-N04,C03,의미
1924,C03-S04-I01-N04,C03,자기
1924,C03-S04-I01-N04,C03,성걸
1924,C03-S04-I01-N04,C03,자기
1924,C03-S04-I01-N04,C03,초출
1924,C03-S04-I01-N04,C03,신비
1924,C03-S04-I01-N04,C03,현실
1924,C03-S04-I01-N04,C03,위대
1924,C03-S04-I01-N04,C03,건설
1924,C03-S04-I01-N04,C03,민중자기
1924,C03-S04-I01-N04,C03,조성
1924,C03-S04-I01-N04,C03,시대
1924,C03-S04-I01-N05,C03,현실
1924,C03-S04-I01-N05,C03,별도
1924,C03-S04-I01-N05,C03,인격적
1924,C03-S04-I01-N05,C03,불인
1924,C03-S04-I01-N05,C03,피안
1924,C03-S04-I01-N05,C03,극락
1924,C03-S04-I01-N05,C03,불구
1924,C03-S04-I01-N05,C03,현실기자
1924,C03-S04-I01-N05,C03,무궁
1924,C03-S04-I01-N05,C03,복재
1924,C03-S04-I01-N05,C03,신비
1924,C03-S04-I01-N05,C03,복재
1924,C03-S04-I01-N05,C03,무궁자
1924,C03-S04-I01-N05,C03,현실
1924,C03-S04-I01-N05,C03,활약
1924,C03-S04-I01-N05,C03,성걸기인
1924,C03-S04-I01-N05,C03,민중
1924,C03-S04-I01-N05,C03,일원
1924,C03-S04-I01-N05,C03,민중
1924,C03-S04-I01-N05,C03,선각자
1924,C03-S04-I01-N05,C03,현실
1924,C03-S04-I01-N05,C03,세인
1924,C03-S04-I01-N05,C03,물질주의
1924,C03-S04-I01-N05,C03,금일주의
1924,C03-S04-I01-N05,C03,향락주의
1924,C03-S04-I01-N05,C03,사고
1924,C03-S04-I01-N05,C03,현대
1924,C03-S04-I01-N05,C03,최신
1924,C03-S04-I01-N05,C03,현실주의
1924,C03-S04-I01-N05,C03,이십세기
1924,C03-S04-I01-N05,C03,소위
1924,C03-S04-I01-N05,C03,복활
1924,C03-S04-I01-N05,C03,최신적
1924,C03-S04-I01-N05,C03,신비주의
1924,C03-S04-I01-N05,C03,전술
1924,C03-S04-I01-N05,C03,일개인
1924,C03-S04-I01-N05,C03,일생
1924,C03-S04-I01-N05,C03,구주최근사조
1924,C03-S04-I01-N05,C03,변천
1924,C03-S04-I01-N05,C03,불란서혁명후
1924,C03-S04-I01-N05,C03,낭만주의시대
1924,C03-S04-I01-N05,C03,이십세전후
1924,C03-S04-I01-N05,C03,활기발발
1924,C03-S04-I01-N05,C03,청년기
1924,C03-S04-I01-N05,C03,정열시대
1924,C03-S04-I01-N05,C03,차시대
1924,C03-S04-I01-N05,C03,사조
1924,C03-S04-I01-N05,C03,대개
1924,C03-S04-I01-N05,C03,공상몽환
1924,C03-S04-I01-N05,C03,허영
1924,C03-S04-I01-N05,C03,동경
1924,C03-S04-I01-N05,C03,인생
1924,C03-S04-I01-N05,C03,실현
1924,C03-S04-I01-N05,C03,정도
1924,C03-S04-I01-N06,C03,전세기
1924,C03-S04-I01-N06,C03,중경
1924,C03-S04-I01-N06,C03,자연과학만능
1924,C03-S04-I01-N06,C03,시대
1924,C03-S04-I01-N06,C03,실증론
1924,C03-S04-I01-N06,C03,영향
1924,C03-S04-I01-N06,C03,심리
1924,C03-S04-I01-N06,C03,현실
1924,C03-S04-I01-N06,C03,성치
1924,C03-S04-I01-N06,C03,공상적
1924,C03-S04-I01-N06,C03,미몽
1924,C03-S04-I01-N06,C03,일조
1924,C03-S04-I01-N06,C03,파괴
1924,C03-S04-I01-N06,C03,세상
1924,C03-S04-I01-N06,C03,추예비참
1924,C03-S04-I01-N06,C03,현상
1924,C03-S04-I01-N06,C03,연구
1924,C03-S04-I01-N06,C03,동시
1924,C03-S04-I01-N06,C03,구래
1924,C03-S04-I01-N06,C03,사상
1924,C03-S04-I01-N06,C03,신앙
1924,C03-S04-I01-N06,C03,여지
1924,C03-S04-I01-N06,C03,파괴
1924,C03-S04-I01-N06,C03,운명
1924,C03-S04-I01-N06,C03,결과
1924,C03-S04-I01-N06,C03,일대
1924,C03-S04-I01-N06,C03,인심
1924,C03-S04-I01-N06,C03,회의
1924,C03-S04-I01-N06,C03,인심
1924,C03-S04-I01-N06,C03,불능
1924,C03-S04-I01-N06,C03,암수
1924,C03-S04-I01-N06,C03,번민
1924,C03-S04-I01-N06,C03,자연주의시대
1924,C03-S04-I01-N06,C03,일생중
1924,C03-S04-I01-N06,C03,삼십전후
1924,C03-S04-I01-N06,C03,장년시기
1924,C03-S04-I01-N06,C03,생활
1924,C03-S04-I01-N06,C03,압박
1924,C03-S04-I01-N06,C03,체험
1924,C03-S04-I01-N06,C03,인생
1924,C03-S04-I01-N06,C03,현실적
1924,C03-S04-I01-N06,C03,직험
1924,C03-S04-I01-N06,C03,청년시대
1924,C03-S04-I01-N06,C03,몽상
1924,C03-S04-I01-N06,C03,희망
1924,C03-S04-I01-N06,C03,소실
1924,C03-S04-I01-N06,C03,회의불안
1924,C03-S04-I01-N06,C03,창조적
1924,C03-S04-I01-N06,C03,결단
1924,C03-S04-I01-N06,C03,차회의불안
1924,C03-S04-I01-N06,C03,수면
1924,C03-S04-I01-N06,C03,생활
1924,C03-S04-I01-N06,C03,계속
1924,C03-S04-I01-N06,C03,만무
1924,C03-S04-I01-N06,C03,기리
1924,C03-S04-I01-N07,C03,현대인
1924,C03-S04-I01-N07,C03,일보
1924,C03-S04-I01-N07,C03,도출
1924,C03-S04-I01-N07,C03,차회의불안
1924,C03-S04-I01-N07,C03,적극적
1924,C03-S04-I01-N07,C03,시대
1924,C03-S04-I01-N07,C03,부패
1924,C03-S04-I01-N07,C03,고대
1924,C03-S04-I01-N07,C03,인습
1924,C03-S04-I01-N07,C03,표준권위
1924,C03-S04-I01-N07,C03,건설
1924,C03-S04-I01-N07,C03,요구
1924,C03-S04-I01-N07,C03,시대
1924,C03-S04-I01-N07,C03,자기
1924,C03-S04-I01-N07,C03,노력
1924,C03-S04-I01-N07,C03,분투
1924,C03-S04-I01-N07,C03,신시대
1924,C03-S04-I01-N07,C03,희망
1924,C03-S04-I01-N07,C03,창조
1924,C03-S04-I01-N07,C03,최근
1924,C03-S04-I01-N07,C03,대세
1924,C03-S04-I01-N07,C03,일생
1924,C03-S04-I01-N07,C03,사십세전후
1924,C03-S04-I01-N07,C03,인생
1924,C03-S04-I01-N07,C03,현실적
1924,C03-S04-I01-N07,C03,신산
1924,C03-S04-I01-N07,C03,경과
1924,C03-S04-I01-N07,C03,일점차
1924,C03-S04-I01-N07,C03,인생최후원숙
1924,C03-S04-I01-N07,C03,시대
1924,C03-S04-I01-N07,C03,일생
1924,C03-S04-I01-N07,C03,정점
1924,C03-S04-I01-N07,C03,차정점
1924,C03-S04-I01-N07,C03,인생
1924,C03-S04-I01-N07,C03,소위
1924,C03-S04-I01-N07,C03,노숙로성
1924,C03-S04-I01-N07,C03,시기
1924,C03-S04-I01-N07,C03,기취미
1924,C03-S04-I01-N07,C03,注意
1924,C03-S04-I01-N07,C03,불가
1924,C03-S04-I01-N08,C03,노년
1924,C03-S04-I01-N08,C03,파괴
1924,C03-S04-I01-N08,C03,분자
1924,C03-S04-I01-N08,C03,절무
1924,C03-S04-I01-N08,C03,고정침체
1924,C03-S04-I01-N08,C03,노인
1924,C03-S04-I01-N08,C03,미래
1924,C03-S04-I01-N08,C03,과거
1924,C03-S04-I01-N08,C03,골동품
1924,C03-S04-I01-N08,C03,포지
1924,C03-S04-I01-N08,C03,불과
1924,C03-S04-I01-N08,C03,육체
1924,C03-S04-I01-N08,C03,신진대사
1924,C03-S04-I01-N08,C03,기능
1924,C03-S04-I01-N08,C03,정신적
1924,C03-S04-I01-N08,C03,생활
1924,C03-S04-I01-N08,C03,사소
1924,C03-S04-I01-N08,C03,변화
1924,C03-S04-I01-N08,C03,사상계
1924,C03-S04-I01-N08,C03,歐洲
1924,C03-S04-I01-N08,C03,유일종
1924,C03-S04-I01-N08,C03,기독교신앙
1924,C03-S04-I01-N08,C03,고정침체
1924,C03-S04-I01-N08,C03,朝鮮
1924,C03-S04-I01-N08,C03,지나
1924,C03-S04-I01-N08,C03,유일유교
1924,C03-S04-I01-N08,C03,인습
1924,C03-S04-I01-N08,C03,구속
1924,C03-S04-I01-N08,C03,불변불동
1924,C03-S04-I01-N08,C03,노성기
1924,C03-S04-I01-N08,C03,현대
1924,C03-S04-I01-N08,C03,세계
1924,C03-S04-I01-N08,C03,현대
1924,C03-S04-I01-N08,C03,歐洲
1924,C03-S04-I01-N08,C03,차등
1924,C03-S04-I01-N08,C03,노성기
1924,C03-S04-I01-N08,C03,기취이
1924,C03-S04-I01-N08,C03,회의번민
1924,C03-S04-I01-N08,C03,방면
1924,C03-S04-I01-N08,C03,건설적
1924,C03-S04-I01-N08,C03,광명
1924,C03-S04-I01-N08,C03,요구
1924,C03-S04-I01-N08,C03,창조
1924,C03-S04-I01-N09,C03,차신
1924,C03-S04-I01-N09,C03,요구
1924,C03-S04-I01-N09,C03,창조
1924,C03-S04-I01-N09,C03,현실
1924,C03-S04-I01-N09,C03,기초
1924,C03-S04-I01-N09,C03,직접자연인생
1924,C03-S04-I01-N09,C03,문제
1924,C03-S04-I01-N09,C03,심원차
1924,C03-S04-I01-N09,C03,오묘
1924,C03-S04-I01-N09,C03,파지
1924,C03-S04-I01-N09,C03,노력
1924,C03-S04-I01-N09,C03,물질계
1924,C03-S04-I01-N09,C03,사실
1924,C03-S04-I01-N09,C03,방치
1924,C03-S04-I01-N09,C03,경우
1924,C03-S04-I01-N09,C03,자연도태
1924,C03-S04-I01-N09,C03,신진대사
1924,C03-S04-I01-N09,C03,사상계
1924,C03-S04-I01-N09,C03,일사상
1924,C03-S04-I01-N09,C03,세력
1924,C03-S04-I01-N09,C03,일대민중
1924,C03-S04-I01-N09,C03,향도
1924,C03-S04-I01-N09,C03,통일
1924,C03-S04-I01-N09,C03,現象
1924,C03-S04-I01-N09,C03,원래
1924,C03-S04-I01-N09,C03,일당연
1924,C03-S04-I01-N09,C03,제세안민
1924,C03-S04-I01-N09,C03,필요
1924,C03-S04-I01-N09,C03,사상
1924,C03-S04-I01-N09,C03,다수
1924,C03-S04-I01-N09,C03,세월
1924,C03-S04-I01-N09,C03,구중
1924,C03-S04-I01-N09,C03,침체
1924,C03-S04-I01-N09,C03,부패
1924,C03-S04-I01-N10,C03,확청쇄신
1924,C03-S04-I01-N10,C03,기임
1924,C03-S04-I01-N10,C03,최초
1924,C03-S04-I01-N10,C03,기력
1924,C03-S04-I01-N10,C03,소위
1924,C03-S04-I01-N10,C03,회의사상
1924,C03-S04-I01-N10,C03,과거
1924,C03-S04-I01-N10,C03,인습
1924,C03-S04-I01-N10,C03,회의
1924,C03-S04-I01-N10,C03,선반문예복흥기
1924,C03-S04-I01-N10,C03,사상계
1924,C03-S04-I01-N10,C03,점차
1924,C03-S04-I01-N10,C03,노쇠
1924,C03-S04-I01-N10,C03,각성
1924,C03-S04-I01-N10,C03,시기
1924,C03-S04-I01-N10,C03,과학만능사상
1924,C03-S04-I01-N10,C03,자연주의
1924,C03-S04-I01-N10,C03,구사상
1924,C03-S04-I01-N10,C03,타파
1924,C03-S04-I01-N10,C03,결과
1924,C03-S04-I01-N10,C03,일보
1924,C03-S04-I01-N10,C03,요구
1924,C03-S04-I01-N10,C03,건설
1924,C03-S04-I01-N10,C03,신요구
1924,C03-S04-I01-N10,C03,자력
1924,C03-S04-I01-N10,C03,진리
1924,C03-S04-I01-N10,C03,신앙
1924,C03-S04-I01-N10,C03,도달
1924,C03-S04-I01-N11,C03,以上
1924,C03-S04-I01-N11,C03,대개
1924,C03-S04-I01-N11,C03,사상계
1924,C03-S04-I01-N11,C03,통유
1924,C03-S04-I01-N11,C03,사정
1924,C03-S04-I01-N11,C03,종교
1924,C03-S04-I01-N11,C03,영향
1924,C03-S04-I01-N11,C03,지대
1924,C03-S04-I01-N11,C03,현대
1924,C03-S04-I01-N11,C03,종교
1924,C03-S04-I01-N11,C03,낭만적
1924,C03-S04-I01-N11,C03,공상몽환
1924,C03-S04-I01-N11,C03,피안
1924,C03-S04-I01-N11,C03,신앙
1924,C03-S04-I01-N11,C03,건립
1924,C03-S04-I01-N11,C03,현실
1924,C03-S04-I01-N11,C03,신비
1924,C03-S04-I01-N11,C03,자기
1924,C03-S04-I01-N11,C03,체험
1924,C03-S04-I01-N11,C03,정도
1924,C03-S04-I01-N11,C03,진보
1924,C03-S04-I01-N11,C03,가위
1924,C03-S04-I01-N11,C03,이십세기
1924,C03-S04-I01-N11,C03,복활
1924,C03-S04-I01-N11,C03,과학만능주의
1924,C03-S04-I01-N11,C03,현실신비주의
1924,C03-S04-I01-N11,C03,공상적
1924,C03-S04-I01-N11,C03,신비주의
1924,C03-S04-I01-N11,C03,파괴
1924,C03-S04-I01-N11,C03,물질기계주의
1924,C03-S04-I01-N11,C03,파괴
1924,C03-S04-I01-N11,C03,현실
1924,C03-S04-I01-N11,C03,무궁
1924,C03-S04-I01-N11,C03,자기
1924,C03-S04-I01-N11,C03,시대
1924,C03-S04-I01-N11,C03,대신사
1924,C03-S04-I01-N11,C03,각도
1924,C03-S04-I01-N11,C03,만근이래
1924,C03-S04-I01-N11,C03,일세
1924,C03-S04-I01-N11,C03,각자위심
1924,C03-S04-I01-N11,C03,천리
1924,C03-S04-I01-N11,C03,불고
1924,C03-S04-I01-N11,C03,천명
1924,C03-S04-I01-N11,C03,불고
1924,C03-S04-I01-N11,C03,천하
1924,C03-S04-I01-N11,C03,분란
1924,C03-S04-I01-N11,C03,민심
1924,C03-S04-I01-N11,C03,효박
1924,C03-S04-I01-N11,C03,항상
1924,C03-S04-I01-N11,C03,송연
1924,C03-S04-I01-N11,C03,불지
1924,C03-S04-I01-N12,C03,오호
1924,C03-S04-I01-N12,C03,차세
1924,C03-S04-I01-N12,C03,공맹
1924,C03-S04-I01-N12,C03,요순
1924,C03-S04-I01-N12,C03,대신사
1924,C03-S04-I01-N12,C03,현대
1924,C03-S04-I01-N12,C03,사상
1924,C03-S04-I01-N12,C03,혼돈
1924,C03-S04-I01-N12,C03,우려
1924,C03-S04-I01-N12,C03,필경
1924,C03-S04-I01-N12,C03,인내천
1924,C03-S04-I01-N12,C03,종교
1924,C03-S04-I01-N12,C03,창조
1924,C03-S04-I01-N12,C03,현실중
1924,C03-S04-I01-N12,C03,대현실
1924,C03-S04-I01-N12,C03,자기
1924,C03-S04-I01-N12,C03,무궁
1924,C03-S04-I01-N12,C03,동경
1924,C03-S04-I01-N12,C03,영생
1924,C03-S04-I01-N12,C03,종교
1924,C03-S04-I01-N12,C03,인내천
1924,C03-S04-I01-N12,C03,현대사조
1924,C03-S04-I01-N12,C03,부합
1924,C03-S04-I01-N12,C03,가지
1924,C03-S04-I02-N01,C03,철인
1924,C03-S04-I02-N01,C03,우주
1924,C03-S04-I02-N01,C03,진리
1924,C03-S04-I02-N01,C03,조류
1924,C03-S04-I02-N01,C03,유물론
1924,C03-S04-I02-N01,C03,유심론
1924,C03-S04-I02-N01,C03,유물론
1924,C03-S04-I02-N01,C03,우주
1924,C03-S04-I02-N01,C03,순수
1924,C03-S04-I02-N01,C03,유물
1924,C03-S04-I02-N01,C03,우주만유
1924,C03-S04-I02-N01,C03,존재급작용
1924,C03-S04-I02-N01,C03,물질
1924,C03-S04-I02-N01,C03,현상급력
1924,C03-S04-I02-N01,C03,유물론
1924,C03-S04-I02-N01,C03,역사
1924,C03-S04-I02-N01,C03,소고
1924,C03-S04-I02-N01,C03,사실상
1924,C03-S04-I02-N01,C03,유심론
1924,C03-S04-I02-N01,C03,이전
1924,C03-S04-I02-N01,C03,동양사상
1924,C03-S04-I02-N01,C03,印度
1924,C03-S04-I02-N01,C03,풍수화토사대
1924,C03-S04-I02-N01,C03,지나
1924,C03-S04-I02-N01,C03,금목수화토오행
1924,C03-S04-I02-N01,C03,우주
1924,C03-S04-I02-N01,C03,구성원인
1924,C03-S04-I02-N01,C03,물질
1924,C03-S04-I02-N01,C03,서양고대
1924,C03-S04-I02-N01,C03,사상
1924,C03-S04-I02-N01,C03,희랍
1924,C03-S04-I02-N01,C03,풍수화토사대
1924,C03-S04-I02-N01,C03,유행
1924,C03-S04-I02-N01,C03,유물론
1924,C03-S04-I02-N01,C03,발원
1924,C03-S04-I02-N01,C03,요원
1924,C03-S04-I02-N02,C03,고대
1924,C03-S04-I02-N02,C03,유물론
1924,C03-S04-I02-N02,C03,근대과학만능주의
1924,C03-S04-I02-N02,C03,사상
1924,C03-S04-I02-N02,C03,대성
1924,C03-S04-I02-N02,C03,근대과학자
1924,C03-S04-I02-N02,C03,연구
1924,C03-S04-I02-N02,C03,물질
1924,C03-S04-I02-N02,C03,방면
1924,C03-S04-I02-N02,C03,시작
1924,C03-S04-I02-N02,C03,물리적
1924,C03-S04-I02-N02,C03,現象
1924,C03-S04-I02-N02,C03,화학적
1924,C03-S04-I02-N02,C03,現象
1924,C03-S04-I02-N02,C03,전우주
1924,C03-S04-I02-N02,C03,존재급력
1924,C03-S04-I02-N02,C03,작용
1924,C03-S04-I02-N02,C03,설명
1924,C03-S04-I02-N02,C03,전지전능
1924,C03-S04-I02-N02,C03,否認
1924,C03-S04-I02-N02,C03,극단
1924,C03-S04-I02-N02,C03,자기
1924,C03-S04-I02-N02,C03,정신적
1924,C03-S04-I02-N02,C03,작용
1924,C03-S04-I02-N02,C03,否認
1924,C03-S04-I02-N02,C03,사실적
1924,C03-S04-I02-N02,C03,정신적
1924,C03-S04-I02-N02,C03,작용
1924,C03-S04-I02-N02,C03,화학적
1924,C03-S04-I02-N02,C03,분자작용설
1924,C03-S04-I02-N02,C03,해석
1924,C03-S04-I02-N02,C03,일대
1924,C03-S04-I02-N02,C03,인심
1924,C03-S04-I02-N02,C03,잠시간
1924,C03-S04-I02-N02,C03,경향
1924,C03-S04-I02-N03,C03,유물론
1924,C03-S04-I02-N03,C03,사실상
1924,C03-S04-I02-N03,C03,난통
1924,C03-S04-I02-N03,C03,일례
1924,C03-S04-I02-N03,C03,유물론
1924,C03-S04-I02-N03,C03,물질
1924,C03-S04-I02-N03,C03,구경
1924,C03-S04-I02-N03,C03,유물
1924,C03-S04-I02-N03,C03,표면
1924,C03-S04-I02-N03,C03,물질학자
1924,C03-S04-I02-N03,C03,물질
1924,C03-S04-I02-N03,C03,연구
1924,C03-S04-I02-N03,C03,분자
1924,C03-S04-I02-N03,C03,원자
1924,C03-S04-I02-N03,C03,원원자
1924,C03-S04-I02-N03,C03,물질
1924,C03-S04-I02-N03,C03,구경
1924,C03-S04-I02-N03,C03,종내
1924,C03-S04-I02-N03,C03,물질
1924,C03-S04-I02-N03,C03,분해
1924,C03-S04-I02-N03,C03,분해
1924,C03-S04-I02-N03,C03,극미분자
1924,C03-S04-I02-N03,C03,물질
1924,C03-S04-I02-N03,C03,인정
1924,C03-S04-I02-N03,C03,지묘불가사의
1924,C03-S04-I02-N03,C03,신비
1924,C03-S04-I02-N03,C03,복재
1924,C03-S04-I02-N03,C03,물질
1924,C03-S04-I02-N03,C03,거력
1924,C03-S04-I02-N03,C03,흡력
1924,C03-S04-I02-N03,C03,거력
1924,C03-S04-I02-N03,C03,물질
1924,C03-S04-I02-N03,C03,물질
1924,C03-S04-I02-N03,C03,배척
1924,C03-S04-I02-N03,C03,흡력
1924,C03-S04-I02-N03,C03,물질
1924,C03-S04-I02-N03,C03,물질
1924,C03-S04-I02-N03,C03,친합
1924,C03-S04-I02-N03,C03,물질학자
1924,C03-S04-I02-N03,C03,기본능
1924,C03-S04-I02-N03,C03,증명
1924,C03-S04-I02-N03,C03,근거
1924,C03-S04-I02-N04,C03,물질
1924,C03-S04-I02-N04,C03,극치
1924,C03-S04-I02-N04,C03,물질
1924,C03-S04-I02-N04,C03,물질
1924,C03-S04-I02-N04,C03,인정
1924,C03-S04-I02-N04,C03,물질론
1924,C03-S04-I02-N04,C03,불통점
1924,C03-S04-I02-N04,C03,유물론
1924,C03-S04-I02-N04,C03,객관적
1924,C03-S04-I02-N04,C03,원리
1924,C03-S04-I02-N04,C03,시인
1924,C03-S04-I02-N04,C03,주관적
1924,C03-S04-I02-N04,C03,원리
1924,C03-S04-I02-N04,C03,인정
1924,C03-S04-I02-N04,C03,주지
1924,C03-S04-I02-N04,C03,본래
1924,C03-S04-I02-N04,C03,오인
1924,C03-S04-I02-N04,C03,관찰
1924,C03-S04-I02-N04,C03,주관
1924,C03-S04-I02-N04,C03,객관
1924,C03-S04-I02-N04,C03,물체
1924,C03-S04-I02-N04,C03,시인
1924,C03-S04-I02-N04,C03,물질학자
1924,C03-S04-I02-N04,C03,주관
1924,C03-S04-I02-N04,C03,멸시
1924,C03-S04-I02-N04,C03,자가
1924,C03-S04-I02-N04,C03,당착
1924,C03-S04-I02-N04,C03,물질론
1924,C03-S04-I02-N04,C03,난통
1924,C03-S04-I02-N04,C03,제이점
1924,C03-S04-I02-N04,C03,물질론
1924,C03-S04-I02-N04,C03,감정적
1924,C03-S04-I02-N04,C03,작용
1924,C03-S04-I02-N04,C03,양해
1924,C03-S04-I02-N04,C03,애석심
1924,C03-S04-I02-N04,C03,기계적
1924,C03-S04-I02-N04,C03,분자화학적
1924,C03-S04-I02-N04,C03,작용
1924,C03-S04-I02-N04,C03,인정
1924,C03-S04-I02-N05,C03,감정중
1924,C03-S04-I02-N05,C03,연애
1924,C03-S04-I02-N05,C03,발동
1924,C03-S04-I02-N05,C03,청년시기
1924,C03-S04-I02-N05,C03,남녀
1924,C03-S04-I02-N05,C03,열렬
1924,C03-S04-I02-N05,C03,정조
1924,C03-S04-I02-N05,C03,홀연
1924,C03-S04-I02-N05,C03,홀연
1924,C03-S04-I02-N05,C03,천률일편
1924,C03-S04-I02-N05,C03,동일
1924,C03-S04-I02-N05,C03,작용
1924,C03-S04-I02-N05,C03,역학적
1924,C03-S04-I02-N05,C03,기계적
1924,C03-S04-I02-N05,C03,일반동물
1924,C03-S04-I02-N05,C03,상태
1924,C03-S04-I02-N05,C03,일반
1924,C03-S04-I02-N05,C03,생물
1924,C03-S04-I02-N05,C03,각각
1924,C03-S04-I02-N05,C03,본능
1924,C03-S04-I02-N05,C03,기동작
1924,C03-S04-I02-N05,C03,오인
1924,C03-S04-I02-N05,C03,가경
1924,C03-S04-I02-N05,C03,작용
1924,C03-S04-I02-N05,C03,의봉
1924,C03-S04-I02-N05,C03,사회적
1924,C03-S04-I02-N05,C03,생활
1924,C03-S04-I02-N05,C03,지주
1924,C03-S04-I02-N05,C03,결망
1924,C03-S04-I02-N05,C03,교묘
1924,C03-S04-I02-N05,C03,동작
1924,C03-S04-I02-N05,C03,물질학자
1924,C03-S04-I02-N05,C03,생물
1924,C03-S04-I02-N05,C03,본능
1924,C03-S04-I02-N05,C03,유일
1924,C03-S04-I02-N05,C03,본능이자
1924,C03-S04-I02-N05,C03,자가
1924,C03-S04-I02-N05,C03,소견
1924,C03-S04-I02-N05,C03,고집
1924,C03-S04-I02-N05,C03,오인
1924,C03-S04-I02-N05,C03,소위
1924,C03-S04-I02-N05,C03,본능
1924,C03-S04-I02-N05,C03,이면
1924,C03-S04-I02-N05,C03,불가사의
1924,C03-S04-I02-N05,C03,영적
1924,C03-S04-I02-N05,C03,활동
1924,C03-S04-I02-N05,C03,복재
1924,C03-S04-I02-N05,C03,물질학자
1924,C03-S04-I02-N05,C03,정신적
1924,C03-S04-I02-N05,C03,본능
1924,C03-S04-I02-N05,C03,해석
1924,C03-S04-I02-N05,C03,근거
1924,C03-S04-I02-N06,C03,以上
1924,C03-S04-I02-N06,C03,유물론
1924,C03-S04-I02-N06,C03,현대
1924,C03-S04-I02-N06,C03,도저
1924,C03-S04-I02-N06,C03,추리
1924,C03-S04-I02-N06,C03,유심론
1924,C03-S04-I02-N06,C03,유물론
1924,C03-S04-I02-N06,C03,상대방
1924,C03-S04-I02-N06,C03,진리
1924,C03-S04-I02-N06,C03,유물론
1924,C03-S04-I02-N06,C03,우주
1924,C03-S04-I02-N06,C03,조직
1924,C03-S04-I02-N06,C03,순수물질
1924,C03-S04-I02-N06,C03,주장
1924,C03-S04-I02-N06,C03,반대
1924,C03-S04-I02-N06,C03,유심론
1924,C03-S04-I02-N06,C03,순수유심적
1924,C03-S04-I02-N06,C03,작용
1924,C03-S04-I02-N06,C03,유심론
1924,C03-S04-I02-N06,C03,起源
1924,C03-S04-I02-N06,C03,고석
1924,C03-S04-I02-N06,C03,삼계
1924,C03-S04-I02-N06,C03,유심
1924,C03-S04-I02-N06,C03,불교
1924,C03-S04-I02-N06,C03,유심론
1924,C03-S04-I02-N06,C03,유일
1924,C03-S04-I02-N06,C03,강미
1924,C03-S04-I02-N06,C03,의식
1924,C03-S04-I02-N06,C03,천지
1924,C03-S04-I02-N06,C03,존재
1924,C03-S04-I02-N06,C03,의식
1924,C03-S04-I02-N06,C03,만유
1924,C03-S04-I02-N06,C03,존재근거
1924,C03-S04-I02-N06,C03,의식
1924,C03-S04-I02-N06,C03,발원
1924,C03-S04-I02-N06,C03,대개
1924,C03-S04-I02-N06,C03,상식
1924,C03-S04-I02-N06,C03,판단
1924,C03-S04-I02-N06,C03,만유
1924,C03-S04-I02-N06,C03,존재
1924,C03-S04-I02-N06,C03,인정
1924,C03-S04-I02-N06,C03,오인
1924,C03-S04-I02-N06,C03,의식
1924,C03-S04-I02-N06,C03,연고
1924,C03-S04-I02-N06,C03,의식
1924,C03-S04-I02-N06,C03,만유현상
1924,C03-S04-I02-N06,C03,존재
1924,C03-S04-I02-N07,C03,만유현상
1924,C03-S04-I02-N07,C03,객관적
1924,C03-S04-I02-N07,C03,기실질
1924,C03-S04-I02-N07,C03,존재
1924,C03-S04-I02-N07,C03,실질
1924,C03-S04-I02-N07,C03,現象
1924,C03-S04-I02-N07,C03,의식
1924,C03-S04-I02-N07,C03,정신력
1924,C03-S04-I02-N07,C03,창조
1924,C03-S04-I02-N07,C03,유심론
1924,C03-S04-I02-N07,C03,유물론
1924,C03-S04-I02-N07,C03,이론상
1924,C03-S04-I02-N07,C03,난통
1924,C03-S04-I02-N07,C03,일례
1924,C03-S04-I02-N07,C03,피유물론
1924,C03-S04-I02-N07,C03,주관
1924,C03-S04-I02-N07,C03,인정
1924,C03-S04-I02-N07,C03,결함
1924,C03-S04-I02-N07,C03,유심론
1924,C03-S04-I02-N07,C03,객관
1924,C03-S04-I02-N07,C03,불인
1924,C03-S04-I02-N07,C03,폐단
1924,C03-S04-I02-N07,C03,보통
1924,C03-S04-I02-N07,C03,유심
1924,C03-S04-I02-N07,C03,인정
1924,C03-S04-I02-N07,C03,유물
1924,C03-S04-I02-N07,C03,예기
1924,C03-S04-I02-N07,C03,유물
1924,C03-S04-I02-N07,C03,예기
1924,C03-S04-I02-N07,C03,유심
1924,C03-S04-I02-N07,C03,유심론자
1924,C03-S04-I02-N07,C03,위선
1924,C03-S04-I02-N07,C03,自身
1924,C03-S04-I02-N07,C03,육체존재
1924,C03-S04-I02-N07,C03,否認
1924,C03-S04-I02-N08,C03,자기
1924,C03-S04-I02-N08,C03,인식
1924,C03-S04-I02-N08,C03,소멸
1924,C03-S04-I02-N08,C03,객관적
1924,C03-S04-I02-N08,C03,세계
1924,C03-S04-I02-N08,C03,의연
1924,C03-S04-I02-N08,C03,존재
1924,C03-S04-I02-N08,C03,명확
1924,C03-S04-I02-N08,C03,유물론
1924,C03-S04-I02-N08,C03,유심론
1924,C03-S04-I02-N08,C03,각일조
1924,C03-S04-I02-N08,C03,진리
1924,C03-S04-I02-N08,C03,일편
1924,C03-S04-I02-N08,C03,결함
1924,C03-S04-I02-N08,C03,진리
1924,C03-S04-I02-N08,C03,유물
1924,C03-S04-I02-N08,C03,동시
1924,C03-S04-I02-N08,C03,유심
1924,C03-S04-I02-N08,C03,일물
1924,C03-S04-I02-N08,C03,유심
1924,C03-S04-I02-N08,C03,유물
1924,C03-S04-I02-N08,C03,유물
1924,C03-S04-I02-N08,C03,유심
1924,C03-S04-I02-N08,C03,양이
1924,C03-S04-I02-N08,C03,병행불패
1924,C03-S04-I02-N08,C03,진리
1924,C03-S04-I02-N09,C03,유물
1924,C03-S04-I02-N09,C03,유심
1924,C03-S04-I02-N09,C03,절대독립
1924,C03-S04-I02-N09,C03,별개
1924,C03-S04-I02-N09,C03,불연
1924,C03-S04-I02-N09,C03,유물
1924,C03-S04-I02-N09,C03,유심
1924,C03-S04-I02-N09,C03,구체적
1924,C03-S04-I02-N09,C03,생물
1924,C03-S04-I02-N09,C03,각기확연분립
1924,C03-S04-I02-N09,C03,독립적
1924,C03-S04-I02-N09,C03,現象
1924,C03-S04-I02-N09,C03,실질
1924,C03-S04-I02-N09,C03,이면
1924,C03-S04-I02-N09,C03,양자
1924,C03-S04-I02-N09,C03,최고
1924,C03-S04-I02-N09,C03,가치
1924,C03-S04-I02-N09,C03,탐구
1924,C03-S04-I02-N09,C03,유심
1924,C03-S04-I02-N09,C03,유물
1924,C03-S04-I02-N09,C03,이개
1924,C03-S04-I02-N09,C03,별물
1924,C03-S04-I02-N09,C03,유일
1924,C03-S04-I02-N09,C03,원리
1924,C03-S04-I02-N09,C03,일리
1924,C03-S04-I02-N09,C03,양측면
1924,C03-S04-I02-N09,C03,단정
1924,C03-S04-I02-N09,C03,원리상
1924,C03-S04-I02-N09,C03,유물
1924,C03-S04-I02-N09,C03,유심
1924,C03-S04-I02-N09,C03,유심
1924,C03-S04-I02-N09,C03,유물
1924,C03-S04-I02-N09,C03,유심
1924,C03-S04-I02-N09,C03,유물
1924,C03-S04-I02-N09,C03,원리
1924,C03-S04-I02-N09,C03,지배
1924,C03-S04-I02-N09,C03,오인
1924,C03-S04-I02-N09,C03,차유일
1924,C03-S04-I02-N09,C03,원리
1924,C03-S04-I02-N09,C03,실재
1924,C03-S04-I02-N09,C03,상도
1924,C03-S04-I02-N09,C03,물질
1924,C03-S04-I02-N09,C03,정신
1924,C03-S04-I02-N09,C03,실재적
1924,C03-S04-I02-N09,C03,원리
1924,C03-S04-I02-N09,C03,유심
1924,C03-S04-I02-N09,C03,유물
1924,C03-S04-I02-N09,C03,동일
1924,C03-S04-I02-N09,C03,원리
1924,C03-S04-I02-N09,C03,실재적
1924,C03-S04-I02-N09,C03,존재
1924,C03-S04-I02-N10,C03,실재
1924,C03-S04-I02-N10,C03,우주만상
1924,C03-S04-I02-N10,C03,정신
1924,C03-S04-I02-N10,C03,물질
1924,C03-S04-I02-N10,C03,물론
1924,C03-S04-I02-N10,C03,실재
1924,C03-S04-I02-N10,C03,해수
1924,C03-S04-I02-N10,C03,정신
1924,C03-S04-I02-N10,C03,물질
1924,C03-S04-I02-N10,C03,기실
1924,C03-S04-I02-N10,C03,유일
1924,C03-S04-I02-N10,C03,실재해상
1924,C03-S04-I02-N10,C03,파편
1924,C03-S04-I02-N10,C03,실체
1924,C03-S04-I02-N10,C03,정신
1924,C03-S04-I02-N10,C03,물질
1924,C03-S04-I02-N10,C03,실재
1924,C03-S04-I02-N10,C03,정신
1924,C03-S04-I02-N10,C03,물질
1924,C03-S04-I02-N10,C03,실재
1924,C03-S04-I02-N10,C03,물질
1924,C03-S04-I02-N10,C03,정신
1924,C03-S04-I02-N10,C03,실재
1924,C03-S04-I02-N10,C03,관념상
1924,C03-S04-I02-N10,C03,추상
1924,C03-S04-I02-N10,C03,필요
1924,C03-S04-I02-N10,C03,현상즉실재
1924,C03-S04-I02-N10,C03,관념
1924,C03-S04-I02-N10,C03,원융영원적
1924,C03-S04-I02-N10,C03,실재
1924,C03-S04-I02-N10,C03,현상즉실재
1924,C03-S04-I02-N10,C03,안전
1924,C03-S04-I02-N10,C03,만유현상
1924,C03-S04-I02-N10,C03,실재
1924,C03-S04-I02-N10,C03,대천성진
1924,C03-S04-I02-N10,C03,미진섬개
1924,C03-S04-I02-N10,C03,허상
1924,C03-S04-I02-N10,C03,환영
1924,C03-S04-I02-N10,C03,실재
1924,C03-S04-I02-N11,C03,물질
1924,C03-S04-I02-N11,C03,잠유
1924,C03-S04-I02-N11,C03,포환
1924,C03-S04-I02-N11,C03,기물체
1924,C03-S04-I02-N11,C03,표면적
1924,C03-S04-I02-N11,C03,변화
1924,C03-S04-I02-N11,C03,기실
1924,C03-S04-I02-N11,C03,기물
1924,C03-S04-I02-N11,C03,근본적
1924,C03-S04-I02-N11,C03,원리
1924,C03-S04-I02-N11,C03,영원
1924,C03-S04-I02-N11,C03,실재
1924,C03-S04-I02-N11,C03,장수
1924,C03-S04-I02-N11,C03,시중
1924,C03-S04-I02-N11,C03,장자
1924,C03-S04-I02-N11,C03,실재론
1924,C03-S04-I02-N11,C03,원리
1924,C03-S04-I02-N11,C03,각파
1924,C03-S04-I02-N11,C03,시중
1924,C03-S04-I02-N11,C03,일언
1924,C03-S04-I02-N11,C03,만유현상
1924,C03-S04-I02-N11,C03,근본적
1924,C03-S04-I02-N11,C03,실재
1924,C03-S04-I02-N11,C03,표현
1924,C03-S04-I02-N11,C03,원융적
1924,C03-S04-I02-N11,C03,실재
1924,C03-S04-I02-N11,C03,우주
1924,C03-S04-I02-N11,C03,무시무종
1924,C03-S04-I02-N11,C03,실재
1924,C03-S04-I02-N11,C03,구체적
1924,C03-S04-I02-N11,C03,시간공간
1924,C03-S04-I02-N11,C03,실재
1924,C03-S04-I02-N11,C03,시간상
1924,C03-S04-I02-N11,C03,과거
1924,C03-S04-I02-N11,C03,실재
1924,C03-S04-I02-N11,C03,현재
1924,C03-S04-I02-N11,C03,실재
1924,C03-S04-I02-N11,C03,미래
1924,C03-S04-I02-N11,C03,실재
1924,C03-S04-I02-N12,C03,과거
1924,C03-S04-I02-N12,C03,과거
1924,C03-S04-I02-N12,C03,포환
1924,C03-S04-I02-N12,C03,미래
1924,C03-S04-I02-N12,C03,미래
1924,C03-S04-I02-N12,C03,몽상
1924,C03-S04-I02-N12,C03,과거
1924,C03-S04-I02-N12,C03,과거
1924,C03-S04-I02-N12,C03,실재
1924,C03-S04-I02-N12,C03,미래
1924,C03-S04-I02-N12,C03,미래
1924,C03-S04-I02-N12,C03,실재
1924,C03-S04-I02-N12,C03,과거
1924,C03-S04-I02-N12,C03,현재
1924,C03-S04-I02-N12,C03,현재
1924,C03-S04-I02-N12,C03,우변
1924,C03-S04-I02-N12,C03,미래
1924,C03-S04-I02-N12,C03,삼계
1924,C03-S04-I02-N12,C03,실재변
1924,C03-S04-I02-N12,C03,전개
1924,C03-S04-I02-N12,C03,무시무종
1924,C03-S04-I02-N12,C03,의미
1924,C03-S04-I02-N12,C03,포함
1924,C03-S04-I02-N12,C03,오십세
1924,C03-S04-I02-N12,C03,假定
1924,C03-S04-I02-N12,C03,오십일생
1924,C03-S04-I02-N12,C03,역사
1924,C03-S04-I02-N12,C03,실존
1924,C03-S04-I02-N12,C03,오십일생
1924,C03-S04-I02-N12,C03,서물
1924,C03-S04-I02-N12,C03,오십혈
1924,C03-S04-I02-N12,C03,기록
1924,C03-S04-I02-N12,C03,오십혈
1924,C03-S04-I02-N12,C03,서물
1924,C03-S04-I02-N12,C03,기록
1924,C03-S04-I02-N12,C03,전혈후혈
1924,C03-S04-I02-N12,C03,상이
1924,C03-S04-I02-N12,C03,전혈
1924,C03-S04-I02-N12,C03,기록
1924,C03-S04-I02-N12,C03,후혈
1924,C03-S04-I02-N12,C03,기록
1924,C03-S04-I02-N12,C03,후혈
1924,C03-S04-I02-N12,C03,기록
1924,C03-S04-I02-N12,C03,전혈
1924,C03-S04-I02-N12,C03,기록
1924,C03-S04-I02-N12,C03,상이
1924,C03-S04-I02-N12,C03,서물전체
1924,C03-S04-I02-N12,C03,전혈후혈
1924,C03-S04-I02-N12,C03,동일
1924,C03-S04-I02-N12,C03,사실
1924,C03-S04-I02-N12,C03,전후
1924,C03-S04-I02-N12,C03,실재적
1924,C03-S04-I02-N12,C03,존재
1924,C03-S04-I02-N13,C03,일생
1924,C03-S04-I02-N13,C03,칠십
1924,C03-S04-I02-N13,C03,칠십세
1924,C03-S04-I02-N13,C03,칠십혈
1924,C03-S04-I02-N13,C03,기록
1924,C03-S04-I02-N13,C03,타계
1924,C03-S04-I02-N13,C03,전환
1924,C03-S04-I02-N13,C03,칠십세이전
1924,C03-S04-I02-N13,C03,사실
1924,C03-S04-I02-N13,C03,칠십세
1924,C03-S04-I02-N13,C03,비실재적
1924,C03-S04-I02-N13,C03,칠십세이전
1924,C03-S04-I02-N13,C03,환원
1924,C03-S04-I02-N13,C03,사고
1924,C03-S04-I02-N13,C03,당시
1924,C03-S04-I02-N13,C03,실재
1924,C03-S04-I02-N13,C03,의연
1924,C03-S04-I02-N13,C03,실재
1924,C03-S04-I02-N13,C03,서물
1924,C03-S04-I02-N13,C03,전혈
1924,C03-S04-I02-N13,C03,기록
1924,C03-S04-I02-N13,C03,후혈
1924,C03-S04-I02-N13,C03,전혈기자
1924,C03-S04-I02-N13,C03,환원
1924,C03-S04-I02-N13,C03,전혈
1924,C03-S04-I02-N13,C03,사실
1924,C03-S04-I02-N13,C03,의연
1924,C03-S04-I02-N13,C03,실재
1924,C03-S04-I02-N13,C03,전우주
1924,C03-S04-I02-N13,C03,시간
1924,C03-S04-I02-N13,C03,과거
1924,C03-S04-I02-N13,C03,무궁
1924,C03-S04-I02-N13,C03,무궁
1924,C03-S04-I02-N13,C03,포환
1924,C03-S04-I02-N13,C03,동일
1924,C03-S04-I02-N13,C03,실재
1924,C03-S04-I02-N14,C03,상도
1924,C03-S04-I02-N14,C03,갑을병정무기
1924,C03-S04-I02-N14,C03,시간
1924,C03-S04-I02-N14,C03,전원형
1924,C03-S04-I02-N14,C03,갑을병
1924,C03-S04-I02-N14,C03,과거
1924,C03-S04-I02-N14,C03,현재무기
1924,C03-S04-I02-N14,C03,미래
1924,C03-S04-I02-N14,C03,현재
1924,C03-S04-I02-N14,C03,갑을병
1924,C03-S04-I02-N14,C03,실재
1924,C03-S04-I02-N14,C03,무기
1924,C03-S04-I02-N14,C03,실재
1924,C03-S04-I02-N14,C03,사고
1924,C03-S04-I02-N14,C03,갑을병정무기
1924,C03-S04-I02-N14,C03,전시간전체
1924,C03-S04-I02-N14,C03,통관
1924,C03-S04-I02-N14,C03,전체
1924,C03-S04-I02-N14,C03,실재
1924,C03-S04-I02-N14,C03,공간상
1924,C03-S04-I02-N14,C03,공간상
1924,C03-S04-I02-N14,C03,차처피처
1924,C03-S04-I02-N14,C03,동일
1924,C03-S04-I02-N14,C03,실재
1924,C03-S04-I02-N14,C03,가령
1924,C03-S04-I02-N14,C03,여일개
1924,C03-S04-I02-N14,C03,東洋
1924,C03-S04-I02-N14,C03,歐洲
1924,C03-S04-I02-N14,C03,여행
1924,C03-S04-I02-N14,C03,여일개
1924,C03-S04-I02-N14,C03,실재
1924,C03-S04-I02-N14,C03,항상처
1924,C03-S04-I02-N14,C03,東洋
1924,C03-S04-I02-N14,C03,東洋
1924,C03-S04-I02-N14,C03,실재
1924,C03-S04-I02-N14,C03,서구
1924,C03-S04-I02-N14,C03,서구
1924,C03-S04-I02-N14,C03,실재
1924,C03-S04-I02-N15,C03,동서
1924,C03-S04-I02-N15,C03,지구전체
1924,C03-S04-I02-N15,C03,하처
1924,C03-S04-I02-N15,C03,실재
1924,C03-S04-I02-N15,C03,명백
1924,C03-S04-I02-N15,C03,만처
1924,C03-S04-I02-N15,C03,동일
1924,C03-S04-I02-N15,C03,실재
1924,C03-S04-I02-N15,C03,원근상하
1924,C03-S04-I02-N15,C03,물론
1924,C03-S04-I02-N15,C03,실재
1924,C03-S04-I02-N15,C03,여사
1924,C03-S04-I02-N15,C03,사고
1924,C03-S04-I02-N15,C03,시간공간
1924,C03-S04-I02-N15,C03,무한
1924,C03-S04-I02-N15,C03,실재
1924,C03-S04-I02-N15,C03,실재
1924,C03-S04-I02-N15,C03,정신적
1924,C03-S04-I02-N15,C03,물질량진리
1924,C03-S04-I02-N15,C03,포함
1924,C03-S04-I02-N15,C03,최고
1924,C03-S04-I02-N15,C03,원리
1924,C03-S04-I02-N15,C03,전우주
1924,C03-S04-I02-N15,C03,필경
1924,C03-S04-I02-N15,C03,불생불멸
1924,C03-S04-I02-N15,C03,활정체
1924,C03-S04-I02-N15,C03,실재
1924,C03-S04-I02-N15,C03,관념
1924,C03-S04-I02-N15,C03,사고
1924,C03-S04-I02-N15,C03,실재
1924,C03-S04-I02-N15,C03,우주
1924,C03-S04-I02-N15,C03,편재
1924,C03-S04-I02-N15,C03,실재체
1924,C03-S04-I02-N15,C03,시간
1924,C03-S04-I02-N15,C03,무한실재
1924,C03-S04-I02-N15,C03,실재적
1924,C03-S04-I02-N15,C03,실재
1924,C03-S04-I02-N15,C03,대신사
1924,C03-S04-I02-N15,C03,천지
1924,C03-S04-I02-N15,C03,귀신
1924,C03-S04-I02-N15,C03,귀신
1924,C03-S04-I02-N15,C03,수족동정
1924,C03-S04-I02-N15,C03,전우주
1924,C03-S04-I02-N15,C03,실재
1924,C03-S04-I02-N15,C03,실재중
1924,C03-S04-I02-N15,C03,실재
1924,C03-S04-I02-N15,C03,해월신사
1924,C03-S04-I02-N15,C03,물물천
1924,C03-S04-I02-N15,C03,사사천
1924,C03-S04-I02-N15,C03,표현
1924,C03-S04-I02-N15,C03,전우주
1924,C03-S04-I02-N15,C03,실재
1924,C03-S04-I02-N15,C03,여사
1924,C03-S04-I02-N15,C03,실재
1924,C03-S04-I02-N15,C03,관념상
1924,C03-S04-I02-N15,C03,간래
1924,C03-S04-I02-N15,C03,무궁
1924,C03-S04-I02-N15,C03,실재성
1924,C03-S04-I02-N15,C03,무궁
1924,C03-S04-I02-N15,C03,주문
1924,C03-S04-I02-N15,C03,무궁무궁
1924,C03-S04-I02-N15,C03,만사지
1924,C03-S04-I03-N01,C03,관념
1924,C03-S04-I03-N01,C03,다신
1924,C03-S04-I03-N01,C03,관념
1924,C03-S04-I03-N01,C03,一神
1924,C03-S04-I03-N01,C03,관념
1924,C03-S04-I03-N01,C03,범신
1924,C03-S04-I03-N01,C03,관념
1924,C03-S04-I03-N01,C03,다신교
1924,C03-S04-I03-N01,C03,다수
1924,C03-S04-I03-N01,C03,태고
1924,C03-S04-I03-N01,C03,유치
1924,C03-S04-I03-N01,C03,인간
1924,C03-S04-I03-N01,C03,명색
1924,C03-S04-I03-N01,C03,수화목석
1924,C03-S04-I03-N01,C03,기타
1924,C03-S04-I03-N01,C03,이하
1924,C03-S04-I03-N01,C03,동물
1924,C03-S04-I03-N01,C03,숭배
1924,C03-S04-I03-N01,C03,일신교
1924,C03-S04-I03-N01,C03,다신교
1924,C03-S04-I03-N01,C03,개혁
1924,C03-S04-I03-N01,C03,종교
1924,C03-S04-I03-N01,C03,관념
1924,C03-S04-I03-N01,C03,현재
1924,C03-S04-I03-N01,C03,세계
1924,C03-S04-I03-N01,C03,대종교
1924,C03-S04-I03-N01,C03,대개
1924,C03-S04-I03-N01,C03,사상
1924,C03-S04-I03-N01,C03,기인
1924,C03-S04-I03-N01,C03,일신교
1924,C03-S04-I03-N01,C03,우주
1924,C03-S04-I03-N01,C03,유일
1924,C03-S04-I03-N01,C03,지배
1924,C03-S04-I03-N01,C03,소위
1924,C03-S04-I03-N01,C03,一神
1924,C03-S04-I03-N01,C03,인격
1924,C03-S04-I03-N01,C03,우주
1924,C03-S04-I03-N01,C03,유일
1924,C03-S04-I03-N01,C03,인격적
1924,C03-S04-I03-N01,C03,천지만유
1924,C03-S04-I03-N01,C03,창조
1924,C03-S04-I03-N01,C03,인간계
1924,C03-S04-I03-N01,C03,성쇠영고
1924,C03-S04-I03-N01,C03,인격적
1924,C03-S04-I03-N01,C03,一神
1924,C03-S04-I03-N01,C03,지배
1924,C03-S04-I03-N01,C03,진퇴
1924,C03-S04-I03-N02,C03,범신교
1924,C03-S04-I03-N02,C03,일신교
1924,C03-S04-I03-N02,C03,우주
1924,C03-S04-I03-N02,C03,유일
1924,C03-S04-I03-N02,C03,존재
1924,C03-S04-I03-N02,C03,인정
1924,C03-S04-I03-N02,C03,인격
1924,C03-S04-I03-N02,C03,일신교
1924,C03-S04-I03-N02,C03,특이
1924,C03-S04-I03-N02,C03,일신교
1924,C03-S04-I03-N02,C03,범신교
1924,C03-S04-I03-N02,C03,소양
1924,C03-S04-I03-N02,C03,차이
1924,C03-S04-I03-N02,C03,일신교
1924,C03-S04-I03-N02,C03,인격적
1924,C03-S04-I03-N02,C03,인정
1924,C03-S04-I03-N02,C03,우주
1924,C03-S04-I03-N02,C03,유일
1924,C03-S04-I03-N02,C03,실재
1924,C03-S04-I03-N02,C03,일절만유
1924,C03-S04-I03-N02,C03,포환허영
1924,C03-S04-I03-N02,C03,반대
1924,C03-S04-I03-N02,C03,범신교
1924,C03-S04-I03-N02,C03,만유
1924,C03-S04-I03-N02,C03,표현
1924,C03-S04-I03-N02,C03,세계
1924,C03-S04-I03-N02,C03,일절만유
1924,C03-S04-I03-N02,C03,영구적
1924,C03-S04-I03-N02,C03,실재
1924,C03-S04-I03-N02,C03,인내천주의
1924,C03-S04-I03-N02,C03,종교
1924,C03-S04-I03-N02,C03,일신교
1924,C03-S04-I03-N02,C03,범신교
1924,C03-S04-I03-N02,C03,관념
1924,C03-S04-I03-N02,C03,인내천
1924,C03-S04-I03-N02,C03,기초
1924,C03-S04-I03-N02,C03,근거
1924,C03-S04-I03-N02,C03,범신관
1924,C03-S04-I03-N02,C03,응용주의
1924,C03-S04-I03-N02,C03,일신교
1924,C03-S04-I03-N02,C03,인격성
1924,C03-S04-I03-N02,C03,귀납
1924,C03-S04-I03-N02,C03,교체
1924,C03-S04-I03-N02,C03,대신사
1924,C03-S04-I03-N02,C03,종교
1924,C03-S04-I03-N02,C03,관념
1924,C03-S04-I03-N02,C03,대신사
1924,C03-S04-I03-N02,C03,천지만유
1924,C03-S04-I03-N02,C03,간파
1924,C03-S04-I03-N02,C03,무궁
1924,C03-S04-I03-N02,C03,특별
1924,C03-S04-I03-N02,C03,전지전능
1924,C03-S04-I03-N02,C03,표현
1924,C03-S04-I03-N02,C03,무궁
1924,C03-S04-I03-N02,C03,세계
1924,C03-S04-I03-N02,C03,천국
1924,C03-S04-I03-N03,C03,범신관
1924,C03-S04-I03-N03,C03,범신주의
1924,C03-S04-I03-N03,C03,인내천
1924,C03-S04-I03-N03,C03,원리
1924,C03-S04-I03-N03,C03,일신주의
1924,C03-S04-I03-N03,C03,신정
1924,C03-S04-I03-N03,C03,종교
1924,C03-S04-I03-N03,C03,무궁
1924,C03-S04-I03-N03,C03,귀납
1924,C03-S04-I03-N03,C03,응용
1924,C03-S04-I03-N03,C03,주체
1924,C03-S04-I03-N03,C03,범신교
1924,C03-S04-I03-N03,C03,만유
1924,C03-S04-I03-N03,C03,영적
1924,C03-S04-I03-N03,C03,실재
1924,C03-S04-I03-N03,C03,진리
1924,C03-S04-I03-N03,C03,종교적
1924,C03-S04-I03-N03,C03,신앙력
1924,C03-S04-I03-N03,C03,약점
1924,C03-S04-I03-N03,C03,인내천주의
1924,C03-S04-I03-N03,C03,만유
1924,C03-S04-I03-N03,C03,실재주의
1924,C03-S04-I03-N03,C03,절규
1924,C03-S04-I03-N03,C03,응용
1924,C03-S04-I03-N03,C03,무궁
1924,C03-S04-I03-N03,C03,최고
1924,C03-S04-I03-N03,C03,표현
1924,C03-S04-I03-N03,C03,실재적
1924,C03-S04-I03-N03,C03,강미
1924,C03-S04-I03-N03,C03,일층
1924,C03-S04-I03-N03,C03,견고
1924,C03-S04-I03-N03,C03,일층
1924,C03-S04-I03-N03,C03,실현적
1924,C03-S04-I04-N01,C03,생명
1924,C03-S04-I04-N01,C03,문제
1924,C03-S04-I04-N01,C03,철학상
1924,C03-S04-I04-N01,C03,심원
1924,C03-S04-I04-N01,C03,진리
1924,C03-S04-I04-N01,C03,포함
1924,C03-S04-I04-N01,C03,생명
1924,C03-S04-I04-N01,C03,문제
1924,C03-S04-I04-N01,C03,개의
1924,C03-S04-I04-N01,C03,인내천
1924,C03-S04-I04-N01,C03,원리
1924,C03-S04-I04-N01,C03,귀납
1924,C03-S04-I04-N01,C03,대의
1924,C03-S04-I04-N01,C03,제일
1924,C03-S04-I04-N01,C03,생명
1924,C03-S04-I04-N01,C03,운동
1924,C03-S04-I04-N01,C03,생명
1924,C03-S04-I04-N01,C03,운동
1924,C03-S04-I04-N01,C03,사고
1924,C03-S04-I04-N01,C03,일반
1924,C03-S04-I04-N01,C03,생물
1924,C03-S04-I04-N01,C03,고정불동
1924,C03-S04-I04-N01,C03,시시각각
1924,C03-S04-I04-N01,C03,찰나찰나
1924,C03-S04-I04-N01,C03,변동
1924,C03-S04-I04-N01,C03,변동
1924,C03-S04-I04-N01,C03,신진대사
1924,C03-S04-I04-N02,C03,질서
1924,C03-S04-I04-N02,C03,분배
1924,C03-S04-I04-N02,C03,생명
1924,C03-S04-I04-N02,C03,연고
1924,C03-S04-I04-N02,C03,생명
1924,C03-S04-I04-N02,C03,불가사의
1924,C03-S04-I04-N02,C03,원리
1924,C03-S04-I04-N02,C03,운동
1924,C03-S04-I04-N02,C03,운동
1924,C03-S04-I04-N02,C03,질서
1924,C03-S04-I04-N02,C03,법칙
1924,C03-S04-I04-N02,C03,계속
1924,C03-S04-I04-N02,C03,일반생물
1924,C03-S04-I04-N02,C03,법칙적
1924,C03-S04-I04-N02,C03,운동
1924,C03-S04-I04-N02,C03,계속
1924,C03-S04-I04-N02,C03,생명
1924,C03-S04-I04-N02,C03,기법칙
1924,C03-S04-I04-N02,C03,운동
1924,C03-S04-I04-N02,C03,기계적
1924,C03-S04-I04-N02,C03,욕동
1924,C03-S04-I04-N02,C03,유기적
1924,C03-S04-I04-N02,C03,운동
1924,C03-S04-I04-N02,C03,생명
1924,C03-S04-I04-N02,C03,운동
1924,C03-S04-I04-N02,C03,타물체
1924,C03-S04-I04-N02,C03,운동
1924,C03-S04-I04-N02,C03,상이
1924,C03-S04-I04-N03,C03,타물체
1924,C03-S04-I04-N03,C03,운동
1924,C03-S04-I04-N03,C03,무기적
1924,C03-S04-I04-N03,C03,반대
1924,C03-S04-I04-N03,C03,생명
1924,C03-S04-I04-N03,C03,운동
1924,C03-S04-I04-N03,C03,유기적
1924,C03-S04-I04-N03,C03,공소
1924,C03-S04-I04-N03,C03,기계적
1924,C03-S04-I04-N03,C03,맹목적
1924,C03-S04-I04-N03,C03,운동
1924,C03-S04-I04-N03,C03,불과
1924,C03-S04-I04-N03,C03,생명
1924,C03-S04-I04-N03,C03,불연
1924,C03-S04-I04-N03,C03,욕동
1924,C03-S04-I04-N03,C03,유기적
1924,C03-S04-I04-N03,C03,원력
1924,C03-S04-I04-N03,C03,불단
1924,C03-S04-I04-N03,C03,법칙적
1924,C03-S04-I04-N03,C03,지배
1924,C03-S04-I04-N03,C03,판연
1924,C03-S04-I04-N03,C03,사실
1924,C03-S04-I04-N03,C03,제이
1924,C03-S04-I04-N03,C03,생명
1924,C03-S04-I04-N03,C03,통일작용
1924,C03-S04-I04-N03,C03,생명
1924,C03-S04-I04-N03,C03,운동
1924,C03-S04-I04-N03,C03,중심점
1924,C03-S04-I04-N04,C03,일단체
1924,C03-S04-I04-N04,C03,조직
1924,C03-S04-I04-N04,C03,일국가
1924,C03-S04-I04-N04,C03,작용
1924,C03-S04-I04-N04,C03,주권
1924,C03-S04-I04-N04,C03,통일적
1924,C03-S04-I04-N04,C03,작용
1924,C03-S04-I04-N04,C03,생명
1924,C03-S04-I04-N04,C03,운동
1924,C03-S04-I04-N04,C03,통일
1924,C03-S04-I04-N04,C03,중심점
1924,C03-S04-I04-N04,C03,기중심점
1924,C03-S04-I04-N04,C03,백체
1924,C03-S04-I04-N04,C03,평균
1924,C03-S04-I04-N04,C03,분배
1924,C03-S04-I04-N04,C03,일신체
1924,C03-S04-I04-N04,C03,자양물
1924,C03-S04-I04-N04,C03,흡수
1924,C03-S04-I04-N04,C03,공평
1924,C03-S04-I04-N04,C03,분배
1924,C03-S04-I04-N04,C03,신진대사
1924,C03-S04-I04-N04,C03,순서
1924,C03-S04-I04-N04,C03,연락
1924,C03-S04-I04-N04,C03,심리작용
1924,C03-S04-I04-N04,C03,사고
1924,C03-S04-I04-N04,C03,비판
1924,C03-S04-I04-N04,C03,일반욕동
1924,C03-S04-I04-N04,C03,일정불란
1924,C03-S04-I04-N04,C03,조정
1924,C03-S04-I04-N04,C03,생명
1924,C03-S04-I04-N04,C03,통일력
1924,C03-S04-I04-N04,C03,제삼
1924,C03-S04-I04-N04,C03,생명
1924,C03-S04-I04-N04,C03,목적
1924,C03-S04-I04-N04,C03,생명
1924,C03-S04-I04-N04,C03,일정
1924,C03-S04-I04-N04,C03,목적
1924,C03-S04-I04-N04,C03,목적
1924,C03-S04-I04-N04,C03,방면
1924,C03-S04-I04-N04,C03,항상
1924,C03-S04-I04-N04,C03,계속적
1924,C03-S04-I04-N04,C03,운동
1924,C03-S04-I04-N05,C03,植物
1924,C03-S04-I04-N05,C03,태양
1924,C03-S04-I04-N05,C03,방면
1924,C03-S04-I04-N05,C03,기지
1924,C03-S04-I04-N05,C03,필경종자
1924,C03-S04-I04-N05,C03,결과
1924,C03-S04-I04-N05,C03,목적
1924,C03-S04-I04-N05,C03,고등
1924,C03-S04-I04-N05,C03,생명
1924,C03-S04-I04-N05,C03,운동
1924,C03-S04-I04-N05,C03,우주적
1924,C03-S04-I04-N05,C03,대목적
1924,C03-S04-I04-N05,C03,방면
1924,C03-S04-I04-N05,C03,자기
1924,C03-S04-I04-N05,C03,세력
1924,C03-S04-I04-N05,C03,신장
1924,C03-S04-I04-N05,C03,제사
1924,C03-S04-I04-N05,C03,생명
1924,C03-S04-I04-N05,C03,자각
1924,C03-S04-I04-N05,C03,하등
1924,C03-S04-I04-N05,C03,생물
1924,C03-S04-I04-N05,C03,확실
1924,C03-S04-I04-N05,C03,생명
1924,C03-S04-I04-N05,C03,자각
1924,C03-S04-I04-N05,C03,인정
1924,C03-S04-I04-N05,C03,인류
1924,C03-S04-I04-N05,C03,고등적
1924,C03-S04-I04-N05,C03,생명
1924,C03-S04-I04-N05,C03,확실
1924,C03-S04-I04-N05,C03,자각
1924,C03-S04-I04-N05,C03,자아
1924,C03-S04-I04-N05,C03,욕동
1924,C03-S04-I04-N05,C03,생명
1924,C03-S04-I04-N05,C03,발달
1924,C03-S04-I04-N05,C03,발달
1924,C03-S04-I04-N05,C03,자각
1924,C03-S04-I04-N05,C03,고상
1924,C03-S04-I04-N05,C03,가지
1924,C03-S04-I04-N05,C03,동일인류
1924,C03-S04-I04-N05,C03,자각
1924,C03-S04-I04-N05,C03,구별
1924,C03-S04-I04-N05,C03,생명
1924,C03-S04-I04-N05,C03,구경원리
1924,C03-S04-I04-N05,C03,필연
1924,C03-S04-I04-N05,C03,신비적
1924,C03-S04-I04-N05,C03,자각
1924,C03-S04-I04-N06,C03,기자각
1924,C03-S04-I04-N06,C03,자기소정
1924,C03-S04-I04-N06,C03,목적
1924,C03-S04-I04-N06,C03,방면
1924,C03-S04-I04-N06,C03,무궁
1924,C03-S04-I04-N06,C03,계속운동
1924,C03-S04-I04-N06,C03,개시
1924,C03-S04-I04-N06,C03,以上
1924,C03-S04-I04-N06,C03,생명
1924,C03-S04-I04-N06,C03,특성
1924,C03-S04-I04-N06,C03,일언
1924,C03-S04-I04-N06,C03,기록
1924,C03-S04-I04-N06,C03,생명발생
1924,C03-S04-I04-N06,C03,양종
1924,C03-S04-I04-N06,C03,의론
1924,C03-S04-I04-N06,C03,기계론
1924,C03-S04-I04-N06,C03,활정론
1924,C03-S04-I04-N06,C03,기계론
1924,C03-S04-I04-N06,C03,생명
1924,C03-S04-I04-N06,C03,역학적
1924,C03-S04-I04-N06,C03,해석
1924,C03-S04-I04-N06,C03,생명
1924,C03-S04-I04-N06,C03,운동
1924,C03-S04-I04-N06,C03,기계
1924,C03-S04-I04-N06,C03,운동
1924,C03-S04-I04-N06,C03,동일시
1924,C03-S04-I04-N06,C03,순물질론
1924,C03-S04-I04-N06,C03,소조
1924,C03-S04-I04-N06,C03,동첩시계
1924,C03-S04-I04-N06,C03,비류
1924,C03-S04-I04-N06,C03,인용
1924,C03-S04-I04-N06,C03,시계
1924,C03-S04-I04-N06,C03,시침
1924,C03-S04-I04-N06,C03,운동
1924,C03-S04-I04-N06,C03,기계
1924,C03-S04-I04-N06,C03,생명
1924,C03-S04-I04-N06,C03,운동
1924,C03-S04-I04-N06,C03,여사
1924,C03-S04-I04-N06,C03,순물질관
1924,C03-S04-I04-N06,C03,생명론
1924,C03-S04-I04-N06,C03,금일통과
1924,C03-S04-I04-N06,C03,편설
1924,C03-S04-I04-N06,C03,합리
1924,C03-S04-I04-N06,C03,학설
1924,C03-S04-I04-N06,C03,활정론
1924,C03-S04-I04-N07,C03,활정론
1924,C03-S04-I04-N07,C03,생명
1924,C03-S04-I04-N07,C03,불사의
1924,C03-S04-I04-N07,C03,활력
1924,C03-S04-I04-N07,C03,以上
1924,C03-S04-I04-N07,C03,생명
1924,C03-S04-I04-N07,C03,운동
1924,C03-S04-I04-N07,C03,운동
1924,C03-S04-I04-N07,C03,욕동
1924,C03-S04-I04-N07,C03,기욕동
1924,C03-S04-I04-N07,C03,이면
1924,C03-S04-I04-N07,C03,통일
1924,C03-S04-I04-N07,C03,작용
1924,C03-S04-I04-N07,C03,자각
1924,C03-S04-I04-N07,C03,목적
1924,C03-S04-I04-N07,C03,방향
1924,C03-S04-I04-N07,C03,확인
1924,C03-S04-I04-N07,C03,以上
1924,C03-S04-I04-N07,C03,생명
1924,C03-S04-I04-N07,C03,기계
1924,C03-S04-I04-N07,C03,몰상식자
1924,C03-S04-I04-N07,C03,생명
1924,C03-S04-I04-N07,C03,생장
1924,C03-S04-I04-N07,C03,植物
1924,C03-S04-I04-N07,C03,기계
1924,C03-S04-I04-N07,C03,생물
1924,C03-S04-I04-N07,C03,정신적
1924,C03-S04-I04-N07,C03,자각
1924,C03-S04-I04-N07,C03,활동
1924,C03-S04-I04-N07,C03,기계적
1924,C03-S04-I04-N07,C03,운동
1924,C03-S04-I04-N08,C03,생명
1924,C03-S04-I04-N08,C03,일종불가사의
1924,C03-S04-I04-N08,C03,활력
1924,C03-S04-I04-N08,C03,기생명자체
1924,C03-S04-I04-N08,C03,성장
1924,C03-S04-I04-N08,C03,명백
1924,C03-S04-I04-N08,C03,이유
1924,C03-S04-I04-N08,C03,생명
1924,C03-S04-I04-N08,C03,활정적
1924,C03-S04-I04-N08,C03,인정
1924,C03-S04-I04-N08,C03,활정적
1924,C03-S04-I04-N08,C03,생명
1924,C03-S04-I04-N08,C03,발생
1924,C03-S04-I04-N08,C03,기발생
1924,C03-S04-I04-N08,C03,하시
1924,C03-S04-I04-N08,C03,시작
1924,C03-S04-I04-N08,C03,원인
1924,C03-S04-I04-N08,C03,탐구
1924,C03-S04-I04-N08,C03,필요
1924,C03-S04-I04-N08,C03,임의
1924,C03-S04-I04-N08,C03,생명
1924,C03-S04-I04-N08,C03,발생원인
1924,C03-S04-I04-N08,C03,의론
1924,C03-S04-I04-N08,C03,돌연발생설
1924,C03-S04-I04-N08,C03,생명
1924,C03-S04-I04-N08,C03,우주적
1924,C03-S04-I04-N08,C03,동기
1924,C03-S04-I04-N08,C03,전기
1924,C03-S04-I04-N08,C03,미묘
1924,C03-S04-I04-N08,C03,작용
1924,C03-S04-I04-N08,C03,우연
1924,C03-S04-I04-N08,C03,기동기
1924,C03-S04-I04-N08,C03,창조
1924,C03-S04-I04-N08,C03,사고
1924,C03-S04-I04-N09,C03,상인
1924,C03-S04-I04-N09,C03,상식
1924,C03-S04-I04-N09,C03,생명
1924,C03-S04-I04-N09,C03,원인
1924,C03-S04-I04-N09,C03,묘원
1924,C03-S04-I04-N09,C03,상식
1924,C03-S04-I04-N09,C03,추측
1924,C03-S04-I04-N09,C03,구경
1924,C03-S04-I04-N09,C03,판단
1924,C03-S04-I04-N09,C03,우연
1924,C03-S04-I04-N09,C03,발생
1924,C03-S04-I04-N09,C03,작정
1924,C03-S04-I04-N09,C03,생명
1924,C03-S04-I04-N09,C03,타계
1924,C03-S04-I04-N09,C03,이전
1924,C03-S04-I04-N09,C03,과학론
1924,C03-S04-I04-N09,C03,종교
1924,C03-S04-I04-N09,C03,전설
1924,C03-S04-I04-N09,C03,추측
1924,C03-S04-I04-N09,C03,지구
1924,C03-S04-I04-N09,C03,시초
1924,C03-S04-I04-N09,C03,본래고도
1924,C03-S04-I04-N09,C03,생명
1924,C03-S04-I04-N09,C03,근본
1924,C03-S04-I04-N10,C03,타천체
1924,C03-S04-I04-N10,C03,성구
1924,C03-S04-I04-N10,C03,생명
1924,C03-S04-I04-N10,C03,천체
1924,C03-S04-I04-N10,C03,동기
1924,C03-S04-I04-N10,C03,지구
1924,C03-S04-I04-N10,C03,추락
1924,C03-S04-I04-N10,C03,생명
1924,C03-S04-I04-N10,C03,이전
1924,C03-S04-I04-N10,C03,종교
1924,C03-S04-I04-N10,C03,전설
1924,C03-S04-I04-N10,C03,창조력
1924,C03-S04-I04-N10,C03,생명
1924,C03-S04-I04-N10,C03,창조
1924,C03-S04-I04-N10,C03,생명이전설
1924,C03-S04-I04-N10,C03,차량종
1924,C03-S04-I04-N10,C03,생명
1924,C03-S04-I04-N10,C03,구경적
1924,C03-S04-I04-N10,C03,발생
1924,C03-S04-I04-N10,C03,생명
1924,C03-S04-I04-N10,C03,변동설
1924,C03-S04-I04-N10,C03,기설
1924,C03-S04-I04-N10,C03,확실
1924,C03-S04-I04-N10,C03,증명적
1924,C03-S04-I04-N10,C03,근거
1924,C03-S04-I04-N10,C03,연구
1924,C03-S04-I04-N10,C03,가치
1924,C03-S04-I04-N10,C03,단언
1924,C03-S04-I04-N10,C03,생명
1924,C03-S04-I04-N10,C03,대우주
1924,C03-S04-I04-N10,C03,대생명
1924,C03-S04-I04-N10,C03,개체화
1924,C03-S04-I04-N10,C03,표현
1924,C03-S04-I04-N11,C03,차설
1924,C03-S04-I04-N11,C03,합리적
1924,C03-S04-I04-N11,C03,근거
1924,C03-S04-I04-N11,C03,원인
1924,C03-S04-I04-N11,C03,조직
1924,C03-S04-I04-N11,C03,계통
1924,C03-S04-I04-N11,C03,생명발생
1924,C03-S04-I04-N11,C03,계정
1924,C03-S04-I04-N11,C03,소고
1924,C03-S04-I04-N11,C03,자아
1924,C03-S04-I04-N11,C03,생명
1924,C03-S04-I04-N11,C03,부모
1924,C03-S04-I04-N11,C03,생명
1924,C03-S04-I04-N11,C03,분화
1924,C03-S04-I04-N11,C03,부모
1924,C03-S04-I04-N11,C03,생명
1924,C03-S04-I04-N11,C03,부모
1924,C03-S04-I04-N11,C03,생명
1924,C03-S04-I04-N11,C03,祖先
1924,C03-S04-I04-N11,C03,생명
1924,C03-S04-I04-N11,C03,祖先
1924,C03-S04-I04-N11,C03,생명
1924,C03-S04-I04-N11,C03,以上
1924,C03-S04-I04-N11,C03,祖先
1924,C03-S04-I04-N11,C03,생명
1924,C03-S04-I04-N11,C03,원시적
1924,C03-S04-I04-N11,C03,祖先
1924,C03-S04-I04-N11,C03,생명
1924,C03-S04-I04-N11,C03,이하
1924,C03-S04-I04-N11,C03,동물
1924,C03-S04-I04-N11,C03,유전
1924,C03-S04-I04-N11,C03,진화론
1924,C03-S04-I04-N11,C03,인류
1924,C03-S04-I04-N11,C03,원조
1924,C03-S04-I04-N11,C03,원류
1924,C03-S04-I04-N12,C03,연장
1924,C03-S04-I04-N12,C03,생명
1924,C03-S04-I04-N12,C03,진화력사
1924,C03-S04-I04-N12,C03,생명
1924,C03-S04-I04-N12,C03,시작
1924,C03-S04-I04-N12,C03,최하등동물
1924,C03-S04-I04-N12,C03,미생물
1924,C03-S04-I04-N12,C03,발원
1924,C03-S04-I04-N12,C03,진화
1924,C03-S04-I04-N12,C03,진화
1924,C03-S04-I04-N12,C03,점차불완전
1924,C03-S04-I04-N12,C03,완전
1924,C03-S04-I04-N12,C03,순서
1924,C03-S04-I04-N12,C03,정연
1924,C03-S04-I04-N12,C03,기록
1924,C03-S04-I04-N12,C03,以上
1924,C03-S04-I04-N12,C03,생명발생
1924,C03-S04-I04-N12,C03,원인
1924,C03-S04-I04-N12,C03,대난제
1924,C03-S04-I04-N12,C03,최초미생물
1924,C03-S04-I04-N12,C03,생명
1924,C03-S04-I04-N12,C03,以上
1924,C03-S04-I04-N12,C03,일언
1924,C03-S04-I04-N12,C03,지구
1924,C03-S04-I04-N12,C03,최초
1924,C03-S04-I04-N12,C03,태양
1924,C03-S04-I04-N12,C03,분가
1924,C03-S04-I04-N12,C03,극한열도
1924,C03-S04-I04-N12,C03,열도
1924,C03-S04-I04-N12,C03,생명
1924,C03-S04-I04-N12,C03,종자
1924,C03-S04-I04-N12,C03,만무
1924,C03-S04-I04-N12,C03,생명
1924,C03-S04-I04-N12,C03,타계이전설
1924,C03-S04-I04-N12,C03,돌연발생설
1924,C03-S04-I04-N13,C03,지구
1924,C03-S04-I04-N13,C03,열도
1924,C03-S04-I04-N13,C03,냉각
1924,C03-S04-I04-N13,C03,생명
1924,C03-S04-I04-N13,C03,가당성
1924,C03-S04-I04-N13,C03,짐작
1924,C03-S04-I04-N13,C03,찰나
1924,C03-S04-I04-N13,C03,생명
1924,C03-S04-I04-N13,C03,돌연발생
1924,C03-S04-I04-N13,C03,타계
1924,C03-S04-I04-N13,C03,이전
1924,C03-S04-I04-N13,C03,창조
1924,C03-S04-I04-N13,C03,물론
1924,C03-S04-I04-N13,C03,전우주
1924,C03-S04-I04-N13,C03,이심
1924,C03-S04-I04-N13,C03,우주
1924,C03-S04-I04-N13,C03,생명
1924,C03-S04-I04-N13,C03,否認
1924,C03-S04-I04-N13,C03,전우주
1924,C03-S04-I04-N13,C03,생명
1924,C03-S04-I04-N13,C03,생명
1924,C03-S04-I04-N13,C03,생명
1924,C03-S04-I04-N13,C03,소질
1924,C03-S04-I04-N13,C03,현재생명
1924,C03-S04-I04-N13,C03,본원
1924,C03-S04-I04-N13,C03,근거
1924,C03-S04-I04-N13,C03,만일
1924,C03-S04-I04-N13,C03,생명
1924,C03-S04-I04-N13,C03,최초발생
1924,C03-S04-I04-N13,C03,지구기자
1924,C03-S04-I04-N13,C03,창조화
1924,C03-S04-I04-N13,C03,지구
1924,C03-S04-I04-N13,C03,본래
1924,C03-S04-I04-N13,C03,생명
1924,C03-S04-I04-N13,C03,소질
1924,C03-S04-I04-N13,C03,복재
1924,C03-S04-I04-N14,C03,지구
1924,C03-S04-I04-N14,C03,열도
1924,C03-S04-I04-N14,C03,생명
1924,C03-S04-I04-N14,C03,개체화
1924,C03-S04-I04-N14,C03,발효력
1924,C03-S04-I04-N14,C03,무기물
1924,C03-S04-I04-N14,C03,잠재리기
1924,C03-S04-I04-N14,C03,각재
1924,C03-S04-I04-N14,C03,지구
1924,C03-S04-I04-N14,C03,열도
1924,C03-S04-I04-N14,C03,점차하강
1924,C03-S04-I04-N14,C03,생명
1924,C03-S04-I04-N14,C03,개체화
1924,C03-S04-I04-N14,C03,경우형편
1924,C03-S04-I04-N14,C03,조성
1924,C03-S04-I04-N14,C03,생명
1924,C03-S04-I04-N14,C03,잠세력
1924,C03-S04-I04-N14,C03,개체적
1924,C03-S04-I04-N14,C03,현세력
1924,C03-S04-I04-N14,C03,생명
1924,C03-S04-I04-N14,C03,자미
1924,C03-S04-I04-N14,C03,설명
1924,C03-S04-I04-N14,C03,생명
1924,C03-S04-I04-N14,C03,무궁이전
1924,C03-S04-I04-N14,C03,자기
1924,C03-S04-I04-N14,C03,창조력
1924,C03-S04-I04-N14,C03,무한
1924,C03-S04-I04-N14,C03,노력
1924,C03-S04-I04-N14,C03,축적
1924,C03-S04-I04-N14,C03,결과
1924,C03-S04-I04-N14,C03,금일
1924,C03-S04-I04-N14,C03,대성
1924,C03-S04-I04-N14,C03,당초
1924,C03-S04-I04-N14,C03,무기물
1924,C03-S04-I04-N14,C03,형조
1924,C03-S04-I04-N14,C03,무기물
1924,C03-S04-I04-N14,C03,유기물
1924,C03-S04-I04-N14,C03,형조
1924,C03-S04-I04-N14,C03,植物
1924,C03-S04-I04-N14,C03,생물
1924,C03-S04-I04-N14,C03,생물
1924,C03-S04-I04-N14,C03,수생물
1924,C03-S04-I04-N14,C03,육생물
1924,C03-S04-I04-N14,C03,형조
1924,C03-S04-I04-N14,C03,여사
1924,C03-S04-I04-N14,C03,생명
1924,C03-S04-I04-N14,C03,무궁이전
1924,C03-S04-I04-N14,C03,노력
1924,C03-S04-I04-N14,C03,무한
1924,C03-S04-I04-N14,C03,자기발전
1924,C03-S04-I04-N14,C03,역경
1924,C03-S04-I04-N14,C03,결과
1924,C03-S04-I04-N14,C03,금일
1924,C03-S04-I04-N14,C03,자각
1924,C03-S04-I04-N14,C03,목적
1924,C03-S04-I04-N14,C03,오인
1924,C03-S04-I04-N14,C03,생명
1924,C03-S04-I04-N14,C03,형조
1924,C03-S04-I04-N15,C03,생명
1924,C03-S04-I04-N15,C03,자기관조
1924,C03-S04-I04-N15,C03,일물
1924,C03-S04-I04-N15,C03,형조
1924,C03-S04-I04-N15,C03,만족
1924,C03-S04-I04-N15,C03,의사
1924,C03-S04-I04-N15,C03,완전
1924,C03-S04-I04-N15,C03,일물
1924,C03-S04-I04-N15,C03,타일물
1924,C03-S04-I04-N15,C03,진화
1924,C03-S04-I04-N15,C03,생명
1924,C03-S04-I04-N15,C03,植物
1924,C03-S04-I04-N15,C03,타하등동물
1924,C03-S04-I04-N15,C03,자기관조
1924,C03-S04-I04-N15,C03,발달
1924,C03-S04-I04-N15,C03,맹목적
1924,C03-S04-I04-N15,C03,충동
1924,C03-S04-I04-N15,C03,욕동
1924,C03-S04-I04-N15,C03,진화
1924,C03-S04-I04-N15,C03,인류
1924,C03-S04-I04-N15,C03,생명
1924,C03-S04-I04-N15,C03,진화
1924,C03-S04-I04-N15,C03,자기관조
1924,C03-S04-I04-N15,C03,자기
1924,C03-S04-I04-N15,C03,무한노력
1924,C03-S04-I04-N15,C03,과정
1924,C03-S04-I04-N15,C03,회고
1924,C03-S04-I04-N15,C03,자기
1924,C03-S04-I04-N15,C03,원인
1924,C03-S04-I04-N15,C03,유아
1924,C03-S04-I04-N15,C03,의식
1924,C03-S04-I04-N15,C03,발달
1924,C03-S04-I04-N15,C03,충분
1924,C03-S04-I04-N15,C03,자기관조
1924,C03-S04-I04-N15,C03,지무
1924,C03-S04-I04-N15,C03,자기
1924,C03-S04-I04-N15,C03,발생급성장
1924,C03-S04-I04-N15,C03,과정
1924,C03-S04-I04-N15,C03,회고
1924,C03-S04-I04-N15,C03,생명
1924,C03-S04-I04-N15,C03,무한발달
1924,C03-S04-I04-N15,C03,방면
1924,C03-S04-I04-N15,C03,진보
1924,C03-S04-I04-N15,C03,오인현재
1924,C03-S04-I04-N15,C03,인류
1924,C03-S04-I04-N15,C03,장차일인
1924,C03-S04-I04-N15,C03,초인
1924,C03-S04-I04-N15,C03,조짐
1924,C03-S04-I04-N16,C03,묵연
1924,C03-S04-I04-N16,C03,인내천주의
1924,C03-S04-I04-N16,C03,반복사량
1924,C03-S04-I04-N16,C03,현재생명
1924,C03-S04-I04-N16,C03,육체생활
1924,C03-S04-I04-N16,C03,생명자체
1924,C03-S04-I04-N16,C03,무궁
1924,C03-S04-I04-N16,C03,의미
1924,C03-S04-I04-N16,C03,무극이전
1924,C03-S04-I04-N16,C03,억만겁
1924,C03-S04-I04-N16,C03,과정
1924,C03-S04-I04-N16,C03,금일
1924,C03-S04-I04-N16,C03,경계
1924,C03-S04-I04-N16,C03,회고
1924,C03-S04-I04-N16,C03,경력
1924,C03-S04-I04-N16,C03,굉장
1924,C03-S04-I04-N16,C03,노력
1924,C03-S04-I04-N16,C03,위대
1924,C03-S04-I04-N16,C03,지나
1924,C03-S04-I04-N16,C03,과연전지전능
1924,C03-S04-I04-N16,C03,천지만물
1924,C03-S04-I04-N16,C03,오일신
1924,C03-S04-I04-N16,C03,만리만사
1924,C03-S04-I04-N16,C03,오일심
1924,C03-S04-I04-N16,C03,잠재
1924,C03-S04-I04-N16,C03,지인지자
1924,C03-S04-I04-N16,C03,가득
1924,C03-S04-I04-N16,C03,전우주
1924,C03-S04-I04-N16,C03,생명
1924,C03-S04-I04-N16,C03,만유
1924,C03-S04-I04-N16,C03,생명
1924,C03-S04-I04-N16,C03,만유
1924,C03-S04-I04-N16,C03,생명
1924,C03-S04-I04-N16,C03,결과
1924,C03-S04-I04-N16,C03,필경
1924,C03-S04-I04-N16,C03,인성
1924,C03-S04-I04-N16,C03,생명
1924,C03-S04-I04-N16,C03,종교성
1924,C03-S04-I04-N16,C03,형성
1924,C03-S04-I05-N01,C03,以上
1924,C03-S04-I05-N01,C03,생명론
1924,C03-S04-I05-N01,C03,방면
1924,C03-S04-I05-N01,C03,잠간
1924,C03-S04-I05-N01,C03,논급
1924,C03-S04-I05-N01,C03,오인
1924,C03-S04-I05-N01,C03,개성
1924,C03-S04-I05-N01,C03,우주
1924,C03-S04-I05-N01,C03,무차별
1924,C03-S04-I05-N01,C03,우주
1924,C03-S04-I05-N01,C03,생명
1924,C03-S04-I05-N01,C03,개성적
1924,C03-S04-I05-N01,C03,생명
1924,C03-S04-I05-N01,C03,분화
1924,C03-S04-I05-N01,C03,우주
1924,C03-S04-I05-N01,C03,개성
1924,C03-S04-I05-N01,C03,관계
1924,C03-S04-I05-N01,C03,제일
1924,C03-S04-I05-N01,C03,공기
1924,C03-S04-I05-N01,C03,오인
1924,C03-S04-I05-N01,C03,육체
1924,C03-S04-I05-N01,C03,공기
1924,C03-S04-I05-N01,C03,신진대사
1924,C03-S04-I05-N01,C03,오인
1924,C03-S04-I05-N01,C03,생명
1924,C03-S04-I05-N01,C03,유지
1924,C03-S04-I05-N01,C03,공기
1924,C03-S04-I05-N01,C03,개체
1924,C03-S04-I05-N01,C03,소유물
1924,C03-S04-I05-N01,C03,지구상
1924,C03-S04-I05-N01,C03,공동
1924,C03-S04-I05-N01,C03,소유
1924,C03-S04-I05-N01,C03,지구
1924,C03-S04-I05-N01,C03,태양
1924,C03-S04-I05-N01,C03,관계
1924,C03-S04-I05-N01,C03,태양
1924,C03-S04-I05-N01,C03,타성체
1924,C03-S04-I05-N01,C03,관계
1924,C03-S04-I05-N01,C03,필경
1924,C03-S04-I05-N01,C03,오인
1924,C03-S04-I05-N01,C03,일개인
1924,C03-S04-I05-N01,C03,공기
1924,C03-S04-I05-N01,C03,호흡
1924,C03-S04-I05-N01,C03,전우주
1924,C03-S04-I05-N01,C03,연맥
1924,C03-S04-I05-N01,C03,순환
1924,C03-S04-I05-N02,C03,오인
1924,C03-S04-I05-N02,C03,육체
1924,C03-S04-I05-N02,C03,食物
1924,C03-S04-I05-N02,C03,순전
1924,C03-S04-I05-N02,C03,타식물
1924,C03-S04-I05-N02,C03,자양
1924,C03-S04-I05-N02,C03,植物
1924,C03-S04-I05-N02,C03,지구
1924,C03-S04-I05-N02,C03,태양
1924,C03-S04-I05-N02,C03,조성
1924,C03-S04-I05-N02,C03,개체
1924,C03-S04-I05-N02,C03,우주
1924,C03-S04-I05-N02,C03,무차별
1924,C03-S04-I05-N02,C03,혈액
1924,C03-S04-I05-N02,C03,오인
1924,C03-S04-I05-N02,C03,혈액
1924,C03-S04-I05-N02,C03,부모
1924,C03-S04-I05-N02,C03,유혈
1924,C03-S04-I05-N02,C03,부모
1924,C03-S04-I05-N02,C03,유혈
1924,C03-S04-I05-N02,C03,祖先
1924,C03-S04-I05-N02,C03,유혈
1924,C03-S04-I05-N02,C03,무궁
1924,C03-S04-I05-N02,C03,이전
1924,C03-S04-I05-N02,C03,사상
1924,C03-S04-I05-N02,C03,오인
1924,C03-S04-I05-N02,C03,주관적
1924,C03-S04-I05-N02,C03,섭취력
1924,C03-S04-I05-N02,C03,객관적
1924,C03-S04-I05-N02,C03,사물
1924,C03-S04-I05-N02,C03,사고
1924,C03-S04-I05-N02,C03,주관
1924,C03-S04-I05-N02,C03,유일
1924,C03-S04-I05-N02,C03,원동력
1924,C03-S04-I05-N02,C03,사고
1924,C03-S04-I05-N02,C03,현재
1924,C03-S04-I05-N02,C03,사상
1924,C03-S04-I05-N02,C03,천지우주만유현상
1924,C03-S04-I05-N02,C03,자연적
1924,C03-S04-I05-N02,C03,교훈
1924,C03-S04-I05-N02,C03,전감
1924,C03-S04-I05-N02,C03,인상
1924,C03-S04-I05-N03,C03,개성
1924,C03-S04-I05-N03,C03,우주
1924,C03-S04-I05-N03,C03,무차별
1924,C03-S04-I05-N03,C03,개성
1924,C03-S04-I05-N03,C03,우주
1924,C03-S04-I05-N03,C03,관계
1924,C03-S04-I05-N03,C03,주밀
1924,C03-S04-I05-N03,C03,오인
1924,C03-S04-I05-N03,C03,개성
1924,C03-S04-I05-N03,C03,우주
1924,C03-S04-I05-N03,C03,생명
1924,C03-S04-I05-N03,C03,호상
1924,C03-S04-I05-N03,C03,융화
1924,C03-S04-I05-N03,C03,직접
1924,C03-S04-I05-N03,C03,판단
1924,C03-S04-I05-N03,C03,오인
1924,C03-S04-I05-N03,C03,생명
1924,C03-S04-I05-N03,C03,의식
1924,C03-S04-I05-N03,C03,무궁
1924,C03-S04-I05-N03,C03,여사
1924,C03-S04-I05-N03,C03,광대
1924,C03-S04-I05-N03,C03,의식
1924,C03-S04-I05-N03,C03,관념
1924,C03-S04-I05-N03,C03,사고
1924,C03-S04-I05-N03,C03,본위
1924,C03-S04-I05-N03,C03,의식론
1924,C03-S04-I05-N03,C03,이외
1924,C03-S04-I05-N03,C03,의식
1924,C03-S04-I05-N04,C03,신경
1924,C03-S04-I05-N04,C03,본위
1924,C03-S04-I05-N04,C03,의식론
1924,C03-S04-I05-N04,C03,신경
1924,C03-S04-I05-N04,C03,이외
1924,C03-S04-I05-N04,C03,의식
1924,C03-S04-I05-N04,C03,전자
1924,C03-S04-I05-N04,C03,초월
1924,C03-S04-I05-N04,C03,의식관
1924,C03-S04-I05-N04,C03,동물
1924,C03-S04-I05-N04,C03,본위
1924,C03-S04-I05-N04,C03,의식론
1924,C03-S04-I05-N04,C03,일반
1924,C03-S04-I05-N04,C03,동물
1924,C03-S04-I05-N04,C03,신경
1924,C03-S04-I05-N04,C03,유무
1924,C03-S04-I05-N04,C03,불문
1924,C03-S04-I05-N04,C03,의식
1924,C03-S04-I05-N04,C03,전자
1924,C03-S04-I05-N04,C03,초월
1924,C03-S04-I05-N04,C03,생물
1924,C03-S04-I05-N04,C03,본위
1924,C03-S04-I05-N04,C03,의식론
1924,C03-S04-I05-N04,C03,설사
1924,C03-S04-I05-N04,C03,동물
1924,C03-S04-I05-N04,C03,생물
1924,C03-S04-I05-N04,C03,植物
1924,C03-S04-I05-N04,C03,의식
1924,C03-S04-I05-N04,C03,광박
1924,C03-S04-I05-N04,C03,의식론
1924,C03-S04-I05-N04,C03,사고
1924,C03-S04-I05-N04,C03,원자
1924,C03-S04-I05-N04,C03,본위
1924,C03-S04-I05-N04,C03,의식론
1924,C03-S04-I05-N04,C03,전우주
1924,C03-S04-I05-N04,C03,만유현상
1924,C03-S04-I05-N04,C03,의식적
1924,C03-S04-I05-N04,C03,사고
1924,C03-S04-I05-N04,C03,차론
1924,C03-S04-I05-N04,C03,의식
1924,C03-S04-I05-N04,C03,전기조
1924,C03-S04-I05-N04,C03,일층
1924,C03-S04-I05-N04,C03,보편적
1924,C03-S04-I05-N04,C03,광대무량
1924,C03-S04-I05-N04,C03,의식
1924,C03-S04-I05-N04,C03,생명문제
1924,C03-S04-I05-N04,C03,심원
1924,C03-S04-I05-N04,C03,철리
1924,C03-S04-I05-N04,C03,문제
1924,C03-S04-I05-N05,C03,상식
1924,C03-S04-I05-N05,C03,추단
1924,C03-S04-I05-N05,C03,이의
1924,C03-S04-I05-N05,C03,일언
1924,C03-S04-I05-N05,C03,위선
1924,C03-S04-I05-N05,C03,의식
1924,C03-S04-I05-N05,C03,발생원인
1924,C03-S04-I05-N05,C03,필요
1924,C03-S04-I05-N05,C03,유래
1924,C03-S04-I05-N05,C03,종교가
1924,C03-S04-I05-N05,C03,의식
1924,C03-S04-I05-N05,C03,소유물
1924,C03-S04-I05-N05,C03,인정
1924,C03-S04-I05-N05,C03,연고
1924,C03-S04-I05-N05,C03,자기
1924,C03-S04-I05-N05,C03,타동물
1924,C03-S04-I05-N05,C03,비교
1924,C03-S04-I05-N05,C03,자기
1924,C03-S04-I05-N05,C03,지각
1924,C03-S04-I05-N05,C03,우월
1924,C03-S04-I05-N05,C03,증명
1924,C03-S04-I05-N05,C03,기실
1924,C03-S04-I05-N05,C03,자기
1924,C03-S04-I05-N05,C03,의식
1924,C03-S04-I05-N05,C03,대답
1924,C03-S04-I05-N05,C03,필연
1924,C03-S04-I05-N05,C03,진화론
1924,C03-S04-I05-N05,C03,시대
1924,C03-S04-I05-N05,C03,돌연
1924,C03-S04-I05-N05,C03,하등동물
1924,C03-S04-I05-N05,C03,점차
1924,C03-S04-I05-N05,C03,진화
1924,C03-S04-I05-N06,C03,의식
1924,C03-S04-I05-N06,C03,필연적
1924,C03-S04-I05-N06,C03,이론상
1924,C03-S04-I05-N06,C03,하등동물
1924,C03-S04-I05-N06,C03,유전
1924,C03-S04-I05-N06,C03,동물
1924,C03-S04-I05-N06,C03,본위
1924,C03-S04-I05-N06,C03,의식론
1924,C03-S04-I05-N06,C03,경진
1924,C03-S04-I05-N06,C03,일반동물
1924,C03-S04-I05-N06,C03,본래
1924,C03-S04-I05-N06,C03,시대
1924,C03-S04-I05-N06,C03,돌연
1924,C03-S04-I05-N06,C03,출래
1924,C03-S04-I05-N06,C03,무기적
1924,C03-S04-I05-N06,C03,세계
1924,C03-S04-I05-N06,C03,진화
1924,C03-S04-I05-N06,C03,필경
1924,C03-S04-I05-N06,C03,의식
1924,C03-S04-I05-N06,C03,총근본
1924,C03-S04-I05-N06,C03,우주
1924,C03-S04-I05-N06,C03,본원
1924,C03-S04-I05-N06,C03,필경
1924,C03-S04-I05-N06,C03,세포
1924,C03-S04-I05-N06,C03,본위
1924,C03-S04-I05-N06,C03,의식론
1924,C03-S04-I05-N06,C03,인정
1924,C03-S04-I05-N07,C03,원자
1924,C03-S04-I05-N07,C03,본위
1924,C03-S04-I05-N07,C03,의식론
1924,C03-S04-I05-N07,C03,否認
1924,C03-S04-I05-N07,C03,타동물
1924,C03-S04-I05-N07,C03,타동물
1924,C03-S04-I05-N07,C03,植物
1924,C03-S04-I05-N07,C03,植物
1924,C03-S04-I05-N07,C03,무기물
1924,C03-S04-I05-N07,C03,의식상
1924,C03-S04-I05-N07,C03,구별
1924,C03-S04-I05-N07,C03,정도
1924,C03-S04-I05-N07,C03,정도
1924,C03-S04-I05-N07,C03,비교
1924,C03-S04-I05-N07,C03,우월
1924,C03-S04-I05-N07,C03,논법
1924,C03-S04-I05-N07,C03,기실
1924,C03-S04-I05-N07,C03,정도
1924,C03-S04-I05-N07,C03,계급
1924,C03-S04-I05-N07,C03,연락
1924,C03-S04-I05-N07,C03,도저
1924,C03-S04-I05-N07,C03,기간
1924,C03-S04-I05-N07,C03,판연
1924,C03-S04-I05-N07,C03,경계
1924,C03-S04-I05-N07,C03,의식상
1924,C03-S04-I05-N07,C03,타동물
1924,C03-S04-I05-N07,C03,비교
1924,C03-S04-I05-N07,C03,의식
1924,C03-S04-I05-N07,C03,천치
1924,C03-S04-I05-N07,C03,영리
1924,C03-S04-I05-N07,C03,비교
1924,C03-S04-I05-N07,C03,정도
1924,C03-S04-I05-N07,C03,천치
1924,C03-S04-I05-N07,C03,지자
1924,C03-S04-I05-N07,C03,의식
1924,C03-S04-I05-N07,C03,불과
1924,C03-S04-I05-N07,C03,차위
1924,C03-S04-I05-N07,C03,전자
1924,C03-S04-I05-N07,C03,후자
1924,C03-S04-I05-N07,C03,의식
1924,C03-S04-I05-N07,C03,발달
1924,C03-S04-I05-N07,C03,정도
1924,C03-S04-I05-N07,C03,고상
1924,C03-S04-I05-N08,C03,육체
1924,C03-S04-I05-N08,C03,조직상
1924,C03-S04-I05-N08,C03,지자
1924,C03-S04-I05-N08,C03,의식
1924,C03-S04-I05-N08,C03,천치
1924,C03-S04-I05-N08,C03,의식
1924,C03-S04-I05-N08,C03,발달
1924,C03-S04-I05-N08,C03,정도
1924,C03-S04-I05-N08,C03,고상
1924,C03-S04-I05-N08,C03,불과
1924,C03-S04-I05-N08,C03,이치
1924,C03-S04-I05-N08,C03,연장
1924,C03-S04-I05-N08,C03,타동물
1924,C03-S04-I05-N08,C03,타동물간
1924,C03-S04-I05-N08,C03,타동물중
1924,C03-S04-I05-N08,C03,미생물
1924,C03-S04-I05-N08,C03,고등식물
1924,C03-S04-I05-N08,C03,비교
1924,C03-S04-I05-N08,C03,조직
1924,C03-S04-I05-N08,C03,차위
1924,C03-S04-I05-N08,C03,의식
1924,C03-S04-I05-N08,C03,표현
1924,C03-S04-I05-N08,C03,정도
1924,C03-S04-I05-N08,C03,차위
1924,C03-S04-I05-N08,C03,불과
1924,C03-S04-I05-N08,C03,지각적
1924,C03-S04-I05-N08,C03,행동
1924,C03-S04-I05-N08,C03,타동물
1924,C03-S04-I05-N08,C03,충동
1924,C03-S04-I05-N08,C03,植物
1924,C03-S04-I05-N08,C03,자연
1924,C03-S04-I05-N08,C03,이법
1924,C03-S04-I05-N08,C03,지력
1924,C03-S04-I05-N08,C03,흡수
1924,C03-S04-I05-N08,C03,일광
1924,C03-S04-I05-N08,C03,공기
1924,C03-S04-I05-N08,C03,섭취
1924,C03-S04-I05-N08,C03,정도
1924,C03-S04-I05-N08,C03,차이
1924,C03-S04-I05-N08,C03,의식
1924,C03-S04-I05-N08,C03,표현적
1924,C03-S04-I05-N08,C03,차이
1924,C03-S04-I05-N08,C03,불과
1924,C03-S04-I05-N08,C03,의식
1924,C03-S04-I05-N08,C03,운용
1924,C03-S04-I05-N08,C03,인격
1924,C03-S04-I05-N08,C03,타동물
1924,C03-S04-I05-N08,C03,植物
1924,C03-S04-I05-N08,C03,각기
1924,C03-S04-I05-N08,C03,의식
1924,C03-S04-I05-N08,C03,운용
1924,C03-S04-I05-N08,C03,차이
1924,C03-S04-I05-N08,C03,불과
1924,C03-S04-I05-N09,C03,암상
1924,C03-S04-I05-N09,C03,일작
1924,C03-S04-I05-N09,C03,대해
1924,C03-S04-I05-N09,C03,무량
1924,C03-S04-I05-N09,C03,대소
1924,C03-S04-I05-N09,C03,운용
1924,C03-S04-I05-N09,C03,차이
1924,C03-S04-I05-N09,C03,동일
1924,C03-S04-I05-N09,C03,성질
1924,C03-S04-I05-N09,C03,일반
1924,C03-S04-I05-N09,C03,동물
1924,C03-S04-I05-N09,C03,植物
1924,C03-S04-I05-N09,C03,의식
1924,C03-S04-I05-N09,C03,범위
1924,C03-S04-I05-N09,C03,자각적
1924,C03-S04-I05-N09,C03,활용
1924,C03-S04-I05-N09,C03,공효
1924,C03-S04-I05-N09,C03,소양
1924,C03-S04-I05-N09,C03,판이
1924,C03-S04-I05-N09,C03,의식
1924,C03-S04-I05-N09,C03,소질
1924,C03-S04-I05-N09,C03,일반
1924,C03-S04-I05-N09,C03,의식론
1924,C03-S04-I05-N09,C03,구극
1924,C03-S04-I05-N09,C03,사고
1924,C03-S04-I05-N09,C03,자연
1924,C03-S04-I05-N09,C03,무기물
1924,C03-S04-I05-N09,C03,무기물
1924,C03-S04-I05-N09,C03,금석
1924,C03-S04-I05-N09,C03,활동
1924,C03-S04-I05-N09,C03,성장
1924,C03-S04-I05-N09,C03,하등
1924,C03-S04-I05-N09,C03,의식
1924,C03-S04-I05-N09,C03,작용
1924,C03-S04-I05-N09,C03,발견
1924,C03-S04-I05-N09,C03,사실
1924,C03-S04-I05-N09,C03,무기물
1924,C03-S04-I05-N09,C03,의식
1924,C03-S04-I05-N09,C03,작용
1924,C03-S04-I05-N09,C03,발견
1924,C03-S04-I05-N09,C03,무의식
1924,C03-S04-I05-N10,C03,무기물
1924,C03-S04-I05-N10,C03,무의식
1924,C03-S04-I05-N10,C03,고등
1924,C03-S04-I05-N10,C03,의식
1924,C03-S04-I05-N10,C03,무기물
1924,C03-S04-I05-N10,C03,비교
1924,C03-S04-I05-N10,C03,비교적
1924,C03-S04-I05-N10,C03,판정
1924,C03-S04-I05-N10,C03,만일
1924,C03-S04-I05-N10,C03,무기물
1924,C03-S04-I05-N10,C03,자체
1924,C03-S04-I05-N10,C03,자기
1924,C03-S04-I05-N10,C03,관조
1924,C03-S04-I05-N10,C03,기중
1924,C03-S04-I05-N10,C03,자기
1924,C03-S04-I05-N10,C03,정도
1924,C03-S04-I05-N10,C03,표준
1924,C03-S04-I05-N10,C03,의식
1924,C03-S04-I05-N10,C03,복재
1924,C03-S04-I05-N10,C03,고등
1924,C03-S04-I05-N10,C03,생물
1924,C03-S04-I05-N10,C03,무기물
1924,C03-S04-I05-N10,C03,조직
1924,C03-S04-I05-N10,C03,차이
1924,C03-S04-I05-N10,C03,의식
1924,C03-S04-I05-N10,C03,표현
1924,C03-S04-I05-N10,C03,정도
1924,C03-S04-I05-N10,C03,현수
1924,C03-S04-I05-N10,C03,무의식적
1924,C03-S04-I05-N10,C03,물리학자
1924,C03-S04-I05-N10,C03,무기물
1924,C03-S04-I05-N10,C03,결정체
1924,C03-S04-I05-N10,C03,自身
1924,C03-S04-I05-N10,C03,자손
1924,C03-S04-I05-N10,C03,수정
1924,C03-S04-I05-N10,C03,결정체
1924,C03-S04-I05-N10,C03,결정체
1924,C03-S04-I05-N10,C03,미립
1924,C03-S04-I05-N10,C03,결정
1924,C03-S04-I05-N10,C03,생산
1924,C03-S04-I05-N10,C03,성장
1924,C03-S04-I05-N11,C03,무기물
1924,C03-S04-I05-N11,C03,특별
1924,C03-S04-I05-N11,C03,불과
1924,C03-S04-I05-N11,C03,무기물
1924,C03-S04-I05-N11,C03,정도
1924,C03-S04-I05-N11,C03,의식
1924,C03-S04-I05-N11,C03,의식론
1924,C03-S04-I05-N11,C03,통유
1924,C03-S04-I05-N11,C03,필연
1924,C03-S04-I05-N11,C03,원자
1924,C03-S04-I05-N11,C03,본위
1924,C03-S04-I05-N11,C03,의식론
1924,C03-S04-I05-N11,C03,공인
1924,C03-S04-I05-N11,C03,만일
1924,C03-S04-I05-N11,C03,물질
1924,C03-S04-I05-N11,C03,구성
1924,C03-S04-I05-N11,C03,원자
1924,C03-S04-I05-N11,C03,의식
1924,C03-S04-I05-N11,C03,물질
1924,C03-S04-I05-N11,C03,의식
1924,C03-S04-I05-N11,C03,물질
1924,C03-S04-I05-N11,C03,원원자
1924,C03-S04-I05-N11,C03,의식
1924,C03-S04-I05-N11,C03,원자
1924,C03-S04-I05-N11,C03,결합
1924,C03-S04-I05-N11,C03,세포
1924,C03-S04-I05-N11,C03,의식
1924,C03-S04-I05-N11,C03,세포
1924,C03-S04-I05-N11,C03,조직
1924,C03-S04-I05-N11,C03,생물
1924,C03-S04-I05-N11,C03,의식
1924,C03-S04-I05-N11,C03,임의
1924,C03-S04-I05-N11,C03,천차만별
1924,C03-S04-I05-N11,C03,무기물
1924,C03-S04-I05-N11,C03,의식
1924,C03-S04-I05-N11,C03,표현
1924,C03-S04-I05-N11,C03,차이
1924,C03-S04-I05-N11,C03,천차만별
1924,C03-S04-I05-N11,C03,천차만별
1924,C03-S04-I05-N11,C03,각기
1924,C03-S04-I05-N11,C03,자성
1924,C03-S04-I05-N11,C03,의식계
1924,C03-S04-I05-N11,C03,점령
1924,C03-S04-I05-N11,C03,대소
1924,C03-S04-I05-N11,C03,차이
1924,C03-S04-I05-N11,C03,구별
1924,C03-S04-I05-N12,C03,물질
1924,C03-S04-I05-N12,C03,원자
1924,C03-S04-I05-N12,C03,거력
1924,C03-S04-I05-N12,C03,흡력
1924,C03-S04-I05-N12,C03,거력
1924,C03-S04-I05-N12,C03,호상
1924,C03-S04-I05-N12,C03,배척
1924,C03-S04-I05-N12,C03,흡력
1924,C03-S04-I05-N12,C03,호상
1924,C03-S04-I05-N12,C03,화합
1924,C03-S04-I05-N12,C03,원자
1924,C03-S04-I05-N12,C03,양개
1924,C03-S04-I05-N12,C03,포함
1924,C03-S04-I05-N12,C03,원자
1924,C03-S04-I05-N12,C03,물체
1924,C03-S04-I05-N12,C03,구성
1924,C03-S04-I05-N12,C03,작용
1924,C03-S04-I05-N12,C03,세포
1924,C03-S04-I05-N12,C03,조직
1924,C03-S04-I05-N12,C03,작용
1924,C03-S04-I05-N12,C03,세포
1924,C03-S04-I05-N12,C03,생물
1924,C03-S04-I05-N12,C03,조직
1924,C03-S04-I05-N12,C03,작용
1924,C03-S04-I05-N12,C03,원자
1924,C03-S04-I05-N12,C03,포함
1924,C03-S04-I05-N12,C03,거력
1924,C03-S04-I05-N12,C03,흡력
1924,C03-S04-I05-N12,C03,동물
1924,C03-S04-I05-N12,C03,애증심
1924,C03-S04-I05-N12,C03,동일
1924,C03-S04-I05-N12,C03,물질
1924,C03-S04-I05-N12,C03,거흡
1924,C03-S04-I05-N12,C03,양력
1924,C03-S04-I05-N12,C03,동물
1924,C03-S04-I05-N12,C03,애악
1924,C03-S04-I05-N12,C03,양심
1924,C03-S04-I05-N12,C03,표현
1924,C03-S04-I05-N12,C03,거력
1924,C03-S04-I05-N12,C03,흡력
1924,C03-S04-I05-N13,C03,의식
1924,C03-S04-I05-N13,C03,고등
1924,C03-S04-I05-N13,C03,신경
1924,C03-S04-I05-N13,C03,조직
1924,C03-S04-I05-N13,C03,복잡
1924,C03-S04-I05-N13,C03,심리작용
1924,C03-S04-I05-N13,C03,육체
1924,C03-S04-I05-N13,C03,대개
1924,C03-S04-I05-N13,C03,사백조
1924,C03-S04-I05-N13,C03,다수
1924,C03-S04-I05-N13,C03,세포
1924,C03-S04-I05-N13,C03,조직
1924,C03-S04-I05-N13,C03,사백조
1924,C03-S04-I05-N13,C03,세포
1924,C03-S04-I05-N13,C03,집합
1924,C03-S04-I05-N13,C03,일신체
1924,C03-S04-I05-N13,C03,주국
1924,C03-S04-I05-N13,C03,건설
1924,C03-S04-I05-N13,C03,사백조
1924,C03-S04-I05-N13,C03,세포
1924,C03-S04-I05-N13,C03,심리
1924,C03-S04-I05-N13,C03,향배
1924,C03-S04-I05-N13,C03,애석심
1924,C03-S04-I05-N13,C03,표현
1924,C03-S04-I05-N13,C03,청년남녀
1924,C03-S04-I05-N13,C03,연애
1924,C03-S04-I05-N13,C03,피구
1924,C03-S04-I05-N13,C03,홀연
1924,C03-S04-I05-N13,C03,홀연
1924,C03-S04-I05-N13,C03,맹목적
1924,C03-S04-I05-N13,C03,열광
1924,C03-S04-I05-N13,C03,태도
1924,C03-S04-I05-N14,C03,역시
1924,C03-S04-I05-N14,C03,세포
1924,C03-S04-I05-N14,C03,향배적
1924,C03-S04-I05-N14,C03,작용
1924,C03-S04-I05-N14,C03,과학자
1924,C03-S04-I05-N14,C03,증명
1924,C03-S04-I05-N14,C03,여사
1924,C03-S04-I05-N14,C03,원자계
1924,C03-S04-I05-N14,C03,의식
1924,C03-S04-I05-N14,C03,인정
1924,C03-S04-I05-N14,C03,경진
1924,C03-S04-I05-N14,C03,정연
1924,C03-S04-I05-N14,C03,대우주
1924,C03-S04-I05-N14,C03,이면
1924,C03-S04-I05-N14,C03,묵상
1924,C03-S04-I05-N14,C03,대우주
1924,C03-S04-I05-N14,C03,무량
1924,C03-S04-I05-N14,C03,광대
1924,C03-S04-I05-N14,C03,의식계
1924,C03-S04-I05-N14,C03,광대무량
1924,C03-S04-I05-N14,C03,의식계
1924,C03-S04-I05-N14,C03,원자
1924,C03-S04-I05-N14,C03,의식
1924,C03-S04-I05-N14,C03,원자
1924,C03-S04-I05-N14,C03,의식
1924,C03-S04-I05-N14,C03,세포
1924,C03-S04-I05-N14,C03,의식
1924,C03-S04-I05-N14,C03,세포
1924,C03-S04-I05-N14,C03,의식
1924,C03-S04-I05-N14,C03,생물
1924,C03-S04-I05-N14,C03,의식계
1924,C03-S04-I05-N14,C03,필경
1924,C03-S04-I05-N14,C03,의식계
1924,C03-S04-I05-N14,C03,순수
1924,C03-S04-I05-N14,C03,전우주
1924,C03-S04-I05-N14,C03,의식계
1924,C03-S04-I05-N14,C03,표현
1924,C03-S04-I05-N14,C03,공인
1924,C03-S04-I05-N14,C03,의식계
1924,C03-S04-I05-N14,C03,가지계
1924,C03-S04-I05-N14,C03,불가지계
1924,C03-S04-I05-N15,C03,가지계
1924,C03-S04-I05-N15,C03,지각
1924,C03-S04-I05-N15,C03,추측
1924,C03-S04-I05-N15,C03,세계
1924,C03-S04-I05-N15,C03,불가지계
1924,C03-S04-I05-N15,C03,발견
1924,C03-S04-I05-N15,C03,우주
1924,C03-S04-I05-N15,C03,간단
1924,C03-S04-I05-N15,C03,상도
1924,C03-S04-I05-N15,C03,부분
1924,C03-S04-I05-N15,C03,지력
1924,C03-S04-I05-N15,C03,개척
1924,C03-S04-I05-N15,C03,부분
1924,C03-S04-I05-N15,C03,기여
1924,C03-S04-I05-N15,C03,광대무량
1924,C03-S04-I05-N15,C03,불가지계
1924,C03-S04-I05-N15,C03,농부
1924,C03-S04-I05-N15,C03,자력
1924,C03-S04-I05-N15,C03,광윤
1924,C03-S04-I05-N15,C03,황무지
1924,C03-S04-I05-N15,C03,일부분
1924,C03-S04-I05-N15,C03,개척
1924,C03-S04-I05-N15,C03,화초
1924,C03-S04-I05-N15,C03,백곡
1924,C03-S04-I05-N15,C03,우주
1924,C03-S04-I05-N15,C03,광대무량
1924,C03-S04-I05-N15,C03,의식계
1924,C03-S04-I05-N15,C03,일분
1924,C03-S04-I05-N15,C03,개척
1924,C03-S04-I05-N15,C03,자기
1924,C03-S04-I05-N15,C03,세계
1924,C03-S04-I05-N15,C03,이용
1924,C03-S04-I05-N16,C03,기여
1924,C03-S04-I05-N16,C03,대부분
1924,C03-S04-I05-N16,C03,천연
1924,C03-S04-I05-N16,C03,신비
1924,C03-S04-I05-N16,C03,경애
1924,C03-S04-I05-N16,C03,존재
1924,C03-S04-I05-N16,C03,성자
1924,C03-S04-I05-N16,C03,달인
1924,C03-S04-I05-N16,C03,명상적
1924,C03-S04-I05-N16,C03,유희장
1924,C03-S04-I05-N16,C03,의식
1924,C03-S04-I05-N16,C03,문제
1924,C03-S04-I05-N16,C03,인내천
1924,C03-S04-I05-N16,C03,신앙
1924,C03-S04-I05-N16,C03,밀접
1924,C03-S04-I05-N16,C03,관계
1924,C03-S04-I05-N16,C03,일언
1924,C03-S04-I05-N16,C03,누루
1924,C03-S04-I05-N16,C03,무궁
1924,C03-S04-I05-N16,C03,무궁
1924,C03-S04-I05-N16,C03,전우주
1924,C03-S04-I05-N16,C03,의식계
1924,C03-S04-I05-N16,C03,자기
1924,C03-S04-I05-N16,C03,무궁
1924,C03-S04-I05-N16,C03,일부분
1924,C03-S04-I05-N16,C03,의식
1924,C03-S04-I05-N16,C03,개척
1924,C03-S04-I05-N16,C03,기여
1924,C03-S04-I05-N16,C03,대부분
1924,C03-S04-I05-N16,C03,우주성
1924,C03-S04-I05-N16,C03,가감
1924,C03-S04-I05-N16,C03,심리
1924,C03-S04-I05-N16,C03,오저
1924,C03-S04-I05-N17,C03,타동물
1924,C03-S04-I05-N17,C03,타물체
1924,C03-S04-I05-N17,C03,근본
1924,C03-S04-I05-N17,C03,무기물성
1924,C03-S04-I05-N17,C03,유기물성
1924,C03-S04-I05-N17,C03,완전
1924,C03-S04-I05-N17,C03,만유
1924,C03-S04-I05-N17,C03,성법
1924,C03-S04-I05-N17,C03,포용
1924,C03-S04-I05-N17,C03,증거
1924,C03-S04-I05-N17,C03,상도
1924,C03-S04-I05-N17,C03,의식
1924,C03-S04-I05-N17,C03,발달
1924,C03-S04-I05-N17,C03,과정
1924,C03-S04-I05-N17,C03,갑을병정무
1924,C03-S04-I05-N17,C03,표시
1924,C03-S04-I05-N17,C03,갑선
1924,C03-S04-I05-N17,C03,무기물
1924,C03-S04-I05-N17,C03,의식계
1924,C03-S04-I05-N17,C03,을선
1924,C03-S04-I05-N17,C03,식물성
1924,C03-S04-I05-N17,C03,의식계
1924,C03-S04-I05-N17,C03,병선
1924,C03-S04-I05-N17,C03,동물성
1924,C03-S04-I05-N17,C03,의식계
1924,C03-S04-I05-N17,C03,정선
1924,C03-S04-I05-N17,C03,의식계
1924,C03-S04-I05-N17,C03,정선
1924,C03-S04-I05-N17,C03,이외
1924,C03-S04-I05-N17,C03,형성
1924,C03-S04-I05-N17,C03,부분
1924,C03-S04-I05-N17,C03,무궁주의
1924,C03-S04-I05-N17,C03,의식계
1924,C03-S04-I05-N17,C03,정선
1924,C03-S04-I05-N17,C03,이내
1924,C03-S04-I05-N17,C03,부분
1924,C03-S04-I05-N17,C03,병을갑
1924,C03-S04-I05-N17,C03,포함
1924,C03-S04-I05-N17,C03,영겁
1924,C03-S04-I05-N17,C03,이전
1924,C03-S04-I05-N17,C03,개척
1924,C03-S04-I05-N17,C03,부분
1924,C03-S04-I05-N17,C03,정선
1924,C03-S04-I05-N17,C03,이외
1924,C03-S04-I05-N17,C03,광대무량계
1924,C03-S04-I05-N17,C03,무궁
1924,C03-S04-I05-N17,C03,포함
1924,C03-S04-I05-N17,C03,영지
1924,C03-S04-I05-N17,C03,장래
1924,C03-S04-I05-N17,C03,신적
1924,C03-S04-I05-N17,C03,지력
1924,C03-S04-I05-N17,C03,도달
1924,C03-S04-I05-N17,C03,경애
1924,C03-S04-I05-N18,C03,진화
1924,C03-S04-I05-N18,C03,이법
1924,C03-S04-I05-N18,C03,이유
1924,C03-S04-I05-N18,C03,표명
1924,C03-S04-I05-N18,C03,무궁
1924,C03-S04-I05-N18,C03,이전
1924,C03-S04-I05-N18,C03,무기물계
1924,C03-S04-I05-N18,C03,식물성계
1924,C03-S04-I05-N18,C03,동물성계
1924,C03-S04-I05-N18,C03,금일
1924,C03-S04-I05-N18,C03,인류
1924,C03-S04-I05-N18,C03,만유
1924,C03-S04-I05-N18,C03,과정
1924,C03-S04-I05-N18,C03,경로
1924,C03-S04-I05-N18,C03,갑을병정
1924,C03-S04-I05-N18,C03,의식계
1924,C03-S04-I05-N18,C03,포함
1924,C03-S04-I05-N18,C03,필경
1924,C03-S04-I05-N18,C03,금일
1924,C03-S04-I05-N18,C03,의식계
1924,C03-S04-I05-N18,C03,만물
1924,C03-S04-I05-N18,C03,영장
1924,C03-S04-I05-N18,C03,성격
1924,C03-S04-I05-N18,C03,연유
1924,C03-S04-I05-N18,C03,장래
1924,C03-S04-I05-N18,C03,도달
1924,C03-S04-I05-N18,C03,무궁계
1924,C03-S04-I05-N18,C03,암암
1924,C03-S04-I05-N18,C03,현재
1924,C03-S04-I05-N18,C03,개척
1924,C03-S04-I05-N19,C03,재현성
1924,C03-S04-I05-N19,C03,재현성
1924,C03-S04-I05-N19,C03,시대
1924,C03-S04-I05-N19,C03,동물성
1924,C03-S04-I05-N19,C03,무의식적
1924,C03-S04-I05-N19,C03,표현
1924,C03-S04-I05-N19,C03,반추류
1924,C03-S04-I05-N19,C03,동물
1924,C03-S04-I05-N19,C03,食物
1924,C03-S04-I05-N19,C03,반추
1924,C03-S04-I05-N19,C03,이타
1924,C03-S04-I05-N19,C03,동물
1924,C03-S04-I05-N19,C03,자유
1924,C03-S04-I05-N19,C03,운동
1924,C03-S04-I05-N19,C03,학자
1924,C03-S04-I05-N19,C03,재현성
1924,C03-S04-I05-N19,C03,회전
1924,C03-S04-I05-N19,C03,동물
1924,C03-S04-I05-N19,C03,포용
1924,C03-S04-I05-N19,C03,동기
1924,C03-S04-I05-N19,C03,재현
1924,C03-S04-I05-N19,C03,과거
1924,C03-S04-I05-N19,C03,만유
1924,C03-S04-I05-N19,C03,과정
1924,C03-S04-I05-N19,C03,자기
1924,C03-S04-I05-N19,C03,포용
1924,C03-S04-I05-N19,C03,무궁
1924,C03-S04-I05-N19,C03,진보
1924,C03-S04-I05-N19,C03,여사
1924,C03-S04-I05-N19,C03,인내천주의
1924,C03-S04-I05-N19,C03,무궁
1924,C03-S04-I05-N19,C03,근거
1924,C03-S04-I05-N19,C03,본래
1924,C03-S04-I05-N19,C03,광대
1924,C03-S04-I05-N19,C03,의식
1924,C03-S04-I05-N19,C03,자기
1924,C03-S04-I05-N19,C03,성격
1924,C03-S04-I05-N19,C03,포용
1924,C03-S04-I05-N19,C03,의미
1924,C03-S04-I06-N01,C03,영혼
1924,C03-S04-I06-N01,C03,고인
1924,C03-S04-I06-N01,C03,개체
1924,C03-S04-I06-N01,C03,영혼
1924,C03-S04-I06-N01,C03,영적
1924,C03-S04-I06-N01,C03,개체
1924,C03-S04-I06-N01,C03,존재
1924,C03-S04-I06-N01,C03,함중
1924,C03-S04-I06-N01,C03,보옥
1924,C03-S04-I06-N01,C03,육체
1924,C03-S04-I06-N01,C03,함중
1924,C03-S04-I06-N01,C03,영혼
1924,C03-S04-I06-N01,C03,보물
1924,C03-S04-I06-N01,C03,만일
1924,C03-S04-I06-N01,C03,영혼
1924,C03-S04-I06-N01,C03,보물
1924,C03-S04-I06-N01,C03,육체
1924,C03-S04-I06-N01,C03,육체
1924,C03-S04-I06-N01,C03,부패
1924,C03-S04-I06-N01,C03,공함
1924,C03-S04-I06-N01,C03,멸망
1924,C03-S04-I06-N01,C03,근대
1924,C03-S04-I06-N01,C03,과학
1924,C03-S04-I06-N01,C03,정반대
1924,C03-S04-I06-N01,C03,개체적
1924,C03-S04-I06-N01,C03,영혼
1924,C03-S04-I06-N02,C03,유물론자
1924,C03-S04-I06-N02,C03,육체
1924,C03-S04-I06-N02,C03,자유
1924,C03-S04-I06-N02,C03,운동
1924,C03-S04-I06-N02,C03,사고
1924,C03-S04-I06-N02,C03,자유
1924,C03-S04-I06-N02,C03,운용
1924,C03-S04-I06-N02,C03,개체적
1924,C03-S04-I06-N02,C03,존재
1924,C03-S04-I06-N02,C03,연상
1924,C03-S04-I06-N02,C03,오인
1924,C03-S04-I06-N02,C03,소견
1924,C03-S04-I06-N02,C03,육체
1924,C03-S04-I06-N02,C03,순수
1924,C03-S04-I06-N02,C03,물질
1924,C03-S04-I06-N02,C03,구성
1924,C03-S04-I06-N02,C03,기물질
1924,C03-S04-I06-N02,C03,구성
1924,C03-S04-I06-N02,C03,물리학
1924,C03-S04-I06-N02,C03,원칙
1924,C03-S04-I06-N02,C03,역학적
1924,C03-S04-I06-N02,C03,기계적
1924,C03-S04-I06-N02,C03,조직
1924,C03-S04-I06-N02,C03,육체
1924,C03-S04-I06-N02,C03,자유운동
1924,C03-S04-I06-N02,C03,불가사의
1924,C03-S04-I06-N02,C03,정신현상
1924,C03-S04-I06-N02,C03,화학적
1924,C03-S04-I06-N02,C03,변화
1924,C03-S04-I06-N02,C03,분자운동작용
1924,C03-S04-I06-N02,C03,以上
1924,C03-S04-I06-N02,C03,영혼관
1924,C03-S04-I06-N02,C03,고인
1924,C03-S04-I06-N02,C03,소견
1924,C03-S04-I06-N02,C03,근대과학자
1924,C03-S04-I06-N02,C03,소견
1924,C03-S04-I06-N02,C03,양설
1924,C03-S04-I06-N02,C03,정반대
1924,C03-S04-I06-N02,C03,영혼관
1924,C03-S04-I06-N02,C03,양설
1924,C03-S04-I06-N02,C03,오해
1924,C03-S04-I06-N02,C03,불무
1924,C03-S04-I06-N03,C03,고인
1924,C03-S04-I06-N03,C03,영혼
1924,C03-S04-I06-N03,C03,개체적
1924,C03-S04-I06-N03,C03,존재
1924,C03-S04-I06-N03,C03,현대진보
1924,C03-S04-I06-N03,C03,지식
1924,C03-S04-I06-N03,C03,증명
1924,C03-S04-I06-N03,C03,영혼
1924,C03-S04-I06-N03,C03,기계적
1924,C03-S04-I06-N03,C03,화학적
1924,C03-S04-I06-N03,C03,분자운동
1924,C03-S04-I06-N03,C03,소관
1924,C03-S04-I06-N03,C03,과학자
1924,C03-S04-I06-N03,C03,편견
1924,C03-S04-I06-N03,C03,도저묵인
1924,C03-S04-I06-N03,C03,물질론자
1924,C03-S04-I06-N03,C03,육체
1924,C03-S04-I06-N03,C03,작용적
1924,C03-S04-I06-N03,C03,표면
1924,C03-S04-I06-N03,C03,기작용
1924,C03-S04-I06-N03,C03,영혼
1924,C03-S04-I06-N03,C03,소위
1924,C03-S04-I06-N03,C03,영혼
1924,C03-S04-I06-N03,C03,존재
1924,C03-S04-I06-N03,C03,否認
1924,C03-S04-I06-N03,C03,근대발달
1924,C03-S04-I06-N03,C03,조부학
1924,C03-S04-I06-N03,C03,육체
1924,C03-S04-I06-N03,C03,순수물질
1924,C03-S04-I06-N04,C03,기작용
1924,C03-S04-I06-N04,C03,물질적
1924,C03-S04-I06-N04,C03,기계적
1924,C03-S04-I06-N04,C03,작용
1924,C03-S04-I06-N04,C03,표면분무마
1924,C03-S04-I06-N04,C03,소견
1924,C03-S04-I06-N04,C03,이면
1924,C03-S04-I06-N04,C03,과학자
1924,C03-S04-I06-N04,C03,표면적
1924,C03-S04-I06-N04,C03,작용
1924,C03-S04-I06-N04,C03,작용
1924,C03-S04-I06-N04,C03,이면
1924,C03-S04-I06-N04,C03,심원
1924,C03-S04-I06-N04,C03,원리
1924,C03-S04-I06-N04,C03,편견
1924,C03-S04-I06-N04,C03,작용
1924,C03-S04-I06-N04,C03,육체
1924,C03-S04-I06-N04,C03,육체
1924,C03-S04-I06-N04,C03,생명
1924,C03-S04-I06-N04,C03,생명
1924,C03-S04-I06-N04,C03,대우주
1924,C03-S04-I06-N04,C03,대생명
1924,C03-S04-I06-N04,C03,원리
1924,C03-S04-I06-N04,C03,생명
1924,C03-S04-I06-N04,C03,연후
1924,C03-S04-I06-N04,C03,육체
1924,C03-S04-I06-N04,C03,육체
1924,C03-S04-I06-N04,C03,연후
1924,C03-S04-I06-N04,C03,생명
1924,C03-S04-I06-N04,C03,일고
1924,C03-S04-I06-N04,C03,육체
1924,C03-S04-I06-N04,C03,생명
1924,C03-S04-I06-N05,C03,만일
1924,C03-S04-I06-N05,C03,육체
1924,C03-S04-I06-N05,C03,생명
1924,C03-S04-I06-N05,C03,화학적
1924,C03-S04-I06-N05,C03,원리
1924,C03-S04-I06-N05,C03,육체
1924,C03-S04-I06-N05,C03,완전
1924,C03-S04-I06-N05,C03,제조
1924,C03-S04-I06-N05,C03,생명
1924,C03-S04-I06-N05,C03,과학
1924,C03-S04-I06-N05,C03,발달
1924,C03-S04-I06-N05,C03,생명
1924,C03-S04-I06-N05,C03,창조
1924,C03-S04-I06-N05,C03,고사
1924,C03-S04-I06-N05,C03,일립
1924,C03-S04-I06-N05,C03,하자종
1924,C03-S04-I06-N05,C03,종자
1924,C03-S04-I06-N05,C03,창조
1924,C03-S04-I06-N05,C03,생물
1924,C03-S04-I06-N05,C03,생명
1924,C03-S04-I06-N05,C03,황등
1924,C03-S04-I06-N05,C03,인류
1924,C03-S04-I06-N05,C03,생명
1924,C03-S04-I06-N05,C03,모태내
1924,C03-S04-I06-N05,C03,극미
1924,C03-S04-I06-N05,C03,혈정
1924,C03-S04-I06-N05,C03,발작
1924,C03-S04-I06-N05,C03,필경
1924,C03-S04-I06-N05,C03,오인
1924,C03-S04-I06-N05,C03,육체
1924,C03-S04-I06-N05,C03,구성
1924,C03-S04-I06-N05,C03,생명
1924,C03-S04-I06-N05,C03,본래내적
1924,C03-S04-I06-N05,C03,존재
1924,C03-S04-I06-N05,C03,육체완성이전
1924,C03-S04-I06-N05,C03,존재
1924,C03-S04-I06-N05,C03,명백
1924,C03-S04-I06-N05,C03,조란일개
1924,C03-S04-I06-N05,C03,해부
1924,C03-S04-I06-N05,C03,단백질
1924,C03-S04-I06-N05,C03,물질
1924,C03-S04-I06-N05,C03,이목
1924,C03-S04-I06-N05,C03,백체
1924,C03-S04-I06-N05,C03,발견
1924,C03-S04-I06-N06,C03,묵묵
1924,C03-S04-I06-N06,C03,물질
1924,C03-S04-I06-N06,C03,조란중
1924,C03-S04-I06-N06,C03,생명
1924,C03-S04-I06-N06,C03,미묘
1924,C03-S04-I06-N06,C03,활정
1924,C03-S04-I06-N06,C03,충만
1924,C03-S04-I06-N06,C03,부화
1924,C03-S04-I06-N06,C03,일개미려
1924,C03-S04-I06-N06,C03,육체
1924,C03-S04-I06-N06,C03,구성
1924,C03-S04-I06-N06,C03,설사
1924,C03-S04-I06-N06,C03,생명
1924,C03-S04-I06-N06,C03,발작용
1924,C03-S04-I06-N06,C03,생명
1924,C03-S04-I06-N06,C03,발작
1924,C03-S04-I06-N06,C03,물질
1924,C03-S04-I06-N06,C03,쇠약
1924,C03-S04-I06-N06,C03,생명기자
1924,C03-S04-I06-N06,C03,소멸
1924,C03-S04-I06-N06,C03,생명
1924,C03-S04-I06-N06,C03,인내천
1924,C03-S04-I06-N06,C03,참고
1924,C03-S04-I06-N06,C03,의식
1924,C03-S04-I06-N06,C03,인내천
1924,C03-S04-I06-N06,C03,참고
1924,C03-S04-I06-N06,C03,오인
1924,C03-S04-I06-N06,C03,以上
1924,C03-S04-I06-N06,C03,생명
1924,C03-S04-I06-N06,C03,의식
1924,C03-S04-I06-N06,C03,누루
1924,C03-S04-I06-N06,C03,설명
1924,C03-S04-I06-N06,C03,물질
1924,C03-S04-I06-N06,C03,물질
1924,C03-S04-I06-N06,C03,정신
1924,C03-S04-I06-N06,C03,정신
1924,C03-S04-I06-N07,C03,물질
1924,C03-S04-I06-N07,C03,정신
1924,C03-S04-I06-N07,C03,기실실재
1924,C03-S04-I06-N07,C03,대우주
1924,C03-S04-I06-N07,C03,활정
1924,C03-S04-I06-N07,C03,결국전우주
1924,C03-S04-I06-N07,C03,일대활정
1924,C03-S04-I06-N07,C03,만유
1924,C03-S04-I06-N07,C03,파편
1924,C03-S04-I06-N07,C03,물질급정신작용
1924,C03-S04-I06-N07,C03,원리
1924,C03-S04-I06-N07,C03,상론
1924,C03-S04-I06-N07,C03,영혼
1924,C03-S04-I06-N07,C03,실재
1924,C03-S04-I06-N07,C03,고대인
1924,C03-S04-I06-N07,C03,개체적
1924,C03-S04-I06-N07,C03,존재
1924,C03-S04-I06-N07,C03,과학자
1924,C03-S04-I06-N07,C03,연구
1924,C03-S04-I06-N07,C03,기계적
1924,C03-S04-I06-N07,C03,작용
1924,C03-S04-I06-N07,C03,대우주
1924,C03-S04-I06-N07,C03,무궁
1924,C03-S04-I06-N07,C03,활정
1924,C03-S04-I06-N07,C03,실재기자
1924,C03-S04-I06-N07,C03,영적
1924,C03-S04-I06-N07,C03,존재
1924,C03-S04-I06-N07,C03,이유
1924,C03-S04-I06-N07,C03,결론
1924,C03-S04-I06-N08,C03,제일
1924,C03-S04-I06-N08,C03,작용
1924,C03-S04-I06-N08,C03,육체
1924,C03-S04-I06-N08,C03,육체
1924,C03-S04-I06-N08,C03,생명
1924,C03-S04-I06-N08,C03,생명
1924,C03-S04-I06-N08,C03,대우주
1924,C03-S04-I06-N08,C03,활정
1924,C03-S04-I06-N08,C03,제이
1924,C03-S04-I06-N08,C03,대우주
1924,C03-S04-I06-N08,C03,활정
1924,C03-S04-I06-N08,C03,표현
1924,C03-S04-I06-N08,C03,오인
1924,C03-S04-I06-N08,C03,영혼
1924,C03-S04-I06-N08,C03,제삼
1924,C03-S04-I06-N08,C03,대우주
1924,C03-S04-I06-N08,C03,활정
1924,C03-S04-I06-N08,C03,조직적
1924,C03-S04-I06-N08,C03,진화리법
1924,C03-S04-I06-N08,C03,형성
1924,C03-S04-I06-N08,C03,범위내
1924,C03-S04-I06-N08,C03,영혼
1924,C03-S04-I06-N08,C03,위력
1924,C03-S04-I06-N08,C03,제사
1924,C03-S04-I06-N08,C03,영혼
1924,C03-S04-I06-N08,C03,우주
1924,C03-S04-I06-N08,C03,영성
1924,C03-S04-I06-N08,C03,제오
1924,C03-S04-I06-N08,C03,오인
1924,C03-S04-I06-N08,C03,오인
1924,C03-S04-I06-N08,C03,현재의식내
1924,C03-S04-I06-N08,C03,과거
1924,C03-S04-I06-N08,C03,사실
1924,C03-S04-I06-N08,C03,기억보존
1924,C03-S04-I06-N09,C03,오인
1924,C03-S04-I06-N09,C03,사후
1924,C03-S04-I06-N09,C03,생명
1924,C03-S04-I06-N09,C03,사실
1924,C03-S04-I06-N09,C03,명보
1924,C03-S04-I06-N09,C03,영구
1924,C03-S04-I06-N09,C03,미래
1924,C03-S04-I06-N09,C03,우주
1924,C03-S04-I06-N09,C03,창조력
1924,C03-S04-I06-N09,C03,인내천
1924,C03-S04-I06-N09,C03,원리
1924,C03-S04-I06-N09,C03,저명
1924,C03-S04-I06-N09,C03,오인
1924,C03-S04-I06-N09,C03,자기
1924,C03-S04-I06-N09,C03,생명
1924,C03-S04-I06-N09,C03,자기
1924,C03-S04-I06-N09,C03,의식
1924,C03-S04-I06-N09,C03,전우주
1924,C03-S04-I06-N09,C03,활정
1924,C03-S04-I06-N09,C03,오인
1924,C03-S04-I06-N09,C03,영혼
1924,C03-S04-I06-N09,C03,필경
1924,C03-S04-I06-N09,C03,무궁
1924,C03-S04-I06-N09,C03,존재
1924,C03-S04-I06-N09,C03,의식적
1924,C03-S04-I06-N09,C03,활동
1924,C03-S04-I06-N09,C03,오인
1924,C03-S04-I06-N09,C03,영혼존재
1924,C03-S04-I06-N09,C03,일대법성
1924,C03-S04-I06-N09,C03,전존재
1924,C03-S04-I06-N09,C03,표명
1924,C03-S04-I06-N09,C03,대신사
1924,C03-S04-I06-N09,C03,내유신령
1924,C03-S04-I06-N09,C03,교훈
1924,C03-S04-I06-N09,C03,영혼
1924,C03-S04-I06-N09,C03,존재
1924,C03-S04-I07-N01,C03,우주발생
1924,C03-S04-I07-N01,C03,원인
1924,C03-S04-I07-N01,C03,관찰
1924,C03-S04-I07-N01,C03,대분
1924,C03-S04-I07-N01,C03,종교적
1924,C03-S04-I07-N01,C03,철학적
1924,C03-S04-I07-N01,C03,사고
1924,C03-S04-I07-N01,C03,종교적
1924,C03-S04-I07-N01,C03,논리
1924,C03-S04-I07-N01,C03,불교
1924,C03-S04-I07-N01,C03,인식론설
1924,C03-S04-I07-N01,C03,기독교
1924,C03-S04-I07-N01,C03,창조설
1924,C03-S04-I07-N01,C03,중요
1924,C03-S04-I07-N01,C03,불교
1924,C03-S04-I07-N01,C03,삼계유심
1924,C03-S04-I07-N01,C03,인식학적
1924,C03-S04-I07-N01,C03,기초
1924,C03-S04-I07-N01,C03,우주
1924,C03-S04-I07-N01,C03,존재
1924,C03-S04-I07-N01,C03,설명
1924,C03-S04-I07-N01,C03,기독교
1924,C03-S04-I07-N01,C03,신화
1924,C03-S04-I07-N01,C03,신화기자
1924,C03-S04-I07-N01,C03,해석
1924,C03-S04-I07-N01,C03,철학적
1924,C03-S04-I07-N01,C03,사고
1924,C03-S04-I07-N01,C03,진화론
1924,C03-S04-I07-N01,C03,대개
1924,C03-S04-I07-N01,C03,우주
1924,C03-S04-I07-N01,C03,무궁이전
1924,C03-S04-I07-N01,C03,造化
1924,C03-S04-I07-N01,C03,진화
1924,C03-S04-I07-N01,C03,금일
1924,C03-S04-I07-N01,C03,대성
1924,C03-S04-I07-N02,C03,진화
1924,C03-S04-I07-N02,C03,인내천
1924,C03-S04-I07-N02,C03,관계
1924,C03-S04-I07-N02,C03,진화기자
1924,C03-S04-I07-N02,C03,원리
1924,C03-S04-I07-N02,C03,否認
1924,C03-S04-I07-N02,C03,진화
1924,C03-S04-I07-N02,C03,과정
1924,C03-S04-I07-N02,C03,설명
1924,C03-S04-I07-N02,C03,오인
1924,C03-S04-I07-N02,C03,진화론
1924,C03-S04-I07-N02,C03,확실
1924,C03-S04-I07-N02,C03,진리
1924,C03-S04-I07-N02,C03,전제
1924,C03-S04-I07-N02,C03,인내천
1924,C03-S04-I07-N02,C03,원리
1924,C03-S04-I07-N02,C03,진화론
1924,C03-S04-I07-N02,C03,원리
1924,C03-S04-I07-N02,C03,명백
1924,C03-S04-I07-N02,C03,진리
1924,C03-S04-I07-N02,C03,일언
1924,C03-S04-I07-N02,C03,진화론
1924,C03-S04-I07-N02,C03,시대
1924,C03-S04-I07-N02,C03,돌연
1924,C03-S04-I07-N02,C03,출생
1924,C03-S04-I07-N02,C03,하등동물
1924,C03-S04-I07-N02,C03,진화
1924,C03-S04-I07-N02,C03,고풍론
1924,C03-S04-I07-N02,C03,종교가
1924,C03-S04-I07-N02,C03,대경소괴
1924,C03-S04-I07-N03,C03,기고
1924,C03-S04-I07-N03,C03,종교가
1924,C03-S04-I07-N03,C03,각기종교
1924,C03-S04-I07-N03,C03,소신
1924,C03-S04-I07-N03,C03,파괴
1924,C03-S04-I07-N03,C03,기일
1924,C03-S04-I07-N03,C03,만물
1924,C03-S04-I07-N03,C03,영장
1924,C03-S04-I07-N03,C03,자칭
1924,C03-S04-I07-N03,C03,오인인류
1924,C03-S04-I07-N03,C03,하등동물
1924,C03-S04-I07-N03,C03,진화
1924,C03-S04-I07-N03,C03,인류
1924,C03-S04-I07-N03,C03,神聖
1924,C03-S04-I07-N03,C03,모독
1924,C03-S04-I07-N03,C03,오해
1924,C03-S04-I07-N03,C03,소이
1924,C03-S04-I07-N03,C03,오인
1924,C03-S04-I07-N03,C03,사고
1924,C03-S04-I07-N03,C03,진화론
1924,C03-S04-I07-N03,C03,종교
1924,C03-S04-I07-N03,C03,파괴
1924,C03-S04-I07-N03,C03,인류
1924,C03-S04-I07-N03,C03,神聖
1924,C03-S04-I07-N03,C03,제멸
1924,C03-S04-I07-N03,C03,진화론
1924,C03-S04-I07-N03,C03,해석
1924,C03-S04-I07-N03,C03,종교
1924,C03-S04-I07-N03,C03,영원
1924,C03-S04-I07-N03,C03,근저
1924,C03-S04-I07-N03,C03,부지
1924,C03-S04-I07-N03,C03,장소
1924,C03-S04-I07-N03,C03,인류
1924,C03-S04-I07-N03,C03,神聖
1924,C03-S04-I07-N03,C03,일층고상
1924,C03-S04-I07-N03,C03,확신
1924,C03-S04-I07-N04,C03,제일
1924,C03-S04-I07-N04,C03,인류
1924,C03-S04-I07-N04,C03,진화
1924,C03-S04-I07-N04,C03,인류자체
1924,C03-S04-I07-N04,C03,과거급미래
1924,C03-S04-I07-N04,C03,근본
1924,C03-S04-I07-N04,C03,심원
1924,C03-S04-I07-N04,C03,인류
1924,C03-S04-I07-N04,C03,만일
1924,C03-S04-I07-N04,C03,일과거
1924,C03-S04-I07-N04,C03,미래
1924,C03-S04-I07-N04,C03,영구
1924,C03-S04-I07-N04,C03,진화성
1924,C03-S04-I07-N04,C03,물건
1924,C03-S04-I07-N04,C03,인류
1924,C03-S04-I07-N04,C03,인류자체
1924,C03-S04-I07-N04,C03,물질적
1924,C03-S04-I07-N04,C03,정신적
1924,C03-S04-I07-N04,C03,고일정불변
1924,C03-S04-I07-N04,C03,체질
1924,C03-S04-I07-N04,C03,인류
1924,C03-S04-I07-N04,C03,영구적
1924,C03-S04-I07-N04,C03,가련
1924,C03-S04-I07-N04,C03,동물
1924,C03-S04-I07-N04,C03,타도
1924,C03-S04-I07-N04,C03,인류
1924,C03-S04-I07-N04,C03,기자체
1924,C03-S04-I07-N04,C03,진화성
1924,C03-S04-I07-N04,C03,인류
1924,C03-S04-I07-N04,C03,근저
1924,C03-S04-I07-N04,C03,전우주
1924,C03-S04-I07-N04,C03,근저
1924,C03-S04-I07-N04,C03,광대무량
1924,C03-S04-I07-N04,C03,본원
1924,C03-S04-I07-N04,C03,自信
1924,C03-S04-I07-N04,C03,임의
1924,C03-S04-I07-N04,C03,제이
1924,C03-S04-I07-N04,C03,인류
1924,C03-S04-I07-N04,C03,진화
1924,C03-S04-I07-N04,C03,인류
1924,C03-S04-I07-N04,C03,과거적
1924,C03-S04-I07-N04,C03,의미
1924,C03-S04-I07-N04,C03,천지만물
1924,C03-S04-I07-N04,C03,아신
1924,C03-S04-I07-N04,C03,인류
1924,C03-S04-I07-N04,C03,무궁주의
1924,C03-S04-I07-N04,C03,만유
1924,C03-S04-I07-N04,C03,과정
1924,C03-S04-I07-N04,C03,금일
1924,C03-S04-I07-N04,C03,발달
1924,C03-S04-I07-N04,C03,금일
1924,C03-S04-I07-N04,C03,천지만물
1924,C03-S04-I07-N04,C03,원리
1924,C03-S04-I07-N04,C03,구존
1924,C03-S04-I07-N04,C03,지나
1924,C03-S04-I07-N05,C03,의식
1924,C03-S04-I07-N05,C03,인내천
1924,C03-S04-I07-N05,C03,도안
1924,C03-S04-I07-N05,C03,참고
1924,C03-S04-I07-N05,C03,제삼
1924,C03-S04-I07-N05,C03,인류
1924,C03-S04-I07-N05,C03,진화
1924,C03-S04-I07-N05,C03,인류
1924,C03-S04-I07-N05,C03,영겁
1924,C03-S04-I07-N05,C03,희망
1924,C03-S04-I07-N05,C03,포용
1924,C03-S04-I07-N05,C03,만일
1924,C03-S04-I07-N05,C03,인류
1924,C03-S04-I07-N05,C03,진화성
1924,C03-S04-I07-N05,C03,과거
1924,C03-S04-I07-N05,C03,야만
1924,C03-S04-I07-N05,C03,문명
1924,C03-S04-I07-N05,C03,정도
1924,C03-S04-I07-N05,C03,만무
1924,C03-S04-I07-N05,C03,미래
1924,C03-S04-I07-N05,C03,현재
1924,C03-S04-I07-N05,C03,개선
1924,C03-S04-I07-N05,C03,현재이상
1924,C03-S04-I07-N05,C03,행복
1924,C03-S04-I07-N05,C03,도모
1924,C03-S04-I07-N05,C03,희망
1924,C03-S04-I07-N05,C03,인류
1924,C03-S04-I07-N05,C03,진화과정
1924,C03-S04-I07-N05,C03,상설
1924,C03-S04-I07-N05,C03,일절중
1924,C03-S04-I07-N05,C03,인류
1924,C03-S04-I07-N05,C03,기육체상
1924,C03-S04-I07-N05,C03,정신상
1924,C03-S04-I07-N05,C03,진화
1924,C03-S04-I07-N05,C03,여지
1924,C03-S04-I07-N05,C03,작작유여
1924,C03-S04-I07-N05,C03,인류
1924,C03-S04-I07-N05,C03,진화
1924,C03-S04-I07-N05,C03,과정상
1924,C03-S04-I07-N05,C03,과학적
1924,C03-S04-I07-N05,C03,증명
1924,C03-S04-I07-N06,C03,인류
1924,C03-S04-I07-N06,C03,불조화
1924,C03-S04-I07-N06,C03,장래
1924,C03-S04-I07-N06,C03,진화
1924,C03-S04-I07-N06,C03,전제
1924,C03-S04-I07-N06,C03,일례
1924,C03-S04-I07-N06,C03,육체상
1924,C03-S04-I07-N06,C03,맹장
1924,C03-S04-I07-N06,C03,무용
1924,C03-S04-I07-N06,C03,육체
1924,C03-S04-I07-N06,C03,불필요
1924,C03-S04-I07-N06,C03,물건
1924,C03-S04-I07-N06,C03,명백
1924,C03-S04-I07-N06,C03,불구
1924,C03-S04-I07-N06,C03,오인
1924,C03-S04-I07-N06,C03,맹장
1924,C03-S04-I07-N06,C03,무용물
1924,C03-S04-I07-N06,C03,무용
1924,C03-S04-I07-N06,C03,무용
1924,C03-S04-I07-N06,C03,맹장
1924,C03-S04-I07-N06,C03,해독
1924,C03-S04-I07-N06,C03,맹장염
1924,C03-S04-I07-N06,C03,순수
1924,C03-S04-I07-N06,C03,맹장
1924,C03-S04-I07-N06,C03,기리유
1924,C03-S04-I07-N06,C03,과거동물
1924,C03-S04-I07-N06,C03,타동물
1924,C03-S04-I07-N06,C03,시대
1924,C03-S04-I07-N06,C03,맹장
1924,C03-S04-I07-N06,C03,필요
1924,C03-S04-I07-N06,C03,작용
1924,C03-S04-I07-N07,C03,타동물
1924,C03-S04-I07-N07,C03,조사
1924,C03-S04-I07-N07,C03,타동물
1924,C03-S04-I07-N07,C03,맹장
1924,C03-S04-I07-N07,C03,인류
1924,C03-S04-I07-N07,C03,맹장
1924,C03-S04-I07-N07,C03,무용물
1924,C03-S04-I07-N07,C03,타동물
1924,C03-S04-I07-N07,C03,맹장
1924,C03-S04-I07-N07,C03,소장
1924,C03-S04-I07-N07,C03,불소화
1924,C03-S04-I07-N07,C03,부분
1924,C03-S04-I07-N07,C03,맹장
1924,C03-S04-I07-N07,C03,소화
1924,C03-S04-I07-N07,C03,신체
1924,C03-S04-I07-N07,C03,자양
1924,C03-S04-I07-N07,C03,필요
1924,C03-S04-I07-N07,C03,기관
1924,C03-S04-I07-N07,C03,인류
1924,C03-S04-I07-N07,C03,과거
1924,C03-S04-I07-N07,C03,타동물상태
1924,C03-S04-I07-N07,C03,食物
1924,C03-S04-I07-N07,C03,조식
1924,C03-S04-I07-N07,C03,기시대
1924,C03-S04-I07-N07,C03,맹장
1924,C03-S04-I07-N07,C03,필요
1924,C03-S04-I07-N07,C03,인류
1924,C03-S04-I07-N07,C03,진화
1924,C03-S04-I07-N07,C03,화식
1924,C03-S04-I07-N07,C03,발견
1924,C03-S04-I07-N07,C03,이래
1924,C03-S04-I07-N07,C03,요리
1924,C03-S04-I07-N07,C03,맹장
1924,C03-S04-I07-N07,C03,소화
1924,C03-S04-I07-N07,C03,불소화
1924,C03-S04-I07-N07,C03,부분
1924,C03-S04-I07-N07,C03,요리법
1924,C03-S04-I07-N07,C03,제거
1924,C03-S04-I07-N07,C03,맹장
1924,C03-S04-I07-N07,C03,점차자기
1924,C03-S04-I07-N07,C03,소업
1924,C03-S04-I07-N07,C03,결과
1924,C03-S04-I07-N07,C03,무용
1924,C03-S04-I07-N07,C03,고물
1924,C03-S04-I07-N07,C03,인류
1924,C03-S04-I07-N07,C03,병상
1924,C03-S04-I07-N07,C03,인류
1924,C03-S04-I07-N07,C03,육체상
1924,C03-S04-I07-N07,C03,불조화
1924,C03-S04-I07-N07,C03,일례
1924,C03-S04-I07-N08,C03,정신상
1924,C03-S04-I07-N08,C03,인류
1924,C03-S04-I07-N08,C03,생식욕
1924,C03-S04-I07-N08,C03,저대
1924,C03-S04-I07-N08,C03,정욕
1924,C03-S04-I07-N08,C03,현대
1924,C03-S04-I07-N08,C03,생활
1924,C03-S04-I07-N08,C03,모순
1924,C03-S04-I07-N08,C03,불조화
1924,C03-S04-I07-N08,C03,욕망
1924,C03-S04-I07-N08,C03,인류
1924,C03-S04-I07-N08,C03,과거
1924,C03-S04-I07-N08,C03,자연
1924,C03-S04-I07-N08,C03,제재
1924,C03-S04-I07-N08,C03,시대
1924,C03-S04-I07-N08,C03,생식욕
1924,C03-S04-I07-N08,C03,필요
1924,C03-S04-I07-N08,C03,하고
1924,C03-S04-I07-N08,C03,인류
1924,C03-S04-I07-N08,C03,자연
1924,C03-S04-I07-N08,C03,생존
1924,C03-S04-I07-N08,C03,경쟁
1924,C03-S04-I07-N08,C03,시대
1924,C03-S04-I07-N08,C03,인류
1924,C03-S04-I07-N08,C03,자기
1924,C03-S04-I07-N08,C03,종속
1924,C03-S04-I07-N08,C03,신속
1924,C03-S04-I07-N08,C03,번식
1924,C03-S04-I07-N08,C03,필요
1924,C03-S04-I07-N08,C03,자기
1924,C03-S04-I07-N08,C03,종속
1924,C03-S04-I07-N08,C03,번식
1924,C03-S04-I07-N08,C03,대자연적
1924,C03-S04-I07-N08,C03,생존경쟁
1924,C03-S04-I07-N08,C03,필요
1924,C03-S04-I07-N08,C03,인류
1924,C03-S04-I07-N08,C03,금일
1924,C03-S04-I07-N08,C03,번성
1924,C03-S04-I07-N08,C03,자연
1924,C03-S04-I07-N08,C03,대적
1924,C03-S04-I07-N08,C03,상대방
1924,C03-S04-I07-N08,C03,불구
1924,C03-S04-I07-N08,C03,생식욕
1924,C03-S04-I07-N08,C03,무제한
1924,C03-S04-I07-N08,C03,보존
1924,C03-S04-I07-N08,C03,인류자가
1924,C03-S04-I07-N08,C03,모순생활
1924,C03-S04-I07-N09,C03,인류
1924,C03-S04-I07-N09,C03,무제한
1924,C03-S04-I07-N09,C03,생식
1924,C03-S04-I07-N09,C03,종속
1924,C03-S04-I07-N09,C03,번식
1924,C03-S04-I07-N09,C03,필경
1924,C03-S04-I07-N09,C03,인류
1924,C03-S04-I07-N09,C03,인류
1924,C03-S04-I07-N09,C03,상식
1924,C03-S04-I07-N09,C03,근대
1924,C03-S04-I07-N09,C03,소위
1924,C03-S04-I07-N09,C03,식민정책
1924,C03-S04-I07-N09,C03,각국
1924,C03-S04-I07-N09,C03,정부
1924,C03-S04-I07-N09,C03,자기
1924,C03-S04-I07-N09,C03,민족
1924,C03-S04-I07-N09,C03,타령토
1924,C03-S04-I07-N09,C03,이민
1924,C03-S04-I07-N09,C03,전쟁
1924,C03-S04-I07-N09,C03,인류
1924,C03-S04-I07-N09,C03,상살
1924,C03-S04-I07-N09,C03,폐해
1924,C03-S04-I07-N09,C03,인류생식욕
1924,C03-S04-I07-N09,C03,기인
1924,C03-S04-I07-N09,C03,인구증식
1924,C03-S04-I07-N09,C03,관계
1924,C03-S04-I07-N09,C03,금일미국
1924,C03-S04-I07-N09,C03,산아제한문제
1924,C03-S04-I07-N09,C03,제기
1924,C03-S04-I07-N09,C03,구경
1924,C03-S04-I07-N09,C03,인류
1924,C03-S04-I07-N09,C03,무제한생식
1924,C03-S04-I07-N09,C03,폐해
1924,C03-S04-I07-N09,C03,제거
1924,C03-S04-I07-N09,C03,인류
1924,C03-S04-I07-N09,C03,불조화
1924,C03-S04-I07-N09,C03,증거
1924,C03-S04-I07-N09,C03,以上
1924,C03-S04-I07-N09,C03,인류
1924,C03-S04-I07-N09,C03,진화상
1924,C03-S04-I07-N09,C03,불조화
1924,C03-S04-I07-N09,C03,일언
1924,C03-S04-I07-N10,C03,인류
1924,C03-S04-I07-N10,C03,진화
1924,C03-S04-I07-N10,C03,무궁
1924,C03-S04-I07-N10,C03,초인론
1924,C03-S04-I07-N10,C03,필요
1924,C03-S04-I07-N10,C03,초인론
1924,C03-S04-I07-N10,C03,괘씨
1924,C03-S04-I07-N10,C03,차량설
1924,C03-S04-I07-N10,C03,가부
1924,C03-S04-I07-N10,C03,해석상
1924,C03-S04-I07-N10,C03,초인설
1924,C03-S04-I07-N10,C03,의의
1924,C03-S04-I07-N10,C03,일언
1924,C03-S04-I07-N10,C03,초인
1924,C03-S04-I07-N10,C03,현재
1924,C03-S04-I07-N10,C03,인류
1924,C03-S04-I07-N10,C03,진화
1924,C03-S04-I07-N10,C03,진화
1924,C03-S04-I07-N10,C03,영원
1924,C03-S04-I07-N10,C03,장래
1924,C03-S04-I07-N10,C03,원류
1924,C03-S04-I07-N10,C03,일부
1924,C03-S04-I07-N10,C03,원류
1924,C03-S04-I07-N10,C03,초월
1924,C03-S04-I07-N10,C03,인류
1924,C03-S04-I07-N10,C03,계단
1924,C03-S04-I07-N10,C03,형성
1924,C03-S04-I07-N10,C03,현재재인류
1924,C03-S04-I07-N10,C03,우인류
1924,C03-S04-I07-N10,C03,초월
1924,C03-S04-I07-N10,C03,우주
1924,C03-S04-I07-N10,C03,일부계단
1924,C03-S04-I07-N10,C03,형성
1924,C03-S04-I07-N10,C03,대개
1924,C03-S04-I07-N10,C03,우주
1924,C03-S04-I07-N10,C03,진화
1924,C03-S04-I07-N10,C03,과정
1924,C03-S04-I07-N10,C03,간단
1924,C03-S04-I07-N10,C03,복잡
1924,C03-S04-I07-N10,C03,불완전
1924,C03-S04-I07-N10,C03,완전
1924,C03-S04-I07-N11,C03,우주
1924,C03-S04-I07-N11,C03,간단
1924,C03-S04-I07-N11,C03,복잡
1924,C03-S04-I07-N11,C03,기과정
1924,C03-S04-I07-N11,C03,지나철학
1924,C03-S04-I07-N11,C03,무극
1924,C03-S04-I07-N11,C03,생태극
1924,C03-S04-I07-N11,C03,태극
1924,C03-S04-I07-N11,C03,생량의
1924,C03-S04-I07-N11,C03,양의
1924,C03-S04-I07-N11,C03,생사상
1924,C03-S04-I07-N11,C03,사상
1924,C03-S04-I07-N11,C03,생팔괘
1924,C03-S04-I07-N11,C03,논법
1924,C03-S04-I07-N11,C03,우주
1924,C03-S04-I07-N11,C03,태초
1924,C03-S04-I07-N11,C03,단일
1924,C03-S04-I07-N11,C03,계단
1924,C03-S04-I07-N11,C03,이계단
1924,C03-S04-I07-N11,C03,진화
1924,C03-S04-I07-N11,C03,이계단
1924,C03-S04-I07-N11,C03,사계단
1924,C03-S04-I07-N11,C03,진화
1924,C03-S04-I07-N11,C03,점차복잡
1924,C03-S04-I07-N11,C03,복잡
1924,C03-S04-I07-N11,C03,금일만유현상
1924,C03-S04-I07-N11,C03,인류
1924,C03-S04-I07-N11,C03,원류계급
1924,C03-S04-I07-N11,C03,우주
1924,C03-S04-I07-N11,C03,계급
1924,C03-S04-I07-N11,C03,금일
1924,C03-S04-I07-N11,C03,비교
1924,C03-S04-I07-N11,C03,일계급
1924,C03-S04-I07-N11,C03,수자상
1924,C03-S04-I07-N11,C03,원류
1924,C03-S04-I07-N11,C03,초월
1924,C03-S04-I07-N11,C03,인류
1924,C03-S04-I07-N11,C03,계급
1924,C03-S04-I07-N11,C03,형성
1924,C03-S04-I07-N11,C03,우주
1924,C03-S04-I07-N11,C03,계급
1924,C03-S04-I07-N11,C03,증가
1924,C03-S04-I07-N11,C03,인류
1924,C03-S04-I07-N11,C03,인류
1924,C03-S04-I07-N11,C03,초월
1924,C03-S04-I07-N11,C03,초인
1924,C03-S04-I07-N11,C03,우주
1924,C03-S04-I07-N11,C03,일신계급
1924,C03-S04-I07-N11,C03,환영
1924,C03-S04-I07-N12,C03,인류
1924,C03-S04-I07-N12,C03,진화
1924,C03-S04-I07-N12,C03,가능성
1924,C03-S04-I07-N12,C03,영원
1924,C03-S04-I07-N12,C03,미래
1924,C03-S04-I07-N12,C03,굉대
1924,C03-S04-I07-N12,C03,희망
1924,C03-S04-I07-N12,C03,심원
1924,C03-S04-I07-N12,C03,의의
1924,C03-S04-I07-N12,C03,가치
1924,C03-S04-I07-N12,C03,인류
1924,C03-S04-I07-N12,C03,위대
1924,C03-S04-I07-N12,C03,증명
1924,C03-S04-I07-N12,C03,제사
1924,C03-S04-I07-N12,C03,인류
1924,C03-S04-I07-N12,C03,진화
1924,C03-S04-I07-N12,C03,인류
1924,C03-S04-I07-N12,C03,기자체
1924,C03-S04-I07-N12,C03,무궁
1924,C03-S04-I07-N12,C03,창조성
1924,C03-S04-I07-N12,C03,포용
1924,C03-S04-I07-N12,C03,대개
1924,C03-S04-I07-N12,C03,진화
1924,C03-S04-I07-N12,C03,의미
1924,C03-S04-I07-N12,C03,창조성
1924,C03-S04-I07-N12,C03,예기
1924,C03-S04-I07-N12,C03,창조성
1924,C03-S04-I07-N12,C03,진화성
1924,C03-S04-I07-N13,C03,진화
1924,C03-S04-I07-N13,C03,창조
1924,C03-S04-I07-N13,C03,창조
1924,C03-S04-I07-N13,C03,진화
1924,C03-S04-I07-N13,C03,진화
1924,C03-S04-I07-N13,C03,창조
1924,C03-S04-I07-N13,C03,창조
1924,C03-S04-I07-N13,C03,의지
1924,C03-S04-I07-N13,C03,의미
1924,C03-S04-I07-N13,C03,전지전능
1924,C03-S04-I07-N13,C03,의미
1924,C03-S04-I07-N13,C03,생생불식
1924,C03-S04-I07-N13,C03,대인심
1924,C03-S04-I07-N13,C03,의미
1924,C03-S04-I07-N13,C03,以上
1924,C03-S04-I07-N13,C03,사정
1924,C03-S04-I07-N13,C03,인류
1924,C03-S04-I07-N13,C03,진화적
1924,C03-S04-I07-N13,C03,동물
1924,C03-S04-I07-N13,C03,인류
1924,C03-S04-I07-N13,C03,神聖
1924,C03-S04-I07-N13,C03,모독
1924,C03-S04-I07-N13,C03,인류
1924,C03-S04-I07-N13,C03,神聖
1924,C03-S04-I07-N13,C03,보존
1924,C03-S04-I07-N13,C03,증명
1924,C03-S04-I07-N13,C03,인류
1924,C03-S04-I07-N13,C03,진화
1924,C03-S04-I07-N13,C03,인내천주의
1924,C03-S04-I07-N13,C03,의미
1924,C03-S04-I07-N13,C03,인류
1924,C03-S04-I07-N13,C03,신자기
1924,C03-S04-I07-N13,C03,의지
1924,C03-S04-I07-N13,C03,도달
1924,C03-S04-I07-N13,C03,진화
1924,C03-S04-I07-N13,C03,단언
1924,C03-S04-I07-N13,C03,인류
1924,C03-S04-I07-N13,C03,당초
1924,C03-S04-I07-N13,C03,신기자
1924,C03-S04-I07-N13,C03,표현
1924,C03-S04-I07-N13,C03,필경
1924,C03-S04-I07-N13,C03,신기자
1924,C03-S04-I07-N13,C03,목적
1924,C03-S04-I07-N13,C03,달성
1924,C03-S04-I07-N14,C03,종결
1924,C03-S04-I07-N14,C03,진화적
1924,C03-S04-I07-N14,C03,과정
1924,C03-S04-I07-N14,C03,도자
1924,C03-S04-I07-N14,C03,종자
1924,C03-S04-I07-N14,C03,종자
1924,C03-S04-I07-N14,C03,자기창조력
1924,C03-S04-I07-N14,C03,종자
1924,C03-S04-I07-N14,C03,도자
1924,C03-S04-I07-N14,C03,종자
1924,C03-S04-I07-N14,C03,하고
1924,C03-S04-I07-N14,C03,여사
1924,C03-S04-I07-N14,C03,생장
1924,C03-S04-I07-N14,C03,도자
1924,C03-S04-I07-N14,C03,도자
1924,C03-S04-I07-N14,C03,여사
1924,C03-S04-I07-N14,C03,인류
1924,C03-S04-I07-N14,C03,존재
1924,C03-S04-I07-N14,C03,본래신
1924,C03-S04-I07-N14,C03,시초
1924,C03-S04-I07-N14,C03,진화
1924,C03-S04-I07-N14,C03,인류
1924,C03-S04-I07-N14,C03,무궁
1924,C03-S04-I07-N14,C03,자기
1924,C03-S04-I07-N14,C03,무궁완성
1924,C03-S04-I07-N14,C03,기도
1924,C03-S04-I07-N14,C03,인내천
1924,C03-S04-I07-N14,C03,철리중
1924,C03-S04-I07-N14,C03,응용문제
1924,C03-S04-I07-N14,C03,현대인
1924,C03-S04-I07-N14,C03,절규
1924,C03-S04-I07-N14,C03,자연주의
1924,C03-S04-I07-N14,C03,평등자유
1924,C03-S04-I07-N14,C03,인도정의
1924,C03-S04-I07-N14,C03,제문제
1924,C03-S04-I07-N14,C03,인내천
1924,C03-S04-I07-N14,C03,철저적
1924,C03-S04-I07-N14,C03,실현관
1924,C03-S04-I07-N14,C03,편리상
1924,C03-S04-I07-N14,C03,인내천목적편
1924,C03-S04-I07-N14,C03,기록
1924,C03-S04-I07-N14,C03,성략
1924,C04-S01-I01-N01,C04,천도교
1924,C04-S01-I01-N01,C04,종지
1924,C04-S01-I01-N01,C04,인내천
1924,C04-S01-I01-N01,C04,인내천
1924,C04-S01-I01-N01,C04,목적
1924,C04-S01-I01-N01,C04,포덕천하
1924,C04-S01-I01-N01,C04,광제창생
1924,C04-S01-I01-N01,C04,대신사
1924,C04-S01-I01-N01,C04,개벽이후
1924,C04-S01-I01-N01,C04,노이무공
1924,C04-S01-I01-N01,C04,성공
1924,C04-S01-I01-N01,C04,성공
1924,C04-S01-I01-N01,C04,득의
1924,C04-S01-I01-N01,C04,운수
1924,C04-S01-I01-N01,C04,위대
1924,C04-S01-I01-N01,C04,웅장
1924,C04-S01-I01-N01,C04,경외
1924,C04-S01-I01-N01,C04,전지전능
1924,C04-S01-I01-N01,C04,만일
1924,C04-S01-I01-N01,C04,본래
1924,C04-S01-I01-N01,C04,전지전능
1924,C04-S01-I01-N01,C04,전지전능
1924,C04-S01-I01-N01,C04,성공
1924,C04-S01-I01-N01,C04,모순
1924,C04-S01-I01-N02,C04,전지전능
1924,C04-S01-I01-N02,C04,위대
1924,C04-S01-I01-N02,C04,여하
1924,C04-S01-I01-N02,C04,해석
1924,C04-S01-I01-N02,C04,여하
1924,C04-S01-I01-N02,C04,전지전능
1924,C04-S01-I01-N02,C04,전지전능
1924,C04-S01-I01-N02,C04,예정
1924,C04-S01-I01-N02,C04,노이무공
1924,C04-S01-I01-N02,C04,소이
1924,C04-S01-I02-N01,C04,자기
1924,C04-S01-I02-N01,C04,노이무공
1924,C04-S01-I02-N01,C04,일언
1924,C04-S01-I02-N01,C04,세계
1924,C04-S01-I02-N01,C04,본래의사
1924,C04-S01-I02-N01,C04,합일
1924,C04-S01-I02-N01,C04,개벽이래
1924,C04-S01-I02-N01,C04,자기
1924,C04-S01-I02-N01,C04,의사
1924,C04-S01-I02-N01,C04,발표
1924,C04-S01-I02-N01,C04,영영자자
1924,C04-S01-I02-N01,C04,창조적
1924,C04-S01-I02-N01,C04,노력
1924,C04-S01-I02-N01,C04,세계
1924,C04-S01-I02-N01,C04,본래의사
1924,C04-S01-I02-N01,C04,순응
1924,C04-S01-I02-N01,C04,솔직
1924,C04-S01-I02-N01,C04,대신사
1924,C04-S01-I02-N01,C04,자체
1924,C04-S01-I02-N01,C04,창조력
1924,C04-S01-I02-N01,C04,천지
1924,C04-S01-I02-N01,C04,만유
1924,C04-S01-I02-N01,C04,생물
1924,C04-S01-I02-N01,C04,생물
1924,C04-S01-I02-N01,C04,인류
1924,C04-S01-I02-N01,C04,최종
1924,C04-S01-I02-N01,C04,인류
1924,C04-S01-I02-N01,C04,고등동물
1924,C04-S01-I02-N01,C04,자기목적
1924,C04-S01-I02-N01,C04,완성
1924,C04-S01-I02-N01,C04,성공
1924,C04-S01-I02-N01,C04,유감
1924,C04-S01-I02-N01,C04,연고
1924,C04-S01-I02-N01,C04,본래
1924,C04-S01-I02-N01,C04,의사
1924,C04-S01-I02-N01,C04,합일
1924,C04-S01-I02-N02,C04,구별
1924,C04-S01-I02-N02,C04,의사
1924,C04-S01-I02-N02,C04,합일
1924,C04-S01-I02-N02,C04,본래
1924,C04-S01-I02-N02,C04,지인지애
1924,C04-S01-I02-N02,C04,지공무사
1924,C04-S01-I02-N02,C04,불생불멸
1924,C04-S01-I02-N02,C04,지성지신
1924,C04-S01-I02-N03,C04,일정
1924,C04-S01-I02-N03,C04,질서
1924,C04-S01-I02-N03,C04,방식
1924,C04-S01-I02-N03,C04,평등자유
1924,C04-S01-I02-N03,C04,인간고
1924,C04-S01-I02-N03,C04,생사
1924,C04-S01-I02-N03,C04,우수
1924,C04-S01-I02-N03,C04,고통
1924,C04-S01-I02-N03,C04,상대적
1924,C04-S01-I02-N03,C04,차별
1924,C04-S01-I02-N03,C04,관념
1924,C04-S01-I02-N03,C04,神人
1924,C04-S01-I02-N03,C04,대조
1924,C04-S01-I02-N03,C04,구별
1924,C04-S01-I02-N03,C04,구별
1924,C04-S01-I02-N03,C04,자기무공
1924,C04-S01-I02-N03,C04,일대조건
1924,C04-S01-I02-N04,C04,전지전능
1924,C04-S01-I02-N04,C04,인간고
1924,C04-S01-I02-N04,C04,소멸
1924,C04-S01-I02-N04,C04,성공
1924,C04-S01-I02-N04,C04,장차
1924,C04-S01-I02-N04,C04,대신사
1924,C04-S01-I02-N04,C04,심법
1924,C04-S01-I02-N04,C04,위탁
1924,C04-S01-I02-N04,C04,연고
1924,C04-S01-I02-N04,C04,우주
1924,C04-S01-I02-N04,C04,일정
1924,C04-S01-I02-N04,C04,인과적
1924,C04-S01-I02-N04,C04,율법
1924,C04-S01-I02-N04,C04,전지전능
1924,C04-S01-I02-N04,C04,율법
1924,C04-S01-I02-N04,C04,일보
1924,C04-S01-I02-N04,C04,일보
1924,C04-S01-I02-N04,C04,전지전능
1924,C04-S01-I02-N04,C04,우주
1924,C04-S01-I02-N04,C04,율법
1924,C04-S01-I02-N04,C04,천도
1924,C04-S01-I02-N04,C04,자연
1924,C04-S01-I02-N04,C04,창조
1924,C04-S01-I02-N04,C04,대천성진
1924,C04-S01-I02-N04,C04,순환
1924,C04-S01-I02-N04,C04,대지자연
1924,C04-S01-I02-N04,C04,생장
1924,C04-S01-I02-N04,C04,인물사업
1924,C04-S01-I02-N04,C04,성취
1924,C04-S01-I02-N04,C04,필연
1924,C04-S01-I02-N04,C04,우주
1924,C04-S01-I02-N04,C04,전우주
1924,C04-S01-I02-N04,C04,지배
1924,C04-S01-I02-N04,C04,일정
1924,C04-S01-I02-N04,C04,대율법
1924,C04-S01-I02-N04,C04,무궁
1924,C04-S01-I02-N04,C04,편재
1924,C04-S01-I02-N05,C04,전우주
1924,C04-S01-I02-N05,C04,율법
1924,C04-S01-I02-N05,C04,일정
1924,C04-S01-I02-N05,C04,계제
1924,C04-S01-I02-N05,C04,계제
1924,C04-S01-I02-N05,C04,우주
1924,C04-S01-I02-N05,C04,진화
1924,C04-S01-I02-N05,C04,돌연
1924,C04-S01-I02-N05,C04,돌연
1924,C04-S01-I02-N05,C04,초월
1924,C04-S01-I02-N05,C04,전지전능
1924,C04-S01-I02-N05,C04,전지전능
1924,C04-S01-I02-N05,C04,정도
1924,C04-S01-I02-N05,C04,일정
1924,C04-S01-I02-N05,C04,계제
1924,C04-S01-I02-N05,C04,아동
1924,C04-S01-I02-N05,C04,성장
1924,C04-S01-I02-N05,C04,유년
1924,C04-S01-I02-N05,C04,청년
1924,C04-S01-I02-N05,C04,계제
1924,C04-S01-I02-N05,C04,장년
1924,C04-S01-I02-N05,C04,植物
1924,C04-S01-I02-N05,C04,성장
1924,C04-S01-I02-N05,C04,발아
1924,C04-S01-I02-N05,C04,성장
1924,C04-S01-I02-N05,C04,성숙
1924,C04-S01-I02-N05,C04,질서
1924,C04-S01-I02-N05,C04,진화
1924,C04-S01-I02-N05,C04,시작
1924,C04-S01-I02-N05,C04,지나
1924,C04-S01-I02-N05,C04,서서
1924,C04-S01-I02-N05,C04,간단
1924,C04-S01-I02-N05,C04,복잡
1924,C04-S01-I02-N05,C04,불완전
1924,C04-S01-I02-N05,C04,완전
1924,C04-S01-I02-N05,C04,전적
1924,C04-S01-I02-N05,C04,의사
1924,C04-S01-I02-N05,C04,본래
1924,C04-S01-I02-N05,C04,전지전능
1924,C04-S01-I02-N05,C04,전지전능
1924,C04-S01-I02-N05,C04,표현
1924,C04-S01-I02-N05,C04,정도
1924,C04-S01-I02-N05,C04,우주진화
1924,C04-S01-I02-N05,C04,일정
1924,C04-S01-I02-N05,C04,율법
1924,C04-S01-I02-N05,C04,시대
1924,C04-S01-I02-N05,C04,시대
1924,C04-S01-I02-N05,C04,각기
1924,C04-S01-I02-N05,C04,특징
1924,C04-S01-I02-N05,C04,시대
1924,C04-S01-I02-N05,C04,시대
1924,C04-S01-I02-N05,C04,특징
1924,C04-S01-I02-N05,C04,무궁
1924,C04-S01-I02-N05,C04,복능
1924,C04-S01-I02-N05,C04,무한
1924,C04-S01-I03-N01,C04,만일
1924,C04-S01-I03-N01,C04,천도교
1924,C04-S01-I03-N01,C04,형제
1924,C04-S01-I03-N01,C04,천도교신앙
1924,C04-S01-I03-N01,C04,최후목적
1924,C04-S01-I03-N01,C04,대답
1924,C04-S01-I03-N01,C04,목적
1924,C04-S01-I03-N01,C04,세상
1924,C04-S01-I03-N01,C04,천국
1924,C04-S01-I03-N01,C04,기대
1924,C04-S01-I03-N01,C04,만일
1924,C04-S01-I03-N01,C04,표현
1924,C04-S01-I03-N01,C04,목적
1924,C04-S01-I03-N01,C04,의미
1924,C04-S01-I03-N01,C04,임의
1924,C04-S01-I03-N01,C04,본래
1924,C04-S01-I03-N01,C04,인성
1924,C04-S01-I03-N01,C04,무궁
1924,C04-S01-I03-N01,C04,소질
1924,C04-S01-I03-N01,C04,현재
1924,C04-S01-I03-N01,C04,용심
1924,C04-S01-I03-N01,C04,심법
1924,C04-S01-I03-N01,C04,처사
1924,C04-S01-I03-N01,C04,심법
1924,C04-S01-I03-N01,C04,전성
1924,C04-S01-I03-N01,C04,자기
1924,C04-S01-I03-N01,C04,무궁
1924,C04-S01-I03-N01,C04,전의사
1924,C04-S01-I03-N01,C04,합치
1924,C04-S01-I03-N01,C04,소질
1924,C04-S01-I03-N01,C04,가능성
1924,C04-S01-I03-N01,C04,가능성
1924,C04-S01-I03-N01,C04,신인합일
1924,C04-S01-I03-N01,C04,천국
1924,C04-S01-I03-N01,C04,인국
1924,C04-S01-I03-N01,C04,공통점
1924,C04-S01-I03-N02,C04,전술
1924,C04-S01-I03-N02,C04,도자
1924,C04-S01-I03-N02,C04,비류
1924,C04-S01-I03-N02,C04,도자
1924,C04-S01-I03-N02,C04,도자
1924,C04-S01-I03-N02,C04,가능적
1924,C04-S01-I03-N02,C04,소질
1924,C04-S01-I03-N02,C04,도자종
1924,C04-S01-I03-N02,C04,도자
1924,C04-S01-I03-N02,C04,현재
1924,C04-S01-I03-N02,C04,인류
1924,C04-S01-I03-N02,C04,물론
1924,C04-S01-I03-N02,C04,법성
1924,C04-S01-I03-N02,C04,진화
1924,C04-S01-I03-N02,C04,상술
1924,C04-S01-I03-N02,C04,진화
1924,C04-S01-I03-N02,C04,일정
1924,C04-S01-I03-N02,C04,율법
1924,C04-S01-I03-N02,C04,자기
1924,C04-S01-I03-N02,C04,전성격
1924,C04-S01-I03-N02,C04,발휘
1924,C04-S01-I03-N02,C04,신인합일
1924,C04-S01-I03-N02,C04,극치
1924,C04-S01-I03-N02,C04,천도
1924,C04-S01-I03-N02,C04,율법
1924,C04-S01-I03-N02,C04,순응
1924,C04-S01-I03-N02,C04,대신사
1924,C04-S01-I03-N02,C04,오도
1924,C04-S01-I03-N02,C04,자연
1924,C04-S01-I03-N02,C04,원래
1924,C04-S01-I03-N02,C04,숭배
1924,C04-S01-I03-N02,C04,물질적
1924,C04-S01-I03-N02,C04,형식
1924,C04-S01-I03-N02,C04,위대
1924,C04-S01-I03-N02,C04,숭배
1924,C04-S01-I03-N02,C04,속성
1924,C04-S01-I03-N02,C04,理想
1924,C04-S01-I03-N02,C04,위대
1924,C04-S01-I03-N02,C04,숭배
1924,C04-S01-I03-N02,C04,형체
1924,C04-S01-I03-N02,C04,숭배
1924,C04-S01-I03-N02,C04,무형적
1924,C04-S01-I03-N02,C04,성질
1924,C04-S01-I03-N02,C04,무궁무한
1924,C04-S01-I03-N02,C04,속성
1924,C04-S01-I03-N02,C04,숭배
1924,C04-S01-I03-N03,C04,속성
1924,C04-S01-I03-N03,C04,숭배
1924,C04-S01-I03-N03,C04,자기
1924,C04-S01-I03-N03,C04,理想
1924,C04-S01-I03-N03,C04,숭배
1924,C04-S01-I03-N03,C04,합일
1924,C04-S01-I03-N03,C04,자기
1924,C04-S01-I03-N03,C04,무궁성
1924,C04-S01-I03-N03,C04,대상
1924,C04-S01-I03-N03,C04,속성
1924,C04-S01-I03-N03,C04,속성
1924,C04-S01-I03-N03,C04,理想
1924,C04-S01-I03-N03,C04,숭배
1924,C04-S01-I03-N03,C04,자기
1924,C04-S01-I03-N03,C04,理想
1924,C04-S01-I03-N03,C04,의지
1924,C04-S01-I03-N03,C04,합일
1924,C04-S01-I03-N03,C04,예기
1924,C04-S01-I03-N03,C04,의사
1924,C04-S01-I03-N03,C04,합일
1924,C04-S01-I03-N03,C04,이상향
1924,C04-S01-I03-N03,C04,차세
1924,C04-S01-I03-N03,C04,실현
1924,C04-S01-I03-N03,C04,목적
1924,C04-S01-I03-N03,C04,국외자
1924,C04-S01-I03-N03,C04,인내천
1924,C04-S01-I03-N03,C04,의심
1924,C04-S01-I03-N03,C04,조건
1924,C04-S01-I03-N03,C04,인내천
1924,C04-S01-I03-N03,C04,동첩
1924,C04-S01-I03-N03,C04,무신론자
1924,C04-S01-I03-N03,C04,폐해
1924,C04-S01-I03-N03,C04,일신교
1924,C04-S01-I03-N03,C04,신념
1924,C04-S01-I03-N03,C04,사고
1924,C04-S01-I03-N03,C04,당연
1924,C04-S01-I03-N03,C04,의문
1924,C04-S01-I03-N04,C04,인내천
1924,C04-S01-I03-N04,C04,무신론
1924,C04-S01-I03-N04,C04,무신론
1924,C04-S01-I03-N04,C04,무신론
1924,C04-S01-I03-N04,C04,유신론
1924,C04-S01-I03-N04,C04,하자
1924,C04-S01-I03-N04,C04,인내천
1924,C04-S01-I03-N04,C04,전통적
1924,C04-S01-I03-N04,C04,오인
1924,C04-S01-I03-N04,C04,우주
1924,C04-S01-I03-N04,C04,발견
1924,C04-S01-I03-N04,C04,창조
1924,C04-S01-I03-N04,C04,창조
1924,C04-S01-I03-N04,C04,일문
1924,C04-S01-I03-N04,C04,포복절도
1924,C04-S01-I03-N04,C04,진리
1924,C04-S01-I03-N04,C04,여사
1924,C04-S01-I03-N04,C04,과정
1924,C04-S01-I03-N04,C04,단언
1924,C04-S01-I03-N04,C04,창조
1924,C04-S01-I03-N04,C04,창조
1924,C04-S01-I03-N04,C04,인습상
1924,C04-S01-I03-N04,C04,모순
1924,C04-S01-I03-N04,C04,인내천
1924,C04-S01-I03-N04,C04,진리
1924,C04-S01-I03-N04,C04,당연
1924,C04-S01-I03-N04,C04,과정
1924,C04-S01-I03-N04,C04,본래
1924,C04-S01-I03-N04,C04,창조적
1924,C04-S01-I03-N04,C04,능력
1924,C04-S01-I03-N04,C04,자기표현
1924,C04-S01-I03-N04,C04,동시
1924,C04-S01-I03-N04,C04,창조적
1924,C04-S01-I03-N04,C04,理想
1924,C04-S01-I03-N04,C04,자기표현
1924,C04-S01-I03-N04,C04,소이
1924,C04-S01-I03-N04,C04,의미
1924,C04-S01-I03-N04,C04,창조
1924,C04-S01-I03-N04,C04,자기
1924,C04-S01-I03-N04,C04,노력
1924,C04-S01-I03-N04,C04,점차
1924,C04-S01-I03-N04,C04,근본면목
1924,C04-S01-I03-N04,C04,묘법
1924,C04-S01-I04-N01,C04,인내천
1924,C04-S01-I04-N01,C04,제일
1924,C04-S01-I04-N01,C04,인내천
1924,C04-S01-I04-N01,C04,항상
1924,C04-S01-I04-N01,C04,시대
1924,C04-S01-I04-N01,C04,시대
1924,C04-S01-I04-N01,C04,理想
1924,C04-S01-I04-N01,C04,단서
1924,C04-S01-I04-N01,C04,발견
1924,C04-S01-I04-N01,C04,야만인
1924,C04-S01-I04-N01,C04,숭배
1924,C04-S01-I04-N01,C04,문명인
1924,C04-S01-I04-N01,C04,숭배
1924,C04-S01-I04-N01,C04,정도
1924,C04-S01-I04-N01,C04,소양
1924,C04-S01-I04-N01,C04,차이
1924,C04-S01-I04-N01,C04,자체
1924,C04-S01-I04-N01,C04,일여진묘
1924,C04-S01-I04-N01,C04,항구불변
1924,C04-S01-I04-N01,C04,자기
1924,C04-S01-I04-N01,C04,표현
1924,C04-S01-I04-N01,C04,정도
1924,C04-S01-I04-N01,C04,시대
1924,C04-S01-I04-N01,C04,조각가
1924,C04-S01-I04-N01,C04,인상
1924,C04-S01-I04-N01,C04,정신적
1924,C04-S01-I04-N01,C04,예기
1924,C04-S01-I04-N01,C04,상상
1924,C04-S01-I04-N01,C04,理想
1924,C04-S01-I04-N01,C04,사실
1924,C04-S01-I04-N01,C04,시대
1924,C04-S01-I04-N01,C04,상이
1924,C04-S01-I04-N01,C04,理想
1924,C04-S01-I04-N01,C04,시대
1924,C04-S01-I04-N01,C04,시대
1924,C04-S01-I04-N01,C04,시대
1924,C04-S01-I04-N01,C04,시대
1924,C04-S01-I04-N01,C04,자기표현
1924,C04-S01-I04-N01,C04,일종
1924,C04-S01-I04-N01,C04,신계
1924,C04-S01-I04-N01,C04,신계
1924,C04-S01-I04-N01,C04,시대
1924,C04-S01-I04-N01,C04,시대
1924,C04-S01-I04-N01,C04,생활
1924,C04-S01-I04-N01,C04,선모
1924,C04-S01-I04-N01,C04,인적
1924,C04-S01-I04-N01,C04,理想
1924,C04-S01-I04-N01,C04,시대적
1924,C04-S01-I04-N01,C04,理想
1924,C04-S01-I04-N01,C04,신비적
1924,C04-S01-I04-N01,C04,약동
1924,C04-S01-I04-N01,C04,파문
1924,C04-S01-I05-N01,C04,제이
1924,C04-S01-I05-N01,C04,인내천
1924,C04-S01-I05-N01,C04,의지
1924,C04-S01-I05-N01,C04,존재
1924,C04-S01-I05-N01,C04,의지
1924,C04-S01-I05-N01,C04,별별
1924,C04-S01-I05-N01,C04,존재
1924,C04-S01-I05-N01,C04,공존
1924,C04-S01-I05-N01,C04,의지
1924,C04-S01-I05-N01,C04,공존
1924,C04-S01-I05-N01,C04,창조적
1924,C04-S01-I05-N01,C04,의지
1924,C04-S01-I05-N01,C04,약동
1924,C04-S01-I05-N01,C04,약동
1924,C04-S01-I05-N01,C04,의지
1924,C04-S01-I05-N01,C04,일개체
1924,C04-S01-I05-N01,C04,의지
1924,C04-S01-I05-N01,C04,신전체
1924,C04-S01-I05-N01,C04,시간적
1924,C04-S01-I05-N01,C04,공간적
1924,C04-S01-I05-N01,C04,인류
1924,C04-S01-I05-N01,C04,전체
1924,C04-S01-I05-N01,C04,의지
1924,C04-S01-I05-N01,C04,의지
1924,C04-S01-I05-N01,C04,대표
1924,C04-S01-I05-N02,C04,인류전체
1924,C04-S01-I05-N02,C04,의지
1924,C04-S01-I05-N02,C04,총체
1924,C04-S01-I05-N02,C04,총체
1924,C04-S01-I05-N02,C04,혼합
1924,C04-S01-I05-N02,C04,의미
1924,C04-S01-I05-N02,C04,인류전개체
1924,C04-S01-I05-N02,C04,의지
1924,C04-S01-I05-N02,C04,개체
1924,C04-S01-I05-N02,C04,개체
1924,C04-S01-I05-N02,C04,혼합
1924,C04-S01-I05-N02,C04,인류전체
1924,C04-S01-I05-N02,C04,보편적
1924,C04-S01-I05-N02,C04,의지
1924,C04-S01-I05-N02,C04,의지
1924,C04-S01-I05-N02,C04,개체
1924,C04-S01-I05-N02,C04,의지
1924,C04-S01-I05-N02,C04,보편적
1924,C04-S01-I05-N02,C04,의지
1924,C04-S01-I05-N02,C04,보편적
1924,C04-S01-I05-N02,C04,의지
1924,C04-S01-I05-N02,C04,개체
1924,C04-S01-I05-N02,C04,의지
1924,C04-S01-I05-N02,C04,혼합
1924,C04-S01-I05-N02,C04,보편적
1924,C04-S01-I05-N02,C04,의지
1924,C04-S01-I05-N02,C04,만유
1924,C04-S01-I05-N02,C04,선존적
1924,C04-S01-I05-N03,C04,의지
1924,C04-S01-I05-N03,C04,통일적
1924,C04-S01-I05-N03,C04,섭리
1924,C04-S01-I05-N03,C04,이성적
1924,C04-S01-I05-N03,C04,혜지
1924,C04-S01-I05-N03,C04,통일적
1924,C04-S01-I05-N03,C04,이성
1924,C04-S01-I05-N03,C04,혜지
1924,C04-S01-I05-N03,C04,동물성
1924,C04-S01-I05-N03,C04,본능
1924,C04-S01-I05-N03,C04,양능
1924,C04-S01-I05-N03,C04,인류
1924,C04-S01-I05-N03,C04,보편
1924,C04-S01-I05-N03,C04,의지
1924,C04-S01-I05-N03,C04,개체
1924,C04-S01-I05-N03,C04,혼합체
1924,C04-S01-I05-N03,C04,전연
1924,C04-S01-I05-N03,C04,독립적
1924,C04-S01-I05-N03,C04,통일성
1924,C04-S01-I05-N03,C04,우주
1924,C04-S01-I05-N03,C04,본성
1924,C04-S01-I05-N03,C04,신체
1924,C04-S01-I05-N03,C04,사백조
1924,C04-S01-I05-N03,C04,세포
1924,C04-S01-I05-N03,C04,세포
1924,C04-S01-I05-N03,C04,혼합
1924,C04-S01-I05-N03,C04,일육체
1924,C04-S01-I05-N03,C04,구성
1924,C04-S01-I05-N03,C04,사백조
1924,C04-S01-I05-N03,C04,세포
1924,C04-S01-I05-N03,C04,단일
1924,C04-S01-I05-N03,C04,세포
1924,C04-S01-I05-N03,C04,유기적
1924,C04-S01-I05-N03,C04,생장
1924,C04-S01-I05-N03,C04,사백조
1924,C04-S01-I05-N03,C04,세포
1924,C04-S01-I05-N03,C04,통일적
1924,C04-S01-I05-N03,C04,의지
1924,C04-S01-I05-N03,C04,사백조
1924,C04-S01-I05-N03,C04,세포
1924,C04-S01-I05-N03,C04,정신
1924,C04-S01-I05-N03,C04,개개
1924,C04-S01-I05-N03,C04,혼합
1924,C04-S01-I05-N03,C04,일개인적
1924,C04-S01-I05-N03,C04,정신
1924,C04-S01-I05-N03,C04,영구
1924,C04-S01-I05-N03,C04,통일적일적
1924,C04-S01-I05-N03,C04,보편적
1924,C04-S01-I05-N03,C04,상상적
1924,C04-S01-I05-N03,C04,사백조
1924,C04-S01-I05-N03,C04,개체
1924,C04-S01-I05-N03,C04,섭리
1924,C04-S01-I05-N04,C04,세포
1924,C04-S01-I05-N04,C04,일개체
1924,C04-S01-I05-N04,C04,정신
1924,C04-S01-I05-N04,C04,통일적일적
1924,C04-S01-I05-N04,C04,정신
1924,C04-S01-I05-N04,C04,발로
1924,C04-S01-I05-N04,C04,여사
1924,C04-S01-I05-N04,C04,오인
1924,C04-S01-I05-N04,C04,일개체
1924,C04-S01-I05-N04,C04,정신
1924,C04-S01-I05-N04,C04,보편적
1924,C04-S01-I05-N04,C04,의지
1924,C04-S01-I05-N04,C04,약동
1924,C04-S01-I05-N04,C04,파문
1924,C04-S01-I05-N04,C04,전약동
1924,C04-S01-I05-N04,C04,오인
1924,C04-S01-I05-N04,C04,의지
1924,C04-S01-I05-N04,C04,오인
1924,C04-S01-I05-N04,C04,개체
1924,C04-S01-I05-N04,C04,의지
1924,C04-S01-I05-N04,C04,집착
1924,C04-S01-I05-N04,C04,경우
1924,C04-S01-I05-N04,C04,사지사욕
1924,C04-S01-I05-N04,C04,병적
1924,C04-S01-I05-N04,C04,발육
1924,C04-S01-I05-N04,C04,의지
1924,C04-S01-I05-N04,C04,해석
1924,C04-S01-I05-N04,C04,불가
1924,C04-S01-I05-N04,C04,사지사욕
1924,C04-S01-I05-N04,C04,발동
1924,C04-S01-I05-N04,C04,의지
1924,C04-S01-I05-N04,C04,보편적
1924,C04-S01-I05-N04,C04,이지
1924,C04-S01-I05-N04,C04,발휘
1924,C04-S01-I05-N05,C04,의지
1924,C04-S01-I05-N05,C04,자아
1924,C04-S01-I05-N05,C04,보편적
1924,C04-S01-I05-N05,C04,의지
1924,C04-S01-I05-N05,C04,사지사욕
1924,C04-S01-I05-N05,C04,구별
1924,C04-S01-I05-N05,C04,차별
1924,C04-S01-I05-N05,C04,운위
1924,C04-S01-I05-N05,C04,인격적
1924,C04-S01-I05-N05,C04,상제
1924,C04-S01-I05-N05,C04,별명
1924,C04-S01-I05-N05,C04,영능발휘
1924,C04-S01-I05-N05,C04,유치
1924,C04-S01-I05-N05,C04,시대
1924,C04-S01-I05-N05,C04,생활
1924,C04-S01-I05-N05,C04,유기적
1924,C04-S01-I05-N05,C04,통일
1924,C04-S01-I05-N05,C04,고립적
1924,C04-S01-I05-N05,C04,상태
1924,C04-S01-I05-N05,C04,경험
1924,C04-S01-I05-N05,C04,만일
1924,C04-S01-I05-N05,C04,인지
1924,C04-S01-I05-N05,C04,영능
1924,C04-S01-I05-N05,C04,금일
1924,C04-S01-I05-N05,C04,以上
1924,C04-S01-I05-N05,C04,진화
1924,C04-S01-I05-N05,C04,시대
1924,C04-S01-I05-N05,C04,개체
1924,C04-S01-I05-N05,C04,의지
1924,C04-S01-I05-N05,C04,보편적
1924,C04-S01-I05-N05,C04,의지
1924,C04-S01-I05-N05,C04,점차
1924,C04-S01-I05-N05,C04,접근
1924,C04-S01-I05-N05,C04,순연
1924,C04-S01-I05-N05,C04,통일적일적
1924,C04-S01-I05-N05,C04,경애
1924,C04-S01-I05-N05,C04,생활상태
1924,C04-S01-I05-N05,C04,외적
1924,C04-S01-I05-N05,C04,내적
1924,C04-S01-I05-N05,C04,원만
1924,C04-S01-I05-N05,C04,이상역
1924,C04-S01-I05-N05,C04,대립
1924,C04-S01-I05-N05,C04,개성
1924,C04-S01-I05-N05,C04,보편성
1924,C04-S01-I05-N05,C04,대립
1924,C04-S01-I05-N05,C04,관념
1924,C04-S01-I05-N05,C04,오인
1924,C04-S01-I05-N05,C04,동기
1924,C04-S01-I05-N05,C04,발생
1924,C04-S01-I05-N06,C04,오인
1924,C04-S01-I05-N06,C04,불완전
1924,C04-S01-I05-N06,C04,고립적
1924,C04-S01-I05-N06,C04,생활
1924,C04-S01-I05-N06,C04,전적생활
1924,C04-S01-I05-N06,C04,진보
1924,C04-S01-I05-N06,C04,진정
1924,C04-S01-I05-N06,C04,도덕적
1924,C04-S01-I05-N06,C04,생활
1924,C04-S01-I05-N06,C04,실현
1924,C04-S01-I05-N06,C04,명언
1924,C04-S01-I05-N06,C04,전적생활
1924,C04-S01-I05-N06,C04,의지
1924,C04-S01-I05-N06,C04,대표
1924,C04-S01-I05-N06,C04,생활
1924,C04-S01-I05-N06,C04,여사
1924,C04-S01-I05-N06,C04,의지
1924,C04-S01-I05-N06,C04,존재
1924,C04-S01-I05-N06,C04,理想
1924,C04-S01-I05-N06,C04,노력
1924,C04-S01-I05-N06,C04,표현
1924,C04-S01-I05-N06,C04,시대
1924,C04-S01-I05-N06,C04,시대
1924,C04-S01-I05-N06,C04,생활
1924,C04-S01-I05-N06,C04,통일
1924,C04-S01-I05-N06,C04,영원
1924,C04-S01-I05-N06,C04,목적
1924,C04-S01-I05-N06,C04,과정
1924,C04-S01-I05-N06,C04,시대
1924,C04-S01-I05-N06,C04,시대
1924,C04-S01-I05-N06,C04,생기
1924,C04-S01-I05-N06,C04,현철
1924,C04-S01-I05-N06,C04,교훈
1924,C04-S01-I05-N06,C04,시대
1924,C04-S01-I05-N06,C04,특정
1924,C04-S01-I05-N06,C04,신적
1924,C04-S01-I05-N06,C04,사상
1924,C04-S01-I05-N06,C04,일부
1924,C04-S01-I05-N06,C04,인류
1924,C04-S01-I05-N06,C04,오천년
1924,C04-S01-I05-N06,C04,역사
1924,C04-S01-I05-N06,C04,의사
1924,C04-S01-I05-N06,C04,완성
1924,C04-S01-I05-N06,C04,사업
1924,C04-S01-I05-N06,C04,장래
1924,C04-S01-I05-N06,C04,완성
1924,C04-S01-I05-N06,C04,수단
1924,C04-S01-I05-N06,C04,방식
1924,C04-S01-I05-N06,C04,과정
1924,C04-S01-I05-N06,C04,대신사
1924,C04-S01-I05-N06,C04,과여성공
1924,C04-S01-I05-N06,C04,일어
1924,C04-S01-I05-N06,C04,세상
1924,C04-S01-I05-N06,C04,억조
1924,C04-S01-I05-N06,C04,정도
1924,C04-S01-I05-N06,C04,理想
1924,C04-S01-I05-N06,C04,부합
1924,C04-S01-I05-N06,C04,내적
1924,C04-S01-I05-N06,C04,외적
1924,C04-S01-I05-N06,C04,발달
1924,C04-S01-I05-N06,C04,발달
1924,C04-S01-I05-N06,C04,생활
1924,C04-S01-I05-N06,C04,대신사
1924,C04-S01-I05-N06,C04,천도자연
1924,C04-S01-I05-N06,C04,순응
1924,C04-S01-I05-N06,C04,우주본래
1924,C04-S01-I05-N06,C04,목적
1924,C04-S01-I05-N06,C04,신계
1924,C04-S02-I01-N01,C04,인내천
1924,C04-S02-I01-N01,C04,목적
1924,C04-S02-I01-N01,C04,포덕천하
1924,C04-S02-I01-N01,C04,개념
1924,C04-S02-I01-N01,C04,대신사
1924,C04-S02-I01-N01,C04,도칙천도
1924,C04-S02-I01-N01,C04,덕칙천덕
1924,C04-S02-I01-N01,C04,천덕
1924,C04-S02-I01-N01,C04,포시
1924,C04-S02-I01-N01,C04,천덕
1924,C04-S02-I01-N01,C04,팔절
1924,C04-S02-I01-N01,C04,소재
1924,C04-S02-I01-N01,C04,오신
1924,C04-S02-I01-N01,C04,화생
1924,C04-S02-I01-N01,C04,욕언호이난언
1924,C04-S02-I01-N01,C04,경애
1924,C04-S02-I01-N01,C04,추측
1924,C04-S02-I01-N01,C04,소재
1924,C04-S02-I01-N01,C04,욕언호이난언
1924,C04-S02-I01-N01,C04,광대무량
1924,C04-S02-I01-N01,C04,광대무량
1924,C04-S02-I01-N01,C04,증거
1924,C04-S02-I01-N01,C04,오신
1924,C04-S02-I01-N01,C04,화생
1924,C04-S02-I01-N01,C04,고찰
1924,C04-S02-I01-N01,C04,적절
1924,C04-S02-I01-N01,C04,도리
1924,C04-S02-I01-N01,C04,자기
1924,C04-S02-I01-N01,C04,주체
1924,C04-S02-I01-N01,C04,자기
1924,C04-S02-I01-N01,C04,一身
1924,C04-S02-I01-N01,C04,유래
1924,C04-S02-I01-N01,C04,존재
1924,C04-S02-I01-N01,C04,각오
1924,C04-S02-I01-N01,C04,천덕
1924,C04-S02-I01-N01,C04,광대무량
1924,C04-S02-I02-N01,C04,화생
1924,C04-S02-I02-N01,C04,사료
1924,C04-S02-I02-N01,C04,관찰
1924,C04-S02-I02-N01,C04,시간적
1924,C04-S02-I02-N01,C04,공간적
1924,C04-S02-I02-N01,C04,제일
1924,C04-S02-I02-N01,C04,시간상
1924,C04-S02-I02-N01,C04,以上
1924,C04-S02-I02-N01,C04,누루
1924,C04-S02-I02-N01,C04,一身
1924,C04-S02-I02-N01,C04,화생
1924,C04-S02-I02-N01,C04,시대
1924,C04-S02-I02-N01,C04,돌연
1924,C04-S02-I02-N01,C04,출래
1924,C04-S02-I02-N01,C04,배후
1924,C04-S02-I02-N01,C04,부모
1924,C04-S02-I02-N01,C04,祖先
1924,C04-S02-I02-N01,C04,관계
1924,C04-S02-I02-N01,C04,인과율법
1924,C04-S02-I02-N01,C04,부모
1924,C04-S02-I02-N01,C04,祖先
1924,C04-S02-I02-N01,C04,시간상
1924,C04-S02-I02-N01,C04,무한
1924,C04-S02-I02-N01,C04,인류
1924,C04-S02-I02-N01,C04,전군
1924,C04-S02-I02-N01,C04,진화
1924,C04-S02-I02-N01,C04,이법
1924,C04-S02-I02-N01,C04,천지무궁
1924,C04-S02-I02-N01,C04,이전
1924,C04-S02-I02-N01,C04,발원
1924,C04-S02-I02-N01,C04,생명
1924,C04-S02-I02-N01,C04,인내천
1924,C04-S02-I02-N01,C04,참조
1924,C04-S02-I02-N01,C04,이유
1924,C04-S02-I02-N01,C04,창조
1924,C04-S02-I02-N01,C04,창조력
1924,C04-S02-I02-N01,C04,증거
1924,C04-S02-I02-N02,C04,자체
1924,C04-S02-I02-N02,C04,만유출생
1924,C04-S02-I02-N02,C04,과정
1924,C04-S02-I02-N02,C04,선험
1924,C04-S02-I02-N02,C04,만유동화
1924,C04-S02-I02-N02,C04,대덕량
1924,C04-S02-I02-N02,C04,자기성무궁
1924,C04-S02-I02-N02,C04,포용
1924,C04-S02-I02-N02,C04,제이
1924,C04-S02-I02-N02,C04,공간상
1924,C04-S02-I02-N02,C04,관념
1924,C04-S02-I02-N02,C04,윤리
1924,C04-S02-I02-N02,C04,사회
1924,C04-S02-I02-N02,C04,존재
1924,C04-S02-I02-N02,C04,一身
1924,C04-S02-I02-N02,C04,금일
1924,C04-S02-I02-N02,C04,사회
1924,C04-S02-I02-N02,C04,존재
1924,C04-S02-I02-N02,C04,배후
1924,C04-S02-I02-N02,C04,부모
1924,C04-S02-I02-N02,C04,존재
1924,C04-S02-I02-N02,C04,부모
1924,C04-S02-I02-N02,C04,존재
1924,C04-S02-I02-N02,C04,祖先
1924,C04-S02-I02-N02,C04,존재
1924,C04-S02-I02-N02,C04,一身
1924,C04-S02-I02-N02,C04,존재
1924,C04-S02-I02-N02,C04,감사
1924,C04-S02-I02-N02,C04,부모
1924,C04-S02-I02-N02,C04,祖先
1924,C04-S02-I02-N02,C04,존재
1924,C04-S02-I02-N02,C04,감사
1924,C04-S02-I02-N02,C04,一身
1924,C04-S02-I02-N02,C04,존재
1924,C04-S02-I02-N02,C04,부모
1924,C04-S02-I02-N02,C04,祖先
1924,C04-S02-I02-N02,C04,존재
1924,C04-S02-I02-N02,C04,사회
1924,C04-S02-I02-N02,C04,인류
1924,C04-S02-I02-N02,C04,공존공영
1924,C04-S02-I02-N02,C04,의미
1924,C04-S02-I02-N02,C04,연상
1924,C04-S02-I02-N03,C04,사회
1924,C04-S02-I02-N03,C04,붕우
1924,C04-S02-I02-N03,C04,형제
1924,C04-S02-I02-N03,C04,인류군
1924,C04-S02-I02-N03,C04,도덕적
1924,C04-S02-I02-N03,C04,원조
1924,C04-S02-I02-N03,C04,사회
1924,C04-S02-I02-N03,C04,사회
1924,C04-S02-I02-N03,C04,사회
1924,C04-S02-I02-N03,C04,일개체
1924,C04-S02-I02-N03,C04,일인
1924,C04-S02-I02-N03,C04,행복
1924,C04-S02-I02-N03,C04,지나
1924,C04-S02-I02-N03,C04,공자
1924,C04-S02-I02-N03,C04,묵자
1924,C04-S02-I02-N03,C04,윤리도덕
1924,C04-S02-I02-N03,C04,창도
1924,C04-S02-I02-N03,C04,理想
1924,C04-S02-I02-N03,C04,근거
1924,C04-S02-I02-N03,C04,천지자연
1924,C04-S02-I02-N03,C04,사회인류
1924,C04-S02-I02-N03,C04,존재
1924,C04-S02-I02-N03,C04,자기존재
1924,C04-S02-I02-N03,C04,가치
1924,C04-S02-I02-N03,C04,전자연
1924,C04-S02-I02-N03,C04,존재
1924,C04-S02-I02-N03,C04,감사
1924,C04-S02-I02-N03,C04,공기
1924,C04-S02-I02-N03,C04,호흡
1924,C04-S02-I02-N03,C04,食物
1924,C04-S02-I02-N03,C04,광선
1924,C04-S02-I02-N03,C04,제반
1924,C04-S02-I02-N03,C04,자연
1924,C04-S02-I02-N03,C04,은택
1924,C04-S02-I02-N04,C04,자연
1924,C04-S02-I02-N04,C04,존재
1924,C04-S02-I02-N04,C04,필경
1924,C04-S02-I02-N04,C04,지구
1924,C04-S02-I02-N04,C04,존재
1924,C04-S02-I02-N04,C04,태양계
1924,C04-S02-I02-N04,C04,존재
1924,C04-S02-I02-N04,C04,제항성
1924,C04-S02-I02-N04,C04,존재
1924,C04-S02-I02-N04,C04,연상
1924,C04-S02-I02-N04,C04,전우주
1924,C04-S02-I02-N04,C04,존재
1924,C04-S02-I02-N04,C04,상상
1924,C04-S02-I02-N04,C04,결국
1924,C04-S02-I02-N04,C04,一身
1924,C04-S02-I02-N04,C04,화생
1924,C04-S02-I02-N04,C04,급기
1924,C04-S02-I02-N04,C04,생활관계
1924,C04-S02-I02-N04,C04,전우주
1924,C04-S02-I02-N04,C04,존재
1924,C04-S02-I02-N04,C04,직접관계
1924,C04-S02-I02-N04,C04,우주자연
1924,C04-S02-I02-N04,C04,존재
1924,C04-S02-I02-N04,C04,一身
1924,C04-S02-I02-N04,C04,존재
1924,C04-S02-I02-N04,C04,원인
1924,C04-S02-I02-N04,C04,만일
1924,C04-S02-I02-N04,C04,전우주
1924,C04-S02-I02-N04,C04,하부분
1924,C04-S02-I02-N04,C04,존재
1924,C04-S02-I02-N04,C04,다대
1924,C04-S02-I02-N04,C04,변동
1924,C04-S02-I02-N04,C04,수만마력
1924,C04-S02-I02-N04,C04,전요
1924,C04-S02-I02-N04,C04,복잡
1924,C04-S02-I02-N04,C04,기계중
1924,C04-S02-I02-N04,C04,부분
1924,C04-S02-I02-N04,C04,고장
1924,C04-S02-I02-N04,C04,기영향
1924,C04-S02-I02-N04,C04,전기계
1924,C04-S02-I02-N04,C04,하부분
1924,C04-S02-I02-N04,C04,파급
1924,C04-S02-I02-N04,C04,동일
1924,C04-S02-I02-N04,C04,이유
1924,C04-S02-I02-N05,C04,우주
1924,C04-S02-I02-N05,C04,광대무량
1924,C04-S02-I02-N05,C04,인력
1924,C04-S02-I02-N05,C04,관계
1924,C04-S02-I02-N05,C04,호상련락
1924,C04-S02-I02-N05,C04,상지
1924,C04-S02-I02-N05,C04,피차
1924,C04-S02-I02-N05,C04,분리
1924,C04-S02-I02-N05,C04,불능
1924,C04-S02-I02-N05,C04,일인
1924,C04-S02-I02-N05,C04,존재
1924,C04-S02-I02-N05,C04,천지자연
1924,C04-S02-I02-N05,C04,연상
1924,C04-S02-I02-N05,C04,노자
1924,C04-S02-I02-N05,C04,무위자연
1924,C04-S02-I02-N05,C04,주장
1924,C04-S02-I02-N05,C04,근거
1924,C04-S02-I03-N01,C04,제삼
1924,C04-S02-I03-N01,C04,시간
1924,C04-S02-I03-N01,C04,공간
1924,C04-S02-I03-N01,C04,통일
1924,C04-S02-I03-N01,C04,본능
1924,C04-S02-I03-N01,C04,대덕
1924,C04-S02-I03-N01,C04,以上
1924,C04-S02-I03-N01,C04,자연
1924,C04-S02-I03-N01,C04,은택
1924,C04-S02-I03-N01,C04,향수
1924,C04-S02-I03-N01,C04,일반
1924,C04-S02-I03-N01,C04,만유
1924,C04-S02-I03-N01,C04,피차
1924,C04-S02-I03-N01,C04,상호
1924,C04-S02-I03-N01,C04,관계
1924,C04-S02-I03-N01,C04,본능
1924,C04-S02-I03-N01,C04,만유
1924,C04-S02-I03-N01,C04,본능
1924,C04-S02-I03-N01,C04,본능
1924,C04-S02-I03-N01,C04,근본
1924,C04-S02-I03-N01,C04,동일
1924,C04-S02-I03-N01,C04,전자
1924,C04-S02-I03-N01,C04,각기
1924,C04-S02-I03-N01,C04,특수
1924,C04-S02-I03-N01,C04,일부
1924,C04-S02-I03-N01,C04,본능
1924,C04-S02-I03-N01,C04,반대
1924,C04-S02-I03-N01,C04,후자
1924,C04-S02-I03-N01,C04,만유공통
1924,C04-S02-I03-N01,C04,보편
1924,C04-S02-I03-N01,C04,본능
1924,C04-S02-I03-N02,C04,본능
1924,C04-S02-I03-N02,C04,진화상
1924,C04-S02-I03-N02,C04,과정
1924,C04-S02-I03-N02,C04,일반
1924,C04-S02-I03-N02,C04,만유
1924,C04-S02-I03-N02,C04,본능
1924,C04-S02-I03-N02,C04,자기
1924,C04-S02-I03-N02,C04,포용
1924,C04-S02-I03-N02,C04,보편적
1924,C04-S02-I03-N02,C04,본능
1924,C04-S02-I03-N02,C04,본능
1924,C04-S02-I03-N02,C04,근본
1924,C04-S02-I03-N02,C04,광대무량
1924,C04-S02-I03-N02,C04,전범위
1924,C04-S02-I03-N02,C04,개척
1924,C04-S02-I03-N02,C04,소부분
1924,C04-S02-I03-N02,C04,표현
1924,C04-S02-I03-N02,C04,불과
1924,C04-S02-I03-N02,C04,대부분
1924,C04-S02-I03-N02,C04,理想
1924,C04-S02-I03-N02,C04,경애
1924,C04-S02-I03-N02,C04,방치
1924,C04-S02-I03-N02,C04,혹시
1924,C04-S02-I03-N02,C04,미발견
1924,C04-S02-I03-N02,C04,은밀
1924,C04-S02-I03-N02,C04,고래
1924,C04-S02-I03-N02,C04,철인
1924,C04-S02-I03-N02,C04,대도대덕
1924,C04-S02-I03-N02,C04,무언불문
1924,C04-S02-I03-N02,C04,심증
1924,C04-S02-I03-N02,C04,대개
1924,C04-S02-I03-N02,C04,원인
1924,C04-S02-I03-N02,C04,소부분
1924,C04-S02-I03-N02,C04,개척
1924,C04-S02-I03-N02,C04,임의
1924,C04-S02-I04-N01,C04,사회성
1924,C04-S02-I04-N01,C04,사교적
1924,C04-S02-I04-N01,C04,본능
1924,C04-S02-I04-N01,C04,개벽
1924,C04-S02-I04-N01,C04,이후
1924,C04-S02-I04-N01,C04,단체생활
1924,C04-S02-I04-N01,C04,경영
1924,C04-S02-I04-N01,C04,가정생활
1924,C04-S02-I04-N01,C04,부락생활
1924,C04-S02-I04-N01,C04,국가생활
1924,C04-S02-I04-N01,C04,내지
1924,C04-S02-I04-N01,C04,범사회적
1924,C04-S02-I04-N01,C04,생활
1924,C04-S02-I04-N01,C04,사회성
1924,C04-S02-I04-N01,C04,발달
1924,C04-S02-I04-N01,C04,注意
1924,C04-S02-I04-N01,C04,요건
1924,C04-S02-I04-N01,C04,정치적
1924,C04-S02-I04-N01,C04,단체생활
1924,C04-S02-I04-N01,C04,종교적
1924,C04-S02-I04-N01,C04,단체생활
1924,C04-S02-I04-N01,C04,정치적
1924,C04-S02-I04-N01,C04,단체생활
1924,C04-S02-I04-N01,C04,국가주의
1924,C04-S02-I04-N01,C04,민족주의
1924,C04-S02-I04-N01,C04,전세계
1924,C04-S02-I04-N01,C04,통일
1924,C04-S02-I04-N02,C04,지금
1924,C04-S02-I04-N02,C04,인위적
1924,C04-S02-I04-N02,C04,강력
1924,C04-S02-I04-N02,C04,자리적
1924,C04-S02-I04-N02,C04,主義
1924,C04-S02-I04-N02,C04,소산
1924,C04-S02-I04-N02,C04,진시황
1924,C04-S02-I04-N02,C04,아력산대왕
1924,C04-S02-I04-N02,C04,근대
1924,C04-S02-I04-N02,C04,나파륜
1924,C04-S02-I04-N02,C04,인물
1924,C04-S02-I04-N02,C04,主義
1924,C04-S02-I04-N02,C04,대표적
1924,C04-S02-I04-N02,C04,종교적
1924,C04-S02-I04-N02,C04,생활
1924,C04-S02-I04-N02,C04,안중
1924,C04-S02-I04-N02,C04,국가
1924,C04-S02-I04-N02,C04,민족
1924,C04-S02-I04-N02,C04,인류
1924,C04-S02-I04-N02,C04,인류본성
1924,C04-S02-I04-N02,C04,의거
1924,C04-S02-I04-N02,C04,정신적
1924,C04-S02-I04-N02,C04,왕국
1924,C04-S02-I04-N02,C04,건설
1924,C04-S02-I04-N02,C04,역대
1924,C04-S02-I04-N02,C04,위대
1924,C04-S02-I04-N02,C04,종교
1924,C04-S02-I04-N02,C04,시조
1924,C04-S02-I04-N02,C04,대표주의자
1924,C04-S02-I04-N02,C04,제국주의
1924,C04-S02-I04-N02,C04,군국주의
1924,C04-S02-I04-N02,C04,폭력
1924,C04-S02-I04-N02,C04,세계
1924,C04-S02-I04-N02,C04,통일
1924,C04-S02-I04-N02,C04,반대
1924,C04-S02-I04-N02,C04,인류주의적
1924,C04-S02-I04-N02,C04,종교적
1924,C04-S02-I04-N02,C04,생활
1924,C04-S02-I04-N02,C04,정신
1924,C04-S02-I04-N02,C04,도덕주의
1924,C04-S02-I04-N02,C04,세계
1924,C04-S02-I04-N02,C04,통일
1924,C04-S02-I04-N03,C04,主義
1924,C04-S02-I04-N03,C04,세불득이
1924,C04-S02-I04-N03,C04,인류개성
1924,C04-S02-I04-N03,C04,발달
1924,C04-S02-I04-N03,C04,불가
1924,C04-S02-I04-N03,C04,전자
1924,C04-S02-I04-N03,C04,실제적
1924,C04-S02-I04-N03,C04,세력
1924,C04-S02-I04-N03,C04,다대
1924,C04-S02-I04-N03,C04,반대
1924,C04-S02-I04-N03,C04,후자
1924,C04-S02-I04-N03,C04,인류주의
1924,C04-S02-I04-N03,C04,비교적
1924,C04-S02-I04-N03,C04,理想
1924,C04-S02-I04-N03,C04,실현
1924,C04-S02-I04-N03,C04,현저
1924,C04-S02-I04-N03,C04,소이
1924,C04-S02-I04-N03,C04,注意
1924,C04-S02-I04-N03,C04,세계대전
1924,C04-S02-I04-N03,C04,이후
1924,C04-S02-I04-N03,C04,현저
1924,C04-S02-I04-N03,C04,세계통일
1924,C04-S02-I04-N03,C04,理想
1924,C04-S02-I04-N03,C04,실제가
1924,C04-S02-I04-N03,C04,유물사
1924,C04-S02-I04-N03,C04,경제적
1924,C04-S02-I04-N03,C04,민중
1924,C04-S02-I04-N03,C04,균등
1924,C04-S02-I04-N03,C04,요구
1924,C04-S02-I04-N03,C04,사회주의적
1924,C04-S02-I04-N03,C04,사상
1924,C04-S02-I04-N03,C04,동사상
1924,C04-S02-I04-N03,C04,인류생활
1924,C04-S02-I04-N03,C04,중대요건
1924,C04-S02-I04-N03,C04,물질생활
1924,C04-S02-I04-N03,C04,근거
1924,C04-S02-I04-N03,C04,주장
1924,C04-S02-I04-N03,C04,만인
1924,C04-S02-I04-N03,C04,공동
1924,C04-S02-I04-N03,C04,행복
1924,C04-S02-I04-N03,C04,경제적
1924,C04-S02-I04-N03,C04,평등상
1924,C04-S02-I04-N03,C04,건설
1924,C04-S02-I04-N03,C04,기세
1924,C04-S02-I04-N03,C04,저지
1924,C04-S02-I04-N03,C04,금일
1924,C04-S02-I04-N03,C04,現狀
1924,C04-S02-I04-N04,C04,일변
1924,C04-S02-I04-N04,C04,印度
1924,C04-S02-I04-N04,C04,성웅
1924,C04-S02-I04-N04,C04,인류
1924,C04-S02-I04-N04,C04,행복
1924,C04-S02-I04-N04,C04,중요
1924,C04-S02-I04-N04,C04,정신상
1924,C04-S02-I04-N04,C04,행위
1924,C04-S02-I04-N04,C04,치중
1924,C04-S02-I04-N04,C04,사상
1924,C04-S02-I04-N04,C04,현대적
1924,C04-S02-I04-N04,C04,물질
1924,C04-S02-I04-N04,C04,문명
1924,C04-S02-I04-N04,C04,폐해
1924,C04-S02-I04-N04,C04,주저
1924,C04-S02-I04-N04,C04,신정신주의
1924,C04-S02-I04-N04,C04,인류
1924,C04-S02-I04-N04,C04,구제
1924,C04-S02-I04-N04,C04,사건
1924,C04-S02-I04-N04,C04,금일
1924,C04-S02-I04-N04,C04,이후
1924,C04-S02-I04-N04,C04,단체생활
1924,C04-S02-I04-N04,C04,물질
1924,C04-S02-I04-N04,C04,중심
1924,C04-S02-I04-N04,C04,최선
1924,C04-S02-I04-N04,C04,사회평등주의
1924,C04-S02-I04-N04,C04,정신
1924,C04-S02-I04-N04,C04,중심
1924,C04-S02-I04-N04,C04,최량
1924,C04-S02-I04-N04,C04,도덕평등주의
1924,C04-S02-I04-N04,C04,양량
1924,C04-S02-I04-N04,C04,합치점
1924,C04-S02-I04-N04,C04,연후
1924,C04-S02-I04-N04,C04,인류생활
1924,C04-S02-I04-N04,C04,신행복
1924,C04-S02-I04-N04,C04,도득
1924,C04-S02-I04-N04,C04,원리
1924,C04-S02-I04-N04,C04,물심량자
1924,C04-S02-I04-N04,C04,평등자유
1924,C04-S02-I04-N04,C04,포용
1924,C04-S02-I04-N04,C04,교훈
1924,C04-S02-I04-N04,C04,오인
1924,C04-S02-I04-N04,C04,인내천
1924,C04-S02-I04-N04,C04,인내천
1924,C04-S02-I04-N04,C04,외적
1924,C04-S02-I04-N04,C04,물질적
1924,C04-S02-I04-N04,C04,평등
1924,C04-S02-I04-N04,C04,요구
1924,C04-S02-I04-N04,C04,主義
1924,C04-S02-I04-N04,C04,동시
1924,C04-S02-I04-N04,C04,내적
1924,C04-S02-I04-N04,C04,정신적
1924,C04-S02-I04-N04,C04,창조
1924,C04-S02-I04-N04,C04,약기
1924,C04-S02-I04-N04,C04,主義
1924,C04-S02-I04-N04,C04,인내천주의
1924,C04-S02-I04-N04,C04,가애
1924,C04-S02-I04-N04,C04,자매
1924,C04-S02-I04-N05,C04,인내천
1924,C04-S02-I04-N05,C04,물질
1924,C04-S02-I04-N05,C04,정신
1924,C04-S02-I04-N05,C04,별별
1924,C04-S02-I04-N05,C04,구별
1924,C04-S02-I04-N05,C04,양자
1924,C04-S02-I04-N05,C04,실재론상
1924,C04-S02-I04-N05,C04,동일
1924,C04-S02-I04-N05,C04,파문
1924,C04-S02-I04-N05,C04,간주
1924,C04-S02-I04-N05,C04,전인류
1924,C04-S02-I04-N05,C04,단체생활
1924,C04-S02-I04-N05,C04,일체일심주의
1924,C04-S02-I04-N05,C04,引導
1924,C04-S02-I04-N05,C04,교화
1924,C04-S02-I04-N05,C04,전인류
1924,C04-S02-I04-N05,C04,동귀일체
1924,C04-S02-I04-N05,C04,심법하
1924,C04-S02-I04-N05,C04,神性
1924,C04-S02-I04-N05,C04,발동
1924,C04-S02-I05-N01,C04,창조성
1924,C04-S02-I05-N01,C04,창조성
1924,C04-S02-I05-N01,C04,사회성
1924,C04-S02-I05-N01,C04,양대
1924,C04-S02-I05-N01,C04,병행
1924,C04-S02-I05-N01,C04,대도정
1924,C04-S02-I05-N01,C04,개벽이래
1924,C04-S02-I05-N01,C04,문득
1924,C04-S02-I05-N01,C04,발명
1924,C04-S02-I05-N01,C04,시작
1924,C04-S02-I05-N01,C04,자연
1924,C04-S02-I05-N01,C04,정복
1924,C04-S02-I05-N01,C04,일변
1924,C04-S02-I05-N01,C04,창조적
1924,C04-S02-I05-N01,C04,발명
1924,C04-S02-I05-N01,C04,개시
1924,C04-S02-I05-N01,C04,창조적
1924,C04-S02-I05-N01,C04,위력
1924,C04-S02-I05-N01,C04,발견
1924,C04-S02-I05-N01,C04,일대발명
1924,C04-S02-I05-N01,C04,창조성
1924,C04-S02-I05-N01,C04,신비력
1924,C04-S02-I05-N01,C04,인정
1924,C04-S02-I05-N01,C04,연구
1924,C04-S02-I05-N01,C04,연구
1924,C04-S02-I05-N01,C04,발명
1924,C04-S02-I05-N01,C04,발명
1924,C04-S02-I05-N02,C04,소유충동
1924,C04-S02-I05-N02,C04,비난
1924,C04-S02-I05-N02,C04,창조충동
1924,C04-S02-I05-N02,C04,구가
1924,C04-S02-I05-N02,C04,장래
1924,C04-S02-I05-N02,C04,신사회
1924,C04-S02-I05-N02,C04,행복
1924,C04-S02-I05-N02,C04,창조충동
1924,C04-S02-I05-N02,C04,건설
1924,C04-S02-I05-N02,C04,의미
1924,C04-S02-I05-N02,C04,위력
1924,C04-S02-I05-N02,C04,발미
1924,C04-S02-I05-N02,C04,소유욕망
1924,C04-S02-I05-N02,C04,소유충동
1924,C04-S02-I05-N02,C04,방면
1924,C04-S02-I05-N02,C04,세계
1924,C04-S02-I05-N02,C04,기유
1924,C04-S02-I05-N02,C04,기성
1924,C04-S02-I05-N02,C04,부분
1924,C04-S02-I05-N02,C04,탈취
1924,C04-S02-I05-N02,C04,목적
1924,C04-S02-I05-N02,C04,불가불
1924,C04-S02-I05-N02,C04,퇴화
1924,C04-S02-I05-N02,C04,비참
1924,C04-S02-I05-N02,C04,경우
1924,C04-S02-I05-N02,C04,낙하
1924,C04-S02-I05-N02,C04,국가
1924,C04-S02-I05-N02,C04,민족
1924,C04-S02-I05-N02,C04,일반민중
1924,C04-S02-I05-N02,C04,행복
1924,C04-S02-I05-N02,C04,시대
1924,C04-S02-I05-N02,C04,대개
1924,C04-S02-I05-N02,C04,창조심
1924,C04-S02-I05-N02,C04,성왕
1924,C04-S02-I05-N02,C04,기시
1924,C04-S02-I05-N02,C04,행복
1924,C04-S02-I05-N02,C04,전자
1924,C04-S02-I05-N02,C04,불재
1924,C04-S02-I05-N02,C04,후자
1924,C04-S02-I05-N02,C04,가지
1924,C04-S02-I05-N03,C04,원래
1924,C04-S02-I05-N03,C04,본능
1924,C04-S02-I05-N03,C04,욕망
1924,C04-S02-I05-N03,C04,욕망
1924,C04-S02-I05-N03,C04,정신적
1924,C04-S02-I05-N03,C04,물질적
1924,C04-S02-I05-N03,C04,대사건
1924,C04-S02-I05-N03,C04,무한
1924,C04-S02-I05-N03,C04,욕망
1924,C04-S02-I05-N03,C04,증명
1924,C04-S02-I05-N03,C04,무한
1924,C04-S02-I05-N03,C04,욕망
1924,C04-S02-I05-N03,C04,유한
1924,C04-S02-I05-N03,C04,물질
1924,C04-S02-I05-N03,C04,경쟁
1924,C04-S02-I05-N03,C04,무궁주의
1924,C04-S02-I05-N03,C04,모순
1924,C04-S02-I05-N03,C04,소이
1924,C04-S02-I05-N03,C04,무한
1924,C04-S02-I05-N03,C04,유한
1924,C04-S02-I05-N03,C04,쟁탈
1924,C04-S02-I05-N03,C04,세불득이
1924,C04-S02-I05-N03,C04,폭학무치
1924,C04-S02-I05-N03,C04,행위
1924,C04-S02-I05-N03,C04,감행
1924,C04-S02-I05-N03,C04,도저
1924,C04-S02-I05-N04,C04,천도
1924,C04-S02-I05-N04,C04,위법
1924,C04-S02-I05-N04,C04,무한
1924,C04-S02-I05-N04,C04,욕망
1924,C04-S02-I05-N04,C04,무한
1924,C04-S02-I05-N04,C04,향락
1924,C04-S02-I05-N04,C04,무한
1924,C04-S02-I05-N04,C04,상대
1924,C04-S02-I05-N04,C04,욕망
1924,C04-S02-I05-N04,C04,발진
1924,C04-S02-I05-N04,C04,향락
1924,C04-S02-I05-N04,C04,향상
1924,C04-S02-I05-N04,C04,인류당연
1924,C04-S02-I05-N04,C04,행위
1924,C04-S02-I05-N04,C04,하고
1924,C04-S02-I05-N04,C04,무한
1924,C04-S02-I05-N04,C04,무한
1924,C04-S02-I05-N04,C04,추구
1924,C04-S02-I05-N04,C04,경쟁
1924,C04-S02-I05-N04,C04,상부상조
1924,C04-S02-I05-N04,C04,인간미적
1924,C04-S02-I05-N04,C04,흥미
1924,C04-S02-I05-N04,C04,기인
1924,C04-S02-I05-N04,C04,공기
1924,C04-S02-I05-N04,C04,무한
1924,C04-S02-I05-N04,C04,공기
1924,C04-S02-I05-N04,C04,다흡
1924,C04-S02-I05-N04,C04,방해
1924,C04-S02-I05-N04,C04,광선
1924,C04-S02-I05-N04,C04,무한
1924,C04-S02-I05-N04,C04,광선
1924,C04-S02-I05-N04,C04,다수
1924,C04-S02-I05-N04,C04,한독
1924,C04-S02-I05-N04,C04,창조적
1924,C04-S02-I05-N04,C04,욕망
1924,C04-S02-I05-N04,C04,진리
1924,C04-S02-I05-N04,C04,추구
1924,C04-S02-I05-N04,C04,예술
1924,C04-S02-I05-N04,C04,정신적
1924,C04-S02-I05-N04,C04,창조욕망
1924,C04-S02-I05-N04,C04,인류
1924,C04-S02-I05-N04,C04,쟁탈적
1924,C04-S02-I05-N04,C04,불상사
1924,C04-S02-I05-N04,C04,만유인력
1924,C04-S02-I05-N04,C04,발견
1924,C04-S02-I05-N04,C04,세상
1924,C04-S02-I05-N04,C04,쟁탈
1924,C04-S02-I05-N04,C04,상대성원리
1924,C04-S02-I05-N04,C04,발명
1924,C04-S02-I05-N04,C04,쟁탈
1924,C04-S02-I05-N04,C04,만인
1924,C04-S02-I05-N04,C04,희열
1924,C04-S02-I05-N04,C04,세상
1924,C04-S02-I05-N04,C04,향상
1924,C04-S02-I05-N04,C04,최진
1924,C04-S02-I05-N04,C04,동기
1924,C04-S02-I05-N04,C04,창조적
1924,C04-S02-I05-N04,C04,욕망
1924,C04-S02-I06-N01,C04,以上
1924,C04-S02-I06-N01,C04,개념
1924,C04-S02-I06-N01,C04,일언
1924,C04-S02-I06-N01,C04,총괄
1924,C04-S02-I06-N01,C04,외재적
1924,C04-S02-I06-N01,C04,내재덕
1924,C04-S02-I06-N01,C04,구별
1924,C04-S02-I06-N01,C04,외재적
1924,C04-S02-I06-N01,C04,환경
1924,C04-S02-I06-N01,C04,관계
1924,C04-S02-I06-N01,C04,상술
1924,C04-S02-I06-N01,C04,사회륜리
1924,C04-S02-I06-N01,C04,천지자연
1924,C04-S02-I06-N01,C04,내재적
1924,C04-S02-I06-N01,C04,무궁
1924,C04-S02-I06-N01,C04,대덕
1924,C04-S02-I06-N01,C04,내외
1924,C04-S02-I06-N01,C04,원만
1924,C04-S02-I06-N01,C04,발휘
1924,C04-S02-I06-N01,C04,인내천
1924,C04-S02-I06-N01,C04,목적
1924,C04-S02-I06-N01,C04,덕치시대
1924,C04-S02-I06-N01,C04,인내천
1924,C04-S02-I06-N01,C04,理想
1924,C04-S02-I06-N01,C04,장래
1924,C04-S02-I06-N01,C04,확실
1924,C04-S02-I06-N01,C04,덕치시대
1924,C04-S02-I06-N02,C04,덕치시대
1924,C04-S02-I06-N02,C04,현대
1924,C04-S02-I06-N02,C04,권력
1924,C04-S02-I06-N02,C04,제재
1924,C04-S02-I06-N02,C04,덕화
1924,C04-S02-I06-N02,C04,호상간
1924,C04-S02-I06-N02,C04,부조
1924,C04-S02-I06-N02,C04,협동
1924,C04-S02-I06-N02,C04,자기
1924,C04-S02-I06-N02,C04,자기
1924,C04-S02-I06-N02,C04,지력
1924,C04-S02-I06-N02,C04,자치
1924,C04-S02-I06-N02,C04,시대
1924,C04-S02-I06-N02,C04,역사
1924,C04-S02-I06-N02,C04,확실
1924,C04-S02-I06-N02,C04,증거
1924,C04-S02-I06-N02,C04,시대
1924,C04-S02-I06-N02,C04,확실
1924,C04-S02-I06-N02,C04,덕치시대
1924,C04-S02-I06-N02,C04,분명
1924,C04-S02-I06-N02,C04,노자
1924,C04-S02-I06-N02,C04,평상
1924,C04-S02-I06-N02,C04,구가
1924,C04-S02-I06-N02,C04,무위자연
1924,C04-S02-I06-N02,C04,시대
1924,C04-S02-I06-N02,C04,분명
1924,C04-S02-I06-N02,C04,시대
1924,C04-S02-I06-N02,C04,인의
1924,C04-S02-I06-N02,C04,권력
1924,C04-S02-I06-N02,C04,고통
1924,C04-S02-I06-N02,C04,자연
1924,C04-S02-I06-N02,C04,천연
1924,C04-S02-I06-N02,C04,결승
1924,C04-S02-I06-N02,C04,민생
1924,C04-S02-I06-N02,C04,시대
1924,C04-S02-I06-N02,C04,무위자연
1924,C04-S02-I06-N02,C04,시대
1924,C04-S02-I06-N02,C04,지나
1924,C04-S02-I06-N02,C04,회장시대
1924,C04-S02-I06-N02,C04,요순
1924,C04-S02-I06-N02,C04,풍속
1924,C04-S02-I06-N02,C04,형적
1924,C04-S02-I06-N03,C04,경전이식
1924,C04-S02-I06-N03,C04,착정이음
1924,C04-S02-I06-N03,C04,제력
1924,C04-S02-I06-N03,C04,강구
1924,C04-S02-I06-N03,C04,연월
1924,C04-S02-I06-N03,C04,저간
1924,C04-S02-I06-N03,C04,소식
1924,C04-S02-I06-N03,C04,시대
1924,C04-S02-I06-N03,C04,진화
1924,C04-S02-I06-N03,C04,인간사회
1924,C04-S02-I06-N03,C04,덕화생활
1924,C04-S02-I06-N03,C04,역사
1924,C04-S02-I06-N03,C04,기록
1924,C04-S02-I06-N03,C04,덕치시대
1924,C04-S02-I06-N03,C04,법치시대
1924,C04-S02-I06-N03,C04,법치시대
1924,C04-S02-I06-N03,C04,철인정치
1924,C04-S02-I06-N03,C04,시대
1924,C04-S02-I06-N03,C04,영웅정치
1924,C04-S02-I06-N03,C04,시대
1924,C04-S02-I06-N03,C04,민중
1924,C04-S02-I06-N03,C04,비교적
1924,C04-S02-I06-N03,C04,지력
1924,C04-S02-I06-N03,C04,완력
1924,C04-S02-I06-N03,C04,초월
1924,C04-S02-I06-N03,C04,영철
1924,C04-S02-I06-N03,C04,개인
1924,C04-S02-I06-N03,C04,민중
1924,C04-S02-I06-N03,C04,농락
1924,C04-S02-I06-N03,C04,자기
1924,C04-S02-I06-N03,C04,理想
1924,C04-S02-I06-N03,C04,합치
1924,C04-S02-I06-N03,C04,정치
1924,C04-S02-I06-N04,C04,인의례지
1924,C04-S02-I06-N04,C04,예락형정
1924,C04-S02-I06-N04,C04,사농공상
1924,C04-S02-I06-N04,C04,제도
1924,C04-S02-I06-N04,C04,법규
1924,C04-S02-I06-N04,C04,규모
1924,C04-S02-I06-N04,C04,통일
1924,C04-S02-I06-N04,C04,민성
1924,C04-S02-I06-N04,C04,교정
1924,C04-S02-I06-N04,C04,민행
1924,C04-S02-I06-N04,C04,구속
1924,C04-S02-I06-N04,C04,어시
1924,C04-S02-I06-N04,C04,민생
1924,C04-S02-I06-N04,C04,영웅
1924,C04-S02-I06-N04,C04,철인
1924,C04-S02-I06-N04,C04,자기
1924,C04-S02-I06-N04,C04,민중
1924,C04-S02-I06-N04,C04,법치시대
1924,C04-S02-I06-N04,C04,기호
1924,C04-S02-I06-N04,C04,사천년
1924,C04-S02-I06-N04,C04,역사
1924,C04-S02-I06-N04,C04,번복
1924,C04-S02-I06-N04,C04,기도
1924,C04-S02-I06-N04,C04,농락
1924,C04-S02-I06-N04,C04,금일
1924,C04-S02-I06-N04,C04,형편
1924,C04-S02-I06-N04,C04,현대
1924,C04-S02-I06-N04,C04,생활
1924,C04-S02-I06-N04,C04,법치시대
1924,C04-S02-I06-N04,C04,절정
1924,C04-S02-I06-N05,C04,법치시대
1924,C04-S02-I06-N05,C04,최정점
1924,C04-S02-I06-N05,C04,법치시대
1924,C04-S02-I06-N05,C04,말일
1924,C04-S02-I06-N05,C04,법치시대
1924,C04-S02-I06-N05,C04,생활
1924,C04-S02-I06-N05,C04,민생
1924,C04-S02-I06-N05,C04,기계적
1924,C04-S02-I06-N05,C04,사막적
1924,C04-S02-I06-N05,C04,건조무미
1924,C04-S02-I06-N05,C04,생활
1924,C04-S02-I06-N05,C04,흥미
1924,C04-S02-I06-N05,C04,농후
1924,C04-S02-I06-N05,C04,풍미
1924,C04-S02-I06-N05,C04,시대
1924,C04-S02-I06-N05,C04,금일
1924,C04-S02-I06-N05,C04,이후
1924,C04-S02-I06-N05,C04,세계대세
1924,C04-S02-I06-N05,C04,법치시대
1924,C04-S02-I06-N05,C04,일층
1924,C04-S02-I06-N05,C04,완전
1924,C04-S02-I06-N05,C04,일층
1924,C04-S02-I06-N05,C04,원만
1924,C04-S02-I06-N05,C04,신덕치시대
1924,C04-S02-I06-N05,C04,인내천
1924,C04-S02-I06-N05,C04,덕치시대
1924,C04-S02-I06-N06,C04,금일
1924,C04-S02-I06-N06,C04,이후
1924,C04-S02-I06-N06,C04,인간사회
1924,C04-S02-I06-N06,C04,덕치시대
1924,C04-S02-I06-N06,C04,천량
1924,C04-S02-I06-N06,C04,인세
1924,C04-S02-I06-N06,C04,태고야만
1924,C04-S02-I06-N06,C04,생활
1924,C04-S02-I06-N06,C04,복구
1924,C04-S02-I06-N06,C04,의혹
1924,C04-S02-I06-N06,C04,금일
1924,C04-S02-I06-N06,C04,이후
1924,C04-S02-I06-N06,C04,신덕치시대
1924,C04-S02-I06-N06,C04,태고맹목
1924,C04-S02-I06-N06,C04,덕치시대
1924,C04-S02-I06-N06,C04,비교
1924,C04-S02-I06-N06,C04,시대
1924,C04-S02-I06-N06,C04,시대
1924,C04-S02-I06-N06,C04,진화
1924,C04-S02-I06-N06,C04,과정
1924,C04-S02-I06-N06,C04,이상적
1924,C04-S02-I06-N06,C04,덕치시대
1924,C04-S02-I06-N06,C04,인지
1924,C04-S02-I06-N06,C04,자각
1924,C04-S02-I06-N06,C04,원만
1924,C04-S02-I06-N06,C04,자치적
1924,C04-S02-I06-N06,C04,덕치시대
1924,C04-S02-I06-N06,C04,태고
1924,C04-S02-I06-N06,C04,덕치시대
1924,C04-S02-I06-N06,C04,아해
1924,C04-S02-I06-N06,C04,천진란만
1924,C04-S02-I06-N06,C04,상태
1924,C04-S02-I06-N06,C04,덕치시대
1924,C04-S02-I06-N06,C04,신덕치시대
1924,C04-S02-I06-N06,C04,소년시대
1924,C04-S02-I06-N06,C04,장년시대
1924,C04-S02-I06-N06,C04,一切
1924,C04-S02-I06-N06,C04,인간고
1924,C04-S02-I06-N06,C04,단련
1924,C04-S02-I06-N06,C04,경험
1924,C04-S02-I06-N06,C04,지덕원만
1924,C04-S02-I06-N06,C04,성자
1924,C04-S02-I06-N06,C04,덕치시대
1924,C04-S02-I06-N06,C04,지나
1924,C04-S02-I06-N06,C04,신덕치시대
1924,C04-S02-I06-N06,C04,인물
1924,C04-S02-I06-N06,C04,성자적
1924,C04-S02-I06-N06,C04,장년인물
1924,C04-S02-I06-N07,C04,신덕치
1924,C04-S02-I06-N07,C04,시대
1924,C04-S02-I06-N07,C04,생활
1924,C04-S02-I06-N07,C04,현대문명
1924,C04-S02-I06-N07,C04,편리
1924,C04-S02-I06-N07,C04,행복
1924,C04-S02-I06-N07,C04,증류
1924,C04-S02-I06-N07,C04,만인
1924,C04-S02-I06-N07,C04,편리
1924,C04-S02-I06-N07,C04,행복
1924,C04-S02-I06-N07,C04,덕치시대
1924,C04-S02-I06-N07,C04,덕치시대
1924,C04-S02-I06-N07,C04,지상
1924,C04-S02-I06-N07,C04,천국
1924,C04-S02-I06-N07,C04,덕치시대
1924,C04-S02-I06-N07,C04,인내천
1924,C04-S02-I06-N07,C04,목적
1924,C04-S03-I01-N01,C04,대개
1924,C04-S03-I01-N01,C04,포덕천하
1924,C04-S03-I01-N01,C04,목적
1924,C04-S03-I01-N01,C04,광제창생
1924,C04-S03-I01-N01,C04,현대생활
1924,C04-S03-I01-N01,C04,고통중
1924,C04-S03-I01-N01,C04,구제
1924,C04-S03-I01-N01,C04,以上
1924,C04-S03-I01-N01,C04,행복
1924,C04-S03-I01-N01,C04,경애
1924,C04-S03-I01-N01,C04,도달
1924,C04-S03-I01-N01,C04,노력
1924,C04-S03-I01-N01,C04,운동
1924,C04-S03-I01-N01,C04,대신사
1924,C04-S03-I01-N01,C04,천어
1924,C04-S03-I01-N01,C04,영부
1924,C04-S03-I01-N01,C04,성주
1924,C04-S03-I01-N01,C04,질병
1924,C04-S03-I01-N01,C04,심절
1924,C04-S03-I01-N01,C04,교훈
1924,C04-S03-I01-N01,C04,제인질병
1924,C04-S03-I01-N01,C04,고찰
1924,C04-S03-I01-N01,C04,세상
1924,C04-S03-I01-N01,C04,확실
1924,C04-S03-I01-N01,C04,질병중
1924,C04-S03-I01-N01,C04,명백
1924,C04-S03-I01-N01,C04,현대문명
1924,C04-S03-I01-N01,C04,문명적
1924,C04-S03-I01-N01,C04,생활중
1924,C04-S03-I01-N01,C04,수정
1924,C04-S03-I01-N01,C04,치료
1924,C04-S03-I01-N01,C04,필연
1924,C04-S03-I01-N01,C04,치명상
1924,C04-S03-I01-N01,C04,질병
1924,C04-S03-I01-N01,C04,분명
1924,C04-S03-I01-N01,C04,일개인
1924,C04-S03-I01-N01,C04,육체적
1924,C04-S03-I01-N01,C04,질병
1924,C04-S03-I01-N01,C04,신체
1924,C04-S03-I01-N01,C04,정신
1924,C04-S03-I01-N01,C04,불조화
1924,C04-S03-I01-N01,C04,생리
1924,C04-S03-I01-N01,C04,부분
1924,C04-S03-I01-N01,C04,악질
1924,C04-S03-I01-N01,C04,난증
1924,C04-S03-I01-N01,C04,전신체
1924,C04-S03-I01-N01,C04,막대
1924,C04-S03-I01-N01,C04,고통
1924,C04-S03-I01-N01,C04,현대
1924,C04-S03-I01-N01,C04,생활현상
1924,C04-S03-I01-N01,C04,사회생활
1924,C04-S03-I01-N01,C04,불통일
1924,C04-S03-I01-N01,C04,사회정신
1924,C04-S03-I01-N01,C04,불조화
1924,C04-S03-I01-N01,C04,막대
1924,C04-S03-I01-N01,C04,질병
1924,C04-S03-I01-N01,C04,고통
1924,C04-S03-I01-N01,C04,현상
1924,C04-S03-I01-N02,C04,질병
1924,C04-S03-I01-N02,C04,대신사
1924,C04-S03-I01-N02,C04,당당
1924,C04-S03-I01-N02,C04,정리
1924,C04-S03-I01-N02,C04,일세상
1924,C04-S03-I01-N02,C04,인물
1924,C04-S03-I01-N02,C04,도탄중
1924,C04-S03-I01-N02,C04,대저인간
1924,C04-S03-I01-N02,C04,초목군생
1924,C04-S03-I01-N02,C04,사생
1924,C04-S03-I01-N02,C04,현재생활
1924,C04-S03-I01-N02,C04,천명
1924,C04-S03-I01-N02,C04,절실
1924,C04-S03-I01-N02,C04,교훈
1924,C04-S03-I01-N02,C04,과연
1924,C04-S03-I01-N03,C04,생활중
1924,C04-S03-I01-N03,C04,문제
1924,C04-S03-I01-N03,C04,막대
1924,C04-S03-I01-N03,C04,생사
1924,C04-S03-I01-N03,C04,조건
1924,C04-S03-I01-N03,C04,천명
1924,C04-S03-I01-N03,C04,현대문명
1924,C04-S03-I01-N03,C04,생활
1924,C04-S03-I01-N03,C04,폐해
1924,C04-S03-I01-N03,C04,기순
1924,C04-S03-I01-N03,C04,빈부귀천
1924,C04-S03-I01-N03,C04,차별
1924,C04-S03-I01-N03,C04,피아
1924,C04-S03-I01-N03,C04,고통
1924,C04-S03-I01-N03,C04,우수
1924,C04-S03-I01-N03,C04,기근
1924,C04-S03-I01-N03,C04,질병
1924,C04-S03-I01-N03,C04,전쟁
1924,C04-S03-I01-N03,C04,원인
1924,C04-S03-I01-N03,C04,요절
1924,C04-S03-I01-N03,C04,비참
1924,C04-S03-I01-N03,C04,대개
1924,C04-S03-I01-N03,C04,죄악
1924,C04-S03-I01-N03,C04,천명
1924,C04-S03-I01-N03,C04,순응
1924,C04-S03-I01-N04,C04,대개
1924,C04-S03-I01-N04,C04,현재
1924,C04-S03-I01-N04,C04,생활중
1924,C04-S03-I01-N04,C04,해악
1924,C04-S03-I01-N04,C04,부분
1924,C04-S03-I01-N04,C04,대별
1924,C04-S03-I01-N04,C04,삼종
1924,C04-S03-I01-N04,C04,제일
1924,C04-S03-I01-N04,C04,생리적
1924,C04-S03-I01-N04,C04,해악
1924,C04-S03-I01-N04,C04,질병
1924,C04-S03-I01-N04,C04,기타
1924,C04-S03-I01-N04,C04,자체적
1924,C04-S03-I01-N04,C04,고통
1924,C04-S03-I01-N04,C04,제이
1924,C04-S03-I01-N04,C04,정신적
1924,C04-S03-I01-N04,C04,해악
1924,C04-S03-I01-N04,C04,무지
1924,C04-S03-I01-N04,C04,의지
1924,C04-S03-I01-N04,C04,박약
1924,C04-S03-I01-N04,C04,감정
1924,C04-S03-I01-N04,C04,격렬
1924,C04-S03-I01-N04,C04,미신
1924,C04-S03-I01-N04,C04,침혹
1924,C04-S03-I01-N04,C04,제삼
1924,C04-S03-I01-N04,C04,권력적
1924,C04-S03-I01-N04,C04,해악
1924,C04-S03-I01-N04,C04,종교적
1924,C04-S03-I01-N04,C04,권력
1924,C04-S03-I01-N04,C04,정치적
1924,C04-S03-I01-N04,C04,권력
1924,C04-S03-I01-N04,C04,경제적
1924,C04-S03-I01-N04,C04,권력
1924,C04-S03-I01-N04,C04,내지
1924,C04-S03-I01-N04,C04,一切
1924,C04-S03-I01-N04,C04,자유
1924,C04-S03-I01-N04,C04,간섭적
1924,C04-S03-I01-N04,C04,권력
1924,C04-S03-I01-N04,C04,현대
1924,C04-S03-I01-N04,C04,생활
1924,C04-S03-I01-N04,C04,삼대
1924,C04-S03-I01-N04,C04,해악
1924,C04-S03-I01-N04,C04,제거
1924,C04-S03-I01-N04,C04,인내천
1924,C04-S03-I01-N04,C04,목적
1924,C04-S03-I01-N04,C04,여하
1924,C04-S03-I01-N04,C04,방법
1924,C04-S03-I01-N04,C04,삼대해악
1924,C04-S03-I01-N04,C04,제거
1924,C04-S03-I01-N05,C04,以上
1924,C04-S03-I01-N05,C04,천어
1924,C04-S03-I01-N05,C04,대신사
1924,C04-S03-I01-N05,C04,수아령부
1924,C04-S03-I01-N05,C04,제인질병
1924,C04-S03-I01-N05,C04,삼대해악
1924,C04-S03-I01-N05,C04,치료
1924,C04-S03-I01-N05,C04,유일
1924,C04-S03-I01-N05,C04,보편
1924,C04-S03-I01-N05,C04,수단
1924,C04-S03-I01-N05,C04,제일
1924,C04-S03-I01-N05,C04,영부
1924,C04-S03-I01-N05,C04,천심
1924,C04-S03-I01-N05,C04,후장
1924,C04-S03-I01-N05,C04,영부론
1924,C04-S03-I01-N05,C04,참조
1924,C04-S03-I01-N05,C04,회복
1924,C04-S03-I01-N05,C04,진리
1924,C04-S03-I01-N05,C04,현대
1924,C04-S03-I01-N05,C04,인류
1924,C04-S03-I01-N05,C04,대개
1924,C04-S03-I01-N05,C04,악제도
1924,C04-S03-I01-N05,C04,악관습
1924,C04-S03-I01-N05,C04,침륜
1924,C04-S03-I01-N05,C04,본래
1924,C04-S03-I01-N05,C04,천지자연
1924,C04-S03-I01-N05,C04,진법성
1924,C04-S03-I01-N05,C04,자재
1924,C04-S03-I01-N05,C04,神性
1924,C04-S03-I01-N05,C04,상실
1924,C04-S03-I01-N05,C04,결과
1924,C04-S03-I01-N05,C04,금일
1924,C04-S03-I01-N05,C04,해독
1924,C04-S03-I01-N05,C04,무궁
1924,C04-S03-I01-N05,C04,자재
1924,C04-S03-I01-N05,C04,神性
1924,C04-S03-I01-N05,C04,상실
1924,C04-S03-I01-N05,C04,결과
1924,C04-S03-I01-N05,C04,생활
1924,C04-S03-I01-N05,C04,자연
1924,C04-S03-I01-N05,C04,분리
1924,C04-S03-I01-N05,C04,인위적
1924,C04-S03-I01-N05,C04,허위가식
1924,C04-S03-I01-N05,C04,생활
1924,C04-S03-I01-N05,C04,神性
1924,C04-S03-I01-N05,C04,분리
1924,C04-S03-I01-N05,C04,무궁
1924,C04-S03-I01-N05,C04,연맥
1924,C04-S03-I01-N05,C04,동포
1924,C04-S03-I01-N05,C04,분리
1924,C04-S03-I01-N05,C04,고립적
1924,C04-S03-I01-N05,C04,건조무미
1924,C04-S03-I01-N05,C04,생활
1924,C04-S03-I01-N05,C04,인간사회
1924,C04-S03-I01-N05,C04,진정
1924,C04-S03-I01-N05,C04,건강
1924,C04-S03-I01-N05,C04,진정
1924,C04-S03-I01-N05,C04,치료방법
1924,C04-S03-I01-N05,C04,개체
1924,C04-S03-I01-N05,C04,이면
1924,C04-S03-I01-N05,C04,복재
1924,C04-S03-I01-N05,C04,보편
1924,C04-S03-I01-N05,C04,神性
1924,C04-S03-I01-N05,C04,생활상
1924,C04-S03-I01-N05,C04,실현
1924,C04-S03-I01-N05,C04,개성
1924,C04-S03-I01-N05,C04,오전중
1924,C04-S03-I01-N05,C04,존재
1924,C04-S03-I01-N05,C04,보편
1924,C04-S03-I01-N05,C04,神性
1924,C04-S03-I01-N05,C04,유일
1924,C04-S03-I01-N05,C04,인간
1924,C04-S03-I01-N05,C04,구주
1924,C04-S03-I01-N05,C04,의치자
1924,C04-S03-I01-N05,C04,제세주
1924,C04-S03-I01-N05,C04,여하
1924,C04-S03-I01-N05,C04,개아
1924,C04-S03-I01-N05,C04,오전중
1924,C04-S03-I01-N05,C04,존재
1924,C04-S03-I01-N05,C04,보편아
1924,C04-S03-I01-N05,C04,神性
1924,C04-S03-I01-N05,C04,자아
1924,C04-S03-I01-N05,C04,실생활
1924,C04-S03-I01-N05,C04,표현
1924,C04-S03-I01-N05,C04,가득
1924,C04-S03-I01-N05,C04,해악
1924,C04-S03-I01-N05,C04,해탈
1924,C04-S03-I01-N05,C04,정신적
1924,C04-S03-I01-N05,C04,해악
1924,C04-S03-I01-N05,C04,해탈
1924,C04-S03-I01-N05,C04,생리적
1924,C04-S03-I01-N05,C04,해악
1924,C04-S03-I01-N05,C04,해탈
1924,C04-S03-I01-N05,C04,권력적
1924,C04-S03-I01-N05,C04,해악
1924,C04-S03-I01-N05,C04,해탈
1924,C04-S03-I02-N01,C04,구분
1924,C04-S03-I02-N01,C04,제일성
1924,C04-S03-I02-N01,C04,제이성
1924,C04-S03-I02-N01,C04,전자
1924,C04-S03-I02-N01,C04,본연
1924,C04-S03-I02-N01,C04,후자
1924,C04-S03-I02-N01,C04,인위적
1924,C04-S03-I02-N01,C04,관습
1924,C04-S03-I02-N01,C04,통상
1924,C04-S03-I02-N01,C04,심리
1924,C04-S03-I02-N01,C04,인심
1924,C04-S03-I02-N01,C04,술어
1924,C04-S03-I02-N01,C04,대개
1924,C04-S03-I02-N01,C04,후자
1924,C04-S03-I02-N01,C04,작용
1924,C04-S03-I02-N01,C04,관습성
1924,C04-S03-I02-N01,C04,인심
1924,C04-S03-I02-N01,C04,전체
1924,C04-S03-I02-N01,C04,원래
1924,C04-S03-I02-N01,C04,인류
1924,C04-S03-I02-N01,C04,타동물성
1924,C04-S03-I02-N01,C04,분가
1924,C04-S03-I02-N01,C04,학설상
1924,C04-S03-I02-N01,C04,근거
1924,C04-S03-I02-N01,C04,오십만년
1924,C04-S03-I02-N01,C04,장세월
1924,C04-S03-I02-N01,C04,습관성
1924,C04-S03-I02-N01,C04,형성
1924,C04-S03-I02-N01,C04,역사상
1924,C04-S03-I02-N01,C04,의미
1924,C04-S03-I02-N01,C04,오천년간
1924,C04-S03-I02-N01,C04,절대
1924,C04-S03-I02-N01,C04,구역
1924,C04-S03-I02-N01,C04,형성
1924,C04-S03-I02-N01,C04,자기생활
1924,C04-S03-I02-N01,C04,적응
1924,C04-S03-I02-N01,C04,풍속
1924,C04-S03-I02-N01,C04,습관
1924,C04-S03-I02-N01,C04,신앙
1924,C04-S03-I02-N01,C04,도덕륜리등
1924,C04-S03-I02-N01,C04,제도
1924,C04-S03-I02-N01,C04,제이천성
1924,C04-S03-I02-N01,C04,제이성
1924,C04-S03-I02-N01,C04,타동물성
1924,C04-S03-I02-N01,C04,만물
1924,C04-S03-I02-N01,C04,영장
1924,C04-S03-I02-N02,C04,제일성
1924,C04-S03-I02-N02,C04,제이성
1924,C04-S03-I02-N02,C04,개조
1924,C04-S03-I02-N02,C04,수다
1924,C04-S03-I02-N02,C04,인위적
1924,C04-S03-I02-N02,C04,강압수단
1924,C04-S03-I02-N02,C04,기초
1924,C04-S03-I02-N02,C04,종교적
1924,C04-S03-I02-N02,C04,기차
1924,C04-S03-I02-N02,C04,도덕적
1924,C04-S03-I02-N02,C04,우기차
1924,C04-S03-I02-N02,C04,법률적
1924,C04-S03-I02-N02,C04,정치적
1924,C04-S03-I02-N02,C04,강압적
1924,C04-S03-I02-N02,C04,습관
1924,C04-S03-I02-N02,C04,장구
1924,C04-S03-I02-N02,C04,세월
1924,C04-S03-I02-N02,C04,경유
1924,C04-S03-I02-N02,C04,불지불식간
1924,C04-S03-I02-N02,C04,정체
1924,C04-S03-I02-N02,C04,악폐
1924,C04-S03-I02-N02,C04,우상적
1924,C04-S03-I02-N02,C04,습관
1924,C04-S03-I02-N02,C04,정신상
1924,C04-S03-I02-N02,C04,해악
1924,C04-S03-I02-N02,C04,제거
1924,C04-S03-I02-N02,C04,시초
1924,C04-S03-I02-N02,C04,인습적
1924,C04-S03-I02-N02,C04,우상
1924,C04-S03-I02-N02,C04,해방
1924,C04-S03-I02-N02,C04,관습상
1924,C04-S03-I02-N02,C04,당연
1924,C04-S03-I02-N02,C04,해탈
1924,C04-S03-I02-N02,C04,악습
1924,C04-S03-I02-N02,C04,상고
1924,C04-S03-I02-N03,C04,제일
1924,C04-S03-I02-N03,C04,종족우상
1924,C04-S03-I02-N03,C04,종족우상
1924,C04-S03-I02-N03,C04,종족
1924,C04-S03-I02-N03,C04,종족
1924,C04-S03-I02-N03,C04,통유
1924,C04-S03-I02-N03,C04,미신
1924,C04-S03-I02-N03,C04,종족
1924,C04-S03-I02-N03,C04,종교적
1924,C04-S03-I02-N03,C04,미신
1924,C04-S03-I02-N03,C04,풍속습관적
1924,C04-S03-I02-N03,C04,미신
1924,C04-S03-I02-N03,C04,제이
1924,C04-S03-I02-N03,C04,암굴우상
1924,C04-S03-I02-N03,C04,사상
1924,C04-S03-I02-N03,C04,암굴
1924,C04-S03-I02-N03,C04,선인
1924,C04-S03-I02-N03,C04,자기
1924,C04-S03-I02-N03,C04,주관적
1924,C04-S03-I02-N03,C04,구속
1924,C04-S03-I02-N03,C04,편견
1924,C04-S03-I02-N03,C04,미신
1924,C04-S03-I02-N03,C04,제삼
1924,C04-S03-I02-N03,C04,시장우상
1924,C04-S03-I02-N03,C04,교통시장
1924,C04-S03-I02-N03,C04,언어적
1924,C04-S03-I02-N03,C04,편견
1924,C04-S03-I02-N03,C04,미신
1924,C04-S03-I02-N03,C04,제사
1924,C04-S03-I02-N03,C04,극장우상
1924,C04-S03-I02-N03,C04,무대
1924,C04-S03-I02-N03,C04,배우
1924,C04-S03-I02-N03,C04,가면
1924,C04-S03-I02-N03,C04,활동
1924,C04-S03-I02-N03,C04,학자
1924,C04-S03-I02-N03,C04,종파
1924,C04-S03-I02-N03,C04,자기
1924,C04-S03-I02-N03,C04,독창적
1924,C04-S03-I02-N03,C04,의견
1924,C04-S03-I02-N03,C04,타인
1924,C04-S03-I02-N03,C04,소학
1924,C04-S03-I02-N03,C04,노례
1924,C04-S03-I02-N03,C04,인습
1924,C04-S03-I02-N03,C04,미신
1924,C04-S03-I02-N03,C04,대개
1924,C04-S03-I02-N03,C04,사종우상
1924,C04-S03-I02-N03,C04,관계
1924,C04-S03-I02-N03,C04,해악
1924,C04-S03-I02-N03,C04,해탈
1924,C04-S03-I02-N03,C04,본연
1924,C04-S03-I02-N03,C04,사종
1924,C04-S03-I02-N03,C04,우상
1924,C04-S03-I02-N03,C04,철저
1924,C04-S03-I02-N03,C04,제거
1924,C04-S03-I02-N04,C04,후장
1924,C04-S03-I02-N04,C04,사대성명
1924,C04-S03-I02-N04,C04,참조
1924,C04-S03-I02-N04,C04,정신적
1924,C04-S03-I02-N04,C04,해악
1924,C04-S03-I02-N04,C04,중요
1924,C04-S03-I02-N04,C04,무지
1924,C04-S03-I02-N04,C04,악감정
1924,C04-S03-I02-N04,C04,해독
1924,C04-S03-I02-N04,C04,탈해
1924,C04-S03-I02-N04,C04,神性
1924,C04-S03-I02-N04,C04,체현
1924,C04-S03-I02-N04,C04,막대
1924,C04-S03-I02-N04,C04,효력
1924,C04-S03-I02-N04,C04,원래
1924,C04-S03-I02-N04,C04,표준
1924,C04-S03-I02-N04,C04,망막
1924,C04-S03-I02-N04,C04,소위
1924,C04-S03-I02-N04,C04,전자
1924,C04-S03-I02-N04,C04,사종
1924,C04-S03-I02-N04,C04,우상
1924,C04-S03-I02-N04,C04,미신적
1924,C04-S03-I02-N04,C04,인습
1924,C04-S03-I02-N04,C04,제도
1924,C04-S03-I02-N04,C04,만사지
1924,C04-S03-I02-N04,C04,본체
1924,C04-S03-I02-N04,C04,인습
1924,C04-S03-I02-N04,C04,악지악식
1924,C04-S03-I02-N04,C04,제거
1924,C04-S03-I02-N04,C04,개성아
1924,C04-S03-I02-N04,C04,神性
1924,C04-S03-I02-N04,C04,체현
1924,C04-S03-I02-N04,C04,神性
1924,C04-S03-I02-N04,C04,만유
1924,C04-S03-I02-N04,C04,진리
1924,C04-S03-I02-N04,C04,정개
1924,C04-S03-I02-N04,C04,정시
1924,C04-S03-I02-N04,C04,정문
1924,C04-S03-I02-N04,C04,정조
1924,C04-S03-I02-N04,C04,외래
1924,C04-S03-I02-N04,C04,정지
1924,C04-S03-I02-N04,C04,흔성
1924,C04-S03-I02-N05,C04,정지
1924,C04-S03-I02-N05,C04,고래
1924,C04-S03-I02-N05,C04,종교적
1924,C04-S03-I02-N05,C04,혁명가
1924,C04-S03-I02-N05,C04,사상적
1924,C04-S03-I02-N05,C04,혁명가
1924,C04-S03-I02-N05,C04,방도
1924,C04-S03-I02-N05,C04,제일
1924,C04-S03-I02-N05,C04,인습적
1924,C04-S03-I02-N05,C04,격파
1924,C04-S03-I02-N05,C04,오인
1924,C04-S03-I02-N05,C04,부분
1924,C04-S03-I02-N05,C04,오인
1924,C04-S03-I02-N05,C04,부분
1924,C04-S03-I02-N05,C04,반항적
1924,C04-S03-I02-N05,C04,혁명적
1924,C04-S03-I02-N05,C04,태도
1924,C04-S03-I02-N05,C04,파괴
1924,C04-S03-I02-N05,C04,결과
1924,C04-S03-I02-N05,C04,진자아
1924,C04-S03-I02-N05,C04,양지
1924,C04-S03-I02-N05,C04,신진리
1924,C04-S03-I02-N05,C04,창조
1924,C04-S03-I02-N05,C04,시작
1924,C04-S03-I02-N05,C04,인내천
1924,C04-S03-I02-N05,C04,목적
1924,C04-S03-I02-N05,C04,신사회
1924,C04-S03-I02-N05,C04,건설
1924,C04-S03-I02-N05,C04,神性
1924,C04-S03-I02-N05,C04,만물
1924,C04-S03-I02-N05,C04,진상
1924,C04-S03-I02-N05,C04,정관정성
1924,C04-S03-I02-N05,C04,대지력
1924,C04-S03-I02-N05,C04,물론
1924,C04-S03-I02-N05,C04,현대인
1924,C04-S03-I02-N05,C04,체현
1924,C04-S03-I02-N05,C04,정신적
1924,C04-S03-I02-N05,C04,노력
1924,C04-S03-I02-N06,C04,권력적
1924,C04-S03-I02-N06,C04,해악
1924,C04-S03-I02-N06,C04,제거
1924,C04-S03-I02-N06,C04,문제
1924,C04-S03-I02-N06,C04,관련
1924,C04-S03-I02-N06,C04,가령
1924,C04-S03-I02-N06,C04,현대
1924,C04-S03-I02-N06,C04,제도하
1924,C04-S03-I02-N06,C04,막대
1924,C04-S03-I02-N06,C04,빈부
1924,C04-S03-I02-N06,C04,계급상
1924,C04-S03-I02-N06,C04,일반
1924,C04-S03-I02-N06,C04,인민
1924,C04-S03-I02-N06,C04,공통
1924,C04-S03-I02-N06,C04,교육
1924,C04-S03-I02-N06,C04,차별적
1924,C04-S03-I02-N06,C04,교육
1924,C04-S03-I02-N06,C04,원래
1924,C04-S03-I02-N06,C04,지배계급
1924,C04-S03-I02-N06,C04,교육
1924,C04-S03-I02-N06,C04,소학
1924,C04-S03-I02-N06,C04,필경
1924,C04-S03-I02-N06,C04,지배계급
1924,C04-S03-I02-N06,C04,이익
1924,C04-S03-I02-N06,C04,병적
1924,C04-S03-I02-N06,C04,지식
1924,C04-S03-I02-N06,C04,이기
1924,C04-S03-I02-N06,C04,하등
1924,C04-S03-I02-N06,C04,정지
1924,C04-S03-I02-N06,C04,제도
1924,C04-S03-I02-N06,C04,성립
1924,C04-S03-I02-N06,C04,감정적
1924,C04-S03-I02-N06,C04,병적
1924,C04-S03-I02-N06,C04,現象
1924,C04-S03-I02-N06,C04,현대제도
1924,C04-S03-I02-N06,C04,문명생활
1924,C04-S03-I02-N06,C04,격렬
1924,C04-S03-I02-N06,C04,자극
1924,C04-S03-I02-N06,C04,최대원인
1924,C04-S03-I02-N06,C04,정신적
1924,C04-S03-I02-N06,C04,해악
1924,C04-S03-I02-N06,C04,정신적
1924,C04-S03-I02-N06,C04,現象
1924,C04-S03-I02-N06,C04,권력적
1924,C04-S03-I02-N06,C04,제도
1924,C04-S03-I02-N06,C04,수정
1924,C04-S03-I02-N06,C04,막대
1924,C04-S03-I02-N06,C04,신조
1924,C04-S03-I03-N01,C04,제이
1924,C04-S03-I03-N01,C04,생리적
1924,C04-S03-I03-N01,C04,해탈
1924,C04-S03-I03-N01,C04,생리적
1924,C04-S03-I03-N01,C04,해탈
1924,C04-S03-I03-N01,C04,생리적
1924,C04-S03-I03-N01,C04,인병
1924,C04-S03-I03-N01,C04,구제
1924,C04-S03-I03-N01,C04,육체적
1924,C04-S03-I03-N01,C04,건강
1924,C04-S03-I03-N01,C04,인류평등
1924,C04-S03-I03-N01,C04,행복
1924,C04-S03-I03-N01,C04,해탈
1924,C04-S03-I03-N01,C04,생리적
1924,C04-S03-I03-N01,C04,인병
1924,C04-S03-I03-N01,C04,現象
1924,C04-S03-I03-N01,C04,석가
1924,C04-S03-I03-N01,C04,병사
1924,C04-S03-I03-N01,C04,생리적
1924,C04-S03-I03-N01,C04,사망
1924,C04-S03-I03-N01,C04,극단
1924,C04-S03-I03-N01,C04,문제
1924,C04-S03-I03-N01,C04,선천적
1924,C04-S03-I03-N01,C04,도저
1924,C04-S03-I03-N01,C04,능력
1924,C04-S03-I03-N01,C04,창조
1924,C04-S03-I03-N01,C04,불능
1924,C04-S03-I03-N01,C04,자기
1924,C04-S03-I03-N01,C04,과학적
1924,C04-S03-I03-N01,C04,지력
1924,C04-S03-I03-N01,C04,정도
1924,C04-S03-I03-N01,C04,수명
1924,C04-S03-I03-N01,C04,연장
1924,C04-S03-I03-N01,C04,자연사
1924,C04-S03-I03-N01,C04,고통
1924,C04-S03-I03-N01,C04,불능
1924,C04-S03-I03-N02,C04,자연사
1924,C04-S03-I03-N02,C04,고통
1924,C04-S03-I03-N02,C04,일종대쾌감
1924,C04-S03-I03-N02,C04,신체
1924,C04-S03-I03-N02,C04,피곤
1924,C04-S03-I03-N02,C04,수면
1924,C04-S03-I03-N02,C04,쾌감
1924,C04-S03-I03-N02,C04,장로
1924,C04-S03-I03-N02,C04,생활
1924,C04-S03-I03-N02,C04,육체적
1924,C04-S03-I03-N02,C04,생리
1924,C04-S03-I03-N02,C04,자연사
1924,C04-S03-I03-N02,C04,경애
1924,C04-S03-I03-N02,C04,생리적
1924,C04-S03-I03-N02,C04,충동
1924,C04-S03-I03-N02,C04,사망
1924,C04-S03-I03-N02,C04,쾌감
1924,C04-S03-I03-N02,C04,고통
1924,C04-S03-I03-N02,C04,자연사
1924,C04-S03-I03-N02,C04,정도
1924,C04-S03-I03-N02,C04,선천적
1924,C04-S03-I03-N02,C04,건강
1924,C04-S03-I03-N02,C04,표준
1924,C04-S03-I03-N02,C04,생리학자
1924,C04-S03-I03-N02,C04,대체
1924,C04-S03-I03-N02,C04,백이십오세
1924,C04-S03-I03-N02,C04,보통인
1924,C04-S03-I03-N02,C04,자연사
1924,C04-S03-I03-N02,C04,한도
1924,C04-S03-I03-N02,C04,백오십세
1924,C04-S03-I03-N02,C04,내지
1924,C04-S03-I03-N02,C04,육십세
1924,C04-S03-I03-N02,C04,한도
1924,C04-S03-I03-N02,C04,고래
1924,C04-S03-I03-N02,C04,위생
1924,C04-S03-I03-N02,C04,착의
1924,C04-S03-I03-N02,C04,노자
1924,C04-S03-I03-N02,C04,장생불사
1924,C04-S03-I03-N03,C04,선가
1924,C04-S03-I03-N03,C04,팽조
1924,C04-S03-I03-N03,C04,팔백세
1924,C04-S03-I03-N03,C04,수명
1924,C04-S03-I03-N03,C04,비결
1924,C04-S03-I03-N03,C04,공상
1924,C04-S03-I03-N03,C04,시대
1924,C04-S03-I03-N03,C04,최선
1924,C04-S03-I03-N03,C04,理想
1924,C04-S03-I03-N03,C04,경애
1924,C04-S03-I03-N03,C04,질병
1924,C04-S03-I03-N03,C04,절종
1924,C04-S03-I03-N03,C04,상태
1924,C04-S03-I03-N03,C04,생전
1924,C04-S03-I03-N03,C04,육체적
1924,C04-S03-I03-N03,C04,건강
1924,C04-S03-I03-N03,C04,속소위
1924,C04-S03-I03-N03,C04,순사
1924,C04-S03-I03-N03,C04,자연사
1924,C04-S03-I03-N03,C04,묘경
1924,C04-S03-I03-N03,C04,以上
1924,C04-S03-I03-N03,C04,예거
1924,C04-S03-I03-N03,C04,대신사
1924,C04-S03-I03-N03,C04,대저인간
1924,C04-S03-I03-N03,C04,급기초목군생
1924,C04-S03-I03-N03,C04,각기생사
1924,C04-S03-I03-N03,C04,교훈
1924,C04-S03-I03-N03,C04,현대인
1924,C04-S03-I03-N03,C04,생활
1924,C04-S03-I03-N03,C04,사생재천
1924,C04-S03-I03-N03,C04,진리
1924,C04-S03-I04-N01,C04,사생재천
1924,C04-S03-I04-N01,C04,대신사
1924,C04-S03-I04-N01,C04,창조
1924,C04-S03-I04-N01,C04,술어
1924,C04-S03-I04-N01,C04,고래
1924,C04-S03-I04-N01,C04,일종
1924,C04-S03-I04-N01,C04,신계문
1924,C04-S03-I04-N01,C04,과언
1924,C04-S03-I04-N01,C04,神聖
1924,C04-S03-I04-N01,C04,술어
1924,C04-S03-I04-N01,C04,누천년
1924,C04-S03-I04-N01,C04,지배계급
1924,C04-S03-I04-N01,C04,악용
1924,C04-S03-I04-N01,C04,선전
1924,C04-S03-I04-N01,C04,무지
1924,C04-S03-I04-N01,C04,인생
1924,C04-S03-I04-N01,C04,이치
1924,C04-S03-I04-N01,C04,역리
1924,C04-S03-I04-N01,C04,오신
1924,C04-S03-I04-N01,C04,폐해
1924,C04-S03-I04-N01,C04,사생재천
1924,C04-S03-I04-N01,C04,남용
1924,C04-S03-I04-N01,C04,여하
1924,C04-S03-I04-N01,C04,심지어
1924,C04-S03-I04-N01,C04,비명횡사
1924,C04-S03-I04-N01,C04,사생재천
1924,C04-S03-I04-N01,C04,기근
1924,C04-S03-I04-N01,C04,악질
1924,C04-S03-I04-N01,C04,횡사
1924,C04-S03-I04-N01,C04,내지
1924,C04-S03-I04-N01,C04,악정치하
1924,C04-S03-I04-N01,C04,횡라
1924,C04-S03-I04-N01,C04,전쟁
1924,C04-S03-I04-N01,C04,기천기백인
1924,C04-S03-I04-N01,C04,생명
1924,C04-S03-I04-N01,C04,일시
1924,C04-S03-I04-N01,C04,오사
1924,C04-S03-I04-N01,C04,사생재천
1924,C04-S03-I04-N01,C04,백성
1924,C04-S03-I04-N01,C04,일반억조
1924,C04-S03-I04-N01,C04,지배계급선전
1924,C04-S03-I04-N01,C04,침혹
1924,C04-S03-I04-N01,C04,유유연
1924,C04-S03-I04-N01,C04,횡사
1924,C04-S03-I04-N01,C04,사생재천
1924,C04-S03-I04-N01,C04,천칙
1924,C04-S03-I04-N02,C04,사생재천
1924,C04-S03-I04-N02,C04,진리
1924,C04-S03-I04-N02,C04,선전
1924,C04-S03-I04-N02,C04,정반대
1924,C04-S03-I04-N02,C04,이치
1924,C04-S03-I04-N02,C04,사생재천
1924,C04-S03-I04-N02,C04,일언
1924,C04-S03-I04-N02,C04,자연
1924,C04-S03-I04-N02,C04,자연
1924,C04-S03-I04-N02,C04,일생수명
1924,C04-S03-I04-N02,C04,假定
1924,C04-S03-I04-N02,C04,백세
1924,C04-S03-I04-N02,C04,백세
1924,C04-S03-I04-N02,C04,수명
1924,C04-S03-I04-N02,C04,생활
1924,C04-S03-I04-N02,C04,도정상
1924,C04-S03-I04-N02,C04,고장
1924,C04-S03-I04-N02,C04,순경
1924,C04-S03-I04-N02,C04,지경
1924,C04-S03-I04-N02,C04,사생재천
1924,C04-S03-I04-N02,C04,자기천천정
1924,C04-S03-I04-N02,C04,수명
1924,C04-S03-I04-N02,C04,중도
1924,C04-S03-I04-N02,C04,천절횡사
1924,C04-S03-I04-N02,C04,대개
1924,C04-S03-I04-N02,C04,원인
1924,C04-S03-I04-N03,C04,유래
1924,C04-S03-I04-N03,C04,유전적
1924,C04-S03-I04-N03,C04,원인
1924,C04-S03-I04-N03,C04,인위적
1924,C04-S03-I04-N03,C04,원인
1924,C04-S03-I04-N03,C04,유전적
1924,C04-S03-I04-N03,C04,원인
1924,C04-S03-I04-N03,C04,누천년
1924,C04-S03-I04-N03,C04,악제도
1924,C04-S03-I04-N03,C04,악관습
1924,C04-S03-I04-N03,C04,불자연
1924,C04-S03-I04-N03,C04,공포적
1924,C04-S03-I04-N03,C04,성질
1924,C04-S03-I04-N03,C04,정신적
1924,C04-S03-I04-N03,C04,자손
1924,C04-S03-I04-N03,C04,유전
1924,C04-S03-I04-N03,C04,공포
1924,C04-S03-I04-N03,C04,지적
1924,C04-S03-I04-N03,C04,의혹
1924,C04-S03-I04-N03,C04,질투
1924,C04-S03-I04-N03,C04,물욕
1924,C04-S03-I04-N03,C04,감정적
1924,C04-S03-I04-N03,C04,분로
1924,C04-S03-I04-N03,C04,진에
1924,C04-S03-I04-N03,C04,수명
1924,C04-S03-I04-N03,C04,인위적
1924,C04-S03-I04-N03,C04,원인
1924,C04-S03-I04-N03,C04,사회제도
1924,C04-S03-I04-N03,C04,결함
1924,C04-S03-I04-N03,C04,악제도
1924,C04-S03-I04-N03,C04,산업
1924,C04-S03-I04-N03,C04,미발달
1924,C04-S03-I04-N03,C04,기근
1924,C04-S03-I04-N03,C04,사생재천
1924,C04-S03-I04-N03,C04,진리
1924,C04-S03-I04-N03,C04,행복
1924,C04-S03-I04-N03,C04,마탈
1924,C04-S03-I04-N03,C04,내이
1924,C04-S03-I04-N03,C04,방법
1924,C04-S03-I04-N03,C04,해악
1924,C04-S03-I04-N03,C04,해탈
1924,C04-S03-I05-N01,C04,제삼
1924,C04-S03-I05-N01,C04,권력적
1924,C04-S03-I05-N01,C04,해탈
1924,C04-S03-I05-N01,C04,현금
1924,C04-S03-I05-N01,C04,세계
1924,C04-S03-I05-N01,C04,문제
1924,C04-S03-I05-N01,C04,고심초사적
1924,C04-S03-I05-N01,C04,연구하
1924,C04-S03-I05-N01,C04,대문제
1924,C04-S03-I05-N01,C04,권력적
1924,C04-S03-I05-N01,C04,해탈
1924,C04-S03-I05-N01,C04,대분
1924,C04-S03-I05-N01,C04,종교적
1924,C04-S03-I05-N01,C04,권력
1924,C04-S03-I05-N01,C04,정치적
1924,C04-S03-I05-N01,C04,권력
1924,C04-S03-I05-N01,C04,경제적
1924,C04-S03-I05-N01,C04,권력
1924,C04-S03-I05-N01,C04,종교적
1924,C04-S03-I05-N01,C04,권력
1924,C04-S03-I05-N01,C04,고석
1924,C04-S03-I05-N01,C04,종교제도
1924,C04-S03-I05-N01,C04,승려
1924,C04-S03-I05-N01,C04,계급
1924,C04-S03-I05-N01,C04,인간최초
1924,C04-S03-I05-N01,C04,권력
1924,C04-S03-I05-N01,C04,근세종교개혁
1924,C04-S03-I05-N01,C04,해탈
1924,C04-S03-I05-N01,C04,정신상
1924,C04-S03-I05-N01,C04,신조하
1924,C04-S03-I05-N01,C04,권력
1924,C04-S03-I05-N01,C04,신자
1924,C04-S03-I05-N01,C04,두뇌
1924,C04-S03-I05-N01,C04,神人
1924,C04-S03-I05-N01,C04,차별
1924,C04-S03-I05-N01,C04,비자연적
1924,C04-S03-I05-N01,C04,종교적
1924,C04-S03-I05-N01,C04,신앙
1924,C04-S03-I05-N01,C04,비진리적
1924,C04-S03-I05-N01,C04,공포심
1924,C04-S03-I05-N01,C04,양성
1924,C04-S03-I05-N02,C04,정치상
1924,C04-S03-I05-N02,C04,권력
1924,C04-S03-I05-N02,C04,봉건적
1924,C04-S03-I05-N02,C04,계급
1924,C04-S03-I05-N02,C04,파괴
1924,C04-S03-I05-N02,C04,이래
1924,C04-S03-I05-N02,C04,전제정치
1924,C04-S03-I05-N02,C04,공화립헌적
1924,C04-S03-I05-N02,C04,제도
1924,C04-S03-I05-N02,C04,기분간
1924,C04-S03-I05-N02,C04,완화
1924,C04-S03-I05-N02,C04,정치
1924,C04-S03-I05-N02,C04,만인
1924,C04-S03-I05-N02,C04,행복
1924,C04-S03-I05-N02,C04,원만
1924,C04-S03-I05-N02,C04,구원
1924,C04-S03-I05-N02,C04,理想
1924,C04-S03-I05-N02,C04,고래
1924,C04-S03-I05-N02,C04,철인달자
1924,C04-S03-I05-N02,C04,국가
1924,C04-S03-I05-N02,C04,권력
1924,C04-S03-I05-N02,C04,저주
1924,C04-S03-I05-N02,C04,기례
1924,C04-S03-I05-N02,C04,노자
1924,C04-S03-I05-N02,C04,이천년전
1924,C04-S03-I05-N02,C04,고석
1924,C04-S03-I05-N02,C04,국가정치
1924,C04-S03-I05-N02,C04,의견
1924,C04-S03-I05-N02,C04,도덕설
1924,C04-S03-I05-N02,C04,무위자연
1924,C04-S03-I05-N02,C04,무욕
1924,C04-S03-I05-N02,C04,기초
1924,C04-S03-I05-N02,C04,태고순박
1924,C04-S03-I05-N02,C04,사회
1924,C04-S03-I05-N02,C04,理想
1924,C04-S03-I05-N02,C04,생활
1924,C04-S03-I05-N03,C04,소수
1924,C04-S03-I05-N03,C04,인인
1924,C04-S03-I05-N03,C04,일단
1924,C04-S03-I05-N03,C04,국가적
1924,C04-S03-I05-N03,C04,생활
1924,C04-S03-I05-N03,C04,여사
1924,C04-S03-I05-N03,C04,기량재간
1924,C04-S03-I05-N03,C04,특별
1924,C04-S03-I05-N03,C04,요구
1924,C04-S03-I05-N03,C04,필요
1924,C04-S03-I05-N03,C04,인민
1924,C04-S03-I05-N03,C04,특별
1924,C04-S03-I05-N03,C04,필요
1924,C04-S03-I05-N03,C04,토지
1924,C04-S03-I05-N03,C04,주차
1924,C04-S03-I05-N03,C04,기용
1924,C04-S03-I05-N03,C04,타국
1924,C04-S03-I05-N03,C04,하등무기
1924,C04-S03-I05-N03,C04,필요
1924,C04-S03-I05-N04,C04,인민
1924,C04-S03-I05-N04,C04,결승
1924,C04-S03-I05-N04,C04,토지
1924,C04-S03-I05-N04,C04,食物
1924,C04-S03-I05-N04,C04,자락
1924,C04-S03-I05-N04,C04,기민
1924,C04-S03-I05-N04,C04,예락형정
1924,C04-S03-I05-N04,C04,필요
1924,C04-S03-I05-N04,C04,무위자연
1924,C04-S03-I05-N04,C04,주체
1924,C04-S03-I05-N04,C04,후계자
1924,C04-S03-I05-N04,C04,장자
1924,C04-S03-I05-N04,C04,기설
1924,C04-S03-I05-N04,C04,조술
1924,C04-S03-I05-N04,C04,치민
1924,C04-S03-I05-N04,C04,경유
1924,C04-S03-I05-N04,C04,국가
1924,C04-S03-I05-N04,C04,정치
1924,C04-S03-I05-N04,C04,인민
1924,C04-S03-I05-N04,C04,압박
1924,C04-S03-I05-N04,C04,백락
1924,C04-S03-I05-N04,C04,양마
1924,C04-S03-I05-N04,C04,늑겸
1924,C04-S03-I05-N04,C04,마성
1924,C04-S03-I05-N04,C04,토장목공
1924,C04-S03-I05-N04,C04,토목
1924,C04-S03-I05-N04,C04,국가정치
1924,C04-S03-I05-N04,C04,주저
1924,C04-S03-I05-N05,C04,以上
1924,C04-S03-I05-N05,C04,요약
1924,C04-S03-I05-N05,C04,정신상
1924,C04-S03-I05-N05,C04,폐해
1924,C04-S03-I05-N05,C04,물질상
1924,C04-S03-I05-N05,C04,폐해
1924,C04-S03-I05-N05,C04,정신상
1924,C04-S03-I05-N05,C04,폐해
1924,C04-S03-I05-N05,C04,종교적
1924,C04-S03-I05-N05,C04,도덕적
1924,C04-S03-I05-N05,C04,학술적
1924,C04-S03-I05-N05,C04,편견
1924,C04-S03-I05-N05,C04,인습적
1924,C04-S03-I05-N05,C04,완고
1924,C04-S03-I05-N05,C04,해탈
1924,C04-S03-I05-N05,C04,해탈
1924,C04-S03-I05-N05,C04,방법
1924,C04-S03-I05-N05,C04,인내천
1924,C04-S03-I05-N05,C04,본위
1924,C04-S03-I05-N05,C04,정신관념
1924,C04-S03-I05-N05,C04,수립
1924,C04-S03-I05-N05,C04,천도자연
1924,C04-S03-I05-N05,C04,법칙
1924,C04-S03-I05-N05,C04,필요
1924,C04-S03-I05-N05,C04,물질상
1924,C04-S03-I05-N05,C04,폐해
1924,C04-S03-I05-N05,C04,국가적
1924,C04-S03-I05-N05,C04,제도
1924,C04-S03-I05-N05,C04,사회
1924,C04-S03-I05-N05,C04,경제적
1924,C04-S03-I05-N05,C04,제도
1924,C04-S03-I05-N05,C04,인내천
1924,C04-S03-I05-N05,C04,운용
1924,C04-S03-I05-N05,C04,신인일체
1924,C04-S03-I05-N05,C04,신제도
1924,C04-S03-I05-N05,C04,확립
1924,C04-S03-I06-N01,C04,인내천
1924,C04-S03-I06-N01,C04,정신수립
1924,C04-S03-I06-N01,C04,인내천
1924,C04-S03-I06-N01,C04,제도적
1924,C04-S03-I06-N01,C04,운용
1924,C04-S03-I06-N01,C04,생활
1924,C04-S03-I06-N01,C04,폐해
1924,C04-S03-I06-N01,C04,확실
1924,C04-S03-I06-N01,C04,제거
1924,C04-S03-I06-N01,C04,능력
1924,C04-S03-I06-N01,C04,인내천
1924,C04-S03-I06-N01,C04,자체상
1924,C04-S03-I06-N01,C04,과거
1924,C04-S03-I06-N01,C04,비리비법
1924,C04-S03-I06-N01,C04,역사적
1924,C04-S03-I06-N01,C04,각오
1924,C04-S03-I06-N01,C04,시대
1924,C04-S03-I06-N01,C04,일변
1924,C04-S03-I06-N01,C04,천도자연
1924,C04-S03-I06-N01,C04,법칙
1924,C04-S03-I06-N01,C04,자기
1924,C04-S03-I06-N01,C04,발견
1924,C04-S03-I06-N01,C04,평등자유
1924,C04-S03-I06-N01,C04,실현
1924,C04-S03-I06-N01,C04,본위
1924,C04-S03-I06-N01,C04,진리상
1924,C04-S03-I06-N01,C04,근거
1924,C04-S03-I06-N01,C04,인내천
1924,C04-S03-I06-N01,C04,생활
1924,C04-S03-I06-N01,C04,引導
1924,C04-S03-I06-N01,C04,국가적
1924,C04-S03-I06-N01,C04,가족적
1924,C04-S03-I06-N01,C04,낙천적
1924,C04-S03-I06-N01,C04,염세적
1924,C04-S03-I06-N01,C04,생활
1924,C04-S03-I06-N01,C04,법칙
1924,C04-S03-I06-N01,C04,위반
1924,C04-S03-I06-N01,C04,제도
1924,C04-S03-I06-N01,C04,否認
1924,C04-S03-I06-N02,C04,법칙
1924,C04-S03-I06-N02,C04,환영
1924,C04-S03-I06-N02,C04,생활
1924,C04-S03-I06-N02,C04,평등
1924,C04-S03-I06-N02,C04,희열
1924,C04-S03-I06-N02,C04,평등
1924,C04-S03-I06-N02,C04,창조력
1924,C04-S03-I06-N02,C04,법칙
1924,C04-S03-I06-N02,C04,희열
1924,C04-S03-I06-N02,C04,생활
1924,C04-S03-I06-N02,C04,경영
1924,C04-S03-I06-N02,C04,창조
1924,C04-S03-I06-N02,C04,생활
1924,C04-S03-I06-N02,C04,향상
1924,C04-S03-I06-N02,C04,본성
1924,C04-S03-I06-N02,C04,광제창생
1924,C04-S03-I06-N02,C04,대도
1924,C05-S01-I00-N01,C05,인내천
1924,C05-S01-I00-N01,C05,교화
1924,C05-S01-I00-N01,C05,목적
1924,C05-S01-I00-N01,C05,理想
1924,C05-S01-I00-N01,C05,재래종교
1924,C05-S01-I00-N01,C05,판이
1924,C05-S01-I00-N01,C05,수련방식
1924,C05-S01-I00-N01,C05,확연
1924,C05-S01-I00-N01,C05,신방법
1924,C05-S01-I00-N01,C05,수립
1924,C05-S01-I00-N01,C05,인내천
1924,C05-S01-I00-N01,C05,수련방법
1924,C05-S01-I00-N01,C05,관계
1924,C05-S01-I00-N01,C05,인내천
1924,C05-S01-I00-N01,C05,교화
1924,C05-S01-I00-N01,C05,특질
1924,C05-S01-I01-N01,C05,제일
1924,C05-S01-I01-N01,C05,인내천
1924,C05-S01-I01-N01,C05,교화
1924,C05-S01-I01-N01,C05,위안적
1924,C05-S01-I01-N01,C05,주의실현
1924,C05-S01-I01-N01,C05,교화
1924,C05-S01-I01-N01,C05,원래
1924,C05-S01-I01-N01,C05,세상
1924,C05-S01-I01-N01,C05,종교
1924,C05-S01-I01-N01,C05,평론
1924,C05-S01-I01-N01,C05,종교
1924,C05-S01-I01-N01,C05,위안
1924,C05-S01-I01-N01,C05,발생
1924,C05-S01-I01-N01,C05,단정
1924,C05-S01-I01-N01,C05,유래
1924,C05-S01-I01-N01,C05,종교
1924,C05-S01-I01-N01,C05,소질
1924,C05-S01-I01-N01,C05,방법
1924,C05-S01-I01-N01,C05,판정
1924,C05-S01-I01-N01,C05,적당
1924,C05-S01-I01-N01,C05,가치
1924,C05-S01-I01-N01,C05,유래
1924,C05-S01-I01-N01,C05,종교
1924,C05-S01-I01-N01,C05,철두철미
1924,C05-S01-I01-N01,C05,위안
1924,C05-S01-I01-N01,C05,종교
1924,C05-S01-I01-N01,C05,전목적
1924,C05-S01-I01-N01,C05,과거사회
1924,C05-S01-I01-N01,C05,시대형편상
1924,C05-S01-I01-N01,C05,자기
1924,C05-S01-I01-N01,C05,철저
1924,C05-S01-I01-N01,C05,발휘
1924,C05-S01-I01-N01,C05,물적
1924,C05-S01-I01-N01,C05,심적
1924,C05-S01-I01-N01,C05,활안
1924,C05-S01-I01-N02,C05,필연적
1924,C05-S01-I01-N02,C05,외계저항
1924,C05-S01-I01-N02,C05,건축적
1924,C05-S01-I01-N02,C05,흥미
1924,C05-S01-I01-N02,C05,내계
1924,C05-S01-I01-N02,C05,퇴굴적
1924,C05-S01-I01-N02,C05,위안
1924,C05-S01-I01-N02,C05,태고인
1924,C05-S01-I01-N02,C05,자연숭배
1924,C05-S01-I01-N02,C05,신앙심
1924,C05-S01-I01-N02,C05,자연
1924,C05-S01-I01-N02,C05,정복
1924,C05-S01-I01-N02,C05,이용
1924,C05-S01-I01-N02,C05,자기
1924,C05-S01-I01-N02,C05,생활
1924,C05-S01-I01-N02,C05,풍부
1924,C05-S01-I01-N02,C05,역량
1924,C05-S01-I01-N02,C05,필경
1924,C05-S01-I01-N02,C05,자연
1924,C05-S01-I01-N02,C05,내적
1924,C05-S01-I01-N02,C05,퇴굴적
1924,C05-S01-I01-N02,C05,위안
1924,C05-S01-I01-N02,C05,당시
1924,C05-S01-I01-N02,C05,종교적
1924,C05-S01-I01-N02,C05,소질
1924,C05-S01-I01-N02,C05,후세
1924,C05-S01-I01-N02,C05,고등종교
1924,C05-S01-I01-N02,C05,불기독등
1924,C05-S01-I01-N02,C05,종교적
1924,C05-S01-I01-N02,C05,소질
1924,C05-S01-I01-N02,C05,발달
1924,C05-S01-I01-N02,C05,건설
1924,C05-S01-I01-N02,C05,일례
1924,C05-S01-I01-N02,C05,세상
1924,C05-S01-I01-N02,C05,고해
1924,C05-S01-I01-N02,C05,마굴
1924,C05-S01-I01-N02,C05,절규
1924,C05-S01-I01-N02,C05,원인
1924,C05-S01-I01-N02,C05,자력
1924,C05-S01-I01-N02,C05,세계
1924,C05-S01-I01-N02,C05,천국
1924,C05-S01-I01-N02,C05,혹시
1924,C05-S01-I01-N02,C05,극락적
1924,C05-S01-I01-N02,C05,건설
1924,C05-S01-I01-N02,C05,理想
1924,C05-S01-I01-N02,C05,역량
1924,C05-S01-I01-N03,C05,당시
1924,C05-S01-I01-N03,C05,시운
1924,C05-S01-I01-N03,C05,기회
1924,C05-S01-I01-N03,C05,도달
1924,C05-S01-I01-N03,C05,필경
1924,C05-S01-I01-N03,C05,강복적
1924,C05-S01-I01-N03,C05,교화
1924,C05-S01-I01-N03,C05,선포
1924,C05-S01-I01-N03,C05,차세
1924,C05-S01-I01-N03,C05,고마
1924,C05-S01-I01-N03,C05,고마
1924,C05-S01-I01-N03,C05,인력
1924,C05-S01-I01-N03,C05,도저
1924,C05-S01-I01-N03,C05,저항
1924,C05-S01-I01-N03,C05,선피
1924,C05-S01-I01-N03,C05,고통
1924,C05-S01-I01-N03,C05,인내
1924,C05-S01-I01-N03,C05,내세타계
1924,C05-S01-I01-N03,C05,행복
1924,C05-S01-I01-N03,C05,위안적
1924,C05-S01-I01-N03,C05,퇴굴적
1924,C05-S01-I01-N03,C05,태도
1924,C05-S01-I01-N03,C05,인세
1924,C05-S01-I01-N03,C05,교화
1924,C05-S01-I01-N03,C05,종교적
1924,C05-S01-I01-N03,C05,방법
1924,C05-S01-I01-N03,C05,당시
1924,C05-S01-I01-N03,C05,사세
1924,C05-S01-I01-N03,C05,필연
1924,C05-S01-I01-N03,C05,理想
1924,C05-S01-I01-N03,C05,당연
1924,C05-S01-I01-N03,C05,만사
1924,C05-S01-I01-N03,C05,진보
1924,C05-S01-I01-N03,C05,금일
1924,C05-S01-I01-N03,C05,인심
1924,C05-S01-I01-N03,C05,자굴적
1924,C05-S01-I01-N03,C05,위안
1924,C05-S01-I01-N03,C05,도저
1924,C05-S01-I01-N03,C05,종교적
1924,C05-S01-I01-N03,C05,소질
1924,C05-S01-I01-N03,C05,적극적
1924,C05-S01-I01-N03,C05,수단
1924,C05-S01-I01-N03,C05,건설적
1924,C05-S01-I01-N03,C05,흥미
1924,C05-S01-I01-N03,C05,개척
1924,C05-S01-I01-N03,C05,불가
1924,C05-S01-I01-N04,C05,자기주의
1924,C05-S01-I01-N04,C05,실현
1924,C05-S01-I01-N04,C05,활종교
1924,C05-S01-I01-N04,C05,목적
1924,C05-S01-I01-N04,C05,천도교
1924,C05-S01-I01-N04,C05,타종교
1924,C05-S01-I01-N04,C05,특이
1924,C05-S01-I01-N04,C05,천도교
1924,C05-S01-I01-N04,C05,主義
1924,C05-S01-I01-N04,C05,인내천
1924,C05-S01-I01-N04,C05,세계교화
1924,C05-S01-I01-N04,C05,최고리상
1924,C05-S01-I01-N04,C05,주의실현
1924,C05-S01-I01-N04,C05,종교적
1924,C05-S01-I01-N04,C05,소질
1924,C05-S01-I01-N04,C05,천도교
1924,C05-S01-I01-N04,C05,교지
1924,C05-S01-I01-N04,C05,세계
1924,C05-S01-I01-N04,C05,사정
1924,C05-S01-I01-N04,C05,별별
1924,C05-S01-I01-N04,C05,구별
1924,C05-S01-I01-N04,C05,인내천리상하
1924,C05-S01-I01-N04,C05,일치조건
1924,C05-S01-I01-N04,C05,세계
1924,C05-S01-I01-N04,C05,인내천화
1924,C05-S01-I01-N04,C05,인내천
1924,C05-S01-I01-N04,C05,세계화
1924,C05-S01-I01-N04,C05,적극적
1924,C05-S01-I01-N04,C05,主義
1924,C05-S01-I01-N04,C05,교화
1924,C05-S01-I01-N04,C05,인내천
1924,C05-S01-I01-N04,C05,수련
1924,C05-S01-I01-N04,C05,제일착안
1924,C05-S01-I02-N01,C05,제이
1924,C05-S01-I02-N01,C05,인내천
1924,C05-S01-I02-N01,C05,교화
1924,C05-S01-I02-N01,C05,타방적
1924,C05-S01-I02-N01,C05,무궁
1924,C05-S01-I02-N01,C05,자기발전
1924,C05-S01-I02-N01,C05,교화
1924,C05-S01-I02-N01,C05,인내천
1924,C05-S01-I02-N01,C05,혹시
1924,C05-S01-I02-N01,C05,신앙적
1924,C05-S01-I02-N01,C05,대상
1924,C05-S01-I02-N01,C05,자기
1924,C05-S01-I02-N01,C05,구별
1924,C05-S01-I02-N01,C05,자기
1924,C05-S01-I02-N01,C05,일치
1924,C05-S01-I02-N01,C05,자기중
1924,C05-S01-I02-N01,C05,혹시
1924,C05-S01-I02-N01,C05,발견
1924,C05-S01-I02-N01,C05,적극적
1924,C05-S01-I02-N01,C05,태도
1924,C05-S01-I02-N01,C05,자력
1924,C05-S01-I02-N01,C05,지상천국
1924,C05-S01-I02-N01,C05,건설
1924,C05-S01-I02-N01,C05,인간절대주의
1924,C05-S01-I02-N01,C05,주장
1924,C05-S01-I02-N01,C05,장년
1924,C05-S01-I02-N01,C05,유년시대
1924,C05-S01-I02-N01,C05,의타적
1924,C05-S01-I02-N01,C05,생활
1924,C05-S01-I02-N01,C05,초월
1924,C05-S01-I02-N01,C05,자기
1924,C05-S01-I02-N01,C05,만사
1924,C05-S01-I02-N01,C05,경영
1924,C05-S01-I02-N01,C05,용기하
1924,C05-S01-I02-N01,C05,자기
1924,C05-S01-I02-N01,C05,발전
1924,C05-S01-I02-N01,C05,注意
1924,C05-S01-I02-N01,C05,인내천
1924,C05-S01-I02-N01,C05,교화
1924,C05-S01-I02-N01,C05,객관적
1924,C05-S01-I02-N01,C05,타력
1924,C05-S01-I02-N01,C05,의미
1924,C05-S01-I02-N01,C05,신앙적
1924,C05-S01-I02-N01,C05,대상
1924,C05-S01-I02-N01,C05,절대
1924,C05-S01-I02-N01,C05,否認
1924,C05-S01-I02-N01,C05,무궁
1924,C05-S01-I02-N01,C05,통일
1924,C05-S01-I02-N01,C05,발휘
1924,C05-S01-I02-N01,C05,인내천수련
1924,C05-S01-I02-N01,C05,주요
1924,C05-S01-I02-N01,C05,목표
1924,C05-S01-I03-N01,C05,제삼
1924,C05-S01-I03-N01,C05,인내천
1924,C05-S01-I03-N01,C05,교화
1924,C05-S01-I03-N01,C05,복잡구구
1924,C05-S01-I03-N01,C05,신화적
1924,C05-S01-I03-N01,C05,경전적
1924,C05-S01-I03-N01,C05,종교
1924,C05-S01-I03-N01,C05,실천적
1924,C05-S01-I03-N01,C05,종교
1924,C05-S01-I03-N01,C05,인내천
1924,C05-S01-I03-N01,C05,종교
1924,C05-S01-I03-N01,C05,자기주의실행
1924,C05-S01-I03-N01,C05,흥미
1924,C05-S01-I03-N01,C05,종교
1924,C05-S01-I03-N01,C05,위력
1924,C05-S01-I03-N01,C05,발휘
1924,C05-S01-I03-N01,C05,신앙
1924,C05-S01-I03-N01,C05,천도교
1924,C05-S01-I03-N01,C05,다수
1924,C05-S01-I03-N01,C05,경전
1924,C05-S01-I03-N01,C05,설문
1924,C05-S01-I03-N01,C05,단도직입
1924,C05-S01-I03-N01,C05,역행위립
1924,C05-S01-I03-N01,C05,삼대요건
1924,C05-S01-I03-N01,C05,지상천국
1924,C05-S01-I03-N01,C05,건설
1924,C05-S01-I03-N01,C05,이상적
1924,C05-S01-I03-N01,C05,수련
1924,C05-S01-I03-N01,C05,以上
1924,C05-S01-I03-N01,C05,요건
1924,C05-S01-I03-N01,C05,인내천
1924,C05-S01-I03-N01,C05,수련방식
1924,C05-S01-I03-N01,C05,요령
1924,C05-S01-I03-N01,C05,수련
1924,C05-S01-I03-N01,C05,원리
1924,C05-S01-I03-N01,C05,축절
1924,C05-S02-I01-N01,C05,경신사월오일
1924,C05-S02-I01-N01,C05,대신사
1924,C05-S02-I01-N01,C05,대각
1924,C05-S02-I01-N01,C05,강화
1924,C05-S02-I01-N01,C05,영부
1924,C05-S02-I01-N01,C05,기명
1924,C05-S02-I01-N01,C05,선약
1924,C05-S02-I01-N01,C05,기형
1924,C05-S02-I01-N01,C05,태극
1924,C05-S02-I01-N01,C05,궁궁
1924,C05-S02-I01-N01,C05,차부
1924,C05-S02-I01-N01,C05,질병
1924,C05-S02-I01-N01,C05,영부
1924,C05-S02-I01-N01,C05,사심
1924,C05-S02-I01-N01,C05,고유
1924,C05-S02-I01-N01,C05,창조적
1924,C05-S02-I01-N01,C05,천심
1924,C05-S02-I01-N01,C05,소이
1924,C05-S02-I01-N01,C05,영부
1924,C05-S02-I01-N01,C05,창조적
1924,C05-S02-I01-N01,C05,천심
1924,C05-S02-I01-N01,C05,증거
1924,C05-S02-I01-N01,C05,대신사
1924,C05-S02-I01-N01,C05,명백
1924,C05-S02-I01-N01,C05,포덕문중
1924,C05-S02-I01-N01,C05,대신사
1924,C05-S02-I01-N01,C05,오심
1924,C05-S02-I01-N01,C05,대신사
1924,C05-S02-I01-N01,C05,심법
1924,C05-S02-I01-N01,C05,천심
1924,C05-S02-I01-N02,C05,전문중
1924,C05-S02-I01-N02,C05,대신사
1924,C05-S02-I01-N02,C05,불사
1924,C05-S02-I01-N02,C05,궁을
1924,C05-S02-I01-N02,C05,기형
1924,C05-S02-I01-N02,C05,궁을
1924,C05-S02-I01-N02,C05,천심
1924,C05-S02-I01-N02,C05,증명
1924,C05-S02-I01-N02,C05,영부
1924,C05-S02-I01-N02,C05,궁궁
1924,C05-S02-I01-N02,C05,종합
1924,C05-S02-I01-N02,C05,영부
1924,C05-S02-I01-N02,C05,본래
1924,C05-S02-I01-N02,C05,일물
1924,C05-S02-I01-N02,C05,천량
1924,C05-S02-I01-N02,C05,본심
1924,C05-S02-I01-N02,C05,생혼
1924,C05-S02-I01-N02,C05,정신적
1924,C05-S02-I01-N02,C05,육체적
1924,C05-S02-I01-N02,C05,생활
1924,C05-S02-I01-N02,C05,향상
1924,C05-S02-I01-N02,C05,생혼
1924,C05-S02-I01-N02,C05,천량
1924,C05-S02-I01-N02,C05,본심
1924,C05-S02-I01-N02,C05,생혼
1924,C05-S02-I01-N02,C05,영부
1924,C05-S02-I01-N02,C05,묘원
1924,C05-S02-I01-N02,C05,교훈
1924,C05-S02-I01-N02,C05,복재
1924,C05-S02-I01-N03,C05,대개
1924,C05-S02-I01-N03,C05,세간
1924,C05-S02-I01-N03,C05,외계
1924,C05-S02-I01-N03,C05,악습관
1924,C05-S02-I01-N03,C05,제도
1924,C05-S02-I01-N03,C05,관습성
1924,C05-S02-I01-N03,C05,불지불식중
1924,C05-S02-I01-N03,C05,천량
1924,C05-S02-I01-N03,C05,본심
1924,C05-S02-I01-N03,C05,철저
1924,C05-S02-I01-N03,C05,발견
1924,C05-S02-I01-N03,C05,결과
1924,C05-S02-I01-N03,C05,정신도덕
1924,C05-S02-I01-N03,C05,부패무여
1924,C05-S02-I01-N03,C05,대신사
1924,C05-S02-I01-N03,C05,천량
1924,C05-S02-I01-N03,C05,본심
1924,C05-S02-I01-N03,C05,상징적
1924,C05-S02-I01-N03,C05,영부
1924,C05-S02-I01-N03,C05,명명
1924,C05-S02-I01-N03,C05,인심
1924,C05-S02-I01-N03,C05,신자극
1924,C05-S02-I01-N03,C05,문제
1924,C05-S02-I01-N03,C05,천심
1924,C05-S02-I01-N03,C05,인심
1924,C05-S02-I01-N03,C05,구별
1924,C05-S02-I01-N03,C05,천심
1924,C05-S02-I01-N03,C05,인심
1924,C05-S02-I01-N03,C05,판단
1924,C05-S02-I01-N03,C05,영부
1924,C05-S02-I01-N03,C05,의의
1924,C05-S02-I01-N03,C05,명백
1924,C05-S02-I01-N04,C05,욕망
1924,C05-S02-I01-N04,C05,천인
1924,C05-S02-I01-N04,C05,구별
1924,C05-S02-I01-N04,C05,판단
1924,C05-S02-I01-N04,C05,동일
1924,C05-S02-I01-N04,C05,욕망
1924,C05-S02-I01-N04,C05,욕망
1924,C05-S02-I01-N04,C05,천심
1924,C05-S02-I01-N04,C05,부분
1924,C05-S02-I01-N04,C05,인심
1924,C05-S02-I01-N04,C05,부분
1924,C05-S02-I01-N04,C05,원래
1924,C05-S02-I01-N04,C05,욕망중
1924,C05-S02-I01-N04,C05,신성적
1924,C05-S02-I01-N04,C05,욕망
1924,C05-S02-I01-N04,C05,소유
1924,C05-S02-I01-N04,C05,욕망
1924,C05-S02-I01-N04,C05,소유욕망
1924,C05-S02-I01-N04,C05,인심
1924,C05-S02-I01-N04,C05,반대
1924,C05-S02-I01-N04,C05,신성적
1924,C05-S02-I01-N04,C05,욕망
1924,C05-S02-I01-N04,C05,천심
1924,C05-S02-I01-N04,C05,사회
1924,C05-S02-I01-N04,C05,분규
1924,C05-S02-I01-N04,C05,소유욕
1924,C05-S02-I01-N04,C05,발동
1924,C05-S02-I01-N05,C05,개인
1924,C05-S02-I01-N05,C05,국가세계
1924,C05-S02-I01-N05,C05,욕망
1924,C05-S02-I01-N05,C05,무한
1924,C05-S02-I01-N05,C05,소유
1924,C05-S02-I01-N05,C05,유한
1924,C05-S02-I01-N05,C05,무한
1924,C05-S02-I01-N05,C05,욕망
1924,C05-S02-I01-N05,C05,유한
1924,C05-S02-I01-N05,C05,소유
1924,C05-S02-I01-N05,C05,경쟁
1924,C05-S02-I01-N05,C05,행복
1924,C05-S02-I01-N05,C05,모순
1924,C05-S02-I01-N05,C05,당연
1924,C05-S02-I01-N05,C05,소유욕망
1924,C05-S02-I01-N05,C05,창조적
1924,C05-S02-I01-N05,C05,욕망
1924,C05-S02-I01-N05,C05,개벽이래
1924,C05-S02-I01-N05,C05,순수
1924,C05-S02-I01-N05,C05,창조적
1924,C05-S02-I01-N05,C05,운동
1924,C05-S02-I01-N05,C05,금일
1924,C05-S02-I01-N05,C05,만유현상
1924,C05-S02-I01-N05,C05,천리
1924,C05-S02-I01-N05,C05,원칙
1924,C05-S02-I01-N05,C05,창조적
1924,C05-S02-I01-N05,C05,흥미
1924,C05-S02-I01-N05,C05,천심
1924,C05-S02-I01-N05,C05,직분
1924,C05-S02-I01-N06,C05,지공
1924,C05-S02-I01-N06,C05,인사
1924,C05-S02-I01-N06,C05,구별
1924,C05-S02-I01-N06,C05,정진
1924,C05-S02-I01-N06,C05,타성
1924,C05-S02-I01-N06,C05,구별
1924,C05-S02-I01-N06,C05,천심
1924,C05-S02-I01-N06,C05,지공무사
1924,C05-S02-I01-N06,C05,법칙하
1924,C05-S02-I01-N06,C05,창조적
1924,C05-S02-I01-N06,C05,정진
1924,C05-S02-I01-N06,C05,인심
1924,C05-S02-I01-N06,C05,불연
1924,C05-S02-I01-N06,C05,인습
1924,C05-S02-I01-N06,C05,퇴굴
1924,C05-S02-I01-N06,C05,정기
1924,C05-S02-I01-N06,C05,발전
1924,C05-S02-I01-N06,C05,자연
1924,C05-S02-I01-N06,C05,허위
1924,C05-S02-I01-N06,C05,구별
1924,C05-S02-I01-N06,C05,천심
1924,C05-S02-I01-N06,C05,진미선
1924,C05-S02-I01-N06,C05,자연
1924,C05-S02-I01-N06,C05,발전
1924,C05-S02-I01-N06,C05,인심
1924,C05-S02-I01-N06,C05,선악간
1924,C05-S02-I01-N06,C05,대개
1924,C05-S02-I01-N06,C05,강작
1924,C05-S02-I01-N06,C05,허위적
1924,C05-S02-I01-N06,C05,생활
1924,C05-S02-I01-N06,C05,기타
1924,C05-S02-I01-N06,C05,세상
1924,C05-S02-I01-N06,C05,보통
1924,C05-S02-I01-N06,C05,불인
1924,C05-S02-I01-N06,C05,불선
1924,C05-S02-I01-N06,C05,상대적
1924,C05-S02-I01-N06,C05,모순
1924,C05-S02-I01-N06,C05,포용
1924,C05-S02-I01-N07,C05,매거
1924,C05-S02-I01-N07,C05,직접간접
1924,C05-S02-I01-N07,C05,자기
1924,C05-S02-I01-N07,C05,발전
1924,C05-S02-I01-N07,C05,반대
1924,C05-S02-I01-N07,C05,천연
1924,C05-S02-I01-N07,C05,발전
1924,C05-S02-I01-N07,C05,위반
1924,C05-S02-I01-N07,C05,사실
1924,C05-S02-I01-N07,C05,당연
1924,C05-S02-I01-N07,C05,본연
1924,C05-S02-I01-N07,C05,저해
1924,C05-S02-I01-N07,C05,습성
1924,C05-S02-I01-N07,C05,제거
1924,C05-S02-I01-N07,C05,천량
1924,C05-S02-I01-N07,C05,강화
1924,C05-S02-I01-N07,C05,영부
1924,C05-S02-I01-N07,C05,기명
1924,C05-S02-I01-N07,C05,선약
1924,C05-S02-I01-N07,C05,천심
1924,C05-S02-I01-N07,C05,인간
1924,C05-S02-I01-N07,C05,병적
1924,C05-S02-I01-N07,C05,부분
1924,C05-S02-I01-N07,C05,제각
1924,C05-S02-I01-N07,C05,선약
1924,C05-S02-I01-N07,C05,자기
1924,C05-S02-I01-N07,C05,본래
1924,C05-S02-I01-N07,C05,창조적
1924,C05-S02-I01-N07,C05,양심
1924,C05-S02-I01-N07,C05,회복
1924,C05-S02-I01-N07,C05,과정
1924,C05-S02-I01-N07,C05,본래
1924,C05-S02-I01-N07,C05,천심
1924,C05-S02-I01-N07,C05,회복
1924,C05-S02-I01-N07,C05,도력
1924,C05-S02-I01-N07,C05,일정
1924,C05-S02-I01-N07,C05,법문
1924,C05-S02-I01-N07,C05,불가
1924,C05-S02-I01-N07,C05,주문급심고
1924,C05-S02-I01-N07,C05,수련방법
1924,C05-S02-I02-N01,C05,영부
1924,C05-S02-I02-N01,C05,관련
1924,C05-S02-I02-N01,C05,사고
1924,C05-S02-I02-N01,C05,일대문제
1924,C05-S02-I02-N01,C05,참회
1924,C05-S02-I02-N01,C05,생활
1924,C05-S02-I02-N01,C05,참회
1924,C05-S02-I02-N01,C05,대개
1924,C05-S02-I02-N01,C05,전과
1924,C05-S02-I02-N01,C05,회개
1924,C05-S02-I02-N01,C05,심법
1924,C05-S02-I02-N01,C05,천도교
1924,C05-S02-I02-N01,C05,참회
1924,C05-S02-I02-N01,C05,인습
1924,C05-S02-I02-N01,C05,否認
1924,C05-S02-I02-N01,C05,재생
1924,C05-S02-I02-N01,C05,관념
1924,C05-S02-I02-N01,C05,신생
1924,C05-S02-I02-N01,C05,동기
1924,C05-S02-I02-N01,C05,만리만사
1924,C05-S02-I02-N01,C05,의미
1924,C05-S02-I02-N01,C05,영부
1924,C05-S02-I02-N01,C05,습관성
1924,C05-S02-I02-N01,C05,유래
1924,C05-S02-I02-N01,C05,참회
1924,C05-S02-I02-N01,C05,신생
1924,C05-S02-I02-N01,C05,영혼
1924,C05-S02-I02-N01,C05,생혼
1924,C05-S02-I02-N01,C05,창조적
1924,C05-S02-I02-N01,C05,神性
1924,C05-S02-I02-N01,C05,발견
1924,C05-S03-I00-N01,C05,주문
1924,C05-S03-I00-N01,C05,의의
1924,C05-S03-I00-N01,C05,전편
1924,C05-S03-I00-N01,C05,기술
1924,C05-S03-I00-N01,C05,수련방법
1924,C05-S03-I00-N01,C05,의미
1924,C05-S03-I00-N01,C05,일언
1924,C05-S03-I00-N01,C05,강화
1924,C05-S03-I00-N01,C05,주문
1924,C05-S03-I00-N01,C05,장생
1924,C05-S03-I00-N01,C05,천하
1924,C05-S03-I00-N01,C05,주문
1924,C05-S03-I00-N01,C05,직접법문
1924,C05-S03-I00-N01,C05,명백
1924,C05-S03-I00-N01,C05,삼칠자지극
1924,C05-S03-I00-N01,C05,만권시서
1924,C05-S03-I00-N01,C05,주문
1924,C05-S03-I00-N01,C05,효력
1924,C05-S03-I00-N01,C05,유일
1924,C05-S03-I00-N01,C05,법문
1924,C05-S03-I00-N01,C05,주문
1924,C05-S03-I00-N01,C05,심원
1924,C05-S03-I00-N01,C05,묘리
1924,C05-S03-I00-N01,C05,동경
1924,C05-S03-I00-N01,C05,자기
1924,C05-S03-I01-N01,C05,제일
1924,C05-S03-I01-N01,C05,지기금지원위대강
1924,C05-S03-I01-N01,C05,지기
1924,C05-S03-I01-N01,C05,대신사왈
1924,C05-S03-I01-N01,C05,지기
1924,C05-S03-I01-N01,C05,허령
1924,C05-S03-I01-N01,C05,창창
1924,C05-S03-I01-N01,C05,무사불섭
1924,C05-S03-I01-N01,C05,무사불명
1924,C05-S03-I01-N01,C05,천지
1924,C05-S03-I01-N01,C05,충만
1924,C05-S03-I01-N01,C05,우주적
1924,C05-S03-I01-N01,C05,원기
1924,C05-S03-I01-N01,C05,수도
1924,C05-S03-I01-N01,C05,원기
1924,C05-S03-I01-N01,C05,체득
1924,C05-S03-I01-N01,C05,우주
1924,C05-S03-I01-N01,C05,동화
1924,C05-S03-I01-N01,C05,천지자연
1924,C05-S03-I01-N01,C05,일체법
1924,C05-S03-I01-N01,C05,순응
1924,C05-S03-I01-N01,C05,불요불굴
1924,C05-S03-I01-N01,C05,지공무사
1924,C05-S03-I01-N01,C05,지력
1924,C05-S03-I01-N01,C05,지심
1924,C05-S03-I01-N01,C05,지용
1924,C05-S03-I01-N01,C05,감수
1924,C05-S03-I01-N01,C05,영육일치
1924,C05-S03-I01-N01,C05,법문하
1924,C05-S03-I01-N01,C05,극치
1924,C05-S03-I01-N01,C05,물질
1924,C05-S03-I01-N01,C05,정신
1924,C05-S03-I01-N01,C05,합일체
1924,C05-S03-I01-N01,C05,혹물
1924,C05-S03-I01-N01,C05,실재
1924,C05-S03-I01-N01,C05,발견
1924,C05-S03-I01-N01,C05,과학자
1924,C05-S03-I01-N01,C05,용인
1924,C05-S03-I01-N01,C05,지기
1924,C05-S03-I01-N01,C05,체득
1924,C05-S03-I01-N01,C05,아욕아만
1924,C05-S03-I01-N01,C05,해탈
1924,C05-S03-I01-N01,C05,허심정기
1924,C05-S03-I01-N01,C05,자연
1924,C05-S03-I01-N01,C05,동화
1924,C05-S03-I01-N01,C05,천지
1924,C05-S03-I01-N01,C05,충만
1924,C05-S03-I01-N01,C05,호연
1924,C05-S03-I01-N01,C05,통용자재
1924,C05-S03-I01-N01,C05,원리
1924,C05-S03-I01-N01,C05,생명
1924,C05-S03-I01-N01,C05,원기
1924,C05-S03-I01-N01,C05,활동
1924,C05-S03-I01-N01,C05,근기
1924,C05-S03-I02-N01,C05,제이
1924,C05-S03-I02-N01,C05,시천주조화정
1924,C05-S03-I02-N01,C05,대신사
1924,C05-S03-I02-N01,C05,내유
1924,C05-S03-I02-N01,C05,신령
1924,C05-S03-I02-N01,C05,외유
1924,C05-S03-I02-N01,C05,기화
1924,C05-S03-I02-N01,C05,일세
1924,C05-S03-I02-N01,C05,각각
1924,C05-S03-I02-N01,C05,보통
1924,C05-S03-I02-N01,C05,해석
1924,C05-S03-I02-N01,C05,재하자
1924,C05-S03-I02-N01,C05,재래자
1924,C05-S03-I02-N01,C05,경외
1924,C05-S03-I02-N01,C05,자기
1924,C05-S03-I02-N01,C05,내심
1924,C05-S03-I02-N01,C05,철저
1924,C05-S03-I02-N01,C05,무궁
1924,C05-S03-I02-N01,C05,원리
1924,C05-S03-I02-N01,C05,체인
1924,C05-S03-I02-N01,C05,무위이화
1924,C05-S03-I02-N01,C05,도법
1924,C05-S03-I02-N01,C05,무궁
1924,C05-S03-I02-N01,C05,합일
1924,C05-S03-I02-N01,C05,인류
1924,C05-S03-I02-N01,C05,일단
1924,C05-S03-I02-N01,C05,기화
1924,C05-S03-I02-N01,C05,일세
1924,C05-S03-I02-N01,C05,무위자연
1924,C05-S03-I02-N01,C05,극락
1924,C05-S03-I03-N01,C05,대신사
1924,C05-S03-I03-N01,C05,내유신령
1924,C05-S03-I03-N01,C05,내유신령
1924,C05-S03-I03-N01,C05,대정
1924,C05-S03-I03-N01,C05,방황
1924,C05-S03-I03-N01,C05,대신사
1924,C05-S03-I03-N01,C05,정자
1924,C05-S03-I03-N01,C05,공부
1924,C05-S03-I03-N01,C05,수련
1924,C05-S03-I03-N01,C05,제일상승
1924,C05-S03-I03-N01,C05,태산
1924,C05-S03-I03-N01,C05,불동
1924,C05-S03-I03-N01,C05,만물
1924,C05-S03-I03-N01,C05,자생
1924,C05-S03-I03-N01,C05,일심
1924,C05-S03-I03-N01,C05,대정
1924,C05-S03-I03-N01,C05,천량
1924,C05-S03-I03-N01,C05,원기
1924,C05-S03-I03-N01,C05,만화
1924,C05-S03-I03-N01,C05,자생
1924,C05-S03-I03-N01,C05,내유신령
1924,C05-S03-I03-N01,C05,내유신령
1924,C05-S03-I03-N01,C05,수련
1924,C05-S03-I03-N01,C05,극치
1924,C05-S03-I03-N01,C05,자연
1924,C05-S03-I04-N01,C05,제삼
1924,C05-S03-I04-N01,C05,영세불망만사지
1924,C05-S03-I04-N01,C05,대신사
1924,C05-S03-I04-N01,C05,내유신령
1924,C05-S03-I04-N01,C05,내유신령
1924,C05-S03-I04-N01,C05,대정
1924,C05-S03-I04-N01,C05,천지
1924,C05-S03-I04-N01,C05,천용
1924,C05-S03-I04-N01,C05,만사지
1924,C05-S03-I04-N01,C05,인간적
1924,C05-S03-I04-N01,C05,경험
1924,C05-S03-I04-N01,C05,천량심
1924,C05-S03-I04-N01,C05,본래
1924,C05-S03-I04-N01,C05,양지
1924,C05-S03-I04-N01,C05,본래량지
1924,C05-S03-I04-N01,C05,체득
1924,C05-S03-I04-N01,C05,만사
1924,C05-S03-I04-N01,C05,최종목적
1924,C05-S03-I04-N01,C05,간단직절
1924,C05-S03-I04-N01,C05,대도
1924,C05-S03-I04-N01,C05,본체
1924,C05-S03-I04-N01,C05,직각
1924,C05-S03-I04-N01,C05,주문
1924,C05-S03-I04-N01,C05,위력
1924,C05-S04-I01-N01,C05,인내천주의
1924,C05-S04-I01-N01,C05,현재
1924,C05-S04-I01-N01,C05,심법
1924,C05-S04-I01-N01,C05,행위
1924,C05-S04-I01-N01,C05,본성
1924,C05-S04-I01-N01,C05,본래
1924,C05-S04-I01-N01,C05,성능
1924,C05-S04-I01-N01,C05,영명
1924,C05-S04-I01-N01,C05,발휘
1924,C05-S04-I01-N01,C05,소질
1924,C05-S04-I01-N01,C05,인내천
1924,C05-S04-I01-N01,C05,교화
1924,C05-S04-I01-N01,C05,현재생활
1924,C05-S04-I01-N01,C05,심법
1924,C05-S04-I02-N01,C05,세계
1924,C05-S04-I02-N01,C05,천국
1924,C05-S04-I02-N01,C05,세계
1924,C05-S04-I02-N01,C05,천국
1924,C05-S04-I02-N01,C05,소질
1924,C05-S04-I02-N01,C05,세계
1924,C05-S04-I02-N01,C05,천국
1924,C05-S04-I02-N01,C05,소질
1924,C05-S04-I02-N01,C05,소질
1924,C05-S04-I02-N01,C05,발휘
1924,C05-S04-I02-N01,C05,본래
1924,C05-S04-I02-N01,C05,목적
1924,C05-S04-I02-N01,C05,발휘
1924,C05-S04-I02-N01,C05,인내천종교
1924,C05-S04-I02-N01,C05,초두과정
1924,C05-S04-I03-N01,C05,자체
1924,C05-S04-I03-N01,C05,구별
1924,C05-S04-I03-N01,C05,현상적
1924,C05-S04-I03-N01,C05,현상
1924,C05-S04-I03-N01,C05,이면
1924,C05-S04-I03-N01,C05,神性
1924,C05-S04-I03-N01,C05,현상적
1924,C05-S04-I03-N01,C05,현재
1924,C05-S04-I03-N01,C05,심법
1924,C05-S04-I03-N01,C05,현재
1924,C05-S04-I03-N01,C05,자기
1924,C05-S04-I03-N01,C05,본성
1924,C05-S04-I03-N01,C05,외계적
1924,C05-S04-I03-N01,C05,인습
1924,C05-S04-I03-N01,C05,허위
1924,C05-S04-I03-N01,C05,전발
1924,C05-S04-I03-N01,C05,동작
1924,C05-S04-I03-N01,C05,유물관
1924,C05-S04-I03-N01,C05,심리
1924,C05-S04-I03-N01,C05,내계
1924,C05-S04-I03-N01,C05,외계
1924,C05-S04-I03-N01,C05,수입
1924,C05-S04-I03-N01,C05,역사
1924,C05-S04-I03-N01,C05,인습
1924,C05-S04-I03-N01,C05,심리
1924,C05-S04-I03-N01,C05,누천년래
1924,C05-S04-I03-N01,C05,사회
1924,C05-S04-I03-N01,C05,제도
1924,C05-S04-I03-N01,C05,습관
1924,C05-S04-I03-N01,C05,인습
1924,C05-S04-I03-N01,C05,현재
1924,C05-S04-I03-N01,C05,심리
1924,C05-S04-I03-N01,C05,습관
1924,C05-S04-I03-N01,C05,전설
1924,C05-S04-I03-N01,C05,제각
1924,C05-S04-I03-N01,C05,심리
1924,C05-S04-I03-N01,C05,유래
1924,C05-S04-I03-N01,C05,인습
1924,C05-S04-I03-N01,C05,타파
1924,C05-S04-I03-N01,C05,신심리
1924,C05-S04-I03-N01,C05,건설
1924,C05-S04-I03-N02,C05,과연
1924,C05-S04-I03-N02,C05,현재심리
1924,C05-S04-I03-N02,C05,습관
1924,C05-S04-I03-N02,C05,인습
1924,C05-S04-I03-N02,C05,결정
1924,C05-S04-I03-N02,C05,현재
1924,C05-S04-I03-N02,C05,심리
1924,C05-S04-I03-N02,C05,현상인
1924,C05-S04-I03-N02,C05,유물관
1924,C05-S04-I03-N02,C05,차등
1924,C05-S04-I03-N02,C05,심리
1924,C05-S04-I03-N02,C05,기일
1924,C05-S04-I03-N02,C05,기이
1924,C05-S04-I03-N02,C05,결함
1924,C05-S04-I03-N02,C05,현상적
1924,C05-S04-I03-N02,C05,현상
1924,C05-S04-I03-N02,C05,이면
1924,C05-S04-I03-N02,C05,창조적
1924,C05-S04-I03-N03,C05,하고
1924,C05-S04-I03-N03,C05,본래
1924,C05-S04-I03-N03,C05,인습
1924,C05-S04-I03-N03,C05,기실
1924,C05-S04-I03-N03,C05,발생
1924,C05-S04-I03-N03,C05,창초
1924,C05-S04-I03-N03,C05,습관
1924,C05-S04-I03-N03,C05,시초
1924,C05-S04-I03-N03,C05,창작
1924,C05-S04-I03-N03,C05,가령
1924,C05-S04-I03-N03,C05,현재
1924,C05-S04-I03-N03,C05,사회
1924,C05-S04-I03-N03,C05,제도
1924,C05-S04-I03-N03,C05,누천년
1924,C05-S04-I03-N03,C05,인습적
1924,C05-S04-I03-N03,C05,심리
1924,C05-S04-I03-N03,C05,구성
1924,C05-S04-I03-N03,C05,소위
1924,C05-S04-I03-N03,C05,인습
1924,C05-S04-I03-N03,C05,시대
1924,C05-S04-I03-N03,C05,경과
1924,C05-S04-I03-N03,C05,사실
1924,C05-S04-I03-N03,C05,발생
1924,C05-S04-I03-N03,C05,시간
1924,C05-S04-I03-N03,C05,벽두
1924,C05-S04-I03-N03,C05,창조
1924,C05-S04-I03-N03,C05,이유
1924,C05-S04-I03-N03,C05,현상적
1924,C05-S04-I03-N03,C05,심리
1924,C05-S04-I03-N03,C05,현상적
1924,C05-S04-I03-N03,C05,심리
1924,C05-S04-I03-N03,C05,독단
1924,C05-S04-I03-N03,C05,성립
1924,C05-S04-I03-N03,C05,창조적
1924,C05-S04-I03-N03,C05,인성
1924,C05-S04-I03-N03,C05,당초
1924,C05-S04-I03-N03,C05,형성
1924,C05-S04-I03-N03,C05,현상적
1924,C05-S04-I03-N03,C05,심리
1924,C05-S04-I03-N03,C05,창조적
1924,C05-S04-I03-N03,C05,심리
1924,C05-S04-I03-N03,C05,발생
1924,C05-S04-I03-N04,C05,현상적
1924,C05-S04-I03-N04,C05,심리
1924,C05-S04-I03-N04,C05,인성
1924,C05-S04-I03-N04,C05,폐해
1924,C05-S04-I03-N04,C05,現象
1924,C05-S04-I03-N04,C05,누천년
1924,C05-S04-I03-N04,C05,이전
1924,C05-S04-I03-N04,C05,창조적
1924,C05-S04-I03-N04,C05,사실
1924,C05-S04-I03-N04,C05,인순고식
1924,C05-S04-I03-N04,C05,묵묵
1924,C05-S04-I03-N04,C05,감수
1924,C05-S04-I03-N04,C05,자기성
1924,C05-S04-I03-N04,C05,창조적
1924,C05-S04-I03-N04,C05,실물
1924,C05-S04-I03-N04,C05,호말
1924,C05-S04-I03-N04,C05,발견
1924,C05-S04-I03-N04,C05,현상적
1924,C05-S04-I03-N04,C05,이면
1924,C05-S04-I03-N04,C05,무한
1924,C05-S04-I03-N04,C05,창조적
1924,C05-S04-I03-N04,C05,엄연
1924,C05-S04-I03-N04,C05,존립
1924,C05-S04-I03-N04,C05,불변
1924,C05-S04-I03-N04,C05,진리
1924,C05-S04-I03-N04,C05,유한
1924,C05-S04-I03-N04,C05,現象
1924,C05-S04-I03-N04,C05,무한
1924,C05-S04-I03-N04,C05,창조적
1924,C05-S04-I03-N04,C05,명백
1924,C05-S04-I03-N04,C05,現象
1924,C05-S04-I03-N04,C05,가령
1924,C05-S04-I03-N04,C05,파랑
1924,C05-S04-I03-N04,C05,창조적
1924,C05-S04-I03-N04,C05,대해
1924,C05-S04-I03-N04,C05,파랑
1924,C05-S04-I03-N04,C05,대해
1924,C05-S04-I03-N04,C05,대해
1924,C05-S04-I03-N04,C05,파랑
1924,C05-S04-I03-N04,C05,現象
1924,C05-S04-I03-N04,C05,창조적
1924,C05-S04-I03-N04,C05,창조적
1924,C05-S04-I03-N04,C05,現象
1924,C05-S04-I03-N04,C05,이유
1924,C05-S04-I03-N05,C05,창조적
1924,C05-S04-I03-N05,C05,영원
1924,C05-S04-I03-N05,C05,항구
1924,C05-S04-I03-N05,C05,진여
1924,C05-S04-I03-N05,C05,무진장
1924,C05-S04-I03-N05,C05,완전
1924,C05-S04-I03-N05,C05,現象
1924,C05-S04-I03-N05,C05,잠유
1924,C05-S04-I03-N05,C05,무상
1924,C05-S04-I03-N05,C05,유한
1924,C05-S04-I03-N05,C05,불완전
1924,C05-S04-I03-N05,C05,천도교
1924,C05-S04-I03-N05,C05,창조적
1924,C05-S04-I03-N05,C05,인내천
1924,C05-S04-I03-N05,C05,물론
1924,C05-S04-I03-N05,C05,양종
1924,C05-S04-I03-N05,C05,포용
1924,C05-S04-I03-N05,C05,방법
1924,C05-S04-I03-N05,C05,필연
1924,C05-S04-I03-N05,C05,수련
1924,C05-S04-I03-N05,C05,수련
1924,C05-S04-I03-N05,C05,現象
1924,C05-S04-I03-N05,C05,창조적
1924,C05-S04-I03-N05,C05,대립
1924,C05-S04-I03-N05,C05,합일
1924,C05-S04-I03-N05,C05,공부
1924,C05-S04-I03-N05,C05,귀의
1924,C05-S04-I03-N05,C05,現象
1924,C05-S04-I03-N05,C05,창조적
1924,C05-S04-I03-N05,C05,귀의
1924,C05-S04-I03-N05,C05,심고
1924,C05-S04-I03-N05,C05,수련방
1924,C05-S04-I03-N05,C05,지대차중
1924,C05-S04-I03-N06,C05,경신
1924,C05-S04-I03-N06,C05,사월
1924,C05-S04-I03-N06,C05,오일
1924,C05-S04-I03-N06,C05,대신사
1924,C05-S04-I03-N06,C05,대각
1924,C05-S04-I03-N06,C05,천어
1924,C05-S04-I03-N06,C05,기록
1924,C05-S04-I03-N06,C05,대신사
1924,C05-S04-I03-N06,C05,대각
1924,C05-S04-I03-N06,C05,神人
1924,C05-S04-I03-N06,C05,대립
1924,C05-S04-I03-N06,C05,상상
1924,C05-S04-I03-N06,C05,대신사
1924,C05-S04-I03-N06,C05,수련
1924,C05-S04-I03-N06,C05,점차
1924,C05-S04-I03-N06,C05,극도
1924,C05-S04-I03-N06,C05,내유강화지교
1924,C05-S04-I03-N06,C05,신인합일
1924,C05-S04-I03-N06,C05,경애
1924,C05-S04-I03-N06,C05,현상적
1924,C05-S04-I03-N06,C05,창조적
1924,C05-S04-I03-N06,C05,합일
1924,C05-S04-I03-N06,C05,대신사
1924,C05-S04-I03-N06,C05,강화
1924,C05-S04-I03-N06,C05,대신사
1924,C05-S04-I03-N06,C05,일동일정
1924,C05-S04-I03-N06,C05,강화
1924,C05-S04-I03-N06,C05,창조적
1924,C05-S04-I03-N06,C05,교훈
1924,C05-S04-I03-N06,C05,행동
1924,C05-S04-I03-N06,C05,대신사
1924,C05-S04-I03-N06,C05,현상적
1924,C05-S04-I03-N06,C05,창조적
1924,C05-S04-I03-N06,C05,현상적
1924,C05-S04-I03-N06,C05,항상
1924,C05-S04-I03-N06,C05,창조적
1924,C05-S04-I03-N06,C05,교훈
1924,C05-S04-I03-N06,C05,일동일정
1924,C05-S04-I03-N06,C05,심고
1924,C05-S04-I03-N06,C05,현상적
1924,C05-S04-I03-N06,C05,창조적
1924,C05-S04-I03-N06,C05,지도
1924,C05-S04-I04-N01,C05,심고
1924,C05-S04-I04-N01,C05,방식
1924,C05-S04-I04-N01,C05,보통심고
1924,C05-S04-I04-N01,C05,기도
1924,C05-S04-I04-N01,C05,심고
1924,C05-S04-I04-N01,C05,식고
1924,C05-S04-I04-N01,C05,출입고
1924,C05-S04-I04-N01,C05,침고
1924,C05-S04-I04-N01,C05,일동일정
1924,C05-S04-I04-N01,C05,심고
1924,C05-S04-I04-N01,C05,일상평범
1924,C05-S04-I04-N01,C05,행동간
1924,C05-S04-I04-N01,C05,항상
1924,C05-S04-I04-N01,C05,수심정기
1924,C05-S04-I04-N01,C05,필요
1924,C05-S04-I04-N01,C05,수련방식
1924,C05-S04-I04-N02,C05,심고적
1924,C05-S04-I04-N02,C05,효과
1924,C05-S04-I04-N02,C05,보통
1924,C05-S04-I04-N02,C05,누루
1924,C05-S04-I04-N02,C05,경험
1924,C05-S04-I04-N02,C05,가령
1924,C05-S04-I04-N02,C05,노기
1924,C05-S04-I04-N02,C05,발작
1924,C05-S04-I04-N02,C05,심기
1924,C05-S04-I04-N02,C05,일전
1924,C05-S04-I04-N02,C05,상기
1924,C05-S04-I04-N02,C05,억제
1924,C05-S04-I04-N02,C05,화기
1924,C05-S04-I04-N02,C05,실례
1924,C05-S04-I04-N02,C05,가령
1924,C05-S04-I04-N02,C05,단기적
1924,C05-S04-I04-N02,C05,경솔
1924,C05-S04-I04-N02,C05,처리
1924,C05-S04-I04-N02,C05,서서
1924,C05-S04-I04-N02,C05,양심
1924,C05-S04-I04-N02,C05,판정
1924,C05-S04-I04-N02,C05,실행
1924,C05-S04-I04-N02,C05,임사
1924,C05-S04-I04-N02,C05,실패
1924,C05-S04-I04-N02,C05,역시
1924,C05-S04-I04-N02,C05,일종
1924,C05-S04-I04-N02,C05,무의식적
1924,C05-S04-I04-N02,C05,심고
1924,C05-S04-I04-N02,C05,과언
1924,C05-S04-I04-N02,C05,수련적
1924,C05-S04-I04-N02,C05,행위
1924,C05-S04-I04-N02,C05,심고
1924,C05-S04-I04-N02,C05,특종
1924,C05-S04-I04-N02,C05,법문
1924,C05-S04-I04-N02,C05,실행
1924,C05-S04-I04-N02,C05,인간만사
1924,C05-S04-I04-N02,C05,허위
1924,C05-S04-I04-N02,C05,동작
1924,C05-S04-I04-N03,C05,인격
1924,C05-S04-I04-N03,C05,점차
1924,C05-S04-I04-N03,C05,천연
1924,C05-S04-I04-N03,C05,기도
1924,C05-S04-I04-N03,C05,천도교
1924,C05-S04-I04-N03,C05,삼칠일
1924,C05-S04-I04-N03,C05,혹시
1924,C05-S04-I04-N03,C05,사십구일
1924,C05-S04-I04-N03,C05,백오일
1924,C05-S04-I04-N03,C05,장시간
1924,C05-S04-I04-N03,C05,특정
1924,C05-S04-I04-N03,C05,전문
1924,C05-S04-I04-N03,C05,심리적
1924,C05-S04-I04-N03,C05,수련
1924,C05-S04-I04-N03,C05,방식
1924,C05-S04-I04-N03,C05,기도적
1924,C05-S04-I04-N03,C05,수련
1924,C05-S04-I04-N03,C05,진실
1924,C05-S04-I04-N03,C05,창조적
1924,C05-S04-I04-N03,C05,진리
1924,C05-S04-I04-N03,C05,접촉
1924,C05-S04-I04-N03,C05,일대주의
1924,C05-S04-I04-N03,C05,천도교
1924,C05-S04-I04-N03,C05,기도
1924,C05-S04-I04-N03,C05,타종교
1924,C05-S04-I04-N03,C05,판이
1924,C05-S04-I04-N03,C05,성질
1924,C05-S04-I04-N03,C05,타종교
1924,C05-S04-I04-N03,C05,기도
1924,C05-S04-I04-N03,C05,타력적
1924,C05-S04-I04-N03,C05,방법
1924,C05-S04-I04-N03,C05,반대
1924,C05-S04-I04-N03,C05,천도교
1924,C05-S04-I04-N03,C05,자력적
1924,C05-S04-I04-N03,C05,방법
1924,C05-S04-I04-N04,C05,자력적
1924,C05-S04-I04-N04,C05,방법
1924,C05-S04-I04-N04,C05,자기
1924,C05-S04-I04-N04,C05,행복
1924,C05-S04-I04-N04,C05,자기
1924,C05-S04-I04-N04,C05,타종교
1924,C05-S04-I04-N04,C05,행복
1924,C05-S04-I04-N04,C05,가치
1924,C05-S04-I04-N04,C05,객관적
1924,C05-S04-I04-N04,C05,조건하
1924,C05-S04-I04-N04,C05,타력
1924,C05-S04-I04-N04,C05,숭배
1924,C05-S04-I04-N04,C05,인내천
1924,C05-S04-I04-N04,C05,종교
1924,C05-S04-I04-N04,C05,무궁
1924,C05-S04-I04-N04,C05,합치
1924,C05-S04-I04-N04,C05,행복
1924,C05-S04-I04-N04,C05,원천
1924,C05-S04-I04-N04,C05,자력
1924,C05-S04-I04-N04,C05,노력
1924,C05-S04-I04-N04,C05,귀의
1924,C05-S04-I04-N04,C05,누루
1924,C05-S04-I04-N04,C05,경험
1924,C05-S04-I04-N04,C05,생활
1924,C05-S04-I04-N04,C05,자기
1924,C05-S04-I04-N04,C05,건설
1924,C05-S04-I04-N04,C05,타인
1924,C05-S04-I04-N04,C05,기생
1924,C05-S04-I04-N04,C05,건전
1924,C05-S04-I04-N04,C05,유력
1924,C05-S04-I04-N04,C05,자기
1924,C05-S04-I04-N04,C05,자기
1924,C05-S04-I04-N05,C05,연구
1924,C05-S04-I04-N05,C05,전체
1924,C05-S04-I04-N05,C05,합력
1924,C05-S04-I04-N05,C05,전체
1924,C05-S04-I04-N05,C05,행복
1924,C05-S04-I04-N05,C05,과연
1924,C05-S04-I04-N05,C05,진리
1924,C05-S04-I04-N05,C05,자기
1924,C05-S04-I04-N05,C05,무궁성
1924,C05-S04-I04-N05,C05,귀의
1924,C05-S04-I04-N05,C05,여지
1924,C05-S04-I04-N06,C05,기도
1924,C05-S04-I04-N06,C05,방식
1924,C05-S04-I04-N06,C05,묵념
1924,C05-S04-I04-N06,C05,기도
1924,C05-S04-I04-N06,C05,묵념
1924,C05-S04-I04-N06,C05,창조적
1924,C05-S04-I04-N06,C05,무궁
1924,C05-S04-I04-N06,C05,체관
1924,C05-S04-I04-N06,C05,묵념
1924,C05-S04-I04-N06,C05,극치
1924,C05-S04-I04-N06,C05,대개
1924,C05-S04-I04-N06,C05,일언
1924,C05-S04-I04-N06,C05,귀착
1924,C05-S04-I04-N06,C05,묵념
1924,C05-S04-I04-N06,C05,과정
1924,C05-S04-I04-N06,C05,효과
1924,C05-S04-I04-N06,C05,제일
1924,C05-S04-I04-N06,C05,묵념
1924,C05-S04-I04-N06,C05,신련
1924,C05-S04-I04-N06,C05,평거동정
1924,C05-S04-I04-N06,C05,지중
1924,C05-S04-I04-N06,C05,삽응
1924,C05-S04-I04-N06,C05,객감속상
1924,C05-S04-I04-N06,C05,불능
1924,C05-S04-I04-N06,C05,불능
1924,C05-S04-I04-N06,C05,오인
1924,C05-S04-I04-N06,C05,묵념
1924,C05-S04-I04-N06,C05,방법
1924,C05-S04-I04-N06,C05,서상정고
1924,C05-S04-I04-N06,C05,신뢰
1924,C05-S04-I04-N07,C05,명창궤
1924,C05-S04-I04-N07,C05,백운류수
1924,C05-S04-I04-N07,C05,소요
1924,C05-S04-I04-N07,C05,유연
1924,C05-S04-I04-N07,C05,천지
1924,C05-S04-I04-N07,C05,동화
1924,C05-S04-I04-N07,C05,우주
1924,C05-S04-I04-N07,C05,만화
1924,C05-S04-I04-N07,C05,쾌감
1924,C05-S04-I04-N07,C05,번민고뇌
1924,C05-S04-I04-N07,C05,불능
1924,C05-S04-I04-N07,C05,심서
1924,C05-S04-I04-N07,C05,난사
1924,C05-S04-I04-N07,C05,욕화
1924,C05-S04-I04-N07,C05,염염
1924,C05-S04-I04-N07,C05,명상
1924,C05-S04-I04-N07,C05,천지
1924,C05-S04-I04-N07,C05,청풍일진
1924,C05-S04-I04-N07,C05,심화
1924,C05-S04-I04-N07,C05,쾌도일진
1924,C05-S04-I04-N07,C05,난사
1924,C05-S04-I04-N07,C05,오인
1924,C05-S04-I04-N07,C05,불능
1924,C05-S04-I04-N07,C05,상쾌
1924,C05-S04-I04-N07,C05,연고
1924,C05-S04-I04-N07,C05,현상적
1924,C05-S04-I04-N07,C05,창조적
1924,C05-S04-I04-N07,C05,접촉
1924,C05-S04-I04-N07,C05,절묘경
1924,C05-S04-I04-N07,C05,소위
1924,C05-S04-I04-N07,C05,신련
1924,C05-S04-I04-N07,C05,소출
1924,C05-S04-I04-N07,C05,제삼
1924,C05-S04-I04-N07,C05,묵념
1924,C05-S04-I04-N07,C05,正義
1924,C05-S04-I04-N08,C05,묵념
1924,C05-S04-I04-N08,C05,현상적
1924,C05-S04-I04-N08,C05,잡감
1924,C05-S04-I04-N08,C05,정의정기
1924,C05-S04-I04-N08,C05,분발
1924,C05-S04-I04-N08,C05,호연
1924,C05-S04-I04-N08,C05,발생
1924,C05-S04-I04-N08,C05,대신사
1924,C05-S04-I04-N08,C05,지기금지
1924,C05-S04-I04-N08,C05,원위대강
1924,C05-S04-I04-N08,C05,해석
1924,C05-S04-I04-N08,C05,지기
1924,C05-S04-I04-N08,C05,허령
1924,C05-S04-I04-N08,C05,창창
1924,C05-S04-I04-N08,C05,묵념
1924,C05-S04-I04-N08,C05,우주
1924,C05-S04-I04-N08,C05,대원기
1924,C05-S04-I04-N08,C05,체득
1924,C05-S04-I04-N08,C05,사기
1924,C05-S04-I04-N08,C05,우주
1924,C05-S04-I04-N08,C05,동화
1924,C05-S04-I04-N08,C05,대묘법
1924,C05-S04-I04-N08,C05,지기
1924,C05-S04-I04-N08,C05,체득
1924,C05-S04-I04-N08,C05,생사
1924,C05-S04-I04-N08,C05,초월
1924,C05-S04-I04-N08,C05,여탈자재
1924,C05-S04-I04-N08,C05,대담력
1924,C05-S04-I04-N09,C05,자고
1924,C05-S04-I04-N09,C05,위인
1924,C05-S04-I04-N09,C05,행위
1924,C05-S04-I04-N09,C05,수련
1924,C05-S04-I04-N09,C05,출생
1924,C05-S04-I04-N09,C05,제사
1924,C05-S04-I04-N09,C05,묵념
1924,C05-S04-I04-N09,C05,신력
1924,C05-S04-I04-N09,C05,묵념
1924,C05-S04-I04-N09,C05,수련
1924,C05-S04-I04-N09,C05,내적
1924,C05-S04-I04-N09,C05,무궁
1924,C05-S04-I04-N09,C05,신령
1924,C05-S04-I04-N09,C05,외적
1924,C05-S04-I04-N09,C05,대우주
1924,C05-S04-I04-N09,C05,원기
1924,C05-S04-I04-N09,C05,응용
1924,C05-S04-I04-N09,C05,영묘불가사의
1924,C05-S04-I04-N09,C05,신력
1924,C05-S04-I04-N09,C05,발현
1924,C05-S04-I04-N09,C05,시인
1924,C05-S04-I04-N09,C05,시미
1924,C05-S04-I04-N09,C05,극치
1924,C05-S04-I04-N09,C05,파득
1924,C05-S04-I04-N09,C05,경천읍귀
1924,C05-S04-I04-N09,C05,시구
1924,C05-S04-I04-N09,C05,신력
1924,C05-S04-I04-N09,C05,발현
1924,C05-S04-I04-N09,C05,화가
1924,C05-S04-I04-N09,C05,필치
1924,C05-S04-I04-N09,C05,造化
1924,C05-S04-I04-N09,C05,발명가
1924,C05-S04-I04-N09,C05,사색
1924,C05-S04-I04-N09,C05,극치
1924,C05-S04-I04-N09,C05,진리
1924,C05-S04-I04-N09,C05,발명
1924,C05-S04-I04-N10,C05,내지
1924,C05-S04-I04-N10,C05,대종교가
1924,C05-S04-I04-N10,C05,신비가
1924,C05-S04-I04-N10,C05,신비적
1924,C05-S04-I04-N10,C05,진리
1924,C05-S04-I04-N10,C05,창조
1924,C05-S04-I04-N10,C05,묵념
1924,C05-S04-I04-N10,C05,효력
1924,C05-S04-I04-N10,C05,대신사
1924,C05-S04-I04-N10,C05,삼십팔년간
1924,C05-S04-I04-N10,C05,묵념
1924,C05-S04-I04-N10,C05,천도
1924,C05-S04-I04-N10,C05,진리
1924,C05-S04-I04-N10,C05,발명
1924,C05-S04-I04-N10,C05,신통력
1924,C05-S04-I04-N10,C05,체득
1924,C05-S04-I04-N10,C05,소이
1924,C05-S04-I04-N10,C05,여사
1924,C05-S04-I04-N10,C05,심고
1924,C05-S04-I04-N10,C05,효과
1924,C05-S04-I04-N10,C05,광대무량
1924,C05-S04-I04-N10,C05,인내천
1924,C05-S04-I04-N10,C05,수련
1924,C05-S04-I04-N10,C05,과목
1924,C05-S05-I01-N01,C05,대신사
1924,C05-S05-I01-N01,C05,사대성명
1924,C05-S05-I01-N01,C05,현상적
1924,C05-S05-I01-N01,C05,해탈
1924,C05-S05-I01-N01,C05,창조적
1924,C05-S05-I01-N01,C05,사대성명
1924,C05-S05-I01-N01,C05,기천
1924,C05-S05-I01-N01,C05,물욕교폐
1924,C05-S05-I01-N01,C05,허언
1924,C05-S05-I01-N01,C05,혹세
1924,C05-S05-I01-N01,C05,기천
1924,C05-S05-I01-N01,C05,사대악
1924,C05-S05-I01-N01,C05,해탈
1924,C05-S05-I01-N01,C05,창조적
1924,C05-S05-I01-N01,C05,진면목
1924,C05-S05-I01-N01,C05,대신사
1924,C05-S05-I01-N01,C05,포덕문
1924,C05-S05-I01-N01,C05,수절
1924,C05-S05-I01-N01,C05,대우주
1924,C05-S05-I01-N01,C05,造化
1924,C05-S05-I01-N01,C05,찬미
1924,C05-S05-I01-N01,C05,춘추질대
1924,C05-S05-I01-N01,C05,사시
1924,C05-S05-I01-N01,C05,성쇠
1924,C05-S05-I01-N01,C05,불천불역
1924,C05-S05-I01-N02,C05,논학문
1924,C05-S05-I01-N02,C05,군자
1924,C05-S05-I01-N02,C05,이정
1924,C05-S05-I01-N02,C05,천지
1924,C05-S05-I01-N02,C05,소인
1924,C05-S05-I01-N02,C05,이정
1924,C05-S05-I01-N02,C05,천지
1924,C05-S05-I01-N02,C05,기명
1924,C05-S05-I01-N02,C05,성쇠
1924,C05-S05-I01-N02,C05,도법
1924,C05-S05-I01-N02,C05,수심정기
1924,C05-S05-I01-N02,C05,경정
1924,C05-S05-I01-N02,C05,당연
1924,C05-S05-I01-N02,C05,우주
1924,C05-S05-I01-N02,C05,대율법
1924,C05-S05-I01-N02,C05,만일
1924,C05-S05-I01-N02,C05,사대성명
1924,C05-S05-I01-N02,C05,제일목적
1924,C05-S05-I01-N02,C05,대정대신
1924,C05-S05-I01-N03,C05,번복지심
1924,C05-S05-I01-N03,C05,유행
1924,C05-S05-I01-N03,C05,어법
1924,C05-S05-I01-N03,C05,主義
1924,C05-S05-I01-N03,C05,主義
1924,C05-S05-I01-N03,C05,主義
1924,C05-S05-I01-N03,C05,자기
1924,C05-S05-I01-N03,C05,생명
1924,C05-S05-I01-N03,C05,공헌
1924,C05-S05-I01-N03,C05,불석
1924,C05-S05-I01-N03,C05,대신사
1924,C05-S05-I01-N03,C05,천도
1924,C05-S05-I01-N03,C05,생명
1924,C05-S05-I01-N03,C05,희생
1924,C05-S05-I01-N03,C05,主義
1924,C05-S05-I01-N03,C05,소이
1924,C05-S05-I01-N03,C05,사대성명
1924,C05-S05-I01-N03,C05,제일조
1924,C05-S05-I01-N03,C05,천도
1924,C05-S05-I01-N03,C05,당연
1924,C05-S05-I01-N03,C05,主義
1924,C05-S05-I02-N01,C05,대정대신
1924,C05-S05-I02-N01,C05,천지자연
1924,C05-S05-I02-N01,C05,묘법
1924,C05-S05-I02-N01,C05,순응
1924,C05-S05-I02-N01,C05,물욕
1924,C05-S05-I02-N01,C05,제거
1924,C05-S05-I02-N01,C05,성명
1924,C05-S05-I02-N01,C05,제이
1924,C05-S05-I02-N01,C05,목적
1924,C05-S05-I02-N01,C05,물욕
1924,C05-S05-I02-N01,C05,누술
1924,C05-S05-I02-N01,C05,소유욕
1924,C05-S05-I02-N01,C05,제거
1924,C05-S05-I02-N01,C05,소유욕
1924,C05-S05-I02-N01,C05,창조욕
1924,C05-S05-I02-N01,C05,천리
1924,C05-S05-I02-N01,C05,순응
1924,C05-S05-I03-N01,C05,허언
1924,C05-S05-I03-N01,C05,혹세
1924,C05-S05-I03-N01,C05,현대
1924,C05-S05-I03-N01,C05,비공리
1924,C05-S05-I03-N01,C05,불자연
1924,C05-S05-I03-N01,C05,허위가식
1924,C05-S05-I03-N01,C05,생활
1924,C05-S05-I03-N01,C05,대개
1924,C05-S05-I03-N01,C05,행위
1924,C05-S05-I03-N01,C05,다부분
1924,C05-S05-I03-N01,C05,혹세
1924,C05-S05-I03-N01,C05,배우
1924,C05-S05-I03-N01,C05,가장
1924,C05-S05-I03-N01,C05,극단
1924,C05-S05-I03-N01,C05,현대인
1924,C05-S05-I03-N01,C05,비자연
1924,C05-S05-I03-N01,C05,문명
1924,C05-S05-I03-N01,C05,태반
1924,C05-S05-I03-N01,C05,민중
1924,C05-S05-I03-N01,C05,현혹
1924,C05-S05-I03-N01,C05,노자
1924,C05-S05-I03-N01,C05,당시
1924,C05-S05-I03-N01,C05,사회상태
1924,C05-S05-I03-N01,C05,타매
1924,C05-S05-I03-N01,C05,성인불인
1924,C05-S05-I03-N01,C05,백성
1924,C05-S05-I03-N01,C05,추구
1924,C05-S05-I03-N01,C05,천재후
1924,C05-S05-I03-N01,C05,금일
1924,C05-S05-I03-N01,C05,금언
1924,C05-S05-I03-N01,C05,현대
1924,C05-S05-I03-N01,C05,소위
1924,C05-S05-I03-N01,C05,문명
1924,C05-S05-I03-N01,C05,생활
1924,C05-S05-I03-N01,C05,백성
1924,C05-S05-I03-N01,C05,추구
1924,C05-S05-I03-N01,C05,행위
1924,C05-S05-I03-N02,C05,국가
1924,C05-S05-I03-N02,C05,무용
1924,C05-S05-I03-N02,C05,전쟁
1924,C05-S05-I03-N02,C05,시사
1924,C05-S05-I03-N02,C05,생령
1924,C05-S05-I03-N02,C05,도탄
1924,C05-S05-I03-N02,C05,혹세
1924,C05-S05-I03-N02,C05,사회
1924,C05-S05-I03-N02,C05,계급
1924,C05-S05-I03-N02,C05,소수
1924,C05-S05-I03-N02,C05,이복
1924,C05-S05-I03-N02,C05,다수
1924,C05-S05-I03-N02,C05,해독
1924,C05-S05-I03-N02,C05,기타
1924,C05-S05-I03-N02,C05,불합리
1924,C05-S05-I03-N02,C05,의식
1924,C05-S05-I03-N02,C05,허례
1924,C05-S05-I03-N02,C05,농락
1924,C05-S05-I03-N02,C05,수단
1924,C05-S05-I03-N02,C05,민중
1924,C05-S05-I03-N02,C05,기만
1924,C05-S05-I03-N02,C05,혹세
1924,C05-S05-I03-N02,C05,증거
1924,C05-S05-I03-N02,C05,일언
1924,C05-S05-I03-N02,C05,현대
1924,C05-S05-I03-N02,C05,생활
1924,C05-S05-I03-N02,C05,태반
1924,C05-S05-I03-N02,C05,혹세물
1924,C05-S05-I03-N02,C05,현대
1924,C05-S05-I03-N02,C05,민중
1924,C05-S05-I03-N02,C05,불자연
1924,C05-S05-I03-N02,C05,혹세
1924,C05-S05-I03-N02,C05,축축
1924,C05-S05-I03-N02,C05,소아
1924,C05-S05-I03-N02,C05,요괴
1924,C05-S05-I03-N02,C05,유인
1924,C05-S05-I03-N02,C05,마굴
1924,C05-S05-I03-N02,C05,추락
1924,C05-S05-I04-N01,C05,불량
1924,C05-S05-I04-N01,C05,기천
1924,C05-S05-I04-N01,C05,천도
1924,C05-S05-I04-N01,C05,수련
1924,C05-S05-I04-N01,C05,내유신령
1924,C05-S05-I04-N01,C05,천주
1924,C05-S05-I04-N01,C05,결국
1924,C05-S05-I04-N01,C05,천인
1924,C05-S05-I04-N01,C05,합치점
1924,C05-S05-I04-N01,C05,발견
1924,C05-S05-I04-N01,C05,사대성명
1924,C05-S05-I04-N01,C05,제일목적
1924,C05-S05-I04-N01,C05,무위자연
1924,C05-S05-I04-N01,C05,심법
1924,C05-S05-I04-N01,C05,主義
1924,C05-S05-I04-N01,C05,소유욕
1924,C05-S05-I04-N01,C05,제거
1924,C05-S05-I04-N01,C05,민중
1924,C05-S05-I04-N01,C05,혹세
1924,C05-S05-I04-N01,C05,기천
1924,C05-S05-I04-N01,C05,내유신령
1924,C05-S05-I04-N01,C05,신인합일
1924,C05-S06-I00-N01,C05,팔절
1924,C05-S06-I00-N01,C05,팔자
1924,C05-S06-I01-N01,C05,불지명지소재
1924,C05-S06-I01-N01,C05,원불구이
1924,C05-S06-I01-N01,C05,수아
1924,C05-S06-I01-N01,C05,여심어
1924,C05-S06-I01-N01,C05,기지
1924,C05-S06-I01-N01,C05,제일
1924,C05-S06-I01-N01,C05,인식
1924,C05-S06-I01-N01,C05,관념
1924,C05-S06-I01-N01,C05,연상
1924,C05-S06-I01-N01,C05,전기
1924,C05-S06-I01-N01,C05,물질
1924,C05-S06-I01-N01,C05,시등
1924,C05-S06-I01-N01,C05,대개
1924,C05-S06-I01-N01,C05,외래
1924,C05-S06-I01-N01,C05,객관적
1924,C05-S06-I01-N01,C05,인식
1924,C05-S06-I01-N01,C05,작용
1924,C05-S06-I01-N01,C05,시등
1924,C05-S06-I01-N01,C05,객관적
1924,C05-S06-I01-N01,C05,인식
1924,C05-S06-I01-N01,C05,감수성적
1924,C05-S06-I01-N01,C05,광명
1924,C05-S06-I01-N01,C05,아심내
1924,C05-S06-I01-N01,C05,주관적
1924,C05-S06-I01-N01,C05,인정
1924,C05-S06-I01-N02,C05,외적
1924,C05-S06-I01-N02,C05,인식
1924,C05-S06-I01-N02,C05,내적
1924,C05-S06-I01-N02,C05,본래
1924,C05-S06-I01-N02,C05,자아성명
1924,C05-S06-I01-N02,C05,본연자재
1924,C05-S06-I01-N02,C05,자아본연
1924,C05-S06-I01-N02,C05,성명
1924,C05-S06-I01-N02,C05,본래성명
1924,C05-S06-I01-N02,C05,우주만유
1924,C05-S06-I01-N02,C05,보편
1924,C05-S06-I01-N02,C05,각종성
1924,C05-S06-I01-N02,C05,본능
1924,C05-S06-I01-N02,C05,각자자성
1924,C05-S06-I01-N02,C05,본능
1924,C05-S06-I01-N02,C05,만유
1924,C05-S06-I01-N02,C05,본명
1924,C05-S06-I01-N02,C05,장자
1924,C05-S06-I01-N02,C05,장자
1924,C05-S06-I01-N02,C05,호랑
1924,C05-S06-I01-N03,C05,요중
1924,C05-S06-I01-N03,C05,대신사
1924,C05-S06-I01-N03,C05,현조
1924,C05-S06-I01-N03,C05,조자
1924,C05-S06-I01-N03,C05,반포
1924,C05-S06-I01-N03,C05,경우
1924,C05-S06-I01-N03,C05,차등
1924,C05-S06-I01-N03,C05,천지만유
1924,C05-S06-I01-N03,C05,자본래
1924,C05-S06-I01-N03,C05,양명
1924,C05-S06-I01-N03,C05,예거
1924,C05-S06-I01-N03,C05,여사
1924,C05-S06-I01-N03,C05,천지만유
1924,C05-S06-I01-N03,C05,자량명
1924,C05-S06-I01-N03,C05,만유
1924,C05-S06-I01-N03,C05,각자기
1924,C05-S06-I01-N03,C05,양명명
1924,C05-S06-I01-N03,C05,소위
1924,C05-S06-I01-N03,C05,만물정관각자득
1924,C05-S06-I01-N03,C05,질서
1924,C05-S06-I01-N03,C05,본원
1924,C05-S06-I01-N04,C05,본원
1924,C05-S06-I01-N04,C05,원불구이수아
1924,C05-S06-I01-N04,C05,자아
1924,C05-S06-I01-N04,C05,자아
1924,C05-S06-I01-N04,C05,입각지
1924,C05-S06-I01-N04,C05,감천
1924,C05-S06-I01-N04,C05,본원
1924,C05-S06-I01-N04,C05,최근
1924,C05-S06-I01-N04,C05,자아성명
1924,C05-S06-I01-N04,C05,본원
1924,C05-S06-I01-N04,C05,철저
1924,C05-S06-I01-N04,C05,달견
1924,C05-S06-I01-N04,C05,필요
1924,C05-S06-I01-N04,C05,자아성명
1924,C05-S06-I01-N04,C05,본원
1924,C05-S06-I01-N04,C05,대자연
1924,C05-S06-I01-N04,C05,성명
1924,C05-S06-I01-N04,C05,본원
1924,C05-S06-I01-N04,C05,자아성명
1924,C05-S06-I01-N04,C05,본원
1924,C05-S06-I01-N04,C05,천지성명
1924,C05-S06-I01-N04,C05,본원
1924,C05-S06-I01-N04,C05,일여심어기지
1924,C05-S06-I01-N04,C05,당시당처
1924,C05-S06-I01-N04,C05,격물치지
1924,C05-S06-I01-N04,C05,소위
1924,C05-S06-I01-N04,C05,만사지
1924,C05-S06-I01-N04,C05,경애
1924,C05-S06-I01-N04,C05,내지
1924,C05-S06-I01-N04,C05,미진섬개
1924,C05-S06-I01-N04,C05,미진섬개
1924,C05-S06-I01-N04,C05,수시수처
1924,C05-S06-I01-N04,C05,각각
1924,C05-S06-I01-N04,C05,명명
1924,C05-S06-I01-N04,C05,임기응변
1924,C05-S06-I01-N04,C05,살활자재
1924,C05-S06-I01-N04,C05,천지묘법
1924,C05-S06-I01-N04,C05,순응
1924,C05-S06-I01-N04,C05,소위
1924,C05-S06-I01-N04,C05,대인
1924,C05-S06-I01-N04,C05,천지
1924,C05-S06-I01-N04,C05,기덕
1924,C05-S06-I01-N04,C05,일월
1924,C05-S06-I01-N04,C05,기명
1924,C05-S06-I01-N04,C05,귀신
1924,C05-S06-I01-N04,C05,기조화
1924,C05-S06-I01-N04,C05,대도대덕
1924,C05-S06-I02-N01,C05,불지덕지소재
1924,C05-S06-I02-N01,C05,요오신지화생
1924,C05-S06-I02-N01,C05,욕언호이난언
1924,C05-S06-I02-N01,C05,개의
1924,C05-S06-I02-N01,C05,전편
1924,C05-S06-I02-N01,C05,기술
1924,C05-S06-I03-N01,C05,불지명지소재
1924,C05-S06-I03-N01,C05,고오심지명명
1924,C05-S06-I03-N01,C05,이묘연어수수
1924,C05-S06-I03-N01,C05,각종
1924,C05-S06-I03-N01,C05,응용적
1924,C05-S06-I03-N01,C05,술어
1924,C05-S06-I03-N01,C05,생명
1924,C05-S06-I03-N01,C05,천명
1924,C05-S06-I03-N01,C05,숙명
1924,C05-S06-I03-N01,C05,운명
1924,C05-S06-I03-N01,C05,차등
1924,C05-S06-I03-N01,C05,각종
1924,C05-S06-I03-N01,C05,명적
1924,C05-S06-I03-N01,C05,관념하
1924,C05-S06-I03-N01,C05,본원
1924,C05-S06-I03-N01,C05,오인
1924,C05-S06-I03-N01,C05,생명
1924,C05-S06-I03-N01,C05,하고
1924,C05-S06-I03-N01,C05,생명
1924,C05-S06-I03-N01,C05,만유
1924,C05-S06-I03-N01,C05,명제
1924,C05-S06-I03-N02,C05,생명
1924,C05-S06-I03-N02,C05,철리
1924,C05-S06-I03-N02,C05,전편
1924,C05-S06-I03-N02,C05,기술
1924,C05-S06-I03-N02,C05,팔절중
1924,C05-S06-I03-N02,C05,내용
1924,C05-S06-I03-N02,C05,일언
1924,C05-S06-I03-N02,C05,생명
1924,C05-S06-I03-N02,C05,맹동
1924,C05-S06-I03-N02,C05,자각적
1924,C05-S06-I03-N02,C05,운동
1924,C05-S06-I03-N02,C05,영원
1924,C05-S06-I03-N02,C05,진화성
1924,C05-S06-I03-N02,C05,고오심지명명
1924,C05-S06-I03-N02,C05,오심
1924,C05-S06-I03-N02,C05,명명
1924,C05-S06-I03-N02,C05,생명
1924,C05-S06-I03-N02,C05,본원
1924,C05-S06-I03-N02,C05,성명
1924,C05-S06-I03-N02,C05,본능
1924,C05-S06-I03-N02,C05,근본
1924,C05-S06-I03-N02,C05,명명
1924,C05-S06-I03-N02,C05,활력
1924,C05-S06-I03-N02,C05,증거
1924,C05-S06-I03-N02,C05,생명
1924,C05-S06-I03-N02,C05,명명
1924,C05-S06-I03-N02,C05,본원
1924,C05-S06-I03-N02,C05,시대
1924,C05-S06-I03-N02,C05,대상적
1924,C05-S06-I03-N02,C05,수수
1924,C05-S06-I03-N03,C05,신자체
1924,C05-S06-I03-N03,C05,영구이전
1924,C05-S06-I03-N03,C05,명명
1924,C05-S06-I03-N03,C05,숙명
1924,C05-S06-I03-N03,C05,무한
1924,C05-S06-I03-N03,C05,진화
1924,C05-S06-I03-N03,C05,시작
1924,C05-S06-I03-N03,C05,대개
1924,C05-S06-I03-N03,C05,극치
1924,C05-S06-I03-N03,C05,신인합일
1924,C05-S06-I03-N03,C05,신인합일
1924,C05-S06-I03-N03,C05,묘법
1924,C05-S06-I03-N03,C05,생명
1924,C05-S06-I03-N03,C05,명원
1924,C05-S06-I03-N03,C05,생명
1924,C05-S06-I03-N03,C05,일시적
1924,C05-S06-I03-N03,C05,맹동
1924,C05-S06-I03-N03,C05,우연적
1924,C05-S06-I03-N03,C05,포환
1924,C05-S06-I03-N03,C05,인생관
1924,C05-S06-I03-N03,C05,철저
1924,C05-S06-I03-N03,C05,개조
1924,C05-S06-I03-N03,C05,생활
1924,C05-S06-I03-N03,C05,혁신
1924,C05-S06-I03-N03,C05,생명
1924,C05-S06-I03-N03,C05,인내천참조
1924,C05-S06-I04-N01,C05,불지도지소재
1924,C05-S06-I04-N01,C05,도오신
1924,C05-S06-I04-N01,C05,일여
1924,C05-S06-I04-N01,C05,아위아이비타
1924,C05-S06-I04-N01,C05,소재
1924,C05-S06-I04-N01,C05,도재하처
1924,C05-S06-I04-N01,C05,하처
1924,C05-S06-I04-N01,C05,하처
1924,C05-S06-I04-N01,C05,대신사
1924,C05-S06-I04-N01,C05,오신
1924,C05-S06-I04-N01,C05,일여
1924,C05-S06-I04-N01,C05,일여
1924,C05-S06-I04-N01,C05,단서
1924,C05-S06-I04-N01,C05,무소불재
1924,C05-S06-I04-N02,C05,무소불재
1924,C05-S06-I04-N02,C05,신력
1924,C05-S06-I04-N02,C05,본체
1924,C05-S06-I04-N02,C05,발현
1924,C05-S06-I04-N02,C05,농도
1924,C05-S06-I04-N02,C05,발현
1924,C05-S06-I04-N02,C05,농부
1924,C05-S06-I04-N02,C05,일여
1924,C05-S06-I04-N02,C05,근면
1924,C05-S06-I04-N02,C05,상도
1924,C05-S06-I04-N02,C05,취미
1924,C05-S06-I04-N02,C05,상인
1924,C05-S06-I04-N02,C05,일여
1924,C05-S06-I04-N02,C05,근면
1924,C05-S06-I04-N02,C05,학도
1924,C05-S06-I04-N02,C05,발명
1924,C05-S06-I04-N02,C05,학자
1924,C05-S06-I04-N02,C05,심원
1924,C05-S06-I04-N02,C05,연구
1924,C05-S06-I04-N02,C05,기실
1924,C05-S06-I04-N02,C05,만리만사
1924,C05-S06-I04-N02,C05,복재
1924,C05-S06-I04-N02,C05,도미
1924,C05-S06-I04-N02,C05,체험
1924,C05-S06-I04-N02,C05,유일
1924,C05-S06-I04-N02,C05,신념
1924,C05-S06-I04-N03,C05,대개
1924,C05-S06-I04-N03,C05,진미
1924,C05-S06-I04-N03,C05,천시인사
1924,C05-S06-I04-N03,C05,사시
1924,C05-S06-I04-N03,C05,순응
1924,C05-S06-I04-N03,C05,준비
1924,C05-S06-I04-N03,C05,확실
1924,C05-S06-I04-N03,C05,실행
1924,C05-S06-I04-N03,C05,가득
1924,C05-S06-I04-N03,C05,영원
1924,C05-S06-I04-N03,C05,고청
1924,C05-S06-I04-N03,C05,영원
1924,C05-S06-I04-N03,C05,견고
1924,C05-S06-I04-N03,C05,안심
1924,C05-S06-I04-N03,C05,지상
1924,C05-S06-I04-N03,C05,생활
1924,C05-S06-I04-N03,C05,경영
1924,C05-S06-I04-N03,C05,인사도덕
1924,C05-S06-I04-N03,C05,불인
1924,C05-S06-I04-N03,C05,사회
1924,C05-S06-I04-N03,C05,질서
1924,C05-S06-I04-N03,C05,안보
1924,C05-S06-I04-N03,C05,여사
1924,C05-S06-I04-N03,C05,심리
1924,C05-S06-I04-N03,C05,근본적
1924,C05-S06-I04-N03,C05,불동불변
1924,C05-S06-I04-N03,C05,신념
1924,C05-S06-I04-N03,C05,대정
1924,C05-S06-I04-N04,C05,신념
1924,C05-S06-I04-N04,C05,행동
1924,C05-S06-I04-N04,C05,창조적
1924,C05-S06-I04-N04,C05,기분
1924,C05-S06-I04-N04,C05,만일
1924,C05-S06-I04-N04,C05,종자
1924,C05-S06-I04-N04,C05,과실
1924,C05-S06-I04-N04,C05,신념
1924,C05-S06-I04-N04,C05,농업
1924,C05-S06-I04-N04,C05,경영
1924,C05-S06-I04-N04,C05,이익
1924,C05-S06-I04-N04,C05,신념
1924,C05-S06-I04-N04,C05,상매
1924,C05-S06-I04-N04,C05,경영
1924,C05-S06-I04-N04,C05,미래
1924,C05-S06-I04-N04,C05,희망
1924,C05-S06-I04-N04,C05,희열
1924,C05-S06-I04-N04,C05,동경
1924,C05-S06-I04-N04,C05,설사
1924,C05-S06-I04-N04,C05,미래
1924,C05-S06-I04-N04,C05,희망
1924,C05-S06-I04-N04,C05,팔구
1924,C05-S06-I04-N04,C05,성립
1924,C05-S06-I04-N04,C05,신념
1924,C05-S06-I04-N05,C05,생활전체상
1924,C05-S06-I04-N05,C05,과거현재미래
1924,C05-S06-I04-N05,C05,물론
1924,C05-S06-I04-N05,C05,신념
1924,C05-S06-I04-N05,C05,발동
1924,C05-S06-I04-N05,C05,시중종
1924,C05-S06-I04-N05,C05,자연
1924,C05-S06-I04-N05,C05,귀결
1924,C05-S06-I04-N05,C05,소임
1924,C05-S06-I04-N05,C05,여하
1924,C05-S06-I04-N05,C05,여하
1924,C05-S06-I04-N05,C05,물문
1924,C05-S06-I04-N05,C05,일편지
1924,C05-S06-I04-N05,C05,효과
1924,C05-S06-I04-N05,C05,효과
1924,C05-S06-I04-N05,C05,효과
1924,C05-S06-I04-N05,C05,일언
1924,C05-S06-I04-N05,C05,아위아이비타
1924,C05-S06-I04-N05,C05,만유
1924,C05-S06-I04-N05,C05,자아
1924,C05-S06-I04-N05,C05,각기
1924,C05-S06-I04-N05,C05,자아
1924,C05-S06-I04-N05,C05,무한발휘
1924,C05-S06-I04-N05,C05,목적
1924,C05-S06-I04-N06,C05,각기
1924,C05-S06-I04-N06,C05,묘법
1924,C05-S06-I04-N06,C05,가사
1924,C05-S06-I04-N06,C05,천도
1924,C05-S06-I04-N06,C05,도실
1924,C05-S06-I04-N06,C05,이실
1924,C05-S06-I04-N06,C05,행실
1924,C05-S06-I04-N06,C05,동일
1924,C05-S06-I04-N06,C05,동일
1924,C05-S06-I04-N06,C05,도리행
1924,C05-S06-I04-N06,C05,각각
1924,C05-S06-I04-N06,C05,자실
1924,C05-S06-I04-N06,C05,시즉
1924,C05-S06-I04-N06,C05,묘법
1924,C05-S06-I04-N06,C05,천도
1924,C05-S06-I04-N06,C05,여사
1924,C05-S06-I04-N06,C05,무량수
1924,C05-S06-I04-N06,C05,억조
1924,C05-S06-I04-N06,C05,각기
1924,C05-S06-I04-N06,C05,자득
1924,C05-S06-I04-N06,C05,고래
1924,C05-S06-I04-N06,C05,교훈
1924,C05-S06-I04-N06,C05,철인성자
1924,C05-S06-I04-N07,C05,일정
1924,C05-S06-I04-N07,C05,자아
1924,C05-S06-I04-N07,C05,주관적
1924,C05-S06-I04-N07,C05,규범하
1924,C05-S06-I04-N07,C05,만인
1924,C05-S06-I04-N07,C05,행위
1924,C05-S06-I04-N07,C05,조종
1924,C05-S06-I04-N07,C05,목공
1924,C05-S06-I04-N07,C05,준승
1924,C05-S06-I04-N07,C05,규구
1924,C05-S06-I04-N07,C05,동일
1924,C05-S06-I04-N07,C05,야소
1924,C05-S06-I04-N07,C05,야소
1924,C05-S06-I04-N07,C05,공씨
1924,C05-S06-I04-N07,C05,공씨
1924,C05-S06-I04-N07,C05,석가
1924,C05-S06-I04-N07,C05,석가
1924,C05-S06-I04-N07,C05,만인
1924,C05-S06-I04-N07,C05,자기일개인
1924,C05-S06-I04-N07,C05,주관적
1924,C05-S06-I04-N07,C05,규율하
1924,C05-S06-I04-N07,C05,천도
1924,C05-S06-I04-N07,C05,교화
1924,C05-S06-I04-N07,C05,불연
1924,C05-S06-I04-N07,C05,일인
1924,C05-S06-I04-N07,C05,주관
1924,C05-S06-I04-N07,C05,만인
1924,C05-S06-I04-N07,C05,만인
1924,C05-S06-I04-N07,C05,공유
1924,C05-S06-I04-N07,C05,내유신령
1924,C05-S06-I04-N07,C05,만인각자
1924,C05-S06-I04-N07,C05,성명
1924,C05-S06-I04-N07,C05,기덕
1924,C05-S06-I04-N07,C05,발휘
1924,C05-S06-I04-N07,C05,대신사
1924,C05-S06-I04-N07,C05,도시
1924,C05-S06-I04-N07,C05,사근취원
1924,C05-S06-I05-N01,C05,불지
1924,C05-S06-I05-N01,C05,성지소치
1924,C05-S06-I05-N01,C05,오심지불실
1924,C05-S06-I05-N01,C05,자지이자식
1924,C05-S06-I05-N01,C05,숙명
1924,C05-S06-I05-N01,C05,관계
1924,C05-S06-I05-N01,C05,이상
1924,C05-S06-I05-N01,C05,각종
1924,C05-S06-I05-N01,C05,모순
1924,C05-S06-I05-N01,C05,사상
1924,C05-S06-I05-N01,C05,조건
1924,C05-S06-I05-N01,C05,제일
1924,C05-S06-I05-N01,C05,모순
1924,C05-S06-I05-N01,C05,숙명
1924,C05-S06-I05-N01,C05,관념
1924,C05-S06-I05-N01,C05,인간
1924,C05-S06-I05-N01,C05,만사
1924,C05-S06-I05-N01,C05,기정
1924,C05-S06-I05-N01,C05,숙명
1924,C05-S06-I05-N01,C05,지배
1924,C05-S06-I05-N01,C05,반대
1924,C05-S06-I05-N01,C05,사업
1924,C05-S06-I05-N01,C05,성패
1924,C05-S06-I05-N01,C05,유일
1924,C05-S06-I05-N01,C05,성력
1924,C05-S06-I05-N01,C05,병행
1924,C05-S06-I05-N01,C05,모순
1924,C05-S06-I05-N02,C05,철저
1924,C05-S06-I05-N02,C05,신앙
1924,C05-S06-I05-N02,C05,위선
1924,C05-S06-I05-N02,C05,숙명적
1924,C05-S06-I05-N02,C05,관념
1924,C05-S06-I05-N02,C05,제각
1924,C05-S06-I05-N02,C05,필연
1924,C05-S06-I05-N02,C05,숙명적
1924,C05-S06-I05-N02,C05,미신
1924,C05-S06-I05-N02,C05,제각
1924,C05-S06-I05-N02,C05,만사
1924,C05-S06-I05-N02,C05,일자
1924,C05-S06-I05-N02,C05,실행
1924,C05-S06-I05-N02,C05,관념
1924,C05-S06-I05-N02,C05,이면
1924,C05-S06-I05-N02,C05,자연
1924,C05-S06-I05-N02,C05,진화
1924,C05-S06-I05-N02,C05,원리
1924,C05-S06-I05-N02,C05,포용
1924,C05-S06-I05-N02,C05,진화
1924,C05-S06-I05-N02,C05,결과
1924,C05-S06-I05-N02,C05,진화
1924,C05-S06-I05-N02,C05,원동력
1924,C05-S06-I05-N02,C05,천지
1924,C05-S06-I05-N02,C05,진화
1924,C05-S06-I05-N02,C05,인사
1924,C05-S06-I05-N02,C05,진화
1924,C05-S06-I05-N02,C05,불지
1924,C05-S06-I05-N02,C05,성지소치
1924,C05-S06-I05-N02,C05,의미
1924,C05-S06-I05-N02,C05,유일
1924,C05-S06-I05-N02,C05,방법
1924,C05-S06-I05-N02,C05,마장
1924,C05-S06-I05-N02,C05,신경적
1924,C05-S06-I05-N02,C05,타성
1924,C05-S06-I05-N02,C05,제각
1924,C05-S06-I05-N03,C05,대개
1924,C05-S06-I05-N03,C05,신경
1924,C05-S06-I05-N03,C05,최대
1924,C05-S06-I05-N03,C05,약점
1924,C05-S06-I05-N03,C05,신경
1924,C05-S06-I05-N03,C05,사실
1924,C05-S06-I05-N03,C05,흥분
1924,C05-S06-I05-N03,C05,반동력
1924,C05-S06-I05-N03,C05,정력
1924,C05-S06-I05-N03,C05,반수
1924,C05-S06-I05-N03,C05,효력
1924,C05-S06-I05-N03,C05,약품
1924,C05-S06-I05-N03,C05,주사적
1924,C05-S06-I05-N03,C05,행위
1924,C05-S06-I05-N03,C05,자기
1924,C05-S06-I05-N03,C05,자기
1924,C05-S06-I05-N03,C05,타력
1924,C05-S06-I05-N03,C05,일종
1924,C05-S06-I05-N03,C05,신흥분
1924,C05-S06-I05-N03,C05,오심
1924,C05-S06-I05-N03,C05,득실
1924,C05-S06-I05-N03,C05,반성
1924,C05-S06-I05-N03,C05,필요
1924,C05-S06-I05-N03,C05,대개
1924,C05-S06-I05-N03,C05,무형
1924,C05-S06-I05-N03,C05,무형
1924,C05-S06-I05-N03,C05,득실
1924,C05-S06-I05-N03,C05,측도
1924,C05-S06-I05-N04,C05,관찰점
1924,C05-S06-I05-N04,C05,정신적
1924,C05-S06-I05-N04,C05,측도
1924,C05-S06-I05-N04,C05,물질적
1924,C05-S06-I05-N04,C05,측도
1924,C05-S06-I05-N04,C05,정신적
1924,C05-S06-I05-N04,C05,측도
1924,C05-S06-I05-N04,C05,심화
1924,C05-S06-I05-N04,C05,본위
1924,C05-S06-I05-N04,C05,수심정기
1924,C05-S06-I05-N04,C05,물질적
1924,C05-S06-I05-N04,C05,측도
1924,C05-S06-I05-N04,C05,사업
1924,C05-S06-I05-N04,C05,본위
1924,C05-S06-I05-N04,C05,광제창생
1924,C05-S06-I05-N04,C05,전자
1924,C05-S06-I05-N04,C05,자아
1924,C05-S06-I05-N04,C05,인격
1924,C05-S06-I05-N04,C05,향상
1924,C05-S06-I05-N04,C05,목적
1924,C05-S06-I05-N04,C05,후자
1924,C05-S06-I05-N04,C05,사회적
1924,C05-S06-I05-N04,C05,理想
1924,C05-S06-I05-N04,C05,완성
1924,C05-S06-I05-N04,C05,여사
1924,C05-S06-I05-N04,C05,가지
1924,C05-S06-I05-N04,C05,일언
1924,C05-S06-I05-N04,C05,지행
1924,C05-S06-I05-N04,C05,관계
1924,C05-S06-I05-N04,C05,지나
1924,C05-S06-I05-N04,C05,철인
1924,C05-S06-I05-N04,C05,지행
1924,C05-S06-I05-N04,C05,구구
1924,C05-S06-I05-N04,C05,의론
1924,C05-S06-I05-N04,C05,주자
1924,C05-S06-I05-N04,C05,지역행난설
1924,C05-S06-I05-N04,C05,왕수인
1924,C05-S06-I05-N04,C05,지행합일설
1924,C05-S06-I05-N04,C05,손일선
1924,C05-S06-I05-N04,C05,행역지난설
1924,C05-S06-I05-N04,C05,대개
1924,C05-S06-I05-N04,C05,지행
1924,C05-S06-I05-N04,C05,지행
1924,C05-S06-I05-N04,C05,합치
1924,C05-S06-I05-N04,C05,단서
1924,C05-S06-I06-N01,C05,불지경지소위
1924,C05-S06-I06-N01,C05,잠불이어모앙
1924,C05-S06-I06-N01,C05,공오심지오매
1924,C05-S06-I06-N01,C05,신념
1924,C05-S06-I06-N01,C05,발동
1924,C05-S06-I06-N01,C05,차제법
1924,C05-S06-I06-N01,C05,필연
1924,C05-S06-I06-N01,C05,모사
1924,C05-S06-I06-N01,C05,필연
1924,C05-S06-I06-N01,C05,성취
1924,C05-S06-I06-N01,C05,기사
1924,C05-S06-I06-N01,C05,집의
1924,C05-S06-I06-N01,C05,실행
1924,C05-S06-I06-N01,C05,관념
1924,C05-S06-I06-N01,C05,집의
1924,C05-S06-I06-N01,C05,실행
1924,C05-S06-I06-N01,C05,추상적
1924,C05-S06-I06-N01,C05,고인
1924,C05-S06-I06-N01,C05,주일무적
1924,C05-S06-I06-N01,C05,저간
1924,C05-S06-I06-N01,C05,소식
1924,C05-S06-I06-N01,C05,위선
1924,C05-S06-I06-N01,C05,내재적
1924,C05-S06-I06-N01,C05,심법
1924,C05-S06-I06-N01,C05,견고
1924,C05-S06-I06-N01,C05,외재적
1924,C05-S06-I06-N01,C05,관계
1924,C05-S06-I06-N02,C05,외재적
1924,C05-S06-I06-N02,C05,관계
1924,C05-S06-I06-N02,C05,제도
1924,C05-S06-I06-N02,C05,조직
1924,C05-S06-I06-N02,C05,주요
1924,C05-S06-I06-N02,C05,부분
1924,C05-S06-I06-N02,C05,家庭
1924,C05-S06-I06-N02,C05,조직
1924,C05-S06-I06-N02,C05,사회
1924,C05-S06-I06-N02,C05,조직
1924,C05-S06-I06-N02,C05,조직
1924,C05-S06-I06-N02,C05,우열
1924,C05-S06-I06-N02,C05,표현
1924,C05-S06-I06-N02,C05,고상
1924,C05-S06-I06-N02,C05,비열
1924,C05-S06-I06-N02,C05,차이
1924,C05-S06-I06-N02,C05,가령
1924,C05-S06-I06-N02,C05,모사업
1924,C05-S06-I06-N02,C05,실행
1924,C05-S06-I06-N02,C05,견고
1924,C05-S06-I06-N02,C05,정신
1924,C05-S06-I06-N02,C05,내재적경
1924,C05-S06-I06-N02,C05,기사업
1924,C05-S06-I06-N02,C05,실행
1924,C05-S06-I06-N02,C05,조직
1924,C05-S06-I06-N02,C05,외재적경
1924,C05-S06-I06-N02,C05,실행
1924,C05-S06-I06-N02,C05,조직
1924,C05-S06-I06-N02,C05,발생
1924,C05-S06-I06-N02,C05,실행
1924,C05-S06-I06-N02,C05,조직
1924,C05-S06-I06-N02,C05,완전
1924,C05-S06-I06-N02,C05,불완전
1924,C05-S06-I06-N02,C05,효과
1924,C05-S06-I06-N02,C05,상이
1924,C05-S06-I06-N03,C05,해월신사
1924,C05-S06-I06-N03,C05,삼계제
1924,C05-S06-I06-N03,C05,경천
1924,C05-S06-I06-N03,C05,경인
1924,C05-S06-I06-N03,C05,경물
1924,C05-S06-I06-N03,C05,시초
1924,C05-S06-I06-N03,C05,벽두
1924,C05-S06-I06-N03,C05,세계종교사
1924,C05-S06-I06-N03,C05,가지
1924,C05-S06-I06-N03,C05,다신
1924,C05-S06-I06-N03,C05,一神
1924,C05-S06-I06-N03,C05,조령
1924,C05-S06-I06-N03,C05,숭배
1924,C05-S06-I06-N03,C05,종족
1924,C05-S06-I06-N03,C05,종교적
1924,C05-S06-I06-N03,C05,사실
1924,C05-S06-I06-N03,C05,대개
1924,C05-S06-I06-N03,C05,경천
1924,C05-S06-I06-N03,C05,주요
1924,C05-S06-I06-N03,C05,부분
1924,C05-S06-I06-N03,C05,경신
1924,C05-S06-I06-N03,C05,신앙
1924,C05-S06-I06-N03,C05,실효
1924,C05-S06-I06-N03,C05,진경
1924,C05-S06-I06-N03,C05,가치
1924,C05-S06-I06-N03,C05,일층
1924,C05-S06-I06-N03,C05,경물
1924,C05-S06-I06-N03,C05,만유애
1924,C05-S06-I06-N03,C05,극경
1924,C05-S06-I06-N03,C05,의미
1924,C05-S06-I07-N01,C05,불지외지소위
1924,C05-S06-I07-N01,C05,염지공지무사
1924,C05-S06-I07-N01,C05,무죄지이여죄
1924,C05-S06-I07-N01,C05,공포
1924,C05-S06-I07-N01,C05,공포성
1924,C05-S06-I07-N01,C05,선천적
1924,C05-S06-I07-N01,C05,천성
1924,C05-S06-I07-N01,C05,태고
1924,C05-S06-I07-N01,C05,자연
1924,C05-S06-I07-N01,C05,공포
1924,C05-S06-I07-N01,C05,자연숭배
1924,C05-S06-I07-N01,C05,원인
1924,C05-S06-I07-N01,C05,종교
1924,C05-S06-I07-N01,C05,원동력
1924,C05-S06-I07-N01,C05,정도
1924,C05-S06-I07-N01,C05,공포
1924,C05-S06-I07-N01,C05,유무
1924,C05-S06-I07-N01,C05,급기
1924,C05-S06-I07-N01,C05,정도
1924,C05-S06-I07-N01,C05,표준
1924,C05-S06-I07-N01,C05,인격
1924,C05-S06-I07-N01,C05,지식
1924,C05-S06-I07-N01,C05,측량
1924,C05-S06-I07-N01,C05,수도자
1924,C05-S06-I07-N01,C05,명찰
1924,C05-S06-I07-N01,C05,양지
1924,C05-S06-I07-N01,C05,지공무사
1924,C05-S06-I07-N02,C05,세인
1924,C05-S06-I07-N02,C05,미신
1924,C05-S06-I07-N02,C05,세법
1924,C05-S06-I07-N02,C05,수족
1924,C05-S06-I07-N02,C05,공축
1924,C05-S06-I07-N02,C05,상태
1924,C05-S06-I07-N02,C05,일생
1924,C05-S06-I07-N02,C05,가련
1924,C05-S06-I07-N02,C05,정황
1924,C05-S06-I07-N02,C05,만일
1924,C05-S06-I07-N02,C05,세상
1924,C05-S06-I07-N02,C05,지공무사
1924,C05-S06-I07-N02,C05,지공무사
1924,C05-S06-I07-N02,C05,假定
1924,C05-S06-I07-N02,C05,지경
1924,C05-S06-I07-N02,C05,공축
1924,C05-S06-I07-N02,C05,세상
1924,C05-S06-I07-N02,C05,세법
1924,C05-S06-I07-N02,C05,세법
1924,C05-S06-I07-N02,C05,불위
1924,C05-S06-I07-N02,C05,불위
1924,C05-S06-I07-N03,C05,진실
1924,C05-S06-I07-N03,C05,양지량능
1924,C05-S06-I07-N03,C05,무죄지
1924,C05-S06-I07-N03,C05,무죄지
1924,C05-S06-I07-N03,C05,양심
1924,C05-S06-I07-N03,C05,영지
1924,C05-S06-I07-N03,C05,양심
1924,C05-S06-I07-N03,C05,영지
1924,C05-S06-I07-N03,C05,지공무사
1924,C05-S06-I07-N03,C05,지공무사
1924,C05-S06-I07-N03,C05,양심
1924,C05-S06-I07-N03,C05,영지
1924,C05-S06-I07-N03,C05,발견
1924,C05-S06-I07-N03,C05,인심
1924,C05-S06-I07-N03,C05,천심
1924,C05-S06-I07-N03,C05,양심
1924,C05-S06-I07-N03,C05,영지
1924,C05-S06-I07-N03,C05,불외
1924,C05-S06-I07-N03,C05,불외
1924,C05-S06-I07-N03,C05,무외
1924,C05-S06-I07-N03,C05,천지
1924,C05-S06-I07-N03,C05,기덕
1924,C05-S06-I08-N01,C05,불지심지득실
1924,C05-S06-I08-N01,C05,찰용처지공사
1924,C05-S06-I08-N01,C05,재금사이작비
1924,C05-S06-I08-N01,C05,여하
1924,C05-S06-I08-N01,C05,전편
1924,C05-S06-I08-N01,C05,의식론
1924,C05-S06-I08-N01,C05,상술
1924,C05-S06-I08-N01,C05,득실
1924,C05-S06-I08-N01,C05,고찰
1924,C05-S06-I08-N01,C05,표현처
1924,C05-S06-I08-N01,C05,외계
1924,C05-S06-I08-N01,C05,용처
1924,C05-S06-I08-N01,C05,고찰
1924,C05-S06-I08-N01,C05,득실
1924,C05-S06-I08-N01,C05,교훈
1924,C05-S06-I08-N01,C05,각오
1924,C05-S06-I08-N01,C05,무한진화
1924,C05-S06-I08-N01,C05,의미
1924,C05-S06-I08-N01,C05,항상
1924,C05-S06-I08-N01,C05,향상발전
1924,C05-S06-I08-N01,C05,작일
1924,C05-S06-I08-N01,C05,각오
1924,C05-S06-I08-N01,C05,필요
1924,C05-S06-I08-N01,C05,수양
1924,C05-S06-I08-N02,C05,대개
1924,C05-S06-I08-N02,C05,유래
1924,C05-S06-I08-N02,C05,동양인
1924,C05-S06-I08-N02,C05,도덕
1924,C05-S06-I08-N02,C05,중심
1924,C05-S06-I08-N02,C05,祖先
1924,C05-S06-I08-N02,C05,자손
1924,C05-S06-I08-N02,C05,치중
1924,C05-S06-I08-N02,C05,조선중심주의
1924,C05-S06-I08-N02,C05,도덕
1924,C05-S06-I08-N02,C05,정치
1924,C05-S06-I08-N02,C05,왕고
1924,C05-S06-I08-N02,C05,소구
1924,C05-S06-I08-N02,C05,요순
1924,C05-S06-I08-N02,C05,이상적
1924,C05-S06-I08-N02,C05,군주
1924,C05-S06-I08-N02,C05,사회
1924,C05-S06-I08-N02,C05,하상주
1924,C05-S06-I08-N02,C05,고대식
1924,C05-S06-I08-N02,C05,표준
1924,C05-S06-I08-N02,C05,예법
1924,C05-S06-I08-N02,C05,모범
1924,C05-S06-I08-N02,C05,금일이후
1924,C05-S06-I08-N02,C05,세계
1924,C05-S06-I08-N02,C05,항상
1924,C05-S06-I08-N02,C05,세강속말
1924,C05-S06-I08-N02,C05,세인
1924,C05-S06-I08-N02,C05,태고
1924,C05-S06-I08-N02,C05,사상
1924,C05-S06-I08-N02,C05,숭배
1924,C05-S06-I08-N02,C05,사회진화
1924,C05-S06-I08-N02,C05,해독
1924,C05-S06-I08-N02,C05,막대
1924,C05-S06-I08-N02,C05,인내천
1924,C05-S06-I08-N02,C05,도덕
1924,C05-S06-I08-N02,C05,불연
1924,C05-S06-I08-N02,C05,인류
1924,C05-S06-I08-N02,C05,최고
1924,C05-S06-I08-N02,C05,理想
1924,C05-S06-I08-N02,C05,왕고
1924,C05-S06-I08-N02,C05,미래
1924,C05-S06-I08-N02,C05,理想
1924,C05-S06-I08-N02,C05,재금시이작비
1924,C05-S06-I08-N02,C05,교훈
1924,C05-S06-I08-N02,C05,심시
1924,C05-S07-I00-N01,C05,대신사
1924,C05-S07-I00-N01,C05,수련
1924,C05-S07-I00-N01,C05,최고목표
1924,C05-S07-I00-N01,C05,자연
1924,C05-S07-I00-N01,C05,화출어
1924,C05-S07-I00-N01,C05,자연지중
1924,C05-S07-I00-N01,C05,수련일세역불무
1924,C05-S07-I00-N01,C05,자연지리
1924,C05-S07-I00-N01,C05,오도
1924,C05-S07-I00-N01,C05,무위이화
1924,C05-S07-I00-N01,C05,일언
1924,C05-S07-I00-N01,C05,자연
1924,C05-S07-I00-N01,C05,경애
1924,C05-S07-I00-N01,C05,절대
1924,C05-S07-I00-N01,C05,가치
1924,C05-S07-I00-N01,C05,원래
1924,C05-S07-I00-N01,C05,자연
1924,C05-S07-I00-N01,C05,해석
1924,C05-S07-I00-N01,C05,무의미
1924,C05-S07-I00-N01,C05,자연
1924,C05-S07-I00-N01,C05,운명
1924,C05-S07-I00-N01,C05,자연
1924,C05-S07-I00-N01,C05,천연계
1924,C05-S07-I00-N01,C05,자연
1924,C05-S07-I00-N01,C05,허위
1924,C05-S07-I00-N01,C05,자연
1924,C05-S07-I00-N01,C05,제도
1924,C05-S07-I00-N01,C05,자연
1924,C05-S07-I00-N01,C05,자연
1924,C05-S07-I00-N01,C05,인내천
1924,C05-S07-I00-N01,C05,교화
1924,C05-S07-I00-N01,C05,자연
1924,C05-S07-I00-N01,C05,理想
1924,C05-S07-I00-N01,C05,以上
1924,C05-S07-I00-N01,C05,오대자연
1924,C05-S07-I00-N01,C05,의미
1924,C05-S07-I00-N01,C05,비교
1924,C05-S07-I00-N01,C05,대조
1924,C05-S07-I00-N01,C05,자연
1924,C05-S07-I00-N01,C05,중추
1924,C05-S07-I00-N01,C05,자연주의
1924,C05-S07-I00-N01,C05,인내천
1924,C05-S07-I00-N01,C05,최고목표
1924,C05-S07-I01-N01,C05,자연주의
1924,C05-S07-I01-N01,C05,자기
1924,C05-S07-I01-N01,C05,양능
1924,C05-S07-I01-N01,C05,경애
1924,C05-S07-I01-N01,C05,목표
1924,C05-S07-I01-N01,C05,理想
1924,C05-S07-I01-N01,C05,지경
1924,C05-S07-I01-N01,C05,상태
1924,C05-S07-I01-N01,C05,형용
1924,C05-S07-I01-N01,C05,자연
1924,C05-S07-I01-N01,C05,자연
1924,C05-S07-I01-N01,C05,기타
1924,C05-S07-I01-N01,C05,제자연
1924,C05-S07-I01-N01,C05,의미
1924,C05-S07-I01-N01,C05,비교
1924,C05-S07-I01-N01,C05,대조
1924,C05-S07-I02-N01,C05,제일
1924,C05-S07-I02-N01,C05,무의미
1924,C05-S07-I02-N01,C05,자연
1924,C05-S07-I02-N01,C05,세상
1924,C05-S07-I02-N01,C05,보통
1924,C05-S07-I02-N01,C05,우연
1924,C05-S07-I02-N01,C05,의미
1924,C05-S07-I02-N01,C05,만사
1924,C05-S07-I02-N01,C05,일정
1924,C05-S07-I02-N01,C05,신비적
1924,C05-S07-I02-N01,C05,의식
1924,C05-S07-I02-N01,C05,지배
1924,C05-S07-I02-N01,C05,우연
1924,C05-S07-I02-N01,C05,의미
1924,C05-S07-I02-N01,C05,운명
1924,C05-S07-I02-N01,C05,자연
1924,C05-S07-I02-N01,C05,以上
1924,C05-S07-I02-N01,C05,의미
1924,C05-S07-I02-N01,C05,정반대
1924,C05-S07-I02-N01,C05,만사
1924,C05-S07-I02-N01,C05,우연
1924,C05-S07-I02-N01,C05,혹시
1924,C05-S07-I02-N01,C05,인위
1924,C05-S07-I02-N01,C05,일정
1924,C05-S07-I02-N01,C05,불가사의
1924,C05-S07-I02-N01,C05,신비적
1924,C05-S07-I02-N01,C05,신령
1924,C05-S07-I02-N01,C05,의식적
1924,C05-S07-I02-N01,C05,지배
1924,C05-S07-I02-N01,C05,一切
1924,C05-S07-I02-N01,C05,화복
1924,C05-S07-I02-N01,C05,불행
1924,C05-S07-I02-N01,C05,좌우
1924,C05-S07-I02-N01,C05,전자
1924,C05-S07-I02-N01,C05,우연적
1924,C05-S07-I02-N01,C05,의미
1924,C05-S07-I02-N01,C05,후자
1924,C05-S07-I02-N01,C05,숙명적
1924,C05-S07-I02-N01,C05,의미
1924,C05-S07-I02-N01,C05,자연
1924,C05-S07-I02-N01,C05,무의미
1924,C05-S07-I02-N01,C05,우연적
1924,C05-S07-I02-N01,C05,의미
1924,C05-S07-I02-N01,C05,고정
1924,C05-S07-I02-N01,C05,의식
1924,C05-S07-I02-N01,C05,창조적
1924,C05-S07-I02-N01,C05,능력
1924,C05-S07-I02-N01,C05,진화적
1924,C05-S07-I02-N01,C05,법칙
1924,C05-S07-I02-N01,C05,의식적
1924,C05-S07-I02-N01,C05,자연
1924,C05-S07-I02-N01,C05,타동물성
1924,C05-S07-I02-N01,C05,구별
1924,C05-S07-I02-N02,C05,만유
1924,C05-S07-I02-N02,C05,일정
1924,C05-S07-I02-N02,C05,본능
1924,C05-S07-I02-N02,C05,본능
1924,C05-S07-I02-N02,C05,일보
1924,C05-S07-I02-N02,C05,일보
1924,C05-S07-I02-N02,C05,대이
1924,C05-S07-I02-N02,C05,동물
1924,C05-S07-I02-N02,C05,동물
1924,C05-S07-I02-N02,C05,신령
1924,C05-S07-I02-N02,C05,합일
1924,C05-S07-I02-N02,C05,고상
1924,C05-S07-I02-N02,C05,행위
1924,C05-S07-I02-N02,C05,고찰
1924,C05-S07-I02-N02,C05,타동물
1924,C05-S07-I02-N02,C05,以上
1924,C05-S07-I02-N02,C05,불선
1924,C05-S07-I02-N02,C05,수련
1924,C05-S07-I02-N02,C05,경험
1924,C05-S07-I02-N02,C05,단련
1924,C05-S07-I02-N02,C05,제도등
1924,C05-S07-I02-N02,C05,방식
1924,C05-S07-I02-N02,C05,자연
1924,C05-S07-I02-N02,C05,발휘
1924,C05-S07-I03-N01,C05,천연계
1924,C05-S07-I03-N01,C05,자연
1924,C05-S07-I03-N01,C05,자연
1924,C05-S07-I03-N01,C05,구별
1924,C05-S07-I03-N01,C05,천연계
1924,C05-S07-I03-N01,C05,자연
1924,C05-S07-I03-N01,C05,以上
1924,C05-S07-I03-N01,C05,천연
1924,C05-S07-I03-N01,C05,보수
1924,C05-S07-I03-N01,C05,본능
1924,C05-S07-I03-N01,C05,미점
1924,C05-S07-I03-N01,C05,천연
1924,C05-S07-I03-N01,C05,초월
1924,C05-S07-I03-N01,C05,자기
1924,C05-S07-I03-N01,C05,창조력
1924,C05-S07-I03-N01,C05,의봉
1924,C05-S07-I03-N01,C05,생활
1924,C05-S07-I03-N01,C05,사회성
1924,C05-S07-I03-N01,C05,단체생활
1924,C05-S07-I03-N01,C05,본능
1924,C05-S07-I03-N01,C05,인류
1924,C05-S07-I03-N01,C05,以上
1924,C05-S07-I03-N01,C05,친화력
1924,C05-S07-I03-N01,C05,본능
1924,C05-S07-I03-N01,C05,지배력
1924,C05-S07-I03-N01,C05,좌우
1924,C05-S07-I03-N01,C05,수만년
1924,C05-S07-I03-N01,C05,이전
1924,C05-S07-I03-N01,C05,단체생활
1924,C05-S07-I03-N01,C05,금일
1924,C05-S07-I03-N01,C05,하등
1924,C05-S07-I03-N01,C05,변화
1924,C05-S07-I03-N01,C05,고정불변
1924,C05-S07-I03-N01,C05,행동
1924,C05-S07-I03-N01,C05,본능
1924,C05-S07-I03-N01,C05,창조
1924,C05-S07-I03-N01,C05,능력
1924,C05-S07-I03-N01,C05,시대시대
1924,C05-S07-I03-N01,C05,자기
1924,C05-S07-I03-N01,C05,생활
1924,C05-S07-I03-N01,C05,향상
1924,C05-S07-I03-N01,C05,진화력
1924,C05-S07-I03-N01,C05,注意
1924,C05-S07-I03-N01,C05,여하
1924,C05-S07-I03-N01,C05,창조적
1924,C05-S07-I03-N01,C05,본능
1924,C05-S07-I03-N01,C05,자기
1924,C05-S07-I03-N01,C05,생활
1924,C05-S07-I03-N01,C05,향상
1924,C05-S07-I03-N01,C05,천연계
1924,C05-S07-I03-N01,C05,자연
1924,C05-S07-I03-N01,C05,미점
1924,C05-S07-I03-N01,C05,천성적
1924,C05-S07-I03-N01,C05,자연
1924,C05-S07-I03-N01,C05,포기
1924,C05-S07-I03-N01,C05,불가
1924,C05-S07-I03-N01,C05,차선두
1924,C05-S07-I03-N01,C05,천연계
1924,C05-S07-I03-N01,C05,미점
1924,C05-S07-I03-N01,C05,자연
1924,C05-S07-I03-N01,C05,일치
1924,C05-S07-I04-N01,C05,허위
1924,C05-S07-I04-N01,C05,자연
1924,C05-S07-I04-N01,C05,자연
1924,C05-S07-I04-N01,C05,의미
1924,C05-S07-I04-N01,C05,천연계
1924,C05-S07-I04-N01,C05,자연
1924,C05-S07-I04-N01,C05,독특
1924,C05-S07-I04-N01,C05,미점
1924,C05-S07-I04-N01,C05,동시
1924,C05-S07-I04-N01,C05,자연
1924,C05-S07-I04-N01,C05,미점
1924,C05-S07-I04-N01,C05,발휘
1924,C05-S07-I04-N01,C05,以上
1924,C05-S07-I04-N01,C05,타동물
1924,C05-S07-I04-N01,C05,창조적
1924,C05-S07-I04-N01,C05,본능
1924,C05-S07-I04-N01,C05,악용
1924,C05-S07-I04-N01,C05,결과
1924,C05-S07-I04-N01,C05,금일
1924,C05-S07-I04-N01,C05,사회
1924,C05-S07-I04-N01,C05,악폐
1924,C05-S07-I04-N01,C05,양성
1924,C05-S07-I04-N01,C05,정신적
1924,C05-S07-I04-N01,C05,물질적
1924,C05-S07-I04-N01,C05,허위
1924,C05-S07-I04-N01,C05,생활
1924,C05-S07-I04-N01,C05,감위
1924,C05-S07-I04-N01,C05,염연무치
1924,C05-S07-I04-N01,C05,자기
1924,C05-S07-I04-N01,C05,창조적
1924,C05-S07-I04-N01,C05,본능
1924,C05-S07-I04-N01,C05,악용
1924,C05-S07-I04-N01,C05,가지
1924,C05-S07-I04-N01,C05,자기
1924,C05-S07-I04-N01,C05,천성
1924,C05-S07-I04-N01,C05,자연
1924,C05-S07-I04-N01,C05,발휘
1924,C05-S07-I04-N01,C05,자연
1924,C05-S07-I04-N01,C05,부합
1924,C05-S07-I05-N01,C05,제도
1924,C05-S07-I05-N01,C05,자연
1924,C05-S07-I05-N01,C05,상술
1924,C05-S07-I05-N01,C05,허위
1924,C05-S07-I05-N01,C05,생활
1924,C05-S07-I05-N01,C05,결국
1924,C05-S07-I05-N01,C05,생활
1924,C05-S07-I05-N01,C05,조직
1924,C05-S07-I05-N01,C05,사회제도
1924,C05-S07-I05-N01,C05,영향
1924,C05-S07-I05-N01,C05,허위
1924,C05-S07-I05-N01,C05,제도
1924,C05-S07-I05-N01,C05,허위
1924,C05-S07-I05-N01,C05,제도
1924,C05-S07-I05-N01,C05,허위
1924,C05-S07-I05-N01,C05,생활
1924,C05-S07-I05-N01,C05,조장
1924,C05-S07-I05-N01,C05,허위
1924,C05-S07-I05-N01,C05,허위
1924,C05-S07-I05-N01,C05,교차
1924,C05-S07-I05-N01,C05,자연
1924,C05-S07-I05-N01,C05,본색
1924,C05-S07-I05-N01,C05,허무맹랑
1924,C05-S07-I05-N01,C05,환영적
1924,C05-S07-I05-N01,C05,암흑
1924,C05-S07-I05-N01,C05,현대인
1924,C05-S07-I05-N01,C05,심리
1924,C05-S07-I05-N01,C05,구성
1924,C05-S07-I05-N01,C05,노자
1924,C05-S07-I05-N01,C05,인민
1924,C05-S07-I05-N01,C05,무용
1924,C05-S07-I05-N01,C05,경쟁
1924,C05-S07-I05-N01,C05,난득
1924,C05-S07-I05-N01,C05,인민
1924,C05-S07-I05-N01,C05,소유욕
1924,C05-S07-I05-N01,C05,투쟁
1924,C05-S07-I05-N01,C05,현대인
1924,C05-S07-I05-N01,C05,심리
1924,C05-S07-I05-N01,C05,순수
1924,C05-S07-I05-N01,C05,현대악제도
1924,C05-S07-I05-N01,C05,출래
1924,C05-S07-I05-N02,C05,제도
1924,C05-S07-I05-N02,C05,허위
1924,C05-S07-I05-N02,C05,생활
1924,C05-S07-I05-N02,C05,통매
1924,C05-S07-I05-N02,C05,제도
1924,C05-S07-I05-N02,C05,자연
1924,C05-S07-I05-N02,C05,사회문제
1924,C05-S07-I05-N02,C05,정치문제
1924,C05-S07-I05-N02,C05,윤리문제
1924,C05-S07-I05-N02,C05,제도상
1924,C05-S07-I05-N02,C05,불자연
1924,C05-S07-I05-N02,C05,일치
1924,C05-S07-I05-N02,C05,교육제도상
1924,C05-S07-I05-N02,C05,빈부
1924,C05-S07-I05-N02,C05,차이
1924,C05-S07-I05-N02,C05,교육
1924,C05-S07-I05-N02,C05,불평등
1924,C05-S07-I05-N02,C05,경제상
1924,C05-S07-I05-N02,C05,포기
1924,C05-S07-I05-N02,C05,윤리상
1924,C05-S07-I05-N02,C05,장유남녀
1924,C05-S07-I05-N02,C05,인격적
1924,C05-S07-I05-N02,C05,차별
1924,C05-S07-I05-N02,C05,기타
1924,C05-S07-I05-N02,C05,정치제도
1924,C05-S07-I05-N02,C05,종교제도
1924,C05-S07-I05-N02,C05,자연
1924,C05-S07-I05-N02,C05,의미상
1924,C05-S07-I05-N02,C05,가지이
1924,C05-S07-I05-N02,C05,제도상
1924,C05-S07-I05-N02,C05,불자연
1924,C05-S07-I05-N02,C05,자연
1924,C05-S07-I05-N02,C05,결함
1924,C05-S07-I05-N02,C05,대원인
1924,C05-S07-I05-N02,C05,일례
1924,C05-S07-I05-N02,C05,빈부
1924,C05-S07-I05-N02,C05,차별
1924,C05-S07-I05-N02,C05,영향
1924,C05-S07-I05-N02,C05,최저
1924,C05-S07-I05-N02,C05,부자
1924,C05-S07-I05-N02,C05,방종
1924,C05-S07-I05-N02,C05,결함
1924,C05-S07-I05-N02,C05,빈자
1924,C05-S07-I05-N02,C05,노례적
1924,C05-S07-I05-N02,C05,굴종
1924,C05-S07-I05-N02,C05,횡치
1924,C05-S07-I05-N03,C05,부자
1924,C05-S07-I05-N03,C05,소유욕
1924,C05-S07-I05-N03,C05,행위
1924,C05-S07-I05-N03,C05,증악
1924,C05-S07-I05-N03,C05,방종
1924,C05-S07-I05-N03,C05,결함
1924,C05-S07-I05-N03,C05,이유
1924,C05-S07-I05-N03,C05,빈자
1924,C05-S07-I05-N03,C05,빈핍
1924,C05-S07-I05-N03,C05,고통
1924,C05-S07-I05-N03,C05,보증
1924,C05-S07-I05-N03,C05,노례적
1924,C05-S07-I05-N03,C05,굴종
1924,C05-S07-I05-N03,C05,결함
1924,C05-S07-I05-N03,C05,이유
1924,C05-S07-I05-N03,C05,여사
1924,C05-S07-I05-N03,C05,제도
1924,C05-S07-I05-N03,C05,불자연
1924,C05-S07-I05-N03,C05,기천기백년간
1924,C05-S07-I05-N03,C05,불지불식
1924,C05-S07-I05-N03,C05,자연
1924,C05-S07-I05-N03,C05,대원인
1924,C05-S07-I05-N03,C05,인내천
1924,C05-S07-I05-N03,C05,교화
1924,C05-S07-I05-N03,C05,정신적
1924,C05-S07-I05-N03,C05,불자연
1924,C05-S07-I05-N03,C05,제각
1924,C05-S07-I05-N03,C05,지상
1924,C05-S07-I05-N03,C05,천국
1924,C05-S07-I05-N03,C05,대묘법
1924,C05-S07-I05-N03,C05,대교화
1924,C06-S01-I00-N01,C06,인내천
1924,C06-S01-I00-N01,C06,실제생활
1924,C06-S01-I00-N01,C06,이용
1924,C06-S01-I00-N01,C06,중요
1924,C06-S01-I00-N01,C06,문제
1924,C06-S01-I00-N01,C06,전적
1924,C06-S01-I00-N01,C06,생활
1924,C06-S01-I00-N01,C06,인내천
1924,C06-S01-I00-N01,C06,위력
1924,C06-S01-I00-N01,C06,흥미
1924,C06-S01-I00-N01,C06,현저
1924,C06-S01-I00-N01,C06,부분적
1924,C06-S01-I00-N01,C06,생활
1924,C06-S01-I00-N01,C06,가치
1924,C06-S01-I00-N01,C06,소극화
1924,C06-S01-I00-N01,C06,인내천
1924,C06-S01-I00-N01,C06,경이
1924,C06-S01-I00-N01,C06,무의의
1924,C06-S01-I00-N01,C06,태도
1924,C06-S01-I00-N01,C06,질문
1924,C06-S01-I00-N01,C06,인내천
1924,C06-S01-I00-N01,C06,항상
1924,C06-S01-I00-N01,C06,부분적
1924,C06-S01-I00-N01,C06,사고
1924,C06-S01-I00-N01,C06,폐해
1924,C06-S01-I00-N01,C06,개체
1924,C06-S01-I00-N01,C06,고독
1924,C06-S01-I00-N01,C06,연상
1924,C06-S01-I00-N01,C06,대립하
1924,C06-S01-I00-N01,C06,진리
1924,C06-S01-I00-N01,C06,반신반의
1924,C06-S01-I00-N01,C06,오해
1924,C06-S01-I00-N01,C06,사상
1924,C06-S01-I00-N01,C06,인내천
1924,C06-S01-I00-N01,C06,생활
1924,C06-S01-I00-N01,C06,전적
1924,C06-S01-I00-N01,C06,생활
1924,C06-S01-I00-N01,C06,가치
1924,C06-S01-I00-N01,C06,발견
1924,C06-S01-I00-N02,C06,전적
1924,C06-S01-I00-N02,C06,생활
1924,C06-S01-I00-N02,C06,개아적
1924,C06-S01-I00-N02,C06,고립
1924,C06-S01-I00-N02,C06,생활
1924,C06-S01-I00-N02,C06,개아
1924,C06-S01-I00-N02,C06,타개아
1924,C06-S01-I00-N02,C06,호상
1924,C06-S01-I00-N02,C06,연대적
1924,C06-S01-I00-N02,C06,책임
1924,C06-S01-I00-N02,C06,부조
1924,C06-S01-I00-N02,C06,협동
1924,C06-S01-I00-N02,C06,일체일심
1924,C06-S01-I00-N02,C06,생활
1924,C06-S01-I00-N02,C06,인류
1924,C06-S01-I00-N02,C06,지금
1924,C06-S01-I00-N02,C06,자연
1924,C06-S01-I00-N02,C06,사건
1924,C06-S01-I00-N02,C06,인류
1924,C06-S01-I00-N02,C06,각자
1924,C06-S01-I00-N02,C06,고립
1924,C06-S01-I00-N02,C06,개아
1924,C06-S01-I00-N02,C06,타개아
1924,C06-S01-I00-N02,C06,고립
1924,C06-S01-I00-N02,C06,개가족
1924,C06-S01-I00-N02,C06,타개가족
1924,C06-S01-I00-N02,C06,고립
1924,C06-S01-I00-N02,C06,개민족
1924,C06-S01-I00-N02,C06,개국가
1924,C06-S01-I00-N02,C06,타개민족
1924,C06-S01-I00-N02,C06,타개국가
1924,C06-S01-I00-N02,C06,고립
1924,C06-S01-I00-N02,C06,호상
1924,C06-S01-I00-N02,C06,고립적
1924,C06-S01-I00-N02,C06,상태하
1924,C06-S01-I00-N02,C06,연대적
1924,C06-S01-I00-N02,C06,협동생활
1924,C06-S01-I00-N02,C06,결핍
1924,C06-S01-I00-N02,C06,인류
1924,C06-S01-I00-N02,C06,비애
1924,C06-S01-I00-N02,C06,세간고
1924,C06-S01-I00-N02,C06,개체
1924,C06-S01-I00-N03,C06,기타
1924,C06-S01-I00-N03,C06,본능
1924,C06-S01-I00-N03,C06,자연
1924,C06-S01-I00-N03,C06,손색
1924,C06-S01-I00-N03,C06,만물
1924,C06-S01-I00-N03,C06,영장
1924,C06-S01-I00-N03,C06,천지
1924,C06-S01-I00-N03,C06,주인공
1924,C06-S01-I00-N03,C06,대위력
1924,C06-S01-I00-N03,C06,원인
1924,C06-S01-I00-N03,C06,전적
1924,C06-S01-I00-N03,C06,생활
1924,C06-S01-I00-N03,C06,경영
1924,C06-S01-I00-N03,C06,전적
1924,C06-S01-I00-N03,C06,생활
1924,C06-S01-I00-N03,C06,전지전능
1924,C06-S01-I00-N03,C06,발휘
1924,C06-S01-I00-N03,C06,생활
1924,C06-S01-I00-N03,C06,화복
1924,C06-S01-I00-N03,C06,피차
1924,C06-S01-I00-N03,C06,비교
1924,C06-S01-I00-N03,C06,대조
1924,C06-S01-I00-N03,C06,생활
1924,C06-S01-I00-N03,C06,불행
1924,C06-S01-I00-N03,C06,행복
1924,C06-S01-I00-N03,C06,행운
1924,C06-S01-I00-N03,C06,불행
1924,C06-S01-I00-N03,C06,화복
1924,C06-S01-I00-N03,C06,변천
1924,C06-S01-I00-N03,C06,무상무상
1924,C06-S01-I00-N03,C06,고립
1924,C06-S01-I00-N03,C06,고립
1924,C06-S01-I00-N03,C06,불완전
1924,C06-S01-I00-N03,C06,생활
1924,C06-S01-I00-N04,C06,진실
1924,C06-S01-I00-N04,C06,피아
1924,C06-S01-I00-N04,C06,고립
1924,C06-S01-I00-N04,C06,인류
1924,C06-S01-I00-N04,C06,전체
1924,C06-S01-I00-N04,C06,전적
1924,C06-S01-I00-N04,C06,생활
1924,C06-S01-I00-N04,C06,경영
1924,C06-S01-I00-N04,C06,화복
1924,C06-S01-I00-N04,C06,문제
1924,C06-S01-I00-N04,C06,일본
1924,C06-S01-I00-N04,C06,대지진
1924,C06-S01-I00-N04,C06,수십만
1924,C06-S01-I00-N04,C06,생명
1924,C06-S01-I00-N04,C06,수십억
1924,C06-S01-I00-N04,C06,재보
1924,C06-S01-I00-N04,C06,일조
1924,C06-S01-I00-N04,C06,오유
1924,C06-S01-I00-N04,C06,대참재
1924,C06-S01-I00-N04,C06,일본
1924,C06-S01-I00-N04,C06,대재화
1924,C06-S01-I00-N04,C06,민족
1924,C06-S01-I00-N04,C06,민족
1924,C06-S01-I00-N04,C06,고립
1924,C06-S01-I00-N04,C06,형세
1924,C06-S01-I00-N04,C06,금일
1924,C06-S01-I00-N04,C06,운위
1924,C06-S01-I00-N04,C06,만일
1924,C06-S01-I00-N04,C06,세계
1924,C06-S01-I00-N04,C06,전인류
1924,C06-S01-I00-N04,C06,전적
1924,C06-S01-I00-N04,C06,생활
1924,C06-S01-I00-N04,C06,공동
1924,C06-S01-I00-N04,C06,연대
1924,C06-S01-I00-N04,C06,책임상
1924,C06-S01-I00-N04,C06,세계
1924,C06-S01-I00-N04,C06,전체
1924,C06-S01-I00-N04,C06,일부분
1924,C06-S01-I00-N04,C06,변재
1924,C06-S01-I00-N05,C06,일지
1924,C06-S01-I00-N05,C06,일지
1924,C06-S01-I00-N05,C06,소부분
1924,C06-S01-I00-N05,C06,전책임
1924,C06-S01-I00-N05,C06,막대
1924,C06-S01-I00-N05,C06,치명상
1924,C06-S01-I00-N05,C06,일신체
1924,C06-S01-I00-N05,C06,연대
1924,C06-S01-I00-N05,C06,책임
1924,C06-S01-I00-N05,C06,중대
1924,C06-S01-I00-N05,C06,고통
1924,C06-S01-I00-N05,C06,일신체
1924,C06-S01-I00-N05,C06,전부
1924,C06-S01-I00-N05,C06,연대
1924,C06-S01-I00-N05,C06,책임
1924,C06-S01-I00-N05,C06,생활
1924,C06-S01-I00-N05,C06,신체
1924,C06-S01-I00-N05,C06,부분
1924,C06-S01-I00-N05,C06,재변
1924,C06-S01-I00-N05,C06,전신체
1924,C06-S01-I00-N05,C06,향응
1924,C06-S01-I00-N05,C06,공동
1924,C06-S01-I00-N05,C06,협조
1924,C06-S01-I00-N05,C06,부분
1924,C06-S01-I00-N05,C06,재변
1924,C06-S01-I00-N05,C06,전체
1924,C06-S01-I00-N05,C06,재변
1924,C06-S01-I00-N05,C06,부분
1924,C06-S01-I00-N05,C06,재변
1924,C06-S01-I00-N05,C06,전체
1924,C06-S01-I00-N05,C06,책임
1924,C06-S01-I00-N05,C06,부분
1924,C06-S01-I00-N05,C06,고통
1924,C06-S01-I00-N05,C06,일부분
1924,C06-S01-I00-N05,C06,담임
1924,C06-S01-I00-N05,C06,전신체
1924,C06-S01-I00-N05,C06,공동
1924,C06-S01-I00-N05,C06,담임
1924,C06-S01-I00-N05,C06,여사
1924,C06-S01-I00-N05,C06,이유
1924,C06-S01-I00-N05,C06,추구
1924,C06-S01-I00-N05,C06,생활
1924,C06-S01-I00-N05,C06,전인류
1924,C06-S01-I00-N05,C06,일체일심
1924,C06-S01-I00-N05,C06,연대
1924,C06-S01-I00-N05,C06,책임상
1924,C06-S01-I00-N05,C06,화복
1924,C06-S01-I00-N05,C06,문제
1924,C06-S01-I00-N05,C06,사실상
1924,C06-S01-I00-N05,C06,제거
1924,C06-S01-I00-N05,C06,인류
1924,C06-S01-I00-N05,C06,전체
1924,C06-S01-I00-N05,C06,부분
1924,C06-S01-I00-N05,C06,재변
1924,C06-S01-I00-N05,C06,부분
1924,C06-S01-I00-N05,C06,부담
1924,C06-S01-I00-N05,C06,전적
1924,C06-S01-I00-N05,C06,생활
1924,C06-S01-I00-N05,C06,협동적
1924,C06-S01-I00-N05,C06,책임
1924,C06-S01-I00-N05,C06,계산
1924,C06-S01-I00-N05,C06,인류
1924,C06-S01-I00-N05,C06,피차
1924,C06-S01-I00-N05,C06,비교적
1924,C06-S01-I00-N05,C06,화복
1924,C06-S01-I00-N05,C06,자연
1924,C06-S01-I00-N05,C06,소멸
1924,C06-S01-I00-N05,C06,내이
1924,C06-S01-I00-N05,C06,인내천
1924,C06-S01-I00-N05,C06,형식
1924,C06-S01-I00-N05,C06,인류
1924,C06-S01-I00-N05,C06,전적
1924,C06-S01-I00-N05,C06,생활
1924,C06-S02-I00-N01,C06,행위
1924,C06-S02-I00-N01,C06,학설상
1924,C06-S02-I00-N01,C06,표준
1924,C06-S02-I00-N01,C06,문제
1924,C06-S02-I00-N01,C06,표준
1924,C06-S02-I00-N01,C06,고래
1924,C06-S02-I00-N01,C06,학설
1924,C06-S02-I00-N01,C06,인내천
1924,C06-S02-I00-N01,C06,진리상
1924,C06-S02-I00-N01,C06,선악
1924,C06-S02-I00-N01,C06,본래
1924,C06-S02-I00-N01,C06,고정
1924,C06-S02-I00-N01,C06,율법
1924,C06-S02-I00-N01,C06,일종
1924,C06-S02-I00-N01,C06,상대
1924,C06-S02-I00-N01,C06,명사
1924,C06-S02-I00-N01,C06,도덕적
1924,C06-S02-I00-N01,C06,변별
1924,C06-S02-I00-N01,C06,행위적
1924,C06-S02-I00-N01,C06,상대성
1924,C06-S02-I00-N01,C06,동일
1924,C06-S02-I00-N01,C06,도덕론
1924,C06-S02-I00-N01,C06,공맹
1924,C06-S02-I00-N01,C06,양주
1924,C06-S02-I00-N01,C06,상대
1924,C06-S02-I00-N02,C06,동일
1924,C06-S02-I00-N02,C06,진리론
1924,C06-S02-I00-N02,C06,주아사상
1924,C06-S02-I00-N02,C06,몰아사상
1924,C06-S02-I00-N02,C06,상대
1924,C06-S02-I00-N02,C06,구별
1924,C06-S02-I00-N02,C06,선악
1924,C06-S02-I00-N02,C06,윤리계
1924,C06-S02-I00-N02,C06,인사현상
1924,C06-S02-I00-N02,C06,각기
1924,C06-S02-I00-N02,C06,주관적
1924,C06-S02-I00-N02,C06,고집
1924,C06-S02-I00-N02,C06,향배적
1924,C06-S02-I00-N02,C06,망상
1924,C06-S02-I00-N02,C06,천도자연
1924,C06-S02-I00-N02,C06,원리상
1924,C06-S02-I00-N02,C06,본래
1924,C06-S02-I00-N02,C06,무선무악
1924,C06-S02-I00-N02,C06,원칙
1924,C06-S02-I00-N02,C06,무루무괴
1924,C06-S02-I00-N02,C06,본법
1924,C06-S02-I00-N02,C06,행위
1924,C06-S02-I00-N02,C06,천도자연
1924,C06-S02-I00-N02,C06,법칙상
1924,C06-S02-I00-N02,C06,대조
1924,C06-S02-I00-N02,C06,여하
1924,C06-S02-I00-N02,C06,여하
1924,C06-S02-I00-N02,C06,행위
1924,C06-S02-I00-N02,C06,고찰
1924,C06-S02-I00-N02,C06,저간
1924,C06-S02-I00-N02,C06,일종
1924,C06-S02-I00-N02,C06,신정로
1924,C06-S02-I00-N02,C06,발견
1924,C06-S02-I00-N02,C06,인사상
1924,C06-S02-I00-N02,C06,제행위
1924,C06-S02-I00-N02,C06,천도자연
1924,C06-S02-I00-N02,C06,진화법칙
1924,C06-S02-I00-N03,C06,원래
1924,C06-S02-I00-N03,C06,행위
1924,C06-S02-I00-N03,C06,작용
1924,C06-S02-I00-N03,C06,일정불변
1924,C06-S02-I00-N03,C06,불절
1924,C06-S02-I00-N03,C06,진화
1924,C06-S02-I00-N03,C06,여하
1924,C06-S02-I00-N03,C06,행위
1924,C06-S02-I00-N03,C06,천도진화
1924,C06-S02-I00-N03,C06,법칙
1924,C06-S02-I00-N03,C06,순응
1924,C06-S02-I00-N03,C06,고찰
1924,C06-S02-I00-N03,C06,행위
1924,C06-S02-I00-N03,C06,행위
1924,C06-S02-I00-N03,C06,자체
1924,C06-S02-I00-N03,C06,목적
1924,C06-S02-I00-N03,C06,적합
1924,C06-S02-I00-N03,C06,선적행위
1924,C06-S02-I00-N03,C06,인내천
1924,C06-S02-I00-N03,C06,도덕
1924,C06-S02-I00-N03,C06,하등동물
1924,C06-S02-I00-N03,C06,활동
1924,C06-S02-I00-N03,C06,기본능
1924,C06-S02-I00-N03,C06,목적기자
1924,C06-S02-I00-N03,C06,여일
1924,C06-S02-I00-N03,C06,부합
1924,C06-S02-I00-N03,C06,물론
1924,C06-S02-I00-N03,C06,하등동물
1924,C06-S02-I00-N03,C06,행위
1924,C06-S02-I00-N03,C06,목적
1924,C06-S02-I00-N03,C06,적합
1924,C06-S02-I00-N03,C06,도수
1924,C06-S02-I00-N03,C06,졸렬
1924,C06-S02-I00-N03,C06,포용
1924,C06-S02-I00-N03,C06,고등동물
1924,C06-S02-I00-N03,C06,동작
1924,C06-S02-I00-N03,C06,교묘
1924,C06-S02-I00-N03,C06,민속
1924,C06-S02-I00-N03,C06,목적
1924,C06-S02-I00-N03,C06,부합
1924,C06-S02-I00-N03,C06,본능
1924,C06-S02-I00-N04,C06,고등동물
1924,C06-S02-I00-N04,C06,행위
1924,C06-S02-I00-N04,C06,여하
1924,C06-S02-I00-N04,C06,방면
1924,C06-S02-I00-N04,C06,진화
1924,C06-S02-I00-N04,C06,고찰
1924,C06-S02-I00-N04,C06,대개
1924,C06-S02-I00-N04,C06,삼개
1924,C06-S02-I00-N04,C06,방면
1924,C06-S02-I00-N04,C06,적응
1924,C06-S02-I00-N04,C06,제일
1924,C06-S02-I00-N04,C06,행위
1924,C06-S02-I00-N04,C06,목적
1924,C06-S02-I00-N04,C06,적합
1924,C06-S02-I00-N04,C06,생물
1924,C06-S02-I00-N04,C06,생명
1924,C06-S02-I00-N04,C06,유지
1924,C06-S02-I00-N04,C06,생활력
1924,C06-S02-I00-N04,C06,증가
1924,C06-S02-I00-N04,C06,기리
1924,C06-S02-I00-N04,C06,제이
1924,C06-S02-I00-N04,C06,행위
1924,C06-S02-I00-N04,C06,생물자신
1924,C06-S02-I00-N04,C06,생물
1924,C06-S02-I00-N04,C06,자손
1924,C06-S02-I00-N04,C06,번식
1924,C06-S02-I00-N04,C06,행위
1924,C06-S02-I00-N04,C06,제삼
1924,C06-S02-I00-N04,C06,행위
1924,C06-S02-I00-N04,C06,자손
1924,C06-S02-I00-N04,C06,번식
1924,C06-S02-I00-N04,C06,경진
1924,C06-S02-I00-N04,C06,동종전체
1924,C06-S02-I00-N04,C06,이익
1924,C06-S02-I00-N04,C06,증가
1924,C06-S02-I00-N04,C06,협동부조
1924,C06-S02-I00-N04,C06,행위
1924,C06-S02-I00-N04,C06,以上
1924,C06-S02-I00-N04,C06,삼자
1924,C06-S02-I00-N04,C06,특징
1924,C06-S02-I00-N04,C06,행위
1924,C06-S02-I00-N04,C06,적합
1924,C06-S02-I00-N04,C06,진화
1924,C06-S02-I00-N04,C06,행위
1924,C06-S02-I00-N05,C06,영물
1924,C06-S02-I00-N05,C06,목적
1924,C06-S02-I00-N05,C06,적합
1924,C06-S02-I00-N05,C06,소도
1924,C06-S02-I00-N05,C06,목적
1924,C06-S02-I00-N05,C06,사자
1924,C06-S02-I00-N05,C06,불합
1924,C06-S02-I00-N05,C06,선악
1924,C06-S02-I00-N05,C06,행위
1924,C06-S02-I00-N05,C06,인용
1924,C06-S02-I00-N05,C06,선행위
1924,C06-S02-I00-N05,C06,진화적
1924,C06-S02-I00-N05,C06,행위
1924,C06-S02-I00-N05,C06,악행위
1924,C06-S02-I00-N05,C06,반대
1924,C06-S02-I00-N05,C06,행위
1924,C06-S02-I00-N05,C06,행위
1924,C06-S02-I00-N05,C06,以上
1924,C06-S02-I00-N05,C06,삼개
1924,C06-S02-I00-N05,C06,목적
1924,C06-S02-I00-N05,C06,자기
1924,C06-S02-I00-N05,C06,생명보존
1924,C06-S02-I00-N05,C06,자손
1924,C06-S02-I00-N05,C06,번영
1924,C06-S02-I00-N05,C06,동포
1924,C06-S02-I00-N05,C06,이익부조
1924,C06-S02-I00-N05,C06,전적생활
1924,C06-S02-I00-N05,C06,포용
1924,C06-S02-I00-N05,C06,전적생활
1924,C06-S02-I00-N05,C06,부분적생활
1924,C06-S02-I00-N05,C06,인내천
1924,C06-S02-I00-N05,C06,선악관
1924,C06-S03-I00-N01,C06,인내천
1924,C06-S03-I00-N01,C06,영성
1924,C06-S03-I00-N01,C06,문제
1924,C06-S03-I00-N01,C06,해석
1924,C06-S03-I00-N01,C06,양심
1924,C06-S03-I00-N01,C06,물론
1924,C06-S03-I00-N01,C06,인내천
1924,C06-S03-I00-N01,C06,양심
1924,C06-S03-I00-N01,C06,지도
1924,C06-S03-I00-N01,C06,해석
1924,C06-S03-I00-N01,C06,진리
1924,C06-S03-I00-N01,C06,위반
1924,C06-S03-I00-N01,C06,사고
1924,C06-S03-I00-N01,C06,양심
1924,C06-S03-I00-N01,C06,표준
1924,C06-S03-I00-N01,C06,문제
1924,C06-S03-I00-N01,C06,여하
1924,C06-S03-I00-N01,C06,양심
1924,C06-S03-I00-N01,C06,난문
1924,C06-S03-I00-N01,C06,以上
1924,C06-S03-I00-N01,C06,선악
1924,C06-S03-I00-N01,C06,일언
1924,C06-S03-I00-N02,C06,오인
1924,C06-S03-I00-N02,C06,현재
1924,C06-S03-I00-N02,C06,소위
1924,C06-S03-I00-N02,C06,양심
1924,C06-S03-I00-N02,C06,대개
1924,C06-S03-I00-N02,C06,대상
1924,C06-S03-I00-N02,C06,대상
1924,C06-S03-I00-N02,C06,적합
1924,C06-S03-I00-N02,C06,여부
1924,C06-S03-I00-N02,C06,양심
1924,C06-S03-I00-N02,C06,불량심
1924,C06-S03-I00-N02,C06,양심
1924,C06-S03-I00-N02,C06,자체
1924,C06-S03-I00-N02,C06,절대
1924,C06-S03-I00-N02,C06,가치
1924,C06-S03-I00-N02,C06,오인
1924,C06-S03-I00-N02,C06,사물
1924,C06-S03-I00-N02,C06,대상
1924,C06-S03-I00-N02,C06,대상
1924,C06-S03-I00-N02,C06,적합
1924,C06-S03-I00-N02,C06,양심
1924,C06-S03-I00-N02,C06,본래
1924,C06-S03-I00-N02,C06,오인
1924,C06-S03-I00-N02,C06,성령
1924,C06-S03-I00-N02,C06,고정불변
1924,C06-S03-I00-N02,C06,사사물물
1924,C06-S03-I00-N02,C06,변천무상
1924,C06-S03-I00-N02,C06,탈취
1924,C06-S03-I00-N02,C06,악심
1924,C06-S03-I00-N02,C06,자선
1924,C06-S03-I00-N02,C06,양심
1924,C06-S03-I00-N02,C06,전자
1924,C06-S03-I00-N02,C06,심법
1924,C06-S03-I00-N02,C06,후자
1924,C06-S03-I00-N02,C06,행위
1924,C06-S03-I00-N02,C06,본래
1924,C06-S03-I00-N02,C06,오인
1924,C06-S03-I00-N02,C06,심법
1924,C06-S03-I00-N02,C06,악심
1924,C06-S03-I00-N02,C06,자선
1924,C06-S03-I00-N02,C06,선심
1924,C06-S03-I00-N02,C06,근본
1924,C06-S03-I00-N02,C06,대립
1924,C06-S03-I00-N02,C06,고정불변
1924,C06-S03-I00-N02,C06,특립
1924,C06-S03-I00-N03,C06,동일
1924,C06-S03-I00-N03,C06,석상
1924,C06-S03-I00-N03,C06,청류
1924,C06-S03-I00-N03,C06,혼구
1924,C06-S03-I00-N03,C06,탁수
1924,C06-S03-I00-N03,C06,동일
1924,C06-S03-I00-N03,C06,용처
1924,C06-S03-I00-N03,C06,공사
1924,C06-S03-I00-N03,C06,양심
1924,C06-S03-I00-N03,C06,불량심
1924,C06-S03-I00-N03,C06,관계
1924,C06-S03-I00-N03,C06,여사
1924,C06-S03-I00-N03,C06,양심
1924,C06-S03-I00-N03,C06,본래
1924,C06-S03-I00-N03,C06,고정불변
1924,C06-S03-I00-N03,C06,양심
1924,C06-S03-I00-N03,C06,문제
1924,C06-S03-I00-N03,C06,환경
1924,C06-S03-I00-N03,C06,시대
1924,C06-S03-I00-N03,C06,개조
1924,C06-S03-I00-N03,C06,혹시
1924,C06-S03-I00-N03,C06,변천
1924,C06-S03-I00-N03,C06,성질
1924,C06-S03-I00-N03,C06,필요
1924,C06-S03-I00-N03,C06,유가
1924,C06-S03-I00-N03,C06,도덕
1924,C06-S03-I00-N03,C06,충효
1924,C06-S03-I00-N03,C06,양심
1924,C06-S03-I00-N03,C06,최대
1924,C06-S03-I00-N03,C06,목표
1924,C06-S03-I00-N03,C06,시대
1924,C06-S03-I00-N03,C06,진보
1924,C06-S03-I00-N03,C06,금일
1924,C06-S03-I00-N03,C06,충효
1924,C06-S03-I00-N03,C06,사상
1924,C06-S03-I00-N03,C06,석일
1924,C06-S03-I00-N03,C06,최선
1924,C06-S03-I00-N03,C06,가치
1924,C06-S03-I00-N03,C06,보유명
1924,C06-S03-I00-N03,C06,불능
1924,C06-S03-I00-N03,C06,양심
1924,C06-S03-I00-N03,C06,추이
1924,C06-S03-I00-N03,C06,세불득이
1924,C06-S03-I00-N03,C06,변천
1924,C06-S03-I00-N03,C06,사회
1924,C06-S03-I00-N03,C06,일반
1924,C06-S03-I00-N03,C06,現象
1924,C06-S03-I00-N03,C06,요점
1924,C06-S03-I00-N03,C06,양심
1924,C06-S03-I00-N03,C06,문제
1924,C06-S03-I00-N03,C06,정신계
1924,C06-S03-I00-N03,C06,진화
1924,C06-S03-I00-N03,C06,법칙
1924,C06-S03-I00-N03,C06,해석
1924,C06-S03-I00-N04,C06,양심
1924,C06-S03-I00-N04,C06,관련
1924,C06-S03-I00-N04,C06,사고
1924,C06-S03-I00-N04,C06,문제
1924,C06-S03-I00-N04,C06,소위
1924,C06-S03-I00-N04,C06,자유의지
1924,C06-S03-I00-N04,C06,자유의지
1924,C06-S03-I00-N04,C06,양심
1924,C06-S03-I00-N04,C06,관계
1924,C06-S03-I00-N04,C06,인내천
1924,C06-S03-I00-N04,C06,참고
1924,C06-S03-I00-N04,C06,요건
1924,C06-S03-I00-N04,C06,양심
1924,C06-S03-I00-N04,C06,자유의지
1924,C06-S03-I00-N04,C06,전제
1924,C06-S03-I00-N04,C06,만일
1924,C06-S03-I00-N04,C06,자유의지
1924,C06-S03-I00-N04,C06,양심
1924,C06-S03-I00-N04,C06,유무
1924,C06-S03-I00-N04,C06,문제
1924,C06-S03-I00-N04,C06,의지
1924,C06-S03-I00-N04,C06,사물
1924,C06-S03-I00-N04,C06,선악
1924,C06-S03-I00-N04,C06,선택
1924,C06-S03-I00-N04,C06,자유
1924,C06-S03-I00-N04,C06,배척
1924,C06-S03-I00-N04,C06,양심
1924,C06-S03-I00-N04,C06,의지
1924,C06-S03-I00-N04,C06,자유
1924,C06-S03-I00-N04,C06,예언
1924,C06-S03-I00-N04,C06,의지
1924,C06-S03-I00-N04,C06,자유
1924,C06-S03-I00-N04,C06,구경
1924,C06-S03-I00-N04,C06,일인간
1924,C06-S03-I00-N04,C06,사회
1924,C06-S03-I00-N04,C06,생활
1924,C06-S03-I00-N04,C06,자유
1924,C06-S03-I00-N04,C06,理想
1924,C06-S03-I00-N04,C06,건설
1924,C06-S03-I00-N04,C06,가능적
1924,C06-S03-I00-N04,C06,조건
1924,C06-S03-I00-N04,C06,포용
1924,C06-S03-I00-N05,C06,의지
1924,C06-S03-I00-N05,C06,근본적
1924,C06-S03-I00-N05,C06,문제
1924,C06-S03-I00-N05,C06,의지
1924,C06-S03-I00-N05,C06,자유
1924,C06-S03-I00-N05,C06,방법
1924,C06-S03-I00-N05,C06,현재
1924,C06-S03-I00-N05,C06,理想
1924,C06-S03-I00-N05,C06,성격
1924,C06-S03-I00-N05,C06,왕국
1924,C06-S03-I00-N05,C06,능력
1924,C06-S03-I00-N05,C06,건설
1924,C06-S03-I00-N05,C06,위력
1924,C06-S03-I00-N05,C06,예상
1924,C06-S03-I00-N05,C06,여의
1924,C06-S03-I00-N05,C06,양심
1924,C06-S03-I00-N05,C06,관계
1924,C06-S03-I00-N05,C06,합치
1924,C06-S03-I00-N05,C06,경애
1924,C06-S03-I00-N05,C06,발견
1924,C06-S03-I00-N05,C06,하고
1924,C06-S03-I00-N05,C06,양심
1924,C06-S03-I00-N05,C06,자유의지
1924,C06-S03-I00-N05,C06,자유의지
1924,C06-S03-I00-N05,C06,신적
1924,C06-S03-I00-N05,C06,경애
1924,C06-S03-I00-N05,C06,발견
1924,C06-S03-I00-N05,C06,자유의지
1924,C06-S03-I00-N05,C06,신적
1924,C06-S03-I00-N05,C06,경애
1924,C06-S03-I00-N05,C06,발견
1924,C06-S03-I00-N06,C06,의지자유
1924,C06-S03-I00-N06,C06,자유
1924,C06-S03-I00-N06,C06,자유
1924,C06-S03-I00-N06,C06,개성
1924,C06-S03-I00-N06,C06,절대
1924,C06-S03-I00-N06,C06,자유
1924,C06-S03-I00-N06,C06,원인
1924,C06-S03-I00-N06,C06,원인
1924,C06-S03-I00-N06,C06,보편적
1924,C06-S03-I00-N06,C06,관계
1924,C06-S03-I00-N06,C06,자유
1924,C06-S03-I00-N06,C06,공중
1924,C06-S03-I00-N06,C06,자유
1924,C06-S03-I00-N06,C06,분합
1924,C06-S03-I00-N06,C06,부운
1924,C06-S03-I00-N06,C06,독왕독래
1924,C06-S03-I00-N06,C06,자유
1924,C06-S03-I00-N06,C06,구극
1924,C06-S03-I00-N06,C06,원인
1924,C06-S03-I00-N06,C06,원인
1924,C06-S03-I00-N06,C06,운동
1924,C06-S03-I00-N06,C06,수증기
1924,C06-S03-I00-N06,C06,관계
1924,C06-S03-I00-N06,C06,기후
1924,C06-S03-I00-N06,C06,관계
1924,C06-S03-I00-N06,C06,태양
1924,C06-S03-I00-N06,C06,공기
1924,C06-S03-I00-N06,C06,관계
1924,C06-S03-I00-N06,C06,원인
1924,C06-S03-I00-N06,C06,원인
1924,C06-S03-I00-N06,C06,합산
1924,C06-S03-I00-N06,C06,일편
1924,C06-S03-I00-N06,C06,부운
1924,C06-S03-I00-N06,C06,자유
1924,C06-S03-I00-N06,C06,필경
1924,C06-S03-I00-N06,C06,불가사의
1924,C06-S03-I00-N06,C06,의지자유
1924,C06-S03-I00-N06,C06,의지
1924,C06-S03-I00-N06,C06,환경
1924,C06-S03-I00-N06,C06,원인
1924,C06-S03-I00-N06,C06,관계
1924,C06-S03-I00-N06,C06,합산
1924,C06-S03-I00-N06,C06,일사고
1924,C06-S03-I00-N06,C06,추고
1924,C06-S03-I00-N07,C06,자유의지
1924,C06-S03-I00-N07,C06,의지
1924,C06-S03-I00-N07,C06,구경
1924,C06-S03-I00-N07,C06,개체단독
1924,C06-S03-I00-N07,C06,자유
1924,C06-S03-I00-N07,C06,보편적
1924,C06-S03-I00-N07,C06,무궁
1924,C06-S03-I00-N07,C06,대의지
1924,C06-S03-I00-N07,C06,심묘
1924,C06-S03-I00-N07,C06,영향
1924,C06-S03-I00-N07,C06,개성
1924,C06-S03-I00-N07,C06,합치
1924,C06-S03-I00-N07,C06,의지
1924,C06-S03-I00-N07,C06,자유
1924,C06-S03-I00-N07,C06,여사
1924,C06-S03-I00-N07,C06,의지
1924,C06-S03-I00-N07,C06,자유
1924,C06-S03-I00-N07,C06,원인
1924,C06-S03-I00-N07,C06,원인
1924,C06-S03-I00-N07,C06,구극
1924,C06-S03-I00-N07,C06,불가사의
1924,C06-S03-I00-N07,C06,신적
1924,C06-S03-I00-N07,C06,경애
1924,C06-S03-I00-N07,C06,기근인
1924,C06-S03-I00-N07,C06,복재
1924,C06-S03-I00-N07,C06,신적
1924,C06-S03-I00-N07,C06,경애
1924,C06-S03-I00-N07,C06,출발
1924,C06-S03-I00-N07,C06,의지
1924,C06-S03-I00-N07,C06,자유
1924,C06-S03-I00-N07,C06,결국
1924,C06-S03-I00-N07,C06,양심
1924,C06-S03-I00-N07,C06,인간
1924,C06-S03-I00-N07,C06,최선
1924,C06-S03-I00-N07,C06,사량
1924,C06-S03-I00-N07,C06,창조
1924,C06-S03-I00-N07,C06,가능성
1924,C06-S03-I00-N07,C06,양심
1924,C06-S03-I00-N07,C06,理想
1924,C06-S03-I00-N07,C06,인내천
1924,C06-S03-I00-N07,C06,경애
1924,C06-S03-I00-N07,C06,과언
1924,C06-S03-I00-N07,C06,인내천
1924,C06-S03-I00-N07,C06,이상향
1924,C06-S03-I00-N07,C06,현실
1924,C06-S03-I00-N07,C06,발로
1924,C06-S03-I00-N07,C06,양심
1924,C06-S03-I00-N07,C06,무한
1924,C06-S03-I00-N07,C06,추구
1924,C06-S03-I00-N07,C06,개조
1924,C06-S03-I00-N07,C06,창신
1924,C06-S03-I00-N07,C06,합리
1924,C06-S03-I00-N07,C06,철저
1924,C06-S03-I00-N07,C06,양심
1924,C06-S03-I00-N07,C06,본지
1924,C06-S03-I00-N07,C06,실현
1924,C06-S04-I00-N01,C06,인내천
1924,C06-S04-I00-N01,C06,운명관
1924,C06-S04-I00-N01,C06,일언
1924,C06-S04-I00-N01,C06,표현
1924,C06-S04-I00-N01,C06,전체
1924,C06-S04-I00-N01,C06,시간적
1924,C06-S04-I00-N01,C06,공간적
1924,C06-S04-I00-N01,C06,생활의미
1924,C06-S04-I00-N01,C06,운명
1924,C06-S04-I00-N01,C06,운명
1924,C06-S04-I00-N01,C06,종종
1924,C06-S04-I00-N01,C06,의문
1924,C06-S04-I00-N01,C06,보통
1924,C06-S04-I00-N01,C06,일개인
1924,C06-S04-I00-N01,C06,민족
1924,C06-S04-I00-N01,C06,국가
1924,C06-S04-I00-N01,C06,운명상
1924,C06-S04-I00-N01,C06,일정
1924,C06-S04-I00-N01,C06,숙명
1924,C06-S04-I00-N01,C06,숙명
1924,C06-S04-I00-N01,C06,출세당시
1924,C06-S04-I00-N01,C06,고정불변
1924,C06-S04-I00-N01,C06,성쇠
1924,C06-S04-I00-N01,C06,각자
1924,C06-S04-I00-N01,C06,별별
1924,C06-S04-I00-N01,C06,특유
1924,C06-S04-I00-N02,C06,숙명적
1924,C06-S04-I00-N02,C06,지배
1924,C06-S04-I00-N02,C06,일생화복
1924,C06-S04-I00-N02,C06,좌우
1924,C06-S04-I00-N02,C06,선천적
1924,C06-S04-I00-N02,C06,숙명
1924,C06-S04-I00-N02,C06,자유
1924,C06-S04-I00-N02,C06,숙명관
1924,C06-S04-I00-N02,C06,이면
1924,C06-S04-I00-N02,C06,개성
1924,C06-S04-I00-N02,C06,창조력
1924,C06-S04-I00-N02,C06,否認
1924,C06-S04-I00-N02,C06,선천적
1924,C06-S04-I00-N02,C06,신비력
1924,C06-S04-I00-N02,C06,인정
1924,C06-S04-I00-N02,C06,인내천
1924,C06-S04-I00-N02,C06,운명관
1924,C06-S04-I00-N02,C06,숙명론적
1924,C06-S04-I00-N02,C06,운명관
1924,C06-S04-I00-N02,C06,절대
1924,C06-S04-I00-N02,C06,否認
1924,C06-S04-I00-N02,C06,하고
1924,C06-S04-I00-N02,C06,인내천
1924,C06-S04-I00-N02,C06,본질
1924,C06-S04-I00-N02,C06,합리
1924,C06-S04-I00-N03,C06,물론
1924,C06-S04-I00-N03,C06,개체
1924,C06-S04-I00-N03,C06,각개체
1924,C06-S04-I00-N03,C06,일종
1924,C06-S04-I00-N03,C06,특수
1924,C06-S04-I00-N03,C06,운명적
1924,C06-S04-I00-N03,C06,행동
1924,C06-S04-I00-N03,C06,사실
1924,C06-S04-I00-N03,C06,각개인
1924,C06-S04-I00-N03,C06,수명장단
1924,C06-S04-I00-N03,C06,성질
1924,C06-S04-I00-N03,C06,차이
1924,C06-S04-I00-N03,C06,형모
1924,C06-S04-I00-N03,C06,상이
1924,C06-S04-I00-N03,C06,기능
1924,C06-S04-I00-N03,C06,능불능
1924,C06-S04-I00-N03,C06,각자
1924,C06-S04-I00-N03,C06,특수
1924,C06-S04-I00-N03,C06,위치
1924,C06-S04-I00-N03,C06,보존
1924,C06-S04-I00-N03,C06,현저
1924,C06-S04-I00-N03,C06,사실
1924,C06-S04-I00-N03,C06,각개인
1924,C06-S04-I00-N03,C06,소유
1924,C06-S04-I00-N03,C06,특유운명
1924,C06-S04-I00-N03,C06,운명
1924,C06-S04-I00-N03,C06,유무
1924,C06-S04-I00-N03,C06,필요
1924,C06-S04-I00-N03,C06,만인
1924,C06-S04-I00-N03,C06,개성
1924,C06-S04-I00-N03,C06,각기
1924,C06-S04-I00-N03,C06,특수
1924,C06-S04-I00-N03,C06,외적
1924,C06-S04-I00-N03,C06,내적
1924,C06-S04-I00-N03,C06,상이
1924,C06-S04-I00-N03,C06,성격
1924,C06-S04-I00-N03,C06,기능
1924,C06-S04-I00-N03,C06,전능
1924,C06-S04-I00-N03,C06,인류전체
1924,C06-S04-I00-N03,C06,표현
1924,C06-S04-I00-N03,C06,전지전능적
1924,C06-S04-I00-N03,C06,자기
1924,C06-S04-I00-N03,C06,창조적능력
1924,C06-S04-I00-N03,C06,각개체
1924,C06-S04-I00-N03,C06,숙명적
1924,C06-S04-I00-N03,C06,운명상
1924,C06-S04-I00-N03,C06,간주
1924,C06-S04-I00-N04,C06,대신사
1924,C06-S04-I00-N04,C06,대저인간초목군생
1924,C06-S04-I00-N04,C06,사생재천
1924,C06-S04-I00-N04,C06,불시풍우원망
1924,C06-S04-I00-N04,C06,임시호천
1924,C06-S04-I00-N04,C06,요박
1924,C06-S04-I00-N04,C06,세상
1924,C06-S04-I00-N04,C06,불원천명
1924,C06-S04-I00-N04,C06,장평갱졸
1924,C06-S04-I00-N04,C06,조화중
1924,C06-S04-I00-N04,C06,은덕
1924,C06-S04-I00-N04,C06,고사
1924,C06-S04-I00-N04,C06,근본
1924,C06-S04-I00-N04,C06,의미
1924,C06-S04-I00-N04,C06,철저
1924,C06-S04-I00-N04,C06,숙명적
1924,C06-S04-I00-N04,C06,운명
1924,C06-S04-I00-N04,C06,否認
1924,C06-S04-I00-N04,C06,생활
1924,C06-S04-I00-N04,C06,보전
1924,C06-S04-I00-N04,C06,교훈
1924,C06-S04-I00-N05,C06,대저인간초목군생
1924,C06-S04-I00-N05,C06,사생재천
1924,C06-S04-I00-N05,C06,인내천
1924,C06-S04-I00-N05,C06,의미
1924,C06-S04-I00-N05,C06,해석
1924,C06-S04-I00-N05,C06,본래
1924,C06-S04-I00-N05,C06,수명화복
1924,C06-S04-I00-N05,C06,생활
1924,C06-S04-I00-N05,C06,수명
1924,C06-S04-I00-N05,C06,가정상
1924,C06-S04-I00-N05,C06,칠십
1924,C06-S04-I00-N05,C06,칠십
1924,C06-S04-I00-N05,C06,생활
1924,C06-S04-I00-N05,C06,완전
1924,C06-S04-I00-N05,C06,보전
1924,C06-S04-I00-N05,C06,천명
1924,C06-S04-I00-N05,C06,향수
1924,C06-S04-I00-N05,C06,현대생활제도상
1924,C06-S04-I00-N05,C06,대개
1924,C06-S04-I00-N05,C06,천부
1924,C06-S04-I00-N05,C06,수명
1924,C06-S04-I00-N05,C06,향유
1924,C06-S04-I00-N05,C06,대반
1924,C06-S04-I00-N05,C06,요절
1924,C06-S04-I00-N05,C06,병사
1924,C06-S04-I00-N05,C06,횡화
1924,C06-S04-I00-N05,C06,현대
1924,C06-S04-I00-N05,C06,사회제도
1924,C06-S04-I00-N05,C06,빈부
1924,C06-S04-I00-N05,C06,현격
1924,C06-S04-I00-N05,C06,차별
1924,C06-S04-I00-N05,C06,빈자
1924,C06-S04-I00-N05,C06,영양
1924,C06-S04-I00-N05,C06,불충분
1924,C06-S04-I00-N05,C06,과로과동
1924,C06-S04-I00-N05,C06,해악
1924,C06-S04-I00-N05,C06,기타
1924,C06-S04-I00-N05,C06,빈병
1924,C06-S04-I00-N05,C06,위생
1924,C06-S04-I00-N05,C06,교육
1924,C06-S04-I00-N05,C06,정신상
1924,C06-S04-I00-N05,C06,해독등
1924,C06-S04-I00-N05,C06,부자
1924,C06-S04-I00-N05,C06,향락
1924,C06-S04-I00-N05,C06,방종
1924,C06-S04-I00-N05,C06,폐해
1924,C06-S04-I00-N05,C06,소유욕
1924,C06-S04-I00-N05,C06,공포
1924,C06-S04-I00-N05,C06,해독등
1924,C06-S04-I00-N06,C06,현대제도
1924,C06-S04-I00-N06,C06,빈부
1924,C06-S04-I00-N06,C06,천유
1924,C06-S04-I00-N06,C06,향유
1924,C06-S04-I00-N06,C06,사생재천
1924,C06-S04-I00-N06,C06,위반
1924,C06-S04-I00-N06,C06,인위적
1924,C06-S04-I00-N06,C06,해독
1924,C06-S04-I00-N06,C06,천명위반
1924,C06-S04-I00-N06,C06,행위
1924,C06-S04-I00-N06,C06,전쟁
1924,C06-S04-I00-N06,C06,왕석
1924,C06-S04-I00-N06,C06,진조
1924,C06-S04-I00-N06,C06,진장
1924,C06-S04-I00-N06,C06,백기
1924,C06-S04-I00-N06,C06,강졸
1924,C06-S04-I00-N06,C06,사십만
1924,C06-S04-I00-N06,C06,일시
1924,C06-S04-I00-N06,C06,장평지함
1924,C06-S04-I00-N06,C06,몰사
1924,C06-S04-I00-N06,C06,대신사
1924,C06-S04-I00-N06,C06,이용
1924,C06-S04-I00-N06,C06,장평갱졸
1924,C06-S04-I00-N06,C06,수명
1924,C06-S04-I00-N06,C06,전쟁
1924,C06-S04-I00-N06,C06,해독
1924,C06-S04-I00-N06,C06,천부
1924,C06-S04-I00-N06,C06,향유
1924,C06-S04-I00-N06,C06,인내천
1924,C06-S04-I00-N06,C06,운명
1924,C06-S04-I00-N06,C06,위반
1924,C06-S04-I00-N07,C06,이유
1924,C06-S04-I00-N07,C06,인내천
1924,C06-S04-I00-N07,C06,운명관
1924,C06-S04-I00-N07,C06,근본
1924,C06-S04-I00-N07,C06,개인
1924,C06-S04-I00-N07,C06,숙명관
1924,C06-S04-I00-N07,C06,否認
1924,C06-S04-I00-N07,C06,행복
1924,C06-S04-I00-N07,C06,전체
1924,C06-S04-I00-N07,C06,노력
1924,C06-S04-I00-N07,C06,건설
1924,C06-S04-I00-N07,C06,행복
1924,C06-S04-I00-N07,C06,전적생활
1924,C06-S04-I00-N07,C06,선부
1924,C06-S04-I00-N07,C06,악희
1924,C06-S04-I00-N07,C06,인간적
1924,C06-S04-I00-N07,C06,숙명
1924,C06-S04-I00-N07,C06,통언
1924,C06-S04-I00-N07,C06,화복
1924,C06-S04-I00-N07,C06,인류전체
1924,C06-S04-I00-N07,C06,전적생활
1924,C06-S04-I00-N08,C06,가령
1924,C06-S04-I00-N08,C06,현대인
1924,C06-S04-I00-N08,C06,최대
1924,C06-S04-I00-N08,C06,화복
1924,C06-S04-I00-N08,C06,기점
1924,C06-S04-I00-N08,C06,빈부적
1924,C06-S04-I00-N08,C06,운명
1924,C06-S04-I00-N08,C06,신비적
1924,C06-S04-I00-N08,C06,운명
1924,C06-S04-I00-N08,C06,부자
1924,C06-S04-I00-N08,C06,빈자
1924,C06-S04-I00-N08,C06,숙명
1924,C06-S04-I00-N08,C06,인위적
1924,C06-S04-I00-N08,C06,사회적
1924,C06-S04-I00-N08,C06,제도
1924,C06-S04-I00-N08,C06,왕자
1924,C06-S04-I00-N08,C06,시대
1924,C06-S04-I00-N08,C06,정전
1924,C06-S04-I00-N08,C06,시행
1924,C06-S04-I00-N08,C06,당시
1924,C06-S04-I00-N08,C06,각인
1924,C06-S04-I00-N08,C06,토지소유
1924,C06-S04-I00-N08,C06,빈부
1924,C06-S04-I00-N08,C06,운명
1924,C06-S04-I00-N08,C06,별별
1924,C06-S04-I00-N08,C06,현재
1924,C06-S04-I00-N08,C06,사회주의자
1924,C06-S04-I00-N08,C06,주창
1924,C06-S04-I00-N08,C06,제도
1924,C06-S04-I00-N08,C06,빈부병립
1924,C06-S04-I00-N08,C06,개인적
1924,C06-S04-I00-N08,C06,운명
1924,C06-S04-I00-N08,C06,당연
1924,C06-S04-I00-N08,C06,개인
1924,C06-S04-I00-N08,C06,운명
1924,C06-S04-I00-N08,C06,인류
1924,C06-S04-I00-N08,C06,자기
1924,C06-S04-I00-N08,C06,전적생활
1924,C06-S04-I00-N08,C06,여하
1924,C06-S04-I00-N08,C06,좌우
1924,C06-S04-I00-N09,C06,인류
1924,C06-S04-I00-N09,C06,운명
1924,C06-S04-I00-N09,C06,인류전체
1924,C06-S04-I00-N09,C06,협동부조
1924,C06-S04-I00-N09,C06,생활
1924,C06-S04-I00-N09,C06,시대적
1924,C06-S04-I00-N09,C06,관계
1924,C06-S04-I00-N09,C06,시대적
1924,C06-S04-I00-N09,C06,조류
1924,C06-S04-I00-N09,C06,시대
1924,C06-S04-I00-N09,C06,사조
1924,C06-S04-I00-N09,C06,시대
1924,C06-S04-I00-N09,C06,조류
1924,C06-S04-I00-N09,C06,무규칙
1924,C06-S04-I00-N09,C06,맹목적
1924,C06-S04-I00-N09,C06,무궁
1924,C06-S04-I00-N09,C06,혹물
1924,C06-S04-I00-N09,C06,목적
1924,C06-S04-I00-N09,C06,무한
1924,C06-S04-I00-N09,C06,진화
1924,C06-S04-I00-N09,C06,발전
1924,C06-S04-I00-N09,C06,과도적
1924,C06-S04-I00-N09,C06,상태
1924,C06-S04-I00-N09,C06,인내천
1924,C06-S04-I00-N09,C06,운명관
1924,C06-S04-I00-N09,C06,여사
1924,C06-S04-I00-N09,C06,무궁
1924,C06-S04-I00-N09,C06,목적
1924,C06-S04-I00-N09,C06,방면
1924,C06-S04-I00-N09,C06,무한
1924,C06-S04-I00-N09,C06,진전
1924,C06-S04-I00-N09,C06,의미
1924,C06-S04-I00-N09,C06,인내천
1924,C06-S04-I00-N09,C06,운명관
1924,C06-S04-I00-N09,C06,불단
1924,C06-S04-I00-N09,C06,노력
1924,C06-S04-I00-N09,C06,무한
1924,C06-S04-I00-N09,C06,진화
1924,C06-S04-I00-N09,C06,영구
1924,C06-S04-I00-N09,C06,창조
1924,C06-S04-I00-N10,C06,만유개체개성
1924,C06-S04-I00-N10,C06,행위
1924,C06-S04-I00-N10,C06,불단
1924,C06-S04-I00-N10,C06,노력
1924,C06-S04-I00-N10,C06,무한
1924,C06-S04-I00-N10,C06,진화
1924,C06-S04-I00-N10,C06,영구
1924,C06-S04-I00-N10,C06,창조
1924,C06-S04-I00-N10,C06,번영
1924,C06-S04-I00-N10,C06,불합
1924,C06-S04-I00-N10,C06,운명
1924,C06-S04-I00-N10,C06,와류중
1924,C06-S04-I00-N10,C06,정체
1924,C06-S04-I00-N10,C06,진화성
1924,C06-S04-I00-N10,C06,비료품
1924,C06-S04-I00-N10,C06,대신사
1924,C06-S04-I00-N10,C06,산하대운
1924,C06-S04-I00-N10,C06,진귀차도
1924,C06-S04-I00-N10,C06,신운명관
1924,C06-S04-I00-N10,C06,생활
1924,C06-S04-I00-N10,C06,노력
1924,C06-S04-I00-N10,C06,진화적
1924,C06-S04-I00-N10,C06,창조적
1924,C06-S04-I00-N10,C06,행위
1924,C06-S04-I00-N10,C06,희열
1924,C06-S04-I00-N10,C06,원천
1924,C06-S04-I00-N10,C06,구구
1924,C06-S04-I00-N10,C06,파사세계
1924,C06-S04-I00-N10,C06,수출수몰
1924,C06-S04-I00-N10,C06,차선차악
1924,C06-S04-I00-N10,C06,문제
1924,C06-S04-I00-N10,C06,연구
1924,C06-S05-I00-N01,C06,오인
1924,C06-S05-I00-N01,C06,여하
1924,C06-S05-I00-N01,C06,동포
1924,C06-S05-I00-N01,C06,도덕상
1924,C06-S05-I00-N01,C06,제의무
1924,C06-S05-I00-N01,C06,철저
1924,C06-S05-I00-N01,C06,실행
1924,C06-S05-I00-N01,C06,도덕상
1924,C06-S05-I00-N01,C06,제조건
1924,C06-S05-I00-N01,C06,실행
1924,C06-S05-I00-N01,C06,필요
1924,C06-S05-I00-N01,C06,심적
1924,C06-S05-I00-N01,C06,동기
1924,C06-S05-I00-N01,C06,인류
1924,C06-S05-I00-N01,C06,실현
1924,C06-S05-I00-N01,C06,사인여천
1924,C06-S05-I00-N01,C06,도덕상
1924,C06-S05-I00-N01,C06,조건
1924,C06-S05-I00-N01,C06,실현
1924,C06-S05-I00-N01,C06,반행
1924,C06-S05-I00-N01,C06,심적
1924,C06-S05-I00-N01,C06,동기
1924,C06-S05-I00-N01,C06,동기
1924,C06-S05-I00-N01,C06,의사
1924,C06-S05-I00-N01,C06,적합
1924,C06-S05-I00-N01,C06,의문
1924,C06-S05-I00-N02,C06,인류
1924,C06-S05-I00-N02,C06,하고
1924,C06-S05-I00-N02,C06,타인
1924,C06-S05-I00-N02,C06,의무
1924,C06-S05-I00-N02,C06,조건
1924,C06-S05-I00-N02,C06,고래
1924,C06-S05-I00-N02,C06,동기설
1924,C06-S05-I00-N02,C06,각종
1924,C06-S05-I00-N02,C06,해답
1924,C06-S05-I00-N02,C06,제일
1924,C06-S05-I00-N02,C06,종교상
1924,C06-S05-I00-N02,C06,상벌
1924,C06-S05-I00-N02,C06,화복
1924,C06-S05-I00-N02,C06,의지
1924,C06-S05-I00-N02,C06,좌우
1924,C06-S05-I00-N02,C06,설사
1924,C06-S05-I00-N02,C06,자기
1924,C06-S05-I00-N02,C06,불리
1924,C06-S05-I00-N02,C06,행위
1924,C06-S05-I00-N02,C06,불가
1924,C06-S05-I00-N02,C06,선사
1924,C06-S05-I00-N02,C06,현세적
1924,C06-S05-I00-N02,C06,내세
1924,C06-S05-I00-N02,C06,영생
1924,C06-S05-I00-N03,C06,종교상
1924,C06-S05-I00-N03,C06,인과설
1924,C06-S05-I00-N03,C06,행위
1924,C06-S05-I00-N03,C06,결국
1924,C06-S05-I00-N03,C06,선인선과
1924,C06-S05-I00-N03,C06,악인악과
1924,C06-S05-I00-N03,C06,원리
1924,C06-S05-I00-N03,C06,현재
1924,C06-S05-I00-N03,C06,화복
1924,C06-S05-I00-N03,C06,전생
1924,C06-S05-I00-N03,C06,후생
1924,C06-S05-I00-N03,C06,화복
1924,C06-S05-I00-N03,C06,금생
1924,C06-S05-I00-N03,C06,행위
1924,C06-S05-I00-N03,C06,작정
1924,C06-S05-I00-N03,C06,현생
1924,C06-S05-I00-N03,C06,내생
1924,C06-S05-I00-N03,C06,저저
1924,C06-S05-I00-N03,C06,불가
1924,C06-S05-I00-N03,C06,제이
1924,C06-S05-I00-N03,C06,도덕설
1924,C06-S05-I00-N03,C06,도덕설
1924,C06-S05-I00-N03,C06,소위
1924,C06-S05-I00-N03,C06,양심
1924,C06-S05-I00-N03,C06,지도
1924,C06-S05-I00-N03,C06,혹시
1924,C06-S05-I00-N03,C06,이성
1924,C06-S05-I00-N03,C06,합치
1924,C06-S05-I00-N03,C06,인류
1924,C06-S05-I00-N03,C06,당행
1924,C06-S05-I00-N03,C06,의무
1924,C06-S05-I00-N04,C06,타동물
1924,C06-S05-I00-N04,C06,오륜
1924,C06-S05-I00-N04,C06,실행
1924,C06-S05-I00-N04,C06,인의례지등
1924,C06-S05-I00-N04,C06,윤리적
1924,C06-S05-I00-N04,C06,규칙
1924,C06-S05-I00-N04,C06,오인
1924,C06-S05-I00-N04,C06,상행
1924,C06-S05-I00-N04,C06,관습
1924,C06-S05-I00-N04,C06,일례
1924,C06-S05-I00-N04,C06,기타
1924,C06-S05-I00-N04,C06,풍속습관
1924,C06-S05-I00-N04,C06,전설등
1924,C06-S05-I00-N04,C06,도덕적
1924,C06-S05-I00-N04,C06,의무
1924,C06-S05-I00-N04,C06,실행
1924,C06-S05-I00-N04,C06,무형
1924,C06-S05-I00-N04,C06,율법
1924,C06-S05-I00-N04,C06,제삼
1924,C06-S05-I00-N04,C06,공리설
1924,C06-S05-I00-N04,C06,이기주의
1924,C06-S05-I00-N04,C06,행위
1924,C06-S05-I00-N04,C06,동기
1924,C06-S05-I00-N04,C06,이기주의자
1924,C06-S05-I00-N04,C06,이타적
1924,C06-S05-I00-N04,C06,행위
1924,C06-S05-I00-N04,C06,일종
1924,C06-S05-I00-N04,C06,이기
1924,C06-S05-I00-N04,C06,변칙적
1924,C06-S05-I00-N04,C06,행위
1924,C06-S05-I00-N04,C06,불과
1924,C06-S05-I00-N04,C06,단정
1924,C06-S05-I00-N05,C06,도저
1924,C06-S05-I00-N05,C06,자기
1924,C06-S05-I00-N05,C06,불리
1924,C06-S05-I00-N05,C06,자기
1924,C06-S05-I00-N05,C06,이익
1924,C06-S05-I00-N05,C06,경우
1924,C06-S05-I00-N05,C06,필요
1924,C06-S05-I00-N05,C06,주장
1924,C06-S05-I00-N05,C06,공리
1924,C06-S05-I00-N05,C06,행선
1924,C06-S05-I00-N05,C06,동기
1924,C06-S05-I00-N05,C06,조건중
1924,C06-S05-I00-N05,C06,명예리익
1924,C06-S05-I00-N05,C06,직접
1924,C06-S05-I00-N05,C06,행위
1924,C06-S05-I00-N05,C06,가치
1924,C06-S05-I00-N05,C06,제사
1924,C06-S05-I00-N05,C06,권력설
1924,C06-S05-I00-N05,C06,인류사회
1924,C06-S05-I00-N05,C06,유지
1924,C06-S05-I00-N05,C06,통일적
1924,C06-S05-I00-N05,C06,권위
1924,C06-S05-I00-N05,C06,차인
1924,C06-S05-I00-N05,C06,인류
1924,C06-S05-I00-N05,C06,국가
1924,C06-S05-I00-N05,C06,건설
1924,C06-S05-I00-N05,C06,법률
1924,C06-S05-I00-N05,C06,정치적
1924,C06-S05-I00-N05,C06,강제력
1924,C06-S05-I00-N05,C06,인민
1924,C06-S05-I00-N05,C06,방법
1924,C06-S05-I00-N05,C06,불가
1924,C06-S05-I00-N06,C06,以上
1924,C06-S05-I00-N06,C06,동기설
1924,C06-S05-I00-N06,C06,각기
1924,C06-S05-I00-N06,C06,일면
1924,C06-S05-I00-N06,C06,진리
1924,C06-S05-I00-N06,C06,포용
1924,C06-S05-I00-N06,C06,공인
1924,C06-S05-I00-N06,C06,인류
1924,C06-S05-I00-N06,C06,사천년
1924,C06-S05-I00-N06,C06,역사
1924,C06-S05-I00-N06,C06,사종
1924,C06-S05-I00-N06,C06,동기
1924,C06-S05-I00-N06,C06,오인
1924,C06-S05-I00-N06,C06,생활
1924,C06-S05-I00-N06,C06,지탱
1924,C06-S05-I00-N06,C06,과언
1924,C06-S05-I00-N06,C06,도덕적
1924,C06-S05-I00-N06,C06,동기론
1924,C06-S05-I00-N06,C06,시대적
1924,C06-S05-I00-N06,C06,변천
1924,C06-S05-I00-N06,C06,다소
1924,C06-S05-I00-N06,C06,동요
1924,C06-S05-I00-N06,C06,근본적
1924,C06-S05-I00-N06,C06,파괴
1924,C06-S05-I00-N06,C06,운명
1924,C06-S05-I00-N06,C06,종교적
1924,C06-S05-I00-N06,C06,내세
1924,C06-S05-I00-N06,C06,상벌
1924,C06-S05-I00-N06,C06,의심
1924,C06-S05-I00-N06,C06,도덕상
1924,C06-S05-I00-N06,C06,관습
1924,C06-S05-I00-N06,C06,구례
1924,C06-S05-I00-N06,C06,물시
1924,C06-S05-I00-N06,C06,경향
1924,C06-S05-I00-N06,C06,공리
1924,C06-S05-I00-N06,C06,권력
1924,C06-S05-I00-N06,C06,행복
1924,C06-S05-I00-N06,C06,파괴
1924,C06-S05-I00-N06,C06,인정
1924,C06-S05-I00-N06,C06,금일
1924,C06-S05-I00-N06,C06,도덕
1924,C06-S05-I00-N06,C06,부패
1924,C06-S05-I00-N06,C06,병기
1924,C06-S05-I00-N06,C06,확실
1924,C06-S05-I00-N06,C06,사실
1924,C06-S05-I00-N06,C06,현대
1924,C06-S05-I00-N06,C06,생활
1924,C06-S05-I00-N06,C06,의의
1924,C06-S05-I00-N06,C06,인류
1924,C06-S05-I00-N06,C06,내적
1924,C06-S05-I00-N06,C06,요구
1924,C06-S05-I00-N06,C06,공전
1924,C06-S05-I00-N06,C06,신동기
1924,C06-S05-I00-N06,C06,필요
1924,C06-S05-I00-N07,C06,의미
1924,C06-S05-I00-N07,C06,신동기
1924,C06-S05-I00-N07,C06,대개
1924,C06-S05-I00-N07,C06,진정영생
1924,C06-S05-I00-N07,C06,관념
1924,C06-S05-I00-N07,C06,영생
1924,C06-S05-I00-N07,C06,관념
1924,C06-S05-I00-N07,C06,도덕상
1924,C06-S05-I00-N07,C06,근기
1924,C06-S05-I00-N07,C06,동기
1924,C06-S05-I00-N07,C06,조장
1924,C06-S05-I00-N07,C06,물론
1924,C06-S05-I00-N07,C06,과거세상
1924,C06-S05-I00-N07,C06,종교적
1924,C06-S05-I00-N07,C06,영생관념
1924,C06-S05-I00-N07,C06,도덕상
1924,C06-S05-I00-N07,C06,동기
1924,C06-S05-I00-N07,C06,사실
1924,C06-S05-I00-N07,C06,영생
1924,C06-S05-I00-N07,C06,과거종교상
1924,C06-S05-I00-N07,C06,의미
1924,C06-S05-I00-N07,C06,영생
1924,C06-S05-I00-N08,C06,인류
1924,C06-S05-I00-N08,C06,진각성
1924,C06-S05-I00-N08,C06,합세간적
1924,C06-S05-I00-N08,C06,영생
1924,C06-S05-I00-N08,C06,의미
1924,C06-S05-I00-N08,C06,합세간적
1924,C06-S05-I00-N08,C06,영생
1924,C06-S05-I00-N08,C06,인간
1924,C06-S05-I00-N08,C06,영생
1924,C06-S05-I00-N08,C06,인간
1924,C06-S05-I00-N08,C06,인간적
1924,C06-S05-I00-N08,C06,연결통일
1924,C06-S05-I00-N08,C06,합체
1924,C06-S05-I00-N08,C06,의미
1924,C06-S05-I00-N08,C06,영생
1924,C06-S05-I00-N08,C06,인간
1924,C06-S05-I00-N08,C06,개체
1924,C06-S05-I00-N08,C06,영생
1924,C06-S05-I00-N08,C06,영생
1924,C06-S05-I00-N08,C06,인생
1924,C06-S05-I00-N08,C06,추상적
1924,C06-S05-I00-N08,C06,영적
1924,C06-S05-I00-N08,C06,대해
1924,C06-S05-I00-N08,C06,성적
1924,C06-S05-I00-N08,C06,대진
1924,C06-S05-I00-N08,C06,영생불멸
1924,C06-S05-I00-N08,C06,진리
1924,C06-S05-I00-N08,C06,각오
1924,C06-S05-I00-N09,C06,영생
1924,C06-S05-I00-N09,C06,의미
1924,C06-S05-I00-N09,C06,방면
1924,C06-S05-I00-N09,C06,우주자연
1924,C06-S05-I00-N09,C06,만유
1924,C06-S05-I00-N09,C06,천연적
1924,C06-S05-I00-N09,C06,동기
1924,C06-S05-I00-N09,C06,과언
1924,C06-S05-I00-N09,C06,일반
1924,C06-S05-I00-N09,C06,생물
1924,C06-S05-I00-N09,C06,각기
1924,C06-S05-I00-N09,C06,종족유전
1924,C06-S05-I00-N09,C06,본능
1924,C06-S05-I00-N09,C06,생물
1924,C06-S05-I00-N09,C06,동물
1924,C06-S05-I00-N09,C06,자손보호
1924,C06-S05-I00-N09,C06,본능
1924,C06-S05-I00-N09,C06,우마계견
1924,C06-S05-I00-N09,C06,기자손애육
1924,C06-S05-I00-N09,C06,선천적
1924,C06-S05-I00-N09,C06,본능
1924,C06-S05-I00-N09,C06,신비적
1924,C06-S05-I00-N09,C06,이면
1924,C06-S05-I00-N09,C06,만유
1924,C06-S05-I00-N09,C06,선험적
1924,C06-S05-I00-N09,C06,요소
1924,C06-S05-I00-N09,C06,영생
1924,C06-S05-I00-N09,C06,맹목적
1924,C06-S05-I00-N09,C06,본능
1924,C06-S05-I00-N09,C06,예지적
1924,C06-S05-I00-N09,C06,영능
1924,C06-S05-I00-N09,C06,묘경
1924,C06-S05-I00-N09,C06,영능
1924,C06-S05-I00-N09,C06,요치
1924,C06-S05-I00-N09,C06,가능
1924,C06-S05-I00-N10,C06,고유
1924,C06-S05-I00-N10,C06,영능
1924,C06-S05-I00-N10,C06,자아
1924,C06-S05-I00-N10,C06,자손
1924,C06-S05-I00-N10,C06,자손
1924,C06-S05-I00-N10,C06,금일
1924,C06-S05-I00-N10,C06,국가생활
1924,C06-S05-I00-N10,C06,단체생활
1924,C06-S05-I00-N10,C06,의미
1924,C06-S05-I00-N10,C06,탄생
1924,C06-S05-I00-N10,C06,종족영생
1924,C06-S05-I00-N10,C06,감정
1924,C06-S05-I00-N10,C06,선험적
1924,C06-S05-I00-N10,C06,종족
1924,C06-S05-I00-N10,C06,영생
1924,C06-S05-I00-N10,C06,사회적
1924,C06-S05-I00-N10,C06,생활
1924,C06-S05-I00-N10,C06,경영
1924,C06-S05-I00-N10,C06,진정영생
1924,C06-S05-I00-N10,C06,종족영생
1924,C06-S05-I00-N10,C06,시일
1924,C06-S05-I00-N10,C06,본능
1924,C06-S05-I00-N10,C06,부분
1924,C06-S05-I00-N10,C06,영능
1924,C06-S05-I00-N10,C06,부분
1924,C06-S05-I00-N10,C06,영능적
1924,C06-S05-I00-N10,C06,경애
1924,C06-S05-I00-N10,C06,종족
1924,C06-S05-I00-N10,C06,영생
1924,C06-S05-I00-N10,C06,개체
1924,C06-S05-I00-N10,C06,영생
1924,C06-S05-I00-N10,C06,결합
1924,C06-S05-I00-N10,C06,구경
1924,C06-S05-I00-N10,C06,각오
1924,C06-S05-I00-N11,C06,종족
1924,C06-S05-I00-N11,C06,영생
1924,C06-S05-I00-N11,C06,자기
1924,C06-S05-I00-N11,C06,영생
1924,C06-S05-I00-N11,C06,진정
1924,C06-S05-I00-N11,C06,우주
1924,C06-S05-I00-N11,C06,대생명
1924,C06-S05-I00-N11,C06,각오
1924,C06-S05-I00-N11,C06,동양도덕
1924,C06-S05-I00-N11,C06,가족주의
1924,C06-S05-I00-N11,C06,발달
1924,C06-S05-I00-N11,C06,일종
1924,C06-S05-I00-N11,C06,종족영생
1924,C06-S05-I00-N11,C06,출래
1924,C06-S05-I00-N11,C06,직접
1924,C06-S05-I00-N11,C06,자기자손
1924,C06-S05-I00-N11,C06,최근
1924,C06-S05-I00-N11,C06,자기
1924,C06-S05-I00-N11,C06,형식적
1924,C06-S05-I00-N11,C06,영생
1924,C06-S05-I00-N11,C06,자기
1924,C06-S05-I00-N11,C06,자손
1924,C06-S05-I00-N11,C06,제이
1924,C06-S05-I00-N11,C06,영생
1924,C06-S05-I00-N11,C06,불명료
1924,C06-S05-I00-N11,C06,최후
1924,C06-S05-I00-N11,C06,요구
1924,C06-S05-I00-N11,C06,가족주의
1924,C06-S05-I00-N11,C06,가족주의
1924,C06-S05-I00-N11,C06,영생
1924,C06-S05-I00-N11,C06,의미
1924,C06-S05-I00-N11,C06,협착
1924,C06-S05-I00-N11,C06,폐해
1924,C06-S05-I00-N11,C06,암암
1924,C06-S05-I00-N11,C06,진정영생
1924,C06-S05-I00-N11,C06,각오
1924,C06-S05-I00-N11,C06,희박
1924,C06-S05-I00-N12,C06,민족주의
1924,C06-S05-I00-N12,C06,국가주의
1924,C06-S05-I00-N12,C06,형식하
1924,C06-S05-I00-N12,C06,비인도적
1924,C06-S05-I00-N12,C06,오인
1924,C06-S05-I00-N12,C06,감정
1924,C06-S05-I00-N12,C06,조장
1924,C06-S05-I00-N12,C06,자기파멸
1924,C06-S05-I00-N12,C06,내적
1924,C06-S05-I00-N12,C06,자가당착
1924,C06-S05-I00-N12,C06,각성
1924,C06-S05-I00-N12,C06,현대
1924,C06-S05-I00-N12,C06,철인
1924,C06-S05-I00-N12,C06,인류주의
1924,C06-S05-I00-N12,C06,사상
1924,C06-S05-I00-N12,C06,가족주의
1924,C06-S05-I00-N12,C06,국가주의
1924,C06-S05-I00-N12,C06,배척
1924,C06-S05-I00-N12,C06,진화
1924,C06-S05-I00-N12,C06,당연
1924,C06-S05-I00-N12,C06,원리
1924,C06-S05-I00-N12,C06,영생
1924,C06-S05-I00-N12,C06,연혁적
1924,C06-S05-I00-N12,C06,과정상
1924,C06-S05-I00-N12,C06,당연
1924,C06-S05-I00-N12,C06,흔행
1924,C06-S05-I00-N12,C06,인류주의
1924,C06-S05-I00-N12,C06,인류
1924,C06-S05-I00-N12,C06,공동행복
1924,C06-S05-I00-N12,C06,인류애
1924,C06-S05-I00-N12,C06,神聖
1924,C06-S05-I00-N12,C06,감정하
1924,C06-S05-I00-N12,C06,세계개조
1924,C06-S05-I00-N12,C06,시작
1924,C06-S05-I00-N12,C06,금일
1924,C06-S05-I00-N12,C06,목하
1924,C06-S05-I00-N12,C06,서광
1924,C06-S05-I00-N12,C06,세계
1924,C06-S05-I00-N12,C06,장래
1924,C06-S05-I00-N12,C06,서광하
1924,C06-S05-I00-N12,C06,낙지
1924,C06-S05-I00-N12,C06,현대인
1924,C06-S05-I00-N12,C06,요구
1924,C06-S05-I00-N12,C06,인류주의
1924,C06-S05-I00-N12,C06,체면적
1924,C06-S05-I00-N12,C06,선전적
1924,C06-S05-I00-N12,C06,효과
1924,C06-S05-I00-N12,C06,지지불진
1924,C06-S05-I00-N12,C06,만일
1924,C06-S05-I00-N12,C06,인류주의
1924,C06-S05-I00-N12,C06,진정
1924,C06-S05-I00-N12,C06,기력
1924,C06-S05-I00-N12,C06,주의하
1924,C06-S05-I00-N12,C06,신비적
1924,C06-S05-I00-N12,C06,태도
1924,C06-S05-I00-N12,C06,운호
1924,C06-S05-I00-N12,C06,영생주의
1924,C06-S05-I00-N12,C06,각오
1924,C06-S05-I00-N13,C06,시간적
1924,C06-S05-I00-N13,C06,인류
1924,C06-S05-I00-N13,C06,인류
1924,C06-S05-I00-N13,C06,후파전파
1924,C06-S05-I00-N13,C06,장류불식
1924,C06-S05-I00-N13,C06,이면
1924,C06-S05-I00-N13,C06,자아
1924,C06-S05-I00-N13,C06,생명
1924,C06-S05-I00-N13,C06,영겁
1924,C06-S05-I00-N13,C06,불멸
1924,C06-S05-I00-N13,C06,기감
1924,C06-S05-I00-N13,C06,공간적
1924,C06-S05-I00-N13,C06,인류
1924,C06-S05-I00-N13,C06,인류
1924,C06-S05-I00-N13,C06,생명
1924,C06-S05-I00-N13,C06,일원적
1924,C06-S05-I00-N13,C06,연결
1924,C06-S05-I00-N13,C06,항구상존
1924,C06-S05-I00-N13,C06,직각
1924,C06-S05-I00-N13,C06,대신력
1924,C06-S05-I00-N13,C06,종교적
1924,C06-S05-I00-N13,C06,동기
1924,C06-S05-I00-N13,C06,약동
1924,C06-S05-I00-N13,C06,진정영생
1924,C06-S05-I00-N13,C06,각오
1924,C06-S05-I00-N13,C06,도덕적
1924,C06-S05-I00-N13,C06,의무실행
1924,C06-S05-I00-N13,C06,차념
1924,C06-S05-I00-N13,C06,원동력
1924,C06-S05-I00-N13,C06,고압
1924,C06-S05-I00-N13,C06,여사
1924,C06-S05-I00-N13,C06,진정영생
1924,C06-S05-I00-N13,C06,각오
1924,C06-S05-I00-N13,C06,방법
1924,C06-S05-I00-N13,C06,생활개선
1924,C06-S05-I00-N13,C06,정신교육
1924,C06-S05-I00-N13,C06,개혁
1924,C06-S05-I00-N14,C06,생활
1924,C06-S05-I00-N14,C06,인류주의적
1924,C06-S05-I00-N14,C06,영생
1924,C06-S05-I00-N14,C06,개선
1924,C06-S05-I00-N14,C06,인류
1924,C06-S05-I00-N14,C06,생활
1924,C06-S05-I00-N14,C06,통일적
1924,C06-S05-I00-N14,C06,개선
1924,C06-S05-I00-N14,C06,생활
1924,C06-S05-I00-N14,C06,통일적
1924,C06-S05-I00-N14,C06,개선
1924,C06-S05-I00-N14,C06,인류영생
1924,C06-S05-I00-N14,C06,교훈
1924,C06-S05-I00-N14,C06,실제적
1924,C06-S05-I00-N14,C06,활동
1924,C06-S05-I00-N14,C06,표현
1924,C06-S05-I00-N14,C06,이익분배
1924,C06-S05-I00-N14,C06,공동
1924,C06-S05-I00-N14,C06,일회사
1924,C06-S05-I00-N14,C06,假定
1924,C06-S05-I00-N14,C06,회사
1924,C06-S05-I00-N14,C06,봉무
1924,C06-S05-I00-N14,C06,사원
1924,C06-S05-I00-N14,C06,책임
1924,C06-S05-I00-N14,C06,각기
1924,C06-S05-I00-N14,C06,연대상
1924,C06-S05-I00-N14,C06,책임
1924,C06-S05-I00-N14,C06,회사
1924,C06-S05-I00-N14,C06,영쇠존폐
1924,C06-S05-I00-N14,C06,직접
1924,C06-S05-I00-N14,C06,각인
1924,C06-S05-I00-N14,C06,책임
1924,C06-S05-I00-N14,C06,회사
1924,C06-S05-I00-N14,C06,통일
1924,C06-S05-I00-N14,C06,유기적
1924,C06-S05-I00-N14,C06,정신
1924,C06-S05-I00-N14,C06,사원
1924,C06-S05-I00-N14,C06,각개체
1924,C06-S05-I00-N14,C06,정신적
1924,C06-S05-I00-N14,C06,집합
1924,C06-S05-I00-N14,C06,회사
1924,C06-S05-I00-N14,C06,생명
1924,C06-S05-I00-N14,C06,사원
1924,C06-S05-I00-N14,C06,이익상
1924,C06-S05-I00-N14,C06,관념
1924,C06-S05-I00-N14,C06,일치적
1924,C06-S05-I00-N14,C06,정신선상
1924,C06-S05-I00-N15,C06,사원
1924,C06-S05-I00-N15,C06,각개체
1924,C06-S05-I00-N15,C06,정신상
1924,C06-S05-I00-N15,C06,흥미
1924,C06-S05-I00-N15,C06,회사
1924,C06-S05-I00-N15,C06,집단적
1924,C06-S05-I00-N15,C06,이해
1924,C06-S05-I00-N15,C06,호상지지
1924,C06-S05-I00-N15,C06,관계
1924,C06-S05-I00-N15,C06,일층
1924,C06-S05-I00-N15,C06,세계인류
1924,C06-S05-I00-N15,C06,사회
1924,C06-S05-I00-N15,C06,호상련결적
1924,C06-S05-I00-N15,C06,책임적
1924,C06-S05-I00-N15,C06,협동생활
1924,C06-S05-I00-N15,C06,정신상
1924,C06-S05-I00-N15,C06,물질상
1924,C06-S05-I00-N15,C06,흥미
1924,C06-S05-I00-N15,C06,인류전체
1924,C06-S05-I00-N15,C06,이해
1924,C06-S05-I00-N15,C06,기멸
1924,C06-S05-I00-N15,C06,화복
1924,C06-S05-I00-N15,C06,화복
1924,C06-S05-I00-N15,C06,공통
1924,C06-S05-I00-N15,C06,인류애
1924,C06-S05-I00-N15,C06,표현
1924,C06-S05-I00-N15,C06,생활상
1924,C06-S05-I00-N15,C06,직접조건
1924,C06-S05-I00-N15,C06,정신상
1924,C06-S05-I00-N15,C06,교육
1924,C06-S05-I00-N15,C06,연대책임적
1924,C06-S05-I00-N15,C06,흥미
1924,C06-S05-I00-N15,C06,반행
1924,C06-S05-I00-N15,C06,실행
1924,C06-S05-I00-N15,C06,효과
1924,C06-S05-I00-N15,C06,오인
1924,C06-S05-I00-N15,C06,예상
1924,C06-S05-I00-N15,C06,以上
1924,C06-S05-I00-N16,C06,현시
1924,C06-S05-I00-N16,C06,교육제도
1924,C06-S05-I00-N16,C06,덕교
1924,C06-S05-I00-N16,C06,협착
1924,C06-S05-I00-N16,C06,차별
1924,C06-S05-I00-N16,C06,감정
1924,C06-S05-I00-N16,C06,인정
1924,C06-S05-I00-N16,C06,복주
1924,C06-S05-I00-N16,C06,역사
1924,C06-S05-I00-N16,C06,민족
1924,C06-S05-I00-N16,C06,감정
1924,C06-S05-I00-N16,C06,인종
1924,C06-S05-I00-N16,C06,차별
1924,C06-S05-I00-N16,C06,불완전
1924,C06-S05-I00-N16,C06,정신교육
1924,C06-S05-I00-N16,C06,개선
1924,C06-S05-I00-N16,C06,인류
1924,C06-S05-I00-N16,C06,덕교
1924,C06-S05-I00-N16,C06,실시
1924,C06-S05-I00-N16,C06,인류
1924,C06-S05-I00-N16,C06,교육중
1924,C06-S05-I00-N16,C06,진정
1924,C06-S05-I00-N16,C06,관념
1924,C06-S05-I00-N16,C06,인류자기
1924,C06-S05-I00-N16,C06,연대적
1924,C06-S05-I00-N16,C06,성격중
1924,C06-S05-I00-N16,C06,발견
1924,C06-S05-I00-N16,C06,사인여천
1924,C06-S05-I00-N16,C06,도덕
1924,C06-S05-I00-N16,C06,진정
1924,C06-S05-I00-N16,C06,영생
1924,C06-S05-I00-N16,C06,흥미
1924,C06-S05-I00-N16,C06,발견
1924,C06-S05-I00-N16,C06,창조
1924,C06-S05-I00-N16,C06,확신
1924,C06-S06-I00-N01,C06,대개
1924,C06-S06-I00-N01,C06,과거
1924,C06-S06-I00-N01,C06,종교
1924,C06-S06-I00-N01,C06,기원
1924,C06-S06-I00-N01,C06,이천년
1924,C06-S06-I00-N01,C06,세월
1924,C06-S06-I00-N01,C06,이전
1924,C06-S06-I00-N01,C06,종교
1924,C06-S06-I00-N01,C06,각기
1924,C06-S06-I00-N01,C06,시대
1924,C06-S06-I00-N01,C06,영향
1924,C06-S06-I00-N01,C06,물론
1924,C06-S06-I00-N01,C06,사상
1924,C06-S06-I00-N01,C06,민족
1924,C06-S06-I00-N01,C06,理想
1924,C06-S06-I00-N01,C06,근거
1924,C06-S06-I00-N01,C06,발생
1924,C06-S06-I00-N01,C06,물론
1924,C06-S06-I00-N01,C06,종교
1924,C06-S06-I00-N01,C06,교리
1924,C06-S06-I00-N01,C06,차이
1924,C06-S06-I00-N01,C06,세계대종교
1924,C06-S06-I00-N01,C06,유불기
1924,C06-S06-I00-N01,C06,삼자
1924,C06-S06-I00-N01,C06,차이점
1924,C06-S06-I00-N01,C06,제일
1924,C06-S06-I00-N01,C06,유교
1924,C06-S06-I00-N01,C06,기독교
1924,C06-S06-I00-N01,C06,차이점
1924,C06-S06-I00-N02,C06,기독교
1924,C06-S06-I00-N02,C06,순수신앙
1924,C06-S06-I00-N02,C06,성립
1924,C06-S06-I00-N02,C06,종교
1924,C06-S06-I00-N02,C06,유교
1924,C06-S06-I00-N02,C06,대체
1924,C06-S06-I00-N02,C06,덕교
1924,C06-S06-I00-N02,C06,기독교
1924,C06-S06-I00-N02,C06,불요
1924,C06-S06-I00-N02,C06,이론
1924,C06-S06-I00-N02,C06,불요
1924,C06-S06-I00-N02,C06,종교
1924,C06-S06-I00-N02,C06,기독
1924,C06-S06-I00-N02,C06,내세
1924,C06-S06-I00-N02,C06,행복
1924,C06-S06-I00-N02,C06,유교
1924,C06-S06-I00-N02,C06,오륜삼강
1924,C06-S06-I00-N02,C06,윤리적
1924,C06-S06-I00-N02,C06,수양
1924,C06-S06-I00-N02,C06,지식
1924,C06-S06-I00-N02,C06,교화
1924,C06-S06-I00-N02,C06,본위
1924,C06-S06-I00-N02,C06,신앙방식
1924,C06-S06-I00-N02,C06,상이
1924,C06-S06-I00-N02,C06,기독교
1924,C06-S06-I00-N02,C06,의식
1924,C06-S06-I00-N02,C06,초인적
1924,C06-S06-I00-N02,C06,세력
1924,C06-S06-I00-N02,C06,기도
1924,C06-S06-I00-N02,C06,귀의
1924,C06-S06-I00-N02,C06,희망
1924,C06-S06-I00-N02,C06,희생
1924,C06-S06-I00-N02,C06,윤리상
1924,C06-S06-I00-N02,C06,규칙
1924,C06-S06-I00-N02,C06,수행
1924,C06-S06-I00-N02,C06,방식
1924,C06-S06-I00-N03,C06,기독교
1924,C06-S06-I00-N03,C06,세계
1924,C06-S06-I00-N03,C06,창조
1924,C06-S06-I00-N03,C06,유교
1924,C06-S06-I00-N03,C06,우주
1924,C06-S06-I00-N03,C06,발전
1924,C06-S06-I00-N03,C06,기독교
1924,C06-S06-I00-N03,C06,구약
1924,C06-S06-I00-N03,C06,신화중
1924,C06-S06-I00-N03,C06,육일간
1924,C06-S06-I00-N03,C06,전우주
1924,C06-S06-I00-N03,C06,창조
1924,C06-S06-I00-N03,C06,칠일
1924,C06-S06-I00-N03,C06,휴식
1924,C06-S06-I00-N03,C06,기독교
1924,C06-S06-I00-N03,C06,우주창조설
1924,C06-S06-I00-N03,C06,유교
1924,C06-S06-I00-N03,C06,불연
1924,C06-S06-I00-N03,C06,무극
1924,C06-S06-I00-N03,C06,생태극
1924,C06-S06-I00-N03,C06,태극
1924,C06-S06-I00-N03,C06,생량의
1924,C06-S06-I00-N03,C06,천지
1924,C06-S06-I00-N03,C06,양의
1924,C06-S06-I00-N03,C06,생사상
1924,C06-S06-I00-N03,C06,사상
1924,C06-S06-I00-N03,C06,생팔괘
1924,C06-S06-I00-N03,C06,팔괘
1924,C06-S06-I00-N03,C06,생만물
1924,C06-S06-I00-N03,C06,우주발전
1924,C06-S06-I00-N03,C06,과정
1924,C06-S06-I00-N03,C06,물론
1924,C06-S06-I00-N03,C06,정밀
1924,C06-S06-I00-N03,C06,이론
1924,C06-S06-I00-N03,C06,물론
1924,C06-S06-I00-N04,C06,기독교
1924,C06-S06-I00-N04,C06,내세
1924,C06-S06-I00-N04,C06,생활
1924,C06-S06-I00-N04,C06,신앙
1924,C06-S06-I00-N04,C06,유교
1924,C06-S06-I00-N04,C06,현세적
1924,C06-S06-I00-N04,C06,실천도덕
1924,C06-S06-I00-N04,C06,기독교
1924,C06-S06-I00-N04,C06,신앙적
1924,C06-S06-I00-N04,C06,행복
1924,C06-S06-I00-N04,C06,목적
1924,C06-S06-I00-N04,C06,차세
1924,C06-S06-I00-N04,C06,표준
1924,C06-S06-I00-N04,C06,내세
1924,C06-S06-I00-N04,C06,사후천국
1924,C06-S06-I00-N04,C06,理想
1924,C06-S06-I00-N04,C06,신앙
1924,C06-S06-I00-N04,C06,표준
1924,C06-S06-I00-N04,C06,유교
1924,C06-S06-I00-N04,C06,현저
1924,C06-S06-I00-N04,C06,현세
1924,C06-S06-I00-N04,C06,영예
1924,C06-S06-I00-N04,C06,희망
1924,C06-S06-I00-N04,C06,덕교
1924,C06-S06-I00-N04,C06,기독교
1924,C06-S06-I00-N04,C06,기독
1924,C06-S06-I00-N04,C06,복활
1924,C06-S06-I00-N04,C06,일반
1924,C06-S06-I00-N04,C06,신자
1924,C06-S06-I00-N04,C06,내세
1924,C06-S06-I00-N04,C06,복활
1924,C06-S06-I00-N04,C06,유교
1924,C06-S06-I00-N04,C06,불연
1924,C06-S06-I00-N04,C06,기독교
1924,C06-S06-I00-N04,C06,선천적
1924,C06-S06-I00-N04,C06,죄악
1924,C06-S06-I00-N04,C06,유교
1924,C06-S06-I00-N04,C06,성선
1924,C06-S06-I00-N05,C06,기독교
1924,C06-S06-I00-N05,C06,인류
1924,C06-S06-I00-N05,C06,원조
1924,C06-S06-I00-N05,C06,벌책
1924,C06-S06-I00-N05,C06,자손
1924,C06-S06-I00-N05,C06,죄벌
1924,C06-S06-I00-N05,C06,차세
1924,C06-S06-I00-N05,C06,고통
1924,C06-S06-I00-N05,C06,야소
1924,C06-S06-I00-N05,C06,기독
1924,C06-S06-I00-N05,C06,차죄벌
1924,C06-S06-I00-N05,C06,대속
1924,C06-S06-I00-N05,C06,차세
1924,C06-S06-I00-N05,C06,강림
1924,C06-S06-I00-N05,C06,확실
1924,C06-S06-I00-N05,C06,선천적
1924,C06-S06-I00-N05,C06,죄악
1924,C06-S06-I00-N05,C06,신화
1924,C06-S06-I00-N05,C06,명시
1924,C06-S06-I00-N05,C06,유교
1924,C06-S06-I00-N05,C06,정반대
1924,C06-S06-I00-N05,C06,죄악
1924,C06-S06-I00-N05,C06,후천적
1924,C06-S06-I00-N05,C06,본래면목
1924,C06-S06-I00-N05,C06,근본
1924,C06-S06-I00-N05,C06,유교
1924,C06-S06-I00-N05,C06,대현맹자
1924,C06-S06-I00-N05,C06,역설
1924,C06-S06-I00-N05,C06,기독교
1924,C06-S06-I00-N05,C06,지나
1924,C06-S06-I00-N05,C06,묵자
1924,C06-S06-I00-N05,C06,겸애
1924,C06-S06-I00-N05,C06,유교
1924,C06-S06-I00-N05,C06,차별애
1924,C06-S06-I00-N06,C06,기독
1924,C06-S06-I00-N06,C06,성경중
1924,C06-S06-I00-N06,C06,우협
1924,C06-S06-I00-N06,C06,좌협
1924,C06-S06-I00-N06,C06,교훈
1924,C06-S06-I00-N06,C06,지나
1924,C06-S06-I00-N06,C06,철인
1924,C06-S06-I00-N06,C06,묵자
1924,C06-S06-I00-N06,C06,겸애
1924,C06-S06-I00-N06,C06,혹사
1924,C06-S06-I00-N06,C06,유교
1924,C06-S06-I00-N06,C06,불연
1924,C06-S06-I00-N06,C06,묵자
1924,C06-S06-I00-N06,C06,겸애
1924,C06-S06-I00-N06,C06,무부무군
1924,C06-S06-I00-N06,C06,소위
1924,C06-S06-I00-N06,C06,노오로이급인지로유오유이급인지유
1924,C06-S06-I00-N06,C06,차별애
1924,C06-S06-I00-N06,C06,제이
1924,C06-S06-I00-N06,C06,불교
1924,C06-S06-I00-N06,C06,기독교
1924,C06-S06-I00-N06,C06,차이점
1924,C06-S06-I00-N06,C06,불교
1924,C06-S06-I00-N06,C06,정적
1924,C06-S06-I00-N06,C06,기분
1924,C06-S06-I00-N06,C06,기독교
1924,C06-S06-I00-N06,C06,동적
1924,C06-S06-I00-N06,C06,기분
1924,C06-S06-I00-N06,C06,불교
1924,C06-S06-I00-N06,C06,불변불동
1924,C06-S06-I00-N06,C06,태산교악
1924,C06-S06-I00-N06,C06,심정유원
1924,C06-S06-I00-N07,C06,적멸
1924,C06-S06-I00-N07,C06,목적
1924,C06-S06-I00-N07,C06,교리
1924,C06-S06-I00-N07,C06,참선
1924,C06-S06-I00-N07,C06,수행
1924,C06-S06-I00-N07,C06,의식등
1924,C06-S06-I00-N07,C06,정적
1924,C06-S06-I00-N07,C06,기분
1924,C06-S06-I00-N07,C06,기독교
1924,C06-S06-I00-N07,C06,신교
1924,C06-S06-I00-N07,C06,동적
1924,C06-S06-I00-N07,C06,기분
1924,C06-S06-I00-N07,C06,불교
1924,C06-S06-I00-N07,C06,이성적
1924,C06-S06-I00-N07,C06,방면
1924,C06-S06-I00-N07,C06,기독교
1924,C06-S06-I00-N07,C06,감정적
1924,C06-S06-I00-N07,C06,방면
1924,C06-S06-I00-N07,C06,불교
1924,C06-S06-I00-N07,C06,교리
1924,C06-S06-I00-N07,C06,원래
1924,C06-S06-I00-N07,C06,조직적
1924,C06-S06-I00-N07,C06,연역적
1924,C06-S06-I00-N07,C06,예여
1924,C06-S06-I00-N07,C06,사성체
1924,C06-S06-I00-N07,C06,팔정도
1924,C06-S06-I00-N07,C06,기타
1924,C06-S06-I00-N07,C06,인식론적
1924,C06-S06-I00-N07,C06,철학
1924,C06-S06-I00-N07,C06,철학적
1924,C06-S06-I00-N07,C06,이론
1924,C06-S06-I00-N07,C06,풍부
1924,C06-S06-I00-N07,C06,이성적
1924,C06-S06-I00-N07,C06,지도
1924,C06-S06-I00-N07,C06,작작
1924,C06-S06-I00-N07,C06,기독교
1924,C06-S06-I00-N07,C06,불연
1924,C06-S06-I00-N07,C06,동경적
1924,C06-S06-I00-N07,C06,신념
1924,C06-S06-I00-N07,C06,감정
1924,C06-S06-I00-N07,C06,부분
1924,C06-S06-I00-N07,C06,불교
1924,C06-S06-I00-N07,C06,무신교
1924,C06-S06-I00-N07,C06,범신교
1924,C06-S06-I00-N07,C06,범신교
1924,C06-S06-I00-N07,C06,일신교
1924,C06-S06-I00-N07,C06,포용
1924,C06-S06-I00-N07,C06,기독교
1924,C06-S06-I00-N07,C06,순수
1924,C06-S06-I00-N07,C06,일신교
1924,C06-S06-I00-N07,C06,불교
1924,C06-S06-I00-N07,C06,원래
1924,C06-S06-I00-N07,C06,원시불교
1924,C06-S06-I00-N07,C06,파라문교
1924,C06-S06-I00-N07,C06,다신관적
1924,C06-S06-I00-N07,C06,반동사상
1924,C06-S06-I00-N07,C06,무신교
1924,C06-S06-I00-N07,C06,창조
1924,C06-S06-I00-N07,C06,허무적멸
1924,C06-S06-I00-N07,C06,원리
1924,C06-S06-I00-N08,C06,불멸후대
1924,C06-S06-I00-N08,C06,제자중
1924,C06-S06-I00-N08,C06,인격적
1924,C06-S06-I00-N08,C06,감화
1924,C06-S06-I00-N08,C06,유불사상
1924,C06-S06-I00-N08,C06,일신교적
1924,C06-S06-I00-N08,C06,관념
1924,C06-S06-I00-N08,C06,기독교
1924,C06-S06-I00-N08,C06,자초
1924,C06-S06-I00-N08,C06,인격적
1924,C06-S06-I00-N08,C06,상제
1924,C06-S06-I00-N08,C06,신봉
1924,C06-S06-I00-N08,C06,일신교
1924,C06-S06-I00-N08,C06,교화
1924,C06-S06-I00-N08,C06,유교
1924,C06-S06-I00-N08,C06,신인교
1924,C06-S06-I00-N08,C06,기독교
1924,C06-S06-I00-N08,C06,신정교
1924,C06-S06-I00-N08,C06,불교
1924,C06-S06-I00-N08,C06,만물
1924,C06-S06-I00-N08,C06,개유불심
1924,C06-S06-I00-N08,C06,범신관적
1924,C06-S06-I00-N08,C06,관념하
1924,C06-S06-I00-N08,C06,가능성
1924,C06-S06-I00-N08,C06,인정
1924,C06-S06-I00-N08,C06,종교
1924,C06-S06-I00-N08,C06,기독교
1924,C06-S06-I00-N08,C06,神人
1924,C06-S06-I00-N08,C06,차별성
1924,C06-S06-I00-N08,C06,인계
1924,C06-S06-I00-N08,C06,지상명령
1924,C06-S06-I00-N08,C06,신정교
1924,C06-S06-I00-N08,C06,희망
1924,C06-S06-I00-N08,C06,목적
1924,C06-S06-I00-N09,C06,불교
1924,C06-S06-I00-N09,C06,몰아교
1924,C06-S06-I00-N09,C06,기독교
1924,C06-S06-I00-N09,C06,주아교
1924,C06-S06-I00-N09,C06,불교
1924,C06-S06-I00-N09,C06,개아
1924,C06-S06-I00-N09,C06,대아
1924,C06-S06-I00-N09,C06,실현
1924,C06-S06-I00-N09,C06,목적
1924,C06-S06-I00-N09,C06,기독교
1924,C06-S06-I00-N09,C06,神性
1924,C06-S06-I00-N09,C06,인격
1924,C06-S06-I00-N09,C06,차별
1924,C06-S06-I00-N09,C06,개성
1924,C06-S06-I00-N09,C06,집착
1924,C06-S06-I00-N09,C06,주장
1924,C06-S06-I00-N09,C06,불교
1924,C06-S06-I00-N09,C06,차별상
1924,C06-S06-I00-N09,C06,진각
1924,C06-S06-I00-N09,C06,기독교
1924,C06-S06-I00-N09,C06,현세
1924,C06-S06-I00-N09,C06,내세
1924,C06-S06-I00-N09,C06,구별
1924,C06-S06-I00-N09,C06,차별상
1924,C06-S06-I00-N10,C06,불교
1924,C06-S06-I00-N10,C06,몰차별
1924,C06-S06-I00-N10,C06,평등
1924,C06-S06-I00-N10,C06,우주
1924,C06-S06-I00-N10,C06,무시무종
1924,C06-S06-I00-N10,C06,기독교
1924,C06-S06-I00-N10,C06,차별적
1924,C06-S06-I00-N10,C06,관념
1924,C06-S06-I00-N10,C06,우주창조설
1924,C06-S06-I00-N10,C06,불교
1924,C06-S06-I00-N10,C06,범신교적
1924,C06-S06-I00-N10,C06,우주보편
1924,C06-S06-I00-N10,C06,이성
1924,C06-S06-I00-N10,C06,해석
1924,C06-S06-I00-N10,C06,기독교
1924,C06-S06-I00-N10,C06,인격자
1924,C06-S06-I00-N10,C06,불교
1924,C06-S06-I00-N10,C06,최후
1924,C06-S06-I00-N10,C06,理想
1924,C06-S06-I00-N10,C06,경애
1924,C06-S06-I00-N10,C06,열반
1924,C06-S06-I00-N10,C06,기독교
1924,C06-S06-I00-N10,C06,천국
1924,C06-S06-I00-N10,C06,명명
1924,C06-S06-I00-N10,C06,대개
1924,C06-S06-I00-N10,C06,열반
1924,C06-S06-I00-N10,C06,천국
1924,C06-S06-I00-N10,C06,차별점
1924,C06-S06-I00-N10,C06,전자
1924,C06-S06-I00-N10,C06,개성아
1924,C06-S06-I00-N10,C06,차별상
1924,C06-S06-I00-N10,C06,공관
1924,C06-S06-I00-N10,C06,경애
1924,C06-S06-I00-N10,C06,천국
1924,C06-S06-I00-N10,C06,불연
1924,C06-S06-I00-N10,C06,자아개성
1924,C06-S06-I00-N10,C06,신앙적
1924,C06-S06-I00-N10,C06,집착심
1924,C06-S06-I00-N10,C06,도달
1924,C06-S06-I00-N11,C06,열반
1924,C06-S06-I00-N11,C06,멸도
1924,C06-S06-I00-N11,C06,천국
1924,C06-S06-I00-N11,C06,신앙
1924,C06-S06-I00-N11,C06,불교
1924,C06-S06-I00-N11,C06,재화
1924,C06-S06-I00-N11,C06,자기
1924,C06-S06-I00-N11,C06,자업자득
1924,C06-S06-I00-N11,C06,인과율
1924,C06-S06-I00-N11,C06,기독교
1924,C06-S06-I00-N11,C06,선천적
1924,C06-S06-I00-N11,C06,죄업
1924,C06-S06-I00-N11,C06,불교
1924,C06-S06-I00-N11,C06,복과
1924,C06-S06-I00-N11,C06,역시
1924,C06-S06-I00-N11,C06,자업자득
1924,C06-S06-I00-N11,C06,해설
1924,C06-S06-I00-N11,C06,기독교
1924,C06-S06-I00-N11,C06,혜택
1924,C06-S06-I00-N11,C06,각득
1924,C06-S06-I00-N11,C06,해설
1924,C06-S06-I00-N11,C06,以上
1924,C06-S06-I00-N11,C06,기삼교
1924,C06-S06-I00-N11,C06,차이점
1924,C06-S06-I00-N11,C06,개술
1924,C06-S06-I00-N11,C06,인내천
1924,C06-S06-I00-N11,C06,삼교
1924,C06-S06-I00-N11,C06,특색
1924,C06-S06-I00-N11,C06,여하
1924,C06-S06-I00-N11,C06,구별
1924,C06-S06-I00-N12,C06,제일
1924,C06-S06-I00-N12,C06,범신관적
1924,C06-S06-I00-N12,C06,一神
1924,C06-S06-I00-N12,C06,인내천주의
1924,C06-S06-I00-N12,C06,무궁
1924,C06-S06-I00-N12,C06,일치
1924,C06-S06-I00-N12,C06,무궁
1924,C06-S06-I00-N12,C06,누술
1924,C06-S06-I00-N12,C06,神性
1924,C06-S06-I00-N12,C06,일치
1924,C06-S06-I00-N12,C06,인내천
1924,C06-S06-I00-N12,C06,범신관
1924,C06-S06-I00-N12,C06,일신관
1924,C06-S06-I00-N12,C06,통일
1924,C06-S06-I00-N12,C06,경애
1924,C06-S06-I00-N12,C06,발견
1924,C06-S06-I00-N12,C06,인내천
1924,C06-S06-I00-N12,C06,우주만유
1924,C06-S06-I00-N12,C06,자기창조적
1924,C06-S06-I00-N12,C06,표현
1924,C06-S06-I00-N12,C06,범신관
1924,C06-S06-I00-N12,C06,색채
1924,C06-S06-I00-N12,C06,진화적
1924,C06-S06-I00-N12,C06,이법
1924,C06-S06-I00-N12,C06,만유범신성
1924,C06-S06-I00-N12,C06,자체
1924,C06-S06-I00-N12,C06,포용
1924,C06-S06-I00-N12,C06,우주최고신경말초
1924,C06-S06-I00-N12,C06,통제적
1924,C06-S06-I00-N12,C06,영장
1924,C06-S06-I00-N12,C06,범신관적
1924,C06-S06-I00-N12,C06,일신교
1924,C06-S06-I00-N13,C06,제이
1924,C06-S06-I00-N13,C06,우주
1924,C06-S06-I00-N13,C06,우주만유
1924,C06-S06-I00-N13,C06,진화
1924,C06-S06-I00-N13,C06,인내천
1924,C06-S06-I00-N13,C06,교리
1924,C06-S06-I00-N13,C06,진화
1924,C06-S06-I00-N13,C06,무궁
1924,C06-S06-I00-N13,C06,이전
1924,C06-S06-I00-N13,C06,자기창조적
1924,C06-S06-I00-N13,C06,진화표현
1924,C06-S06-I00-N13,C06,우주
1924,C06-S06-I00-N13,C06,만유
1924,C06-S06-I00-N13,C06,표현
1924,C06-S06-I00-N13,C06,제삼
1924,C06-S06-I00-N13,C06,이상경
1924,C06-S06-I00-N13,C06,지상천국
1924,C06-S06-I00-N13,C06,인내천
1924,C06-S06-I00-N13,C06,구별
1924,C06-S06-I00-N13,C06,神性
1924,C06-S06-I00-N13,C06,생활
1924,C06-S06-I00-N13,C06,표현
1924,C06-S06-I00-N13,C06,지상
1924,C06-S06-I00-N13,C06,천국
1924,C06-S06-I00-N13,C06,제사
1924,C06-S06-I00-N13,C06,화복
1924,C06-S06-I00-N13,C06,자업자득
1924,C06-S06-I00-N13,C06,인과율
1924,C06-S06-I00-N14,C06,불교
1924,C06-S06-I00-N14,C06,단일아
1924,C06-S06-I00-N14,C06,자업자득
1924,C06-S06-I00-N14,C06,인류
1924,C06-S06-I00-N14,C06,전체
1924,C06-S06-I00-N14,C06,생활
1924,C06-S06-I00-N14,C06,여하
1924,C06-S06-I00-N14,C06,인과율법
1924,C06-S06-I00-N14,C06,화복
1924,C06-S06-I00-N14,C06,기로
1924,C06-S06-I00-N14,C06,제오
1924,C06-S06-I00-N14,C06,인성
1924,C06-S06-I00-N14,C06,선악
1924,C06-S06-I00-N14,C06,무선무악
1924,C06-S06-I00-N14,C06,인내천
1924,C06-S06-I00-N14,C06,관념
1924,C06-S06-I00-N14,C06,절대
1924,C06-S06-I00-N14,C06,절대
1924,C06-S06-I00-N14,C06,상대관념
1924,C06-S06-I00-N14,C06,용납
1924,C06-S06-I00-N14,C06,여지
1924,C06-S06-I00-N14,C06,무궁
1924,C06-S06-I00-N14,C06,천량
1924,C06-S06-I00-N14,C06,본심
1924,C06-S06-I00-N14,C06,절대무궁
1924,C06-S06-I00-N14,C06,神性
1924,C06-S06-I00-N14,C06,표현
1924,C06-S06-I00-N14,C06,선악
1924,C06-S06-I00-N15,C06,선악
1924,C06-S06-I00-N15,C06,神性
1924,C06-S06-I00-N15,C06,개성
1924,C06-S06-I00-N15,C06,표현
1924,C06-S06-I00-N15,C06,상대적
1924,C06-S06-I00-N15,C06,향배기상
1924,C06-S06-I00-N15,C06,제륙
1924,C06-S06-I00-N15,C06,신인적신정교
1924,C06-S06-I00-N15,C06,인내천
1924,C06-S06-I00-N15,C06,신인교
1924,C06-S06-I00-N15,C06,신정교
1924,C06-S06-I00-N15,C06,양자
1924,C06-S06-I00-N15,C06,합일
1924,C06-S06-I00-N15,C06,신인적
1924,C06-S06-I00-N15,C06,신정교
1924,C06-S06-I00-N15,C06,인내천
1924,C06-S06-I00-N15,C06,원래
1924,C06-S06-I00-N15,C06,자기
1924,C06-S06-I00-N15,C06,신심
1924,C06-S06-I00-N15,C06,인세
1924,C06-S06-I00-N15,C06,극락
1924,C06-S06-I00-N15,C06,신정
1924,C06-S06-I00-N15,C06,신인적
1924,C06-S06-I00-N15,C06,신정교
1924,C06-S06-I00-N16,C06,제칠
1924,C06-S06-I00-N16,C06,몰아적주의
1924,C06-S06-I00-N16,C06,인내천
1924,C06-S06-I00-N16,C06,몰아
1924,C06-S06-I00-N16,C06,주아
1924,C06-S06-I00-N16,C06,주아
1924,C06-S06-I00-N16,C06,몰아
1924,C06-S06-I00-N16,C06,치화
1924,C06-S06-I00-N16,C06,인내천
1924,C06-S06-I00-N16,C06,수양
1924,C06-S06-I00-N16,C06,원래
1924,C06-S06-I00-N16,C06,개체아
1924,C06-S06-I00-N16,C06,사지사욕
1924,C06-S06-I00-N16,C06,대아
1924,C06-S06-I00-N16,C06,신성아
1924,C06-S06-I00-N16,C06,표현
1924,C06-S06-I00-N16,C06,신성아
1924,C06-S06-I00-N16,C06,주아
1924,C06-S06-I00-N16,C06,교화
1924,C06-S06-I00-N16,C06,몰아적
1924,C06-S06-I00-N16,C06,주아교
1924,C06-S06-I00-N16,C06,혹시
1924,C06-S06-I00-N16,C06,주아적
1924,C06-S06-I00-N16,C06,몰아교
1924,C06-S06-I00-N16,C06,제팔
1924,C06-S06-I00-N16,C06,동적
1924,C06-S06-I00-N16,C06,정적
1924,C06-S06-I00-N16,C06,인내천
1924,C06-S06-I00-N16,C06,본래
1924,C06-S06-I00-N16,C06,神性
1924,C06-S06-I00-N16,C06,진화
1924,C06-S06-I00-N16,C06,인정
1924,C06-S06-I00-N16,C06,무궁
1924,C06-S06-I00-N16,C06,무궁
1924,C06-S06-I00-N16,C06,진화
1924,C06-S06-I00-N16,C06,이법
1924,C06-S06-I00-N16,C06,기독
1924,C06-S06-I00-N16,C06,동적
1924,C06-S06-I00-N16,C06,방면
1924,C06-S06-I00-N16,C06,일층
1924,C06-S06-I00-N16,C06,광의적
1924,C06-S06-I00-N16,C06,의의
1924,C06-S06-I00-N16,C06,상이
1924,C06-S06-I00-N16,C06,물론
1924,C06-S06-I00-N17,C06,제구
1924,C06-S06-I00-N17,C06,내세
1924,C06-S06-I00-N17,C06,인내천
1924,C06-S06-I00-N17,C06,내세
1924,C06-S06-I00-N17,C06,물론
1924,C06-S06-I00-N17,C06,인내천
1924,C06-S06-I00-N17,C06,내세설
1924,C06-S06-I00-N17,C06,열반
1924,C06-S06-I00-N17,C06,천당
1924,C06-S06-I00-N17,C06,理想
1924,C06-S06-I00-N17,C06,지상천국
1924,C06-S06-I00-N17,C06,내세
1924,C06-S06-I00-N17,C06,영적
1924,C06-S06-I00-N17,C06,생활
1924,C06-S06-I00-N17,C06,지상천국
1924,C06-S06-I00-N17,C06,영적
1924,C06-S06-I00-N17,C06,생활
1924,C06-S06-I00-N17,C06,제십
1924,C06-S06-I00-N17,C06,복활
1924,C06-S06-I00-N17,C06,인내천
1924,C06-S06-I00-N17,C06,육적
1924,C06-S06-I00-N17,C06,복활
1924,C06-S06-I00-N17,C06,영적
1924,C06-S06-I00-N17,C06,복활
1924,C06-S06-I00-N17,C06,제십일
1924,C06-S06-I00-N17,C06,인내천
1924,C06-S06-I00-N18,C06,의미
1924,C06-S06-I00-N18,C06,의미
1924,C06-S06-I00-N18,C06,일층일
1924,C06-S06-I00-N18,C06,인내천주의
1924,C06-S06-I00-N18,C06,만유
1924,C06-S06-I00-N18,C06,덕성
1924,C06-S06-I00-N18,C06,발전
1924,C06-S06-I00-N18,C06,우시
1924,C06-S06-I00-N18,C06,생장
1924,C06-S06-I00-N18,C06,종점
1924,C06-S06-I00-N18,C06,원만
1924,C06-S06-I00-N18,C06,완전
1924,C06-S06-I00-N18,C06,경애
1924,C06-S06-I00-N18,C06,의미
1924,C06-S06-I00-N18,C06,경애
1924,C06-S06-I00-N18,C06,인내천
1924,C06-S06-I00-N18,C06,경애
1924,C06-S06-I00-N18,C06,인내천
1924,C06-S06-I00-N18,C06,명명
1924,C06-S07-I00-N01,C06,만물정관개자득
1924,C06-S07-I00-N01,C06,종용
1924,C06-S07-I00-N01,C06,우주
1924,C06-S07-I00-N01,C06,만물
1924,C06-S07-I00-N01,C06,정관
1924,C06-S07-I00-N01,C06,만유
1924,C06-S07-I00-N01,C06,각기
1924,C06-S07-I00-N01,C06,만유
1924,C06-S07-I00-N01,C06,본능
1924,C06-S07-I00-N01,C06,각각
1924,C06-S07-I00-N01,C06,자득
1924,C06-S07-I00-N01,C06,만유
1924,C06-S07-I00-N01,C06,각기
1924,C06-S07-I00-N01,C06,각각
1924,C06-S07-I00-N01,C06,자득
1924,C06-S07-I00-N01,C06,소이
1924,C06-S07-I00-N01,C06,만유
1924,C06-S07-I00-N01,C06,각자
1924,C06-S07-I00-N01,C06,만유
1924,C06-S07-I00-N01,C06,각자
1924,C06-S07-I00-N01,C06,체질
1924,C06-S07-I00-N01,C06,성격
1924,C06-S07-I00-N01,C06,각이
1924,C06-S07-I00-N01,C06,소이
1924,C06-S07-I00-N01,C06,동일
1924,C06-S07-I00-N01,C06,엽엽
1924,C06-S07-I00-N01,C06,각기
1924,C06-S07-I00-N01,C06,형상
1924,C06-S07-I00-N01,C06,상이
1924,C06-S07-I00-N01,C06,동일
1924,C06-S07-I00-N01,C06,화화
1924,C06-S07-I00-N01,C06,각기
1924,C06-S07-I00-N01,C06,형상
1924,C06-S07-I00-N02,C06,동일
1924,C06-S07-I00-N02,C06,형상
1924,C06-S07-I00-N02,C06,일개
1924,C06-S07-I00-N02,C06,식물학자
1924,C06-S07-I00-N02,C06,증명
1924,C06-S07-I00-N02,C06,생물계
1924,C06-S07-I00-N02,C06,형상
1924,C06-S07-I00-N02,C06,동일
1924,C06-S07-I00-N02,C06,동일
1924,C06-S07-I00-N02,C06,동일
1924,C06-S07-I00-N02,C06,각기
1924,C06-S07-I00-N02,C06,형상
1924,C06-S07-I00-N02,C06,상이
1924,C06-S07-I00-N02,C06,오인
1924,C06-S07-I00-N02,C06,인류
1924,C06-S07-I00-N02,C06,동일
1924,C06-S07-I00-N02,C06,인류
1924,C06-S07-I00-N02,C06,부자
1924,C06-S07-I00-N02,C06,형제
1924,C06-S07-I00-N02,C06,각기
1924,C06-S07-I00-N02,C06,형모
1924,C06-S07-I00-N02,C06,성질
1924,C06-S07-I00-N02,C06,상이
1924,C06-S07-I00-N02,C06,동일
1924,C06-S07-I00-N02,C06,여사
1924,C06-S07-I00-N02,C06,천지
1924,C06-S07-I00-N02,C06,만유
1924,C06-S07-I00-N02,C06,동일
1924,C06-S07-I00-N02,C06,형상
1924,C06-S07-I00-N02,C06,동일
1924,C06-S07-I00-N02,C06,성격
1924,C06-S07-I00-N02,C06,만유
1924,C06-S07-I00-N02,C06,각자
1924,C06-S07-I00-N02,C06,각기
1924,C06-S07-I00-N02,C06,특수
1924,C06-S07-I00-N02,C06,형모
1924,C06-S07-I00-N02,C06,성격
1924,C06-S07-I00-N02,C06,지지
1924,C06-S07-I00-N02,C06,전능
1924,C06-S07-I00-N02,C06,조화력
1924,C06-S07-I00-N02,C06,탄복
1924,C06-S07-I00-N02,C06,신비력
1924,C06-S07-I00-N02,C06,무궁
1924,C06-S07-I00-N02,C06,형상
1924,C06-S07-I00-N02,C06,별별
1924,C06-S07-I00-N02,C06,창조
1924,C06-S07-I00-N02,C06,진화상
1924,C06-S07-I00-N02,C06,조직적
1924,C06-S07-I00-N02,C06,철리
1924,C06-S07-I00-N02,C06,소이
1924,C06-S07-I00-N03,C06,우주
1924,C06-S07-I00-N03,C06,만유
1924,C06-S07-I00-N03,C06,특수
1924,C06-S07-I00-N03,C06,형모
1924,C06-S07-I00-N03,C06,특수
1924,C06-S07-I00-N03,C06,성격
1924,C06-S07-I00-N03,C06,조직
1924,C06-S07-I00-N03,C06,변화
1924,C06-S07-I00-N03,C06,간단
1924,C06-S07-I00-N03,C06,복잡
1924,C06-S07-I00-N03,C06,복잡
1924,C06-S07-I00-N03,C06,천차만별
1924,C06-S07-I00-N03,C06,만유
1924,C06-S07-I00-N03,C06,상상
1924,C06-S07-I00-N03,C06,우주
1924,C06-S07-I00-N03,C06,태초
1924,C06-S07-I00-N03,C06,무하유
1924,C06-S07-I00-N03,C06,일물
1924,C06-S07-I00-N03,C06,무하유
1924,C06-S07-I00-N03,C06,일물
1924,C06-S07-I00-N03,C06,만유
1924,C06-S07-I00-N03,C06,창조
1924,C06-S07-I00-N03,C06,무궁
1924,C06-S07-I00-N03,C06,시간
1924,C06-S07-I00-N03,C06,무궁
1924,C06-S07-I00-N03,C06,계급
1924,C06-S07-I00-N03,C06,무궁
1924,C06-S07-I00-N03,C06,계급
1924,C06-S07-I00-N03,C06,일계급
1924,C06-S07-I00-N03,C06,타계급
1924,C06-S07-I00-N03,C06,조성
1924,C06-S07-I00-N03,C06,묘법
1924,C06-S07-I00-N03,C06,저간
1924,C06-S07-I00-N03,C06,서서
1924,C06-S07-I00-N03,C06,변화
1924,C06-S07-I00-N03,C06,조직
1924,C06-S07-I00-N03,C06,철리
1924,C06-S07-I00-N03,C06,유행
1924,C06-S07-I00-N03,C06,원류
1924,C06-S07-I00-N03,C06,계급
1924,C06-S07-I00-N03,C06,인류
1924,C06-S07-I00-N03,C06,계급
1924,C06-S07-I00-N03,C06,진화
1924,C06-S07-I00-N04,C06,원류
1924,C06-S07-I00-N04,C06,계급
1924,C06-S07-I00-N04,C06,조직
1924,C06-S07-I00-N04,C06,우주
1924,C06-S07-I00-N04,C06,창조적
1924,C06-S07-I00-N04,C06,지배
1924,C06-S07-I00-N04,C06,의식
1924,C06-S07-I00-N04,C06,심묘
1924,C06-S07-I00-N04,C06,충동
1924,C06-S07-I00-N04,C06,자연
1924,C06-S07-I00-N04,C06,발작
1924,C06-S07-I00-N04,C06,원류
1924,C06-S07-I00-N04,C06,유사
1924,C06-S07-I00-N04,C06,일층
1924,C06-S07-I00-N04,C06,완전
1924,C06-S07-I00-N04,C06,일층
1924,C06-S07-I00-N04,C06,철저
1924,C06-S07-I00-N04,C06,타조직
1924,C06-S07-I00-N04,C06,여사
1924,C06-S07-I00-N04,C06,불완전
1924,C06-S07-I00-N04,C06,조직
1924,C06-S07-I00-N04,C06,완전
1924,C06-S07-I00-N04,C06,타조직
1924,C06-S07-I00-N04,C06,완전
1924,C06-S07-I00-N04,C06,조직체
1924,C06-S07-I00-N04,C06,불완전
1924,C06-S07-I00-N04,C06,조직체
1924,C06-S07-I00-N04,C06,성격
1924,C06-S07-I00-N04,C06,행위
1924,C06-S07-I00-N04,C06,역시
1924,C06-S07-I00-N04,C06,완전
1924,C06-S07-I00-N04,C06,발작
1924,C06-S07-I00-N04,C06,특수
1924,C06-S07-I00-N04,C06,형모
1924,C06-S07-I00-N04,C06,성격
1924,C06-S07-I00-N04,C06,만유
1924,C06-S07-I00-N04,C06,천차만별
1924,C06-S07-I00-N04,C06,진화
1924,C06-S07-I00-N04,C06,일종
1924,C06-S07-I00-N04,C06,조직
1924,C06-S07-I00-N04,C06,변화
1924,C06-S07-I00-N05,C06,태초
1924,C06-S07-I00-N05,C06,무일물
1924,C06-S07-I00-N05,C06,진화적
1924,C06-S07-I00-N05,C06,조직
1924,C06-S07-I00-N05,C06,묘법
1924,C06-S07-I00-N05,C06,무수
1924,C06-S07-I00-N05,C06,계급
1924,C06-S07-I00-N05,C06,조성
1924,C06-S07-I00-N05,C06,금일
1924,C06-S07-I00-N05,C06,천차만별
1924,C06-S07-I00-N05,C06,형상
1924,C06-S07-I00-N05,C06,성격
1924,C06-S07-I00-N05,C06,개성
1924,C06-S07-I00-N05,C06,보통성
1924,C06-S07-I00-N05,C06,구별
1924,C06-S07-I00-N05,C06,개성
1924,C06-S07-I00-N05,C06,만유
1924,C06-S07-I00-N05,C06,조직체
1924,C06-S07-I00-N05,C06,특수
1924,C06-S07-I00-N05,C06,형모
1924,C06-S07-I00-N05,C06,특수
1924,C06-S07-I00-N05,C06,성격
1924,C06-S07-I00-N05,C06,보편성
1924,C06-S07-I00-N05,C06,특수
1924,C06-S07-I00-N05,C06,형모
1924,C06-S07-I00-N05,C06,특수
1924,C06-S07-I00-N05,C06,성격
1924,C06-S07-I00-N05,C06,초월
1924,C06-S07-I00-N05,C06,유일신
1924,C06-S07-I00-N05,C06,神性
1924,C06-S07-I00-N05,C06,유일신
1924,C06-S07-I00-N05,C06,神性
1924,C06-S07-I00-N05,C06,만유
1924,C06-S07-I00-N05,C06,각자
1924,C06-S07-I00-N05,C06,본능
1924,C06-S07-I00-N05,C06,개성
1924,C06-S07-I00-N06,C06,만유
1924,C06-S07-I00-N06,C06,개성
1924,C06-S07-I00-N06,C06,내실
1924,C06-S07-I00-N06,C06,보편
1924,C06-S07-I00-N06,C06,본성
1924,C06-S07-I00-N06,C06,보편성
1924,C06-S07-I00-N06,C06,조직
1924,C06-S07-I00-N06,C06,건조
1924,C06-S07-I00-N06,C06,무미
1924,C06-S07-I00-N06,C06,기계적
1924,C06-S07-I00-N06,C06,조직
1924,C06-S07-I00-N06,C06,영묘
1924,C06-S07-I00-N06,C06,불가사의
1924,C06-S07-I00-N06,C06,유기적
1924,C06-S07-I00-N06,C06,조직
1924,C06-S07-I00-N06,C06,물리학적
1924,C06-S07-I00-N06,C06,변화
1924,C06-S07-I00-N06,C06,동일
1924,C06-S07-I00-N06,C06,산소
1924,C06-S07-I00-N06,C06,수소
1924,C06-S07-I00-N06,C06,화합물
1924,C06-S07-I00-N06,C06,조직
1924,C06-S07-I00-N06,C06,여하
1924,C06-S07-I00-N06,C06,형모
1924,C06-S07-I00-N06,C06,성질
1924,C06-S07-I00-N06,C06,판이
1924,C06-S07-I00-N06,C06,물체
1924,C06-S07-I00-N06,C06,구성
1924,C06-S07-I00-N06,C06,오인
1924,C06-S07-I00-N06,C06,항견
1924,C06-S07-I00-N06,C06,실례
1924,C06-S07-I00-N06,C06,영능적
1924,C06-S07-I00-N06,C06,조직
1924,C06-S07-I00-N06,C06,유기물
1924,C06-S07-I00-N06,C06,변화
1924,C06-S07-I00-N06,C06,오인
1924,C06-S07-I00-N06,C06,사지
1924,C06-S07-I00-N06,C06,사견
1924,C06-S07-I00-N06,C06,경애
1924,C06-S07-I00-N06,C06,규지
1924,C06-S07-I00-N06,C06,지력
1924,C06-S07-I00-N06,C06,만유
1924,C06-S07-I00-N06,C06,차별
1924,C06-S07-I00-N06,C06,여사
1924,C06-S07-I00-N06,C06,조직
1924,C06-S07-I00-N06,C06,묘법
1924,C06-S07-I00-N06,C06,진화
1924,C06-S07-I00-N06,C06,향상
1924,C06-S07-I00-N07,C06,오인
1924,C06-S07-I00-N07,C06,인류
1924,C06-S07-I00-N07,C06,사회적
1924,C06-S07-I00-N07,C06,진화
1924,C06-S07-I00-N07,C06,법칙
1924,C06-S07-I00-N07,C06,조직
1924,C06-S07-I00-N07,C06,개조
1924,C06-S07-I00-N07,C06,여하
1924,C06-S07-I00-N07,C06,행복
1924,C06-S07-I00-N07,C06,재화
1924,C06-S07-I00-N07,C06,분기점
1924,C06-S07-I00-N07,C06,동일
1924,C06-S07-I00-N07,C06,인류
1924,C06-S07-I00-N07,C06,동일
1924,C06-S07-I00-N07,C06,사회
1924,C06-S07-I00-N07,C06,조직
1924,C06-S07-I00-N07,C06,불완전
1924,C06-S07-I00-N07,C06,폐해
1924,C06-S07-I00-N07,C06,가령
1924,C06-S07-I00-N07,C06,정치
1924,C06-S07-I00-N07,C06,조직
1924,C06-S07-I00-N07,C06,군주
1924,C06-S07-I00-N07,C06,독재
1924,C06-S07-I00-N07,C06,정치
1924,C06-S07-I00-N07,C06,조직
1924,C06-S07-I00-N07,C06,군주
1924,C06-S07-I00-N07,C06,입헌
1924,C06-S07-I00-N07,C06,정치
1924,C06-S07-I00-N07,C06,조직
1924,C06-S07-I00-N07,C06,공화
1924,C06-S07-I00-N07,C06,입헌
1924,C06-S07-I00-N07,C06,정치
1924,C06-S07-I00-N07,C06,조직
1924,C06-S07-I00-N07,C06,차별
1924,C06-S07-I00-N07,C06,동일
1924,C06-S07-I00-N07,C06,국가
1924,C06-S07-I00-N07,C06,동일
1924,C06-S07-I00-N07,C06,인민
1924,C06-S07-I00-N07,C06,조직
1924,C06-S07-I00-N07,C06,차별
1924,C06-S07-I00-N07,C06,하여
1924,C06-S07-I00-N07,C06,인민
1924,C06-S07-I00-N07,C06,권리
1924,C06-S07-I00-N07,C06,행복
1924,C06-S07-I00-N07,C06,영향
1924,C06-S07-I00-N07,C06,형수
1924,C06-S07-I00-N07,C06,조직
1924,C06-S07-I00-N07,C06,제도
1924,C06-S07-I00-N07,C06,차별
1924,C06-S07-I00-N07,C06,조직
1924,C06-S07-I00-N07,C06,주체
1924,C06-S07-I00-N07,C06,생활
1924,C06-S07-I00-N07,C06,막대
1924,C06-S07-I00-N07,C06,영향
1924,C06-S07-I00-N07,C06,직접
1924,C06-S07-I00-N07,C06,파급
1924,C06-S07-I00-N07,C06,인류
1924,C06-S07-I00-N07,C06,사회
1924,C06-S07-I00-N07,C06,행불행
1924,C06-S07-I00-N07,C06,조직
1924,C06-S07-I00-N07,C06,능불능
1924,C06-S07-I00-N08,C06,인간
1924,C06-S07-I00-N08,C06,사회
1924,C06-S07-I00-N08,C06,완전
1924,C06-S07-I00-N08,C06,조직
1924,C06-S07-I00-N08,C06,실행
1924,C06-S07-I00-N08,C06,표준점
1924,C06-S07-I00-N08,C06,자유
1924,C06-S07-I00-N08,C06,평등
1924,C06-S07-I00-N08,C06,자유
1924,C06-S07-I00-N08,C06,조직
1924,C06-S07-I00-N08,C06,평등
1924,C06-S07-I00-N08,C06,조직
1924,C06-S07-I00-N08,C06,요구
1924,C06-S07-I00-N08,C06,소위
1924,C06-S07-I00-N08,C06,자유
1924,C06-S07-I00-N08,C06,평등
1924,C06-S07-I00-N08,C06,자유
1924,C06-S07-I00-N08,C06,용어
1924,C06-S07-I00-N08,C06,광의
1924,C06-S07-I00-N08,C06,해석
1924,C06-S07-I00-N08,C06,진정
1924,C06-S07-I00-N08,C06,자유
1924,C06-S07-I00-N08,C06,확답
1924,C06-S07-I00-N08,C06,자유
1924,C06-S07-I00-N08,C06,범위
1924,C06-S07-I00-N08,C06,획정
1924,C06-S07-I00-N08,C06,대별
1924,C06-S07-I00-N09,C06,내적
1924,C06-S07-I00-N09,C06,자유
1924,C06-S07-I00-N09,C06,단인적
1924,C06-S07-I00-N09,C06,자유
1924,C06-S07-I00-N09,C06,의지
1924,C06-S07-I00-N09,C06,문제
1924,C06-S07-I00-N09,C06,외적
1924,C06-S07-I00-N09,C06,자유
1924,C06-S07-I00-N09,C06,복인적
1924,C06-S07-I00-N09,C06,자유
1924,C06-S07-I00-N09,C06,대인
1924,C06-S07-I00-N09,C06,문제
1924,C06-S07-I00-N09,C06,내적
1924,C06-S07-I00-N09,C06,자유
1924,C06-S07-I00-N09,C06,외적
1924,C06-S07-I00-N09,C06,자유
1924,C06-S07-I00-N09,C06,본래
1924,C06-S07-I00-N09,C06,절연
1924,C06-S07-I00-N09,C06,구분
1924,C06-S07-I00-N09,C06,대별
1924,C06-S07-I00-N09,C06,자기
1924,C06-S07-I00-N09,C06,개성
1924,C06-S07-I00-N09,C06,정신적
1924,C06-S07-I00-N09,C06,자유
1924,C06-S07-I00-N09,C06,내적
1924,C06-S07-I00-N09,C06,대외
1924,C06-S07-I00-N09,C06,관계
1924,C06-S07-I00-N09,C06,관계
1924,C06-S07-I00-N09,C06,조직
1924,C06-S07-I00-N09,C06,외적
1924,C06-S07-I00-N09,C06,내적
1924,C06-S07-I00-N09,C06,자유
1924,C06-S07-I00-N09,C06,본장
1924,C06-S07-I00-N09,C06,목적
1924,C06-S07-I00-N09,C06,외적
1924,C06-S07-I00-N09,C06,자유
1924,C06-S07-I00-N09,C06,관계
1924,C06-S07-I00-N09,C06,조직
1924,C06-S07-I00-N09,C06,자유
1924,C06-S07-I00-N09,C06,입내천
1924,C06-S07-I00-N09,C06,응용상
1924,C06-S07-I00-N09,C06,일언
1924,C06-S07-I00-N10,C06,본래
1924,C06-S07-I00-N10,C06,자유
1924,C06-S07-I00-N10,C06,자의
1924,C06-S07-I00-N10,C06,타인
1924,C06-S07-I00-N10,C06,간섭
1924,C06-S07-I00-N10,C06,독단적
1924,C06-S07-I00-N10,C06,행위
1924,C06-S07-I00-N10,C06,권력
1924,C06-S07-I00-N10,C06,자기
1924,C06-S07-I00-N10,C06,행위
1924,C06-S07-I00-N10,C06,간섭
1924,C06-S07-I00-N10,C06,완전
1924,C06-S07-I00-N10,C06,자유
1924,C06-S07-I00-N10,C06,注意
1924,C06-S07-I00-N10,C06,자아
1924,C06-S07-I00-N10,C06,단독적
1924,C06-S07-I00-N10,C06,자유
1924,C06-S07-I00-N10,C06,행동
1924,C06-S07-I00-N10,C06,자아
1924,C06-S07-I00-N10,C06,단독적
1924,C06-S07-I00-N10,C06,행동
1924,C06-S07-I00-N10,C06,충돌
1924,C06-S07-I00-N10,C06,의려
1924,C06-S07-I00-N10,C06,제일
1924,C06-S07-I00-N10,C06,자아
1924,C06-S07-I00-N10,C06,독단적
1924,C06-S07-I00-N10,C06,자유
1924,C06-S07-I00-N10,C06,행동
1924,C06-S07-I00-N10,C06,자아
1924,C06-S07-I00-N10,C06,단독적
1924,C06-S07-I00-N10,C06,자유
1924,C06-S07-I00-N10,C06,행동
1924,C06-S07-I00-N10,C06,침범
1924,C06-S07-I00-N10,C06,자아
1924,C06-S07-I00-N10,C06,일개인
1924,C06-S07-I00-N10,C06,자유
1924,C06-S07-I00-N10,C06,만인
1924,C06-S07-I00-N10,C06,자유
1924,C06-S07-I00-N10,C06,진정
1924,C06-S07-I00-N10,C06,자유
1924,C06-S07-I00-N10,C06,일인
1924,C06-S07-I00-N10,C06,전제
1924,C06-S07-I00-N10,C06,행위
1924,C06-S07-I00-N11,C06,자아
1924,C06-S07-I00-N11,C06,단독적
1924,C06-S07-I00-N11,C06,행위
1924,C06-S07-I00-N11,C06,유의식적
1924,C06-S07-I00-N11,C06,혹시
1924,C06-S07-I00-N11,C06,무의식적
1924,C06-S07-I00-N11,C06,자아
1924,C06-S07-I00-N11,C06,만인
1924,C06-S07-I00-N11,C06,행위
1924,C06-S07-I00-N11,C06,협동
1924,C06-S07-I00-N11,C06,調和
1924,C06-S07-I00-N11,C06,진정
1924,C06-S07-I00-N11,C06,자유
1924,C06-S07-I00-N11,C06,자아
1924,C06-S07-I00-N11,C06,단독적
1924,C06-S07-I00-N11,C06,행위
1924,C06-S07-I00-N11,C06,만인
1924,C06-S07-I00-N11,C06,행위
1924,C06-S07-I00-N11,C06,협동
1924,C06-S07-I00-N11,C06,調和
1924,C06-S07-I00-N11,C06,진정
1924,C06-S07-I00-N11,C06,자유
1924,C06-S07-I00-N11,C06,진정
1924,C06-S07-I00-N11,C06,자유
1924,C06-S07-I00-N11,C06,획득
1924,C06-S07-I00-N11,C06,조직적
1924,C06-S07-I00-N11,C06,방식
1924,C06-S07-I00-N11,C06,최후
1924,C06-S07-I00-N11,C06,발안
1924,C06-S07-I00-N11,C06,문제
1924,C06-S07-I00-N11,C06,근본적
1924,C06-S07-I00-N11,C06,해결
1924,C06-S07-I00-N11,C06,문제
1924,C06-S07-I00-N11,C06,선악
1924,C06-S07-I00-N11,C06,문제
1924,C06-S07-I00-N11,C06,선악
1924,C06-S07-I00-N11,C06,여하
1924,C06-S07-I00-N11,C06,자유
1924,C06-S07-I00-N11,C06,제재
1924,C06-S07-I00-N11,C06,불제재
1924,C06-S07-I00-N11,C06,문제
1924,C06-S07-I00-N12,C06,만일
1924,C06-S07-I00-N12,C06,인성
1924,C06-S07-I00-N12,C06,제어
1924,C06-S07-I00-N12,C06,만인
1924,C06-S07-I00-N12,C06,공동
1924,C06-S07-I00-N12,C06,자유
1924,C06-S07-I00-N12,C06,조직
1924,C06-S07-I00-N12,C06,반대
1924,C06-S07-I00-N12,C06,만일
1924,C06-S07-I00-N12,C06,근본
1924,C06-S07-I00-N12,C06,유도
1924,C06-S07-I00-N12,C06,상합
1924,C06-S07-I00-N12,C06,제도
1924,C06-S07-I00-N12,C06,하필
1924,C06-S07-I00-N12,C06,자유
1924,C06-S07-I00-N12,C06,제재
1924,C06-S07-I00-N12,C06,혹물
1924,C06-S07-I00-N12,C06,본래
1924,C06-S07-I00-N12,C06,상호
1924,C06-S07-I00-N12,C06,부조
1924,C06-S07-I00-N12,C06,본질
1924,C06-S07-I00-N12,C06,인간
1924,C06-S07-I00-N12,C06,사회
1924,C06-S07-I00-N12,C06,본질
1924,C06-S07-I00-N12,C06,완전
1924,C06-S07-I00-N12,C06,협동
1924,C06-S07-I00-N12,C06,부조
1924,C06-S07-I00-N12,C06,자유
1924,C06-S07-I00-N12,C06,생활
1924,C06-S07-I00-N12,C06,설명
1924,C06-S07-I00-N13,C06,차등
1924,C06-S07-I00-N13,C06,주장
1924,C06-S07-I00-N13,C06,고래
1924,C06-S07-I00-N13,C06,노자
1924,C06-S07-I00-N13,C06,소위
1924,C06-S07-I00-N13,C06,절인기의
1924,C06-S07-I00-N13,C06,민복효자
1924,C06-S07-I00-N13,C06,절교기리
1924,C06-S07-I00-N13,C06,도적무유
1924,C06-S07-I00-N13,C06,교훈
1924,C06-S07-I00-N13,C06,적절
1924,C06-S07-I00-N13,C06,인내천주의
1924,C06-S07-I00-N13,C06,비교
1924,C06-S07-I00-N13,C06,대조
1924,C06-S07-I00-N13,C06,인내천
1924,C06-S07-I00-N13,C06,본래
1924,C06-S07-I00-N13,C06,神性
1924,C06-S07-I00-N13,C06,인성
1924,C06-S07-I00-N13,C06,동일
1924,C06-S07-I00-N13,C06,신앙
1924,C06-S07-I00-N13,C06,以上
1924,C06-S07-I00-N13,C06,사지
1924,C06-S07-I00-N13,C06,사욕
1924,C06-S07-I00-N13,C06,제거
1924,C06-S07-I00-N13,C06,神性
1924,C06-S07-I00-N13,C06,발휘
1924,C06-S07-I00-N13,C06,유도
1924,C06-S07-I00-N13,C06,神聖
1924,C06-S07-I00-N13,C06,일치
1924,C06-S07-I00-N13,C06,제도
1924,C06-S07-I00-N13,C06,조직
1924,C06-S07-I00-N13,C06,시간
1924,C06-S07-I00-N13,C06,장단
1924,C06-S07-I00-N13,C06,여하
1924,C06-S07-I00-N13,C06,理想
1924,C06-S07-I00-N13,C06,진자유
1924,C06-S07-I00-N13,C06,생활
1924,C06-S07-I00-N13,C06,가득
1924,C06-S07-I00-N13,C06,확신
1924,C06-S07-I00-N13,C06,자유
1924,C06-S07-I00-N13,C06,평등
1924,C06-S07-I00-N13,C06,호상
1924,C06-S07-I00-N13,C06,일치
1924,C06-S07-I00-N13,C06,계기
1924,C06-S07-I00-N13,C06,일언
1924,C06-S07-I00-N14,C06,혹시
1924,C06-S07-I00-N14,C06,평등
1924,C06-S07-I00-N14,C06,비난
1924,C06-S07-I00-N14,C06,원래
1924,C06-S07-I00-N14,C06,완력
1924,C06-S07-I00-N14,C06,강불강
1924,C06-S07-I00-N14,C06,지력
1924,C06-S07-I00-N14,C06,총불총
1924,C06-S07-I00-N14,C06,선천적
1924,C06-S07-I00-N14,C06,자재
1924,C06-S07-I00-N14,C06,여사
1924,C06-S07-I00-N14,C06,선천적
1924,C06-S07-I00-N14,C06,차별
1924,C06-S07-I00-N14,C06,소멸
1924,C06-S07-I00-N14,C06,자연
1924,C06-S07-I00-N14,C06,위반
1924,C06-S07-I00-N14,C06,과연
1924,C06-S07-I00-N14,C06,평등
1924,C06-S07-I00-N14,C06,선천적
1924,C06-S07-I00-N14,C06,지력
1924,C06-S07-I00-N14,C06,멸시
1924,C06-S07-I00-N14,C06,자연
1924,C06-S07-I00-N14,C06,평등
1924,C06-S07-I00-N14,C06,소멸
1924,C06-S07-I00-N14,C06,향상
1924,C06-S07-I00-N14,C06,발달
1924,C06-S07-I00-N14,C06,방새
1924,C06-S07-I00-N15,C06,인내천주의
1924,C06-S07-I00-N15,C06,평등
1924,C06-S07-I00-N15,C06,인격
1924,C06-S07-I00-N15,C06,발달
1924,C06-S07-I00-N15,C06,자유
1924,C06-S07-I00-N15,C06,평등
1924,C06-S07-I00-N15,C06,인격
1924,C06-S07-I00-N15,C06,발달
1924,C06-S07-I00-N15,C06,자유
1924,C06-S07-I00-N15,C06,선천적
1924,C06-S07-I00-N15,C06,지능
1924,C06-S07-I00-N15,C06,자기
1924,C06-S07-I00-N15,C06,자기
1924,C06-S07-I00-N15,C06,자아
1924,C06-S07-I00-N15,C06,인격
1924,C06-S07-I00-N15,C06,극단
1924,C06-S07-I00-N15,C06,발육
1924,C06-S07-I00-N15,C06,의미
1924,C06-S07-I00-N15,C06,평등
1924,C06-S07-I00-N15,C06,수목
1924,C06-S07-I00-N15,C06,지엽
1924,C06-S07-I00-N15,C06,소천차만별
1924,C06-S07-I00-N15,C06,구별
1924,C06-S07-I00-N15,C06,대소
1924,C06-S07-I00-N15,C06,장단
1924,C06-S07-I00-N15,C06,지엽
1924,C06-S07-I00-N15,C06,상호
1924,C06-S07-I00-N15,C06,방해
1924,C06-S07-I00-N15,C06,천연
1924,C06-S07-I00-N15,C06,자연
1924,C06-S07-I00-N15,C06,전적
1924,C06-S07-I00-N15,C06,발육
1924,C06-S07-I00-N15,C06,자유
1924,C06-S07-I00-N15,C06,신장
1924,C06-S07-I00-N15,C06,선천적
1924,C06-S07-I00-N15,C06,지력
1924,C06-S07-I00-N15,C06,자유
1924,C06-S07-I00-N15,C06,자아
1924,C06-S07-I00-N15,C06,인격
1924,C06-S07-I00-N15,C06,고유
1924,C06-S07-I00-N15,C06,향상
1924,C06-S07-I00-N15,C06,발달
1924,C06-S07-I00-N15,C06,의미
1924,C06-S07-I00-N15,C06,현재
1924,C06-S07-I00-N15,C06,지식
1924,C06-S07-I00-N15,C06,계급
1924,C06-S07-I00-N15,C06,경제
1924,C06-S07-I00-N15,C06,계급
1924,C06-S07-I00-N15,C06,압박
1924,C06-S07-I00-N15,C06,재능
1924,C06-S07-I00-N15,C06,재능
1924,C06-S07-I00-N15,C06,발육
1924,C06-S07-I00-N15,C06,제도
1924,C06-S07-I00-N16,C06,유위
1924,C06-S07-I00-N16,C06,영혼
1924,C06-S07-I00-N16,C06,무산자
1924,C06-S07-I00-N16,C06,家庭
1924,C06-S07-I00-N16,C06,유위
1924,C06-S07-I00-N16,C06,재능
1924,C06-S07-I00-N16,C06,초목
1924,C06-S07-I00-N16,C06,동부
1924,C06-S07-I00-N16,C06,자유
1924,C06-S07-I00-N16,C06,방새
1924,C06-S07-I00-N16,C06,평등
1924,C06-S07-I00-N16,C06,발육
1924,C06-S07-I00-N16,C06,방해
1924,C06-S07-I00-N16,C06,선천적
1924,C06-S07-I00-N16,C06,지능
1924,C06-S07-I00-N16,C06,피차
1924,C06-S07-I00-N16,C06,지적
1924,C06-S07-I00-N16,C06,차별
1924,C06-S07-I00-N16,C06,계급
1924,C06-S07-I00-N16,C06,각자
1924,C06-S07-I00-N16,C06,지능
1924,C06-S07-I00-N16,C06,본위
1924,C06-S07-I00-N16,C06,지능
1924,C06-S07-I00-N16,C06,본위
1924,C06-S07-I00-N16,C06,계급
1924,C06-S07-I00-N16,C06,권력
1924,C06-S07-I00-N16,C06,차별
1924,C06-S07-I00-N16,C06,일작
1924,C06-S07-I00-N16,C06,이작
1924,C06-S07-I00-N16,C06,계급
1924,C06-S07-I00-N16,C06,해갈
1924,C06-S07-I00-N16,C06,정도
1924,C06-S07-I00-N16,C06,분량
1924,C06-S07-I00-N16,C06,원인
1924,C06-S07-I00-N17,C06,일작
1924,C06-S07-I00-N17,C06,이작
1924,C06-S07-I00-N17,C06,분량
1924,C06-S07-I00-N17,C06,차이
1924,C06-S07-I00-N17,C06,해갈
1924,C06-S07-I00-N17,C06,목적
1924,C06-S07-I00-N17,C06,가치
1924,C06-S07-I00-N17,C06,정도
1924,C06-S07-I00-N17,C06,평등
1924,C06-S07-I00-N17,C06,해갈
1924,C06-S07-I00-N17,C06,목적
1924,C06-S07-I00-N17,C06,갑을
1924,C06-S07-I00-N17,C06,순일
1924,C06-S07-I00-N17,C06,평등
1924,C06-S07-I00-N17,C06,여사
1924,C06-S07-I00-N17,C06,선천적
1924,C06-S07-I00-N17,C06,지력
1924,C06-S07-I00-N17,C06,만족
1924,C06-S07-I00-N17,C06,선천적
1924,C06-S07-I00-N17,C06,지력
1924,C06-S07-I00-N17,C06,능불능
1924,C06-S07-I00-N17,C06,차별
1924,C06-S07-I00-N17,C06,각기
1924,C06-S07-I00-N17,C06,지력
1924,C06-S07-I00-N17,C06,발달
1924,C06-S07-I00-N17,C06,목적
1924,C06-S07-I00-N17,C06,목적
1924,C06-S07-I00-N17,C06,견지
1924,C06-S07-I00-N17,C06,피차
1924,C06-S07-I00-N17,C06,인격적
1924,C06-S07-I00-N17,C06,평등
1924,C06-S07-I00-N17,C06,이유하
1924,C06-S07-I00-N17,C06,자유
1924,C06-S07-I00-N17,C06,평등
1924,C06-S07-I00-N17,C06,호상
1924,C06-S07-I00-N17,C06,관통
1924,C06-S07-I00-N17,C06,일치점
1924,C06-S07-I00-N17,C06,자유평등
1924,C06-S07-I00-N17,C06,극도
1924,C06-S07-I00-N17,C06,신장
1924,C06-S07-I00-N17,C06,도법
1924,C06-S07-I00-N17,C06,자연
1924,C06-S07-I00-N17,C06,제도조직
1924,,,대정
1924,,,십삼년
1924,,,삼월
1924,,,삼십일
1924,,,초판
1924,,,발행
1924,,,대정
1924,,,십사년
1924,,,이월
1924,,,이십일
1924,,,재판
1924,,,발행
1924,,,소화
1924,,,삼년
1924,,,일월
1924,,,입삼일
1924,,,삼판
1924,,,발행
1924,,,개정
1924,,,정가
1924,,,오십전
1924,,,서류
1924,,,송료
1924,,,십륙전
1924,,,판권
1924,,,소유
1924,,,저작겸
1924,,,발행인
1924,,,경성부
1924,,,경운동
1924,,,팔팔번지
1924,,,이돈화
1924,,,인쇄인
1924,,,경성부
1924,,,경운동
1924,,,팔팔번지
1924,,,이두성
1924,,,인쇄소
1924,,,경성부
1924,,,공평동
1924,,,오오번지
1924,,,대동인쇄
1924,,,주식회사
1924,,,경성부
1924,,,경운동
1924,,,팔팔
1924,,,천도교
1924,,,중앙종리원
1924,,,포덕과
1924,,,발행소
1924,,,전화
1924,,,광화문
1924,,,오일팔
1924,,,진체
1924,,,경성
1924,,,일삼륙삼
1924,,,천도교
1924,,,중앙종리원
1924,,,최석련
1924,,,삼판
1924,,,발행
1924,,,발행
1924,,,매진
1924,,,초판
1924,,,십만부
1924,,,장진
1924,,,평역
1924,,,천도교
1924,,,천도교인
1924,,,인사
1924,,,천도교리
1924,,,독본
1924,,,정가
1924,,,실비
1924,,,십팔전
1924,,,서류
1924,,,송료
1924,,,십사전
1924,,,학생
1924,,,신사
1924,,,기타
1924,,,천도교
1924,,,물론
1924,,,천도교
1924,,,천도교체계약람
1924,,,정가
1924,,,실비
1924,,,오전
1924,,,우세
1924,,,천도교
1924,,,중앙종리원
1924,,,포덕과
1924,,,전화
1924,,,광화
1924,,,팔일오
1924,,,진경
1924,,,일삼륙삼
1924,,,천도교
1924,,,중앙종리원
1924,,,최석련
