src,n_chunk_id,c,token
월보,C30-S00-I00-N01,C30,위지신성
월보,C30-S00-I00-N01,C30,신성향수
월보,C30-S00-I00-N01,C30,제왈초생
월보,C30-S00-I00-N01,C30,초생인과
월보,C30-S00-I00-N01,C30,성찰구경칙원출어신천정신
월보,C30-S00-I00-N01,C30,정신본지
월보,C30-S00-I00-N01,C30,소상극관칙태상태원지대천원체야
월보,C30-S00-I00-N01,C30,금고인물지성성현현
월보,C30-S00-I00-N01,C30,시중초생
월보,C30-S00-I00-N01,C30,중상대원
월보,C30-S00-I00-N01,C30,오교지초생안야
월보,C30-S00-I00-N01,C30,최고소견법리돈화소견법
월보,C30-S00-I00-N01,C30,성탄
월보,C30-S00-I00-N01,C30,조박
월보,C30-S00-I00-N01,C30,반작
월보,C30-S00-I00-N01,C30,여하
월보,C30-S00-I00-N01,C30,조박
월보,C30-S00-I00-N01,C30,진리
월보,C30-S00-I00-N01,C30,진리
월보,C30-S00-I00-N01,C30,영겁
월보,C30-S00-I00-N01,C30,불변
월보,C30-S00-I00-N01,C30,중생
월보,C30-S00-I00-N01,C30,역중생
월보,C30-S00-I00-N01,C30,하고
월보,C30-S00-I00-N01,C30,하고
월보,C30-S00-I00-N01,C30,강연
월보,C30-S00-I00-N01,C30,고인
월보,C30-S00-I00-N01,C30,왈사생
월보,C30-S00-I00-N01,C30,역대의
월보,C30-S00-I00-N01,C30,사생
월보,C30-S00-I00-N01,C30,대진리
월보,C30-S00-I00-N01,C30,오인
월보,C30-S00-I00-N01,C30,사생
월보,C30-S00-I00-N01,C30,여사
월보,C30-S00-I00-N01,C30,대진리
월보,C30-S00-I00-N01,C30,철저
월보,C30-S00-I00-N01,C30,과거백천억무량수
월보,C30-S00-I00-N01,C30,중생
월보,C30-S00-I00-N01,C30,하고
월보,C30-S00-I00-N01,C30,일인
월보,C30-S00-I00-N01,C30,기생
월보,C30-S00-I00-N01,C30,이유
월보,C30-S00-I00-N01,C30,확답
월보,C30-S00-I00-N02,C30,억역하고
월보,C30-S00-I00-N02,C30,일인
월보,C30-S00-I00-N02,C30,역사
월보,C30-S00-I00-N02,C30,이유
월보,C30-S00-I00-N02,C30,하변
월보,C30-S00-I00-N02,C30,물론종교철학과학등제반
월보,C30-S00-I00-N02,C30,교훈중
월보,C30-S00-I00-N02,C30,생사문제
월보,C30-S00-I00-N02,C30,해결
월보,C30-S00-I00-N02,C30,역시해결
월보,C30-S00-I00-N02,C30,자부
월보,C30-S00-I00-N02,C30,자다
월보,C30-S00-I00-N02,C30,오인
월보,C30-S00-I00-N02,C30,소위
월보,C30-S00-I00-N02,C30,금구교구장
월보,C30-S00-I00-N02,C30,금중화씨
월보,C30-S00-I00-N02,C30,이오
월보,C30-S00-I00-N02,C30,강연해결
월보,C30-S00-I00-N02,C30,이론중
월보,C30-S00-I00-N02,C30,적신
월보,C30-S00-I00-N02,C30,분자
월보,C30-S00-I00-N02,C30,인식상해답
월보,C30-S00-I00-N02,C30,결여
월보,C30-S00-I00-N02,C30,단오인
월보,C30-S00-I00-N02,C30,안중
월보,C30-S00-I00-N02,C30,현실
월보,C30-S00-I00-N02,C30,적라라
월보,C30-S00-I00-N02,C30,일생명적육괴
월보,C30-S00-I00-N02,C30,모태중
월보,C30-S00-I00-N02,C30,부취취
월보,C30-S00-I00-N02,C30,일시각
월보,C30-S00-I00-N02,C30,천토중
월보,C30-S00-I00-N02,C30,매몰
월보,C30-S00-I00-N02,C30,불지
월보,C30-S00-I00-N02,C30,개체
월보,C30-S00-I00-N02,C30,삼천백옥루
월보,C30-S00-I00-N02,C30,별구
월보,C30-S00-I00-N02,C30,유호
월보,C30-S00-I00-N02,C30,야일천국
월보,C30-S00-I00-N02,C30,불일삼생
월보,C30-S00-I00-N02,C30,오인
월보,C30-S00-I00-N02,C30,기소위천국기소위극락
월보,C30-S00-I00-N02,C30,중생
월보,C30-S00-I00-N02,C30,최고소유법
월보,C30-S00-I00-N02,C30,개인생
월보,C30-S00-I00-N02,C30,소유법적동물
월보,C30-S00-I00-N02,C30,인식
월보,C30-S00-I00-N02,C30,一切
월보,C30-S00-I00-N02,C30,一切
월보,C30-S00-I00-N02,C30,一切
월보,C30-S00-I00-N02,C30,기지
월보,C30-S00-I00-N02,C30,가득
월보,C30-S00-I00-N02,C30,기정
월보,C30-S00-I00-N02,C30,가득
월보,C30-S00-I00-N02,C30,기의
월보,C30-S00-I00-N02,C30,가득
월보,C30-S00-I00-N02,C30,인생
월보,C30-S00-I00-N02,C30,득이
월보,C30-S00-I00-N02,C30,일종선천적지정의
월보,C30-S00-I00-N02,C30,작용
월보,C30-S00-I00-N02,C30,백년미만
월보,C30-S00-I00-N02,C30,오토중
월보,C30-S00-I00-N02,C30,천고영희망
월보,C30-S00-I00-N02,C30,분진우분진
월보,C30-S00-I00-N02,C30,즉소견법소견법
월보,C30-S00-I00-N02,C30,일종신법
월보,C30-S00-I00-N02,C30,지배
월보,C30-S00-I00-N02,C30,약소견광의
월보,C30-S00-I00-N02,C30,해석
월보,C30-S00-I00-N02,C30,대삼천항하사수
월보,C30-S00-I00-N02,C30,생일정의
월보,C30-S00-I00-N02,C30,소견법
월보,C30-S00-I00-N02,C30,일절생물
월보,C30-S00-I00-N02,C30,억역우주
월보,C30-S00-I00-N02,C30,종교
월보,C30-S00-I00-N02,C30,소견법
월보,C30-S00-I00-N02,C30,하화
월보,C30-S00-I00-N02,C30,소견법
월보,C30-S00-I00-N02,C30,삼년적리
월보,C30-S00-I00-N02,C30,한월
월보,C30-S00-I00-N02,C30,칠리동강
월보,C30-S00-I00-N02,C30,선풍
월보,C30-S00-I00-N02,C30,영선
월보,C30-S00-I00-N02,C30,소견법
월보,C30-S00-I00-N02,C30,여사
월보,C30-S00-I00-N02,C30,적위적채
월보,C30-S00-I00-N02,C30,공석
월보,C30-S00-I00-N02,C30,불난
월보,C30-S00-I00-N02,C30,산포림
월보,C30-S00-I00-N02,C30,걸욕
월보,C30-S00-I00-N02,C30,영관
월보,C30-S00-I00-N02,C30,소견법
월보,C30-S00-I00-N02,C30,선역여시
월보,C30-S00-I00-N03,C30,철인
월보,C30-S00-I00-N03,C30,일인
월보,C30-S00-I00-N03,C30,용감
월보,C30-S00-I00-N03,C30,박명
월보,C30-S00-I00-N03,C30,일동일
월보,C30-S00-I00-N03,C30,재삼재사
월보,C30-S00-I00-N03,C30,조반
월보,C30-S00-I00-N03,C30,강연식
월보,C30-S00-I00-N03,C30,이이
월보,C30-S00-I00-N03,C30,과연오인
월보,C30-S00-I00-N03,C30,생명
월보,C30-S00-I00-N03,C30,생명
월보,C30-S00-I00-N03,C30,불구
월보,C30-S00-I00-N03,C30,동일
월보,C30-S00-I00-N03,C30,조반
월보,C30-S00-I00-N03,C30,사실
월보,C30-S00-I00-N03,C30,일절중생
월보,C30-S00-I00-N03,C30,운운
월보,C30-S00-I00-N03,C30,준준
월보,C30-S00-I00-N03,C30,총시동일
월보,C30-S00-I00-N03,C30,조반
월보,C30-S00-I00-N03,C30,생명
월보,C30-S00-I00-N03,C30,최종일일
월보,C30-S00-I00-N03,C30,개소견법
월보,C30-S00-I00-N03,C30,소견법인생
월보,C30-S00-I00-N03,C30,천직
월보,C30-S00-I00-N03,C30,찰나찰나
월보,C30-S00-I00-N03,C30,실천
월보,C30-S00-I00-N03,C30,찰나
월보,C30-S00-I00-N03,C30,찰나
월보,C30-S00-I00-N03,C30,무궁
월보,C30-S00-I00-N03,C30,천직
월보,C30-S00-I00-N03,C30,차리
월보,C30-S00-I00-N03,C30,소화
월보,C30-S00-I00-N03,C30,통견
월보,C30-S00-I00-N03,C30,차무궁
월보,C30-S00-I00-N03,C30,천직
월보,C30-S00-I00-N03,C30,용감
월보,C30-S00-I00-N03,C30,진보
월보,C30-S00-I00-N03,C30,소견법중최고소견법
월보,C30-S00-I00-N03,C30,용역
월보,C30-S00-I00-N03,C30,오인
월보,C30-S00-I00-N03,C30,시세
월보,C30-S00-I00-N03,C30,적합
월보,C30-S00-I00-N03,C30,종교
월보,C30-S00-I00-N03,C30,신식
월보,C30-S00-I00-N03,C30,중생
월보,C30-S00-I00-N03,C30,지도
월보,C30-S00-I00-N03,C30,최고소견법
월보,C30-S00-I00-N03,C30,천인
월보,C30-S00-I00-N03,C30,욕능자일본리봉강시문천무본능이위천
월보,C30-S00-I00-N03,C30,인무본능이위인
월보,C30-S00-I00-N03,C30,왈부
월보,C30-S00-I00-N03,C30,천약무본
월보,C30-S00-I00-N03,C30,천불능위천야
월보,C30-S00-I00-N03,C30,인약무본
월보,C30-S00-I00-N03,C30,인불능위인야
월보,C30-S00-I00-N03,C30,유능야
월보,C30-S00-I00-N03,C30,기본지성력야
월보,C30-S00-I00-N03,C30,유능야
월보,C30-S00-I00-N03,C30,기본지성력야
월보,C30-S00-I00-N03,C30,천인
월보,C30-S00-I00-N03,C30,성지소이욕능자
월보,C30-S00-I00-N03,C30,각언이위의
월보,C30-S00-I00-N03,C30,기본능지원소
월보,C30-S00-I00-N03,C30,일야
월보,C30-S00-I00-N03,C30,무이성지욕능자
월보,C30-S00-I00-N03,C30,천능지본기
월보,C30-S00-I00-N03,C30,신이칠
월보,C31-S00-I00-N01,C31,잡조이무유기목칙광불족위덕어아야
월보,C31-S00-I00-N01,C31,욕초의왈자제군
월보,C31-S00-I00-N01,C31,갈불거권호천인균형지조호독신자
월보,C31-S00-I00-N01,C31,정령불멸리돈화서
월보,C31-S00-I00-N01,C31,하초
월보,C31-S00-I00-N01,C31,작야동원
월보,C31-S00-I00-N01,C31,풍신우읍
월보,C31-S00-I00-N01,C31,가삼월미소년
월보,C31-S00-I00-N01,C31,목긍
월보,C31-S00-I00-N01,C31,진무량
월보,C31-S00-I00-N01,C31,화신
월보,C31-S00-I00-N01,C31,천국
월보,C31-S00-I00-N01,C31,여행
월보,C31-S00-I00-N01,C31,녹음방초
월보,C31-S00-I00-N01,C31,신무대
월보,C31-S00-I00-N01,C31,축융대제
월보,C31-S00-I00-N01,C31,출석
월보,C31-S00-I00-N01,C31,원만
월보,C31-S00-I00-N01,C31,통고
월보,C31-S00-I00-N01,C31,호희
월보,C31-S00-I00-N01,C31,천상
월보,C31-S00-I00-N01,C31,무상지상
월보,C31-S00-I00-N01,C31,무상인상
월보,C31-S00-I00-N01,C31,무상
월보,C31-S00-I00-N01,C31,천지자연
월보,C31-S00-I00-N01,C31,진리
월보,C31-S00-I00-N01,C31,진리
월보,C31-S00-I00-N01,C31,무상
월보,C31-S00-I00-N01,C31,인생
월보,C31-S00-I00-N01,C31,약점
월보,C31-S00-I00-N01,C31,사생
월보,C31-S00-I00-N01,C31,불평균
월보,C31-S00-I00-N01,C31,성현
월보,C31-S00-I00-N01,C31,웅걸
월보,C31-S00-I00-N01,C31,역곡지통
월보,C31-S00-I00-N01,C31,황상식
월보,C31-S00-I00-N01,C31,오인
월보,C31-S00-I00-N01,C31,단혼
월보,C31-S00-I00-N01,C31,애장
월보,C31-S00-I00-N01,C31,구니
월보,C31-S00-I00-N01,C31,연월일
월보,C31-S00-I00-N01,C31,본기자
월보,C31-S00-I00-N01,C31,고원교구
월보,C31-S00-I00-N01,C31,장차삼경
월보,C31-S00-I00-N01,C31,만뢰천동
월보,C31-S00-I00-N01,C31,묵상
월보,C31-S00-I00-N01,C31,우주
월보,C31-S00-I00-N01,C31,일점
월보,C31-S00-I00-N01,C31,고등
월보,C31-S00-I00-N01,C31,양량상대
월보,C31-S00-I00-N01,C31,세도인사
월보,C31-S00-I00-N01,C31,수문수답
월보,C31-S00-I00-N01,C31,원산교
월보,C31-S00-I00-N01,C31,구장조종봉씨급해군교구장림근태씨외본기자
월보,C31-S00-I00-N01,C31,일인
월보,C31-S00-I00-N01,C31,점입가경
월보,C31-S00-I00-N01,C31,담편
월보,C31-S00-I00-N01,C31,생활문제
월보,C31-S00-I00-N01,C31,종교문제종교문제
월보,C31-S00-I00-N01,C31,우경
월보,C31-S00-I00-N01,C31,사생
월보,C31-S00-I00-N01,C31,대문제
월보,C31-S00-I00-N01,C31,돈화군
월보,C31-S00-I00-N01,C31,미염
월보,C31-S00-I00-N01,C31,화병
월보,C31-S00-I00-N01,C31,전공
월보,C31-S00-I00-N01,C31,좌중최로신사즉원산구장
월보,C31-S00-I00-N01,C31,인간
월보,C31-S00-I00-N01,C31,다풍우
월보,C31-S00-I00-N01,C31,경험
월보,C31-S00-I00-N01,C31,어조
월보,C31-S00-I00-N01,C31,서서
월보,C31-S00-I00-N01,C31,돈화군
월보,C31-S00-I00-N01,C31,저개
월보,C31-S00-I00-N01,C31,문제
월보,C31-S00-I00-N01,C31,고안
월보,C31-S00-I00-N01,C31,최주
월보,C31-S00-I00-N01,C31,인생
월보,C31-S00-I00-N01,C31,운명
월보,C31-S00-I00-N01,C31,여하
월보,C31-S00-I00-N01,C31,해석
월보,C31-S00-I00-N01,C31,연비
월보,C31-S00-I00-N01,C31,우인
월보,C31-S00-I00-N01,C31,고최석기씨
월보,C31-S00-I00-N01,C31,오교
월보,C31-S00-I00-N01,C31,독신자
월보,C31-S00-I00-N01,C31,본년
월보,C31-S00-I00-N01,C31,생활차세
월보,C31-S00-I00-N01,C31,일기
월보,C31-S00-I00-N01,C31,피세
월보,C31-S00-I00-N01,C31,차독신자
월보,C31-S00-I00-N01,C31,정령
월보,C31-S00-I00-N01,C31,여하
월보,C31-S00-I00-N01,C31,영적생활
월보,C31-S00-I00-N01,C31,계속
월보,C31-S00-I00-N01,C31,일언
월보,C31-S00-I00-N01,C31,구장림근태씨
월보,C31-S00-I00-N01,C31,어미
월보,C31-S00-I00-N01,C31,同樣
월보,C31-S00-I00-N01,C31,문제
월보,C31-S00-I00-N01,C31,제출
월보,C31-S00-I00-N01,C31,단아
월보,C31-S00-I00-N01,C31,장년신사
월보,C31-S00-I00-N01,C31,잡조파
월보,C31-S00-I00-N01,C31,과단
월보,C31-S00-I00-N01,C31,동정
월보,C31-S00-I00-N01,C31,인물
월보,C31-S00-I00-N01,C31,진중
월보,C31-S00-I00-N01,C31,총신경
월보,C31-S00-I00-N01,C31,소정
월보,C31-S00-I00-N01,C31,감격
월보,C31-S00-I00-N01,C31,이심
월보,C31-S00-I00-N01,C31,일일연
월보,C31-S00-I00-N01,C31,독신자
월보,C31-S00-I00-N01,C31,사망
월보,C31-S00-I00-N01,C31,여하
월보,C31-S00-I00-N01,C31,내세희망
월보,C31-S00-I00-N01,C31,동시
월보,C31-S00-I00-N01,C31,오인
월보,C31-S00-I00-N01,C31,곡지통
월보,C31-S00-I00-N01,C31,추도
월보,C31-S00-I00-N01,C31,동시
월보,C31-S00-I00-N01,C31,신후령격
월보,C31-S00-I00-N01,C31,연구
월보,C31-S00-I00-N01,C31,경력
월보,C31-S00-I00-N01,C31,성무
월보,C31-S00-I00-N01,C31,일군
월보,C31-S00-I00-N01,C31,공지
월보,C31-S00-I00-N01,C31,고탁원무
월보,C31-S00-I00-N01,C31,오교월보
월보,C31-S00-I00-N01,C31,일도소개
월보,C31-S00-I00-N02,C31,기자
월보,C31-S00-I00-N02,C31,최석기탁원무량씨
월보,C31-S00-I00-N02,C31,고원교도중일독씨
월보,C31-S00-I00-N02,C31,호상신자고인
월보,C31-S00-I00-N02,C31,만강
월보,C31-S00-I00-N02,C31,감회
월보,C31-S00-I00-N02,C31,신자
월보,C31-S00-I00-N02,C31,특상대
월보,C31-S00-I00-N02,C31,양씨
월보,C31-S00-I00-N02,C31,사망후일금일
월보,C31-S00-I00-N02,C31,고원교계
월보,C31-S00-I00-N02,C31,일실
월보,C31-S00-I00-N02,C31,신자
월보,C31-S00-I00-N02,C31,정령
월보,C31-S00-I00-N02,C31,영원
월보,C31-S00-I00-N02,C31,현세
월보,C31-S00-I00-N02,C31,영적생활
월보,C31-S00-I00-N02,C31,오인
월보,C31-S00-I00-N02,C31,확신
월보,C31-S00-I00-N02,C31,하자
월보,C31-S00-I00-N02,C31,양씨
월보,C31-S00-I00-N02,C31,귀후일금일씨
월보,C31-S00-I00-N02,C31,영력
월보,C31-S00-I00-N02,C31,명명
월보,C31-S00-I00-N02,C31,자손만대
월보,C31-S00-I00-N02,C31,활동량씨
월보,C31-S00-I00-N02,C31,가족일급기린리
월보,C31-S00-I00-N02,C31,유유신앙생애
월보,C31-S00-I00-N02,C31,개최탁량씨
월보,C31-S00-I00-N02,C31,성격
월보,C31-S00-I00-N02,C31,사업
월보,C31-S00-I00-N02,C31,동차
월보,C31-S00-I00-N02,C31,양륜
월보,C31-S00-I00-N02,C31,최씨
월보,C31-S00-I00-N02,C31,산면
월보,C31-S00-I00-N02,C31,탁씨
월보,C31-S00-I00-N02,C31,야면
월보,C31-S00-I00-N02,C31,기주소
월보,C31-S00-I00-N02,C31,방면
월보,C31-S00-I00-N02,C31,불구
월보,C31-S00-I00-N02,C31,산면
월보,C31-S00-I00-N02,C31,교중활동
월보,C31-S00-I00-N02,C31,탁씨
월보,C31-S00-I00-N02,C31,야면
월보,C31-S00-I00-N02,C31,교성력
월보,C31-S00-I00-N02,C31,동일선상
월보,C31-S00-I00-N02,C31,일비
월보,C31-S00-I00-N02,C31,최씨
월보,C31-S00-I00-N02,C31,개인활동
월보,C31-S00-I00-N02,C31,기장기
월보,C31-S00-I00-N02,C31,탁씨
월보,C31-S00-I00-N02,C31,단체적의무
월보,C31-S00-I00-N02,C31,기력
월보,C31-S00-I00-N02,C31,최씨
월보,C31-S00-I00-N02,C31,처사적신앙
월보,C31-S00-I00-N02,C31,일세명망
월보,C31-S00-I00-N02,C31,탁씨
월보,C31-S00-I00-N02,C31,사회적활동
월보,C31-S00-I00-N02,C31,일대
월보,C31-S00-I00-N02,C31,모범
월보,C31-S00-I00-N02,C31,최씨
월보,C31-S00-I00-N02,C31,본년
월보,C31-S00-I00-N02,C31,육십일세
월보,C31-S00-I00-N02,C31,삼월십사일오전십시
월보,C31-S00-I00-N02,C31,즉생월생일
월보,C31-S00-I00-N02,C31,환원
월보,C31-S00-I00-N02,C31,역기월기일시야
월보,C31-S00-I00-N02,C31,여사
월보,C31-S00-I00-N02,C31,생사
월보,C31-S00-I00-N02,C31,연월일시
월보,C31-S00-I00-N02,C31,전연
월보,C31-S00-I00-N02,C31,동일
월보,C31-S00-I00-N02,C31,재세
월보,C31-S00-I00-N02,C31,봉청송주
월보,C31-S00-I00-N02,C31,수성련심
월보,C31-S00-I00-N02,C31,혹차
월보,C31-S00-I00-N02,C31,기적
월보,C31-S00-I00-N02,C31,우입교
월보,C31-S00-I00-N02,C31,연월
월보,C31-S00-I00-N02,C31,갑오지풍갑진지상무신지변
월보,C31-S00-I00-N02,C31,특수
월보,C31-S00-I00-N02,C31,재이
월보,C31-S00-I00-N02,C31,원각견인
월보,C31-S00-I00-N02,C31,인내
월보,C31-S00-I00-N02,C31,탁씨
월보,C31-S00-I00-N02,C31,최씨
월보,C31-S00-I00-N02,C31,연령
월보,C31-S00-I00-N02,C31,칠춘추
월보,C31-S00-I00-N02,C31,연하
월보,C31-S00-I00-N02,C31,불구
월보,C31-S00-I00-N02,C31,사망
월보,C31-S00-I00-N02,C31,이춘추
월보,C31-S00-I00-N02,C31,연상
월보,C31-S00-I00-N02,C31,기로고근면
월보,C31-S00-I00-N02,C31,최씨
월보,C31-S00-I00-N02,C31,호상대
월보,C31-S00-I00-N02,C31,포덕
월보,C31-S00-I00-N02,C31,감지우감
월보,C31-S00-I00-N02,C31,금일
월보,C31-S00-I00-N02,C31,봉훈
월보,C31-S00-I00-N02,C31,호수
월보,C31-S00-I00-N02,C31,통솔
월보,C31-S00-I00-N02,C31,칠년간전교사
월보,C31-S00-I00-N02,C31,직무
월보,C31-S00-I00-N02,C31,이년간금융원
월보,C31-S00-I00-N02,C31,구무등제로고
월보,C31-S00-I00-N02,C31,실오제
월보,C31-S00-I00-N02,C31,후진
월보,C31-S00-I00-N02,C31,탄복
월보,C31-S00-I00-N02,C31,기자
월보,C31-S00-I00-N02,C31,우왈독신자
월보,C31-S00-I00-N02,C31,정령
월보,C31-S00-I00-N02,C31,영구
월보,C31-S00-I00-N02,C31,불멸
월보,C31-S00-I00-N02,C31,잡조자
월보,C31-S00-I00-N02,C31,확언
월보,C31-S00-I00-N02,C31,시사
월보,C31-S00-I00-N02,C31,대구
월보,C31-S00-I00-N02,C31,참상
월보,C31-S00-I00-N02,C31,오교도
월보,C31-S00-I00-N02,C31,갑오
월보,C31-S00-I00-N02,C31,갑진지분
월보,C31-S00-I00-N02,C31,오교황
월보,C31-S00-I00-N02,C31,억역폐
월보,C31-S00-I00-N02,C31,신산
월보,C31-S00-I00-N02,C31,기십
월보,C31-S00-I00-N02,C31,일난
월보,C31-S00-I00-N02,C31,일흥이난이흥내지백난
월보,C31-S00-I00-N02,C31,백흥
월보,C31-S00-I00-N02,C31,일층
월보,C31-S00-I00-N02,C31,타고
월보,C31-S00-I00-N02,C31,환원
월보,C31-S00-I00-N02,C31,오량신사
월보,C31-S00-I00-N02,C31,정령급기기천기만
월보,C31-S00-I00-N02,C31,信徒
월보,C31-S00-I00-N02,C31,오인
월보,C31-S00-I00-N02,C31,뇌적령좌중
월보,C31-S00-I00-N02,C31,명명
월보,C31-S00-I00-N02,C31,교훈
월보,C31-S00-I00-N02,C31,불외
월보,C31-S00-I00-N03,C31,신자
월보,C31-S00-I00-N03,C31,생활
월보,C31-S00-I00-N03,C31,단육적생활
월보,C31-S00-I00-N03,C31,영적상태
월보,C31-S00-I00-N03,C31,불외
월보,C31-S00-I00-N03,C31,양좌하
월보,C31-S00-I00-N03,C31,최탁량씨
월보,C31-S00-I00-N03,C31,환원
월보,C31-S00-I00-N03,C31,애도
월보,C31-S00-I00-N03,C31,기인정
월보,C31-S00-I00-N03,C31,관습
월보,C31-S00-I00-N03,C31,좌하
월보,C31-S00-I00-N03,C31,단량씨
월보,C31-S00-I00-N03,C31,생전신앙여하
월보,C31-S00-I00-N03,C31,양씨
월보,C31-S00-I00-N03,C31,개인적성패리둔
월보,C31-S00-I00-N03,C31,하자
월보,C31-S00-I00-N03,C31,양씨
월보,C31-S00-I00-N03,C31,정혼
월보,C31-S00-I00-N03,C31,사망당일
월보,C31-S00-I00-N03,C31,오인
월보,C31-S00-I00-N03,C31,영고중
월보,C31-S00-I00-N03,C31,도익오인
월보,C31-S00-I00-N03,C31,장래행복
월보,C31-S00-I00-N03,C31,지도
월보,C31-S00-I00-N03,C31,책임
월보,C31-S00-I00-N03,C31,양씨
월보,C31-S00-I00-N03,C31,미소무어
월보,C31-S00-I00-N03,C31,사벽
월보,C31-S00-I00-N03,C31,적막
월보,C31-S00-I00-N03,C31,시종
월보,C31-S00-I00-N03,C31,십이점
월보,C31-S00-I00-N03,C31,두견성
월보,C31-S00-I00-N03,C31,이일득씨보제적사상
월보,C31-S00-I00-N03,C31,금기복오도
월보,C31-S00-I00-N03,C31,오도
월보,C31-S00-I00-N03,C31,역천
월보,C31-S00-I00-N03,C31,시이
월보,C31-S00-I00-N03,C31,오성
월보,C31-S00-I00-N03,C31,천도
월보,C31-S00-I00-N03,C31,본원
월보,C31-S00-I00-N03,C31,오신
월보,C31-S00-I00-N03,C31,광제
월보,C31-S00-I00-N03,C31,본분
월보,C31-S00-I00-N03,C31,이일득군
월보,C31-S00-I00-N03,C31,평안북도태천군원면인야
월보,C31-S00-I00-N03,C31,입교
월보,C31-S00-I00-N03,C31,경자
월보,C31-S00-I00-N03,C31,기연원
월보,C31-S00-I00-N03,C31,숙부룡초씨
월보,C31-S00-I00-N03,C31,씨왈인
월보,C31-S00-I00-N03,C31,불가불신자
월보,C31-S00-I00-N03,C31,교야
월보,C31-S00-I00-N03,C31,불가불성자
월보,C31-S00-I00-N03,C31,교야
월보,C31-S00-I00-N03,C31,위인이불감불신자
월보,C31-S00-I00-N03,C31,역우하의
월보,C31-S00-I00-N03,C31,승승연전심전정
월보,C31-S00-I00-N03,C31,배각세완속류
월보,C31-S00-I00-N03,C31,정정함양신종성지
월보,C31-S00-I00-N03,C31,오교
월보,C31-S00-I00-N03,C31,진리
월보,C31-S00-I00-N03,C31,대추탈
월보,C31-S00-I00-N03,C31,세로
월보,C31-S00-I00-N03,C31,흑암
월보,C31-S00-I00-N03,C31,개탄
월보,C31-S00-I00-N03,C31,불탄풍우
월보,C31-S00-I00-N03,C31,초헐로식
월보,C31-S00-I00-N03,C31,정의담도강라자
월보,C31-S00-I00-N03,C31,진리강론
월보,C31-S00-I00-N03,C31,전면
월보,C31-S00-I00-N03,C31,만장벽
월보,C31-S00-I00-N03,C31,현금전교실
월보,C31-S00-I00-N03,C31,목표
월보,C31-S00-I00-N03,C31,고도
월보,C31-S00-I00-N03,C31,씨상왈천지지목
월보,C31-S00-I00-N03,C31,기근
월보,C31-S00-I00-N03,C31,일본야
월보,C31-S00-I00-N03,C31,만파지류
월보,C31-S00-I00-N03,C31,기원
월보,C31-S00-I00-N03,C31,일천야
월보,C31-S00-I00-N03,C31,억억종족
월보,C31-S00-I00-N03,C31,기초
월보,C31-S00-I00-N03,C31,一身
월보,C31-S00-I00-N03,C31,황우동일교동일신지오교인호
월보,C31-S00-I00-N03,C31,임난구면
월보,C31-S00-I00-N03,C31,비장부야
월보,C31-S00-I00-N03,C31,견의
월보,C31-S00-I00-N03,C31,비인인야
월보,C31-S00-I00-N03,C31,지도지사
월보,C31-S00-I00-N03,C31,겸공자허
월보,C31-S00-I00-N03,C31,인지소가호자
월보,C31-S00-I00-N03,C31,불대욕호이필시
월보,C31-S00-I00-N03,C31,인지소가취자
월보,C31-S00-I00-N03,C31,불대욕취이필거
월보,C31-S00-I00-N03,C31,불숙의
월보,C32-S00-I00-N01,C32,교리부
월보,C32-S00-I00-N01,C32,구풍미진
월보,C32-S00-I00-N01,C32,선장
월보,C32-S00-I00-N01,C32,의무
월보,C32-S00-I00-N01,C32,흑운혼구
월보,C32-S00-I00-N01,C32,거촉
월보,C32-S00-I00-N01,C32,의사
월보,C32-S00-I00-N01,C32,만우
월보,C32-S00-I00-N01,C32,인명
월보,C32-S00-I00-N01,C32,불발
월보,C32-S00-I00-N01,C32,만정
월보,C32-S00-I00-N01,C32,인명
월보,C32-S00-I00-N01,C32,불타
월보,C32-S00-I00-N01,C32,부심
월보,C32-S00-I00-N01,C32,관자
월보,C32-S00-I00-N01,C32,아심
월보,C32-S00-I00-N01,C32,공중
월보,C32-S00-I00-N01,C32,이화회
월보,C32-S00-I00-N01,C32,내인생
월보,C32-S00-I00-N01,C32,인생
월보,C32-S00-I00-N01,C32,목적
월보,C32-S00-I00-N01,C32,이돈화현명
월보,C32-S00-I00-N01,C32,독자제씨인
월보,C32-S00-I00-N01,C32,우울
월보,C32-S00-I00-N01,C32,동지
월보,C32-S00-I00-N01,C32,기비밀
월보,C32-S00-I00-N01,C32,전시
월보,C32-S00-I00-N01,C32,비애
월보,C32-S00-I00-N01,C32,친근
월보,C32-S00-I00-N01,C32,정조
월보,C32-S00-I00-N01,C32,설파
월보,C32-S00-I00-N01,C32,상인
월보,C32-S00-I00-N01,C32,상정
월보,C32-S00-I00-N01,C32,부기
월보,C32-S00-I00-N01,C32,적자
월보,C32-S00-I00-N01,C32,아기
월보,C32-S00-I00-N01,C32,사외
월보,C32-S00-I00-N01,C32,성화회
월보,C32-S00-I00-N01,C32,벽산
월보,C32-S00-I00-N01,C32,세화란만
월보,C32-S00-I00-N01,C32,광접
월보,C32-S00-I00-N01,C32,용역
월보,C32-S00-I00-N01,C32,음우
월보,C32-S00-I00-N01,C32,천일훈훈오
월보,C32-S00-I00-N01,C32,편복
월보,C32-S00-I00-N01,C32,상사
월보,C32-S00-I00-N01,C32,미완
월보,C32-S00-I00-N01,C32,우울
월보,C32-S00-I00-N01,C32,비애
월보,C32-S00-I00-N01,C32,제씨
월보,C32-S00-I00-N01,C32,전시설파
월보,C32-S00-I00-N01,C32,인생
월보,C32-S00-I00-N01,C32,일부
월보,C32-S00-I00-N01,C32,하고
월보,C32-S00-I00-N01,C32,우울
월보,C32-S00-I00-N01,C32,비애
월보,C32-S00-I00-N01,C32,제씨
월보,C32-S00-I00-N01,C32,일부
월보,C32-S00-I00-N01,C32,목적
월보,C32-S00-I00-N01,C32,번뇌
월보,C32-S00-I00-N01,C32,제씨
월보,C32-S00-I00-N01,C32,인생
월보,C32-S00-I00-N01,C32,여하
월보,C32-S00-I00-N01,C32,해석
월보,C32-S00-I00-N01,C32,제씨
월보,C32-S00-I00-N01,C32,인생
월보,C32-S00-I00-N01,C32,여하
월보,C32-S00-I00-N01,C32,해석
월보,C32-S00-I00-N01,C32,천하
월보,C32-S00-I00-N01,C32,쾌락
월보,C32-S00-I00-N01,C32,고통
월보,C32-S00-I00-N01,C32,낙천
월보,C32-S00-I00-N01,C32,염세
월보,C32-S00-I00-N01,C32,교도
월보,C32-S00-I00-N01,C32,개왈
월보,C32-S00-I00-N01,C32,교리부인생
월보,C32-S00-I00-N01,C32,쾌락
월보,C32-S00-I00-N01,C32,불가
월보,C32-S00-I00-N01,C32,낙천적
월보,C32-S00-I00-N01,C32,불가
월보,C32-S00-I00-N02,C32,고통적인물
월보,C32-S00-I00-N02,C32,병적
월보,C32-S00-I00-N02,C32,인물
월보,C32-S00-I00-N02,C32,염세적주의
월보,C32-S00-I00-N02,C32,마적
월보,C32-S00-I00-N02,C32,인물
월보,C32-S00-I00-N02,C32,병적
월보,C32-S00-I00-N02,C32,인장래
월보,C32-S00-I00-N02,C32,현실
월보,C32-S00-I00-N02,C32,천국
월보,C32-S00-I00-N02,C32,개조
월보,C32-S00-I00-N02,C32,낙천
월보,C32-S00-I00-N02,C32,지도
월보,C32-S00-I00-N02,C32,진보
월보,C32-S00-I00-N02,C32,고통
월보,C32-S00-I00-N02,C32,염세
월보,C32-S00-I00-N02,C32,익익기위
월보,C32-S00-I00-N02,C32,내하
월보,C32-S00-I00-N02,C32,제씨
월보,C32-S00-I00-N02,C32,공자
월보,C32-S00-I00-N02,C32,하고
월보,C32-S00-I00-N02,C32,노자
월보,C32-S00-I00-N02,C32,하고
월보,C32-S00-I00-N02,C32,이제
월보,C32-S00-I00-N02,C32,하고
월보,C32-S00-I00-N02,C32,제씨
월보,C32-S00-I00-N02,C32,시고통
월보,C32-S00-I00-N02,C32,물론상당
월보,C32-S00-I00-N02,C32,이유
월보,C32-S00-I00-N02,C32,고하
월보,C32-S00-I00-N02,C32,물론상당
월보,C32-S00-I00-N02,C32,이유
월보,C32-S00-I00-N02,C32,봉훈
월보,C32-S00-I00-N02,C32,한세교
월보,C32-S00-I00-N02,C32,여하
월보,C32-S00-I00-N02,C32,이유
월보,C32-S00-I00-N02,C32,불구
월보,C32-S00-I00-N02,C32,사실
월보,C32-S00-I00-N02,C32,제씨
월보,C32-S00-I00-N02,C32,일부
월보,C32-S00-I00-N02,C32,극락
월보,C32-S00-I00-N02,C32,지옥
월보,C32-S00-I00-N02,C32,제씨
월보,C32-S00-I00-N02,C32,고통적
월보,C32-S00-I00-N02,C32,제씨
월보,C32-S00-I00-N02,C32,극락실
월보,C32-S00-I00-N02,C32,구수
월보,C32-S00-I00-N02,C32,마매
월보,C32-S00-I00-N02,C32,현천도수
월보,C32-S00-I00-N02,C32,마술
월보,C32-S00-I00-N02,C32,위부불인
월보,C32-S00-I00-N02,C32,인필빈
월보,C32-S00-I00-N02,C32,간검
월보,C32-S00-I00-N02,C32,가신
월보,C32-S00-I00-N02,C32,가애
월보,C32-S00-I00-N02,C32,가애
월보,C32-S00-I00-N02,C32,가애
월보,C32-S00-I00-N02,C32,일층엄론
월보,C32-S00-I00-N02,C32,생사
월보,C32-S00-I00-N02,C32,오인
월보,C32-S00-I00-N02,C32,악롱
월보,C32-S00-I00-N02,C32,시세
월보,C32-S00-I00-N02,C32,가신
월보,C32-S00-I00-N02,C32,억가애
월보,C32-S00-I00-N02,C32,절대지옥
월보,C32-S00-I00-N02,C32,인생
월보,C32-S00-I00-N02,C32,절대고통
월보,C32-S00-I00-N02,C32,교리부
월보,C32-S00-I00-N02,C32,제씨
월보,C32-S00-I00-N02,C32,오인
월보,C32-S00-I00-N02,C32,하고
월보,C32-S00-I00-N02,C32,여사
월보,C32-S00-I00-N02,C32,고통
월보,C32-S00-I00-N02,C32,성정
월보,C32-S00-I00-N02,C32,여사
월보,C32-S00-I00-N02,C32,지옥
월보,C32-S00-I00-N02,C32,유익
월보,C32-S00-I00-N02,C32,시기자
월보,C32-S00-I00-N02,C32,일고
월보,C32-S00-I00-N02,C32,개인생
월보,C32-S00-I00-N02,C32,여사
월보,C32-S00-I00-N02,C32,성정
월보,C32-S00-I00-N02,C32,여사
월보,C32-S00-I00-N02,C32,유과
월보,C32-S00-I00-N02,C32,기정불동
월보,C32-S00-I00-N02,C32,운명
월보,C32-S00-I00-N02,C32,인생
월보,C32-S00-I00-N02,C32,기정불동
월보,C32-S00-I00-N02,C32,운명
월보,C32-S00-I00-N02,C32,불능
월보,C32-S00-I00-N02,C32,여하
월보,C32-S00-I00-N02,C32,하이상
월보,C32-S00-I00-N02,C32,생활
월보,C32-S00-I00-N02,C32,활동
월보,C32-S00-I00-N02,C32,시인생제일단
월보,C32-S00-I00-N02,C32,목적
월보,C32-S00-I00-N02,C32,생활
월보,C32-S00-I00-N02,C32,주소
월보,C32-S00-I00-N02,C32,고통
월보,C32-S00-I00-N02,C32,의식
월보,C32-S00-I00-N02,C32,의약
월보,C32-S00-I00-N02,C32,질병
월보,C32-S00-I00-N02,C32,도덕
월보,C32-S00-I00-N02,C32,충동
월보,C32-S00-I00-N02,C32,調和
월보,C32-S00-I00-N02,C32,종교
월보,C32-S00-I00-N02,C32,정신
월보,C32-S00-I00-N02,C32,위안
월보,C32-S00-I00-N02,C32,정치
월보,C32-S00-I00-N02,C32,방책
월보,C32-S00-I00-N02,C32,포시
월보,C32-S00-I00-N02,C32,시등제반활동
월보,C32-S00-I00-N02,C32,일언
월보,C32-S00-I00-N02,C32,인생
월보,C32-S00-I00-N02,C32,시등
월보,C32-S00-I00-N02,C32,대적
월보,C32-S00-I00-N02,C32,전쟁
월보,C32-S00-I00-N02,C32,개시
월보,C32-S00-I00-N02,C32,불외
월보,C32-S00-I00-N03,C32,고통
월보,C32-S00-I00-N03,C32,세계
월보,C32-S00-I00-N03,C32,진화
월보,C32-S00-I00-N03,C32,진화
월보,C32-S00-I00-N03,C32,즉인생
월보,C32-S00-I00-N03,C32,위력
월보,C32-S00-I00-N03,C32,一切
월보,C32-S00-I00-N03,C32,역사
월보,C32-S00-I00-N03,C32,고통전쟁
월보,C32-S00-I00-N03,C32,고통
월보,C32-S00-I00-N03,C32,만유사
월보,C32-S00-I00-N03,C32,고통
월보,C32-S00-I00-N03,C32,방지
월보,C32-S00-I00-N03,C32,적극적소극적이면
월보,C32-S00-I00-N03,C32,전자
월보,C32-S00-I00-N03,C32,통상인
월보,C32-S00-I00-N03,C32,숙지
월보,C32-S00-I00-N03,C32,방법
월보,C32-S00-I00-N03,C32,후자
월보,C32-S00-I00-N03,C32,고통
월보,C32-S00-I00-N03,C32,근저
월보,C32-S00-I00-N03,C32,근저
월보,C32-S00-I00-N03,C32,일절욕망
월보,C32-S00-I00-N03,C32,수단
월보,C32-S00-I00-N03,C32,제씨
월보,C32-S00-I00-N03,C32,장차하
월보,C32-S00-I00-N03,C32,어팔진
월보,C32-S00-I00-N03,C32,구설
월보,C32-S00-I00-N03,C32,조부
월보,C32-S00-I00-N03,C32,어팔준
월보,C32-S00-I00-N03,C32,구사
월보,C32-S00-I00-N03,C32,벽력
월보,C32-S00-I00-N03,C32,발산
월보,C32-S00-I00-N03,C32,권력
월보,C32-S00-I00-N03,C32,천하
월보,C32-S00-I00-N03,C32,요대
월보,C32-S00-I00-N03,C32,조부
월보,C32-S00-I00-N03,C32,어팔준
월보,C32-S00-I00-N03,C32,구사
월보,C32-S00-I00-N03,C32,여사
월보,C32-S00-I00-N03,C32,인생
월보,C32-S00-I00-N03,C32,불능
월보,C32-S00-I00-N03,C32,망상가설
월보,C32-S00-I00-N03,C32,춘일루
월보,C32-S00-I00-N03,C32,도처사
월보,C32-S00-I00-N03,C32,퇴굴
월보,C32-S00-I00-N03,C32,시현루항곡굉
월보,C32-S00-I00-N03,C32,안회
월보,C32-S00-I00-N03,C32,만족
월보,C32-S00-I00-N03,C32,오류
월보,C32-S00-I00-N03,C32,불능
월보,C32-S00-I00-N03,C32,망상가설
월보,C32-S00-I00-N03,C32,교리부대문명
월보,C32-S00-I00-N03,C32,위반
월보,C32-S00-I00-N03,C32,세간
월보,C32-S00-I00-N03,C32,양주학
월보,C32-S00-I00-N03,C32,타일
월보,C32-S00-I00-N03,C32,기각
월보,C32-S00-I00-N03,C32,타일
월보,C32-S00-I00-N03,C32,원일
월보,C32-S00-I00-N03,C32,인정
월보,C32-S00-I00-N03,C32,상태
월보,C32-S00-I00-N03,C32,욕망
월보,C32-S00-I00-N03,C32,영육
월보,C32-S00-I00-N03,C32,쾌락
월보,C32-S00-I00-N03,C32,공진
월보,C32-S00-I00-N03,C32,자연
월보,C32-S00-I00-N03,C32,시인생
월보,C32-S00-I00-N03,C32,목적
월보,C32-S00-I00-N03,C32,제초단
월보,C32-S00-I00-N03,C32,무의미
월보,C32-S00-I00-N03,C32,해석
월보,C32-S00-I00-N03,C32,우기자
월보,C32-S00-I00-N03,C32,인생
월보,C32-S00-I00-N03,C32,고통해탈
월보,C32-S00-I00-N03,C32,실패
월보,C32-S00-I00-N03,C32,해탈
월보,C32-S00-I00-N03,C32,실패
월보,C32-S00-I00-N03,C32,불득
월보,C32-S00-I00-N03,C32,인생
월보,C32-S00-I00-N03,C32,하고
월보,C32-S00-I00-N03,C32,하고
월보,C32-S00-I00-N03,C32,제씨
월보,C32-S00-I00-N03,C32,기자
월보,C32-S00-I00-N03,C32,회심고정
월보,C32-S00-I00-N03,C32,시인생
월보,C32-S00-I00-N03,C32,무의미
월보,C32-S00-I00-N03,C32,해석
월보,C32-S00-I00-N03,C32,소이
월보,C32-S00-I00-N03,C32,하화
월보,C32-S00-I00-N03,C32,조석연
월보,C32-S00-I00-N03,C32,씨당시가무지불설초리리
월보,C32-S00-I00-N03,C32,인생
월보,C32-S00-I00-N03,C32,무의미
월보,C32-S00-I00-N03,C32,한중
월보,C32-S00-I00-N03,C32,제자금안재함외장강공자류
월보,C32-S00-I00-N03,C32,인생
월보,C32-S00-I00-N03,C32,무의미
월보,C32-S00-I00-N03,C32,천년고도
월보,C32-S00-I00-N03,C32,과거억조
월보,C32-S00-I00-N03,C32,추상
월보,C32-S00-I00-N03,C32,재자가인명사달자성철호걸용부범한
월보,C32-S00-I00-N03,C32,황토령초
월보,C32-S00-I00-N03,C32,적막
월보,C32-S00-I00-N03,C32,신음
월보,C32-S00-I00-N03,C32,소위이제도척구망
월보,C32-S00-I00-N03,C32,인생문제
월보,C32-S00-I00-N03,C32,분묘철학
월보,C32-S00-I00-N03,C32,제씨
월보,C32-S00-I00-N03,C32,분묘
월보,C32-S00-I00-N03,C32,의미
월보,C32-S00-I00-N03,C32,여하
월보,C32-S00-I00-N03,C32,해석
월보,C32-S00-I00-N03,C32,고인총상금인총시총묘
월보,C32-S00-I00-N03,C32,최후수단
월보,C32-S00-I00-N03,C32,상대차별
월보,C32-S00-I00-N03,C32,절대평등
월보,C32-S00-I00-N03,C32,해법
월보,C32-S00-I00-N03,C32,과거억조
월보,C32-S00-I00-N03,C32,분묘
월보,C32-S00-I00-N03,C32,교리부현대억조
월보,C32-S00-I00-N03,C32,분묘
월보,C32-S00-I00-N03,C32,서철
월보,C32-S00-I00-N03,C32,왈인
월보,C32-S00-I00-N03,C32,단명
월보,C32-S00-I00-N03,C32,염세
월보,C32-S00-I00-N03,C32,단동일
월보,C32-S00-I00-N03,C32,사재삼재사
월보,C32-S00-I00-N03,C32,조반
월보,C32-S00-I00-N03,C32,권태
월보,C32-S00-I00-N03,C32,과연
월보,C32-S00-I00-N04,C32,인생
월보,C32-S00-I00-N04,C32,오십년
월보,C32-S00-I00-N04,C32,차근
월보,C32-S00-I00-N04,C32,오십년
월보,C32-S00-I00-N04,C32,조반
월보,C32-S00-I00-N04,C32,동일
월보,C32-S00-I00-N04,C32,사조반
월보,C32-S00-I00-N04,C32,우조조반
월보,C32-S00-I00-N04,C32,하등신취미
월보,C32-S00-I00-N04,C32,기소위진화
월보,C32-S00-I00-N04,C32,물론진화
월보,C32-S00-I00-N04,C32,익습
월보,C32-S00-I00-N04,C32,간주
월보,C32-S00-I00-N04,C32,개자종
월보,C32-S00-I00-N04,C32,이동
월보,C32-S00-I00-N04,C32,진화
월보,C32-S00-I00-N04,C32,인류
월보,C32-S00-I00-N04,C32,사십만년전
월보,C32-S00-I00-N04,C32,인격적활동
월보,C32-S00-I00-N04,C32,금일
월보,C32-S00-I00-N04,C32,역사
월보,C32-S00-I00-N04,C32,오천년
월보,C32-S00-I00-N04,C32,삼십구만오천년
월보,C32-S00-I00-N04,C32,억조
월보,C32-S00-I00-N04,C32,일인
월보,C32-S00-I00-N04,C32,오인
월보,C32-S00-I00-N04,C32,기념중
월보,C32-S00-I00-N04,C32,활동
월보,C32-S00-I00-N04,C32,자무
월보,C32-S00-I00-N04,C32,유오천년이후
월보,C32-S00-I00-N04,C32,인물
월보,C32-S00-I00-N04,C32,일대
월보,C32-S00-I00-N04,C32,일인혹수인
월보,C32-S00-I00-N04,C32,촉화
월보,C32-S00-I00-N04,C32,일기소
월보,C32-S00-I00-N04,C32,위광영
월보,C32-S00-I00-N04,C32,역사
월보,C32-S00-I00-N04,C32,연장
월보,C32-S00-I00-N04,C32,유야무야
월보,C32-S00-I00-N04,C32,면상
월보,C32-S00-I00-N04,C32,소멸
월보,C32-S00-I00-N04,C32,인생
월보,C32-S00-I00-N04,C32,물론리유
월보,C32-S00-I00-N04,C32,불득
월보,C32-S00-I00-N04,C32,불득
월보,C32-S00-I00-N04,C32,시인생
월보,C32-S00-I00-N04,C32,이유
월보,C32-S00-I00-N04,C32,오미래
월보,C32-S00-I00-N04,C32,인생
월보,C32-S00-I00-N04,C32,혹시대
월보,C32-S00-I00-N04,C32,항공선
월보,C32-S00-I00-N04,C32,불용
월보,C32-S00-I00-N04,C32,공중
월보,C32-S00-I00-N04,C32,비행
월보,C32-S00-I00-N04,C32,시기
월보,C32-S00-I00-N04,C32,불지
월보,C32-S00-I00-N04,C32,전기
월보,C32-S00-I00-N04,C32,이용
월보,C32-S00-I00-N04,C32,의식
월보,C32-S00-I00-N04,C32,공급
월보,C32-S00-I00-N04,C32,농공
월보,C32-S00-I00-N04,C32,의식
월보,C32-S00-I00-N04,C32,공급
월보,C32-S00-I00-N04,C32,불사
월보,C32-S00-I00-N04,C32,선술
월보,C32-S00-I00-N04,C32,장생
월보,C32-S00-I00-N04,C32,지도
월보,C32-S00-I00-N04,C32,기이지
월보,C32-S00-I00-N04,C32,인류
월보,C32-S00-I00-N04,C32,범위
월보,C32-S00-I00-N04,C32,연장
월보,C32-S00-I00-N04,C32,시대
월보,C32-S00-I00-N04,C32,불가
월보,C32-S00-I00-N04,C32,인생
월보,C32-S00-I00-N04,C32,신대
월보,C32-S00-I00-N04,C32,최후
월보,C32-S00-I00-N04,C32,윤회전생
월보,C32-S00-I00-N04,C32,오인
월보,C32-S00-I00-N04,C32,무의미
월보,C32-S00-I00-N04,C32,조소
월보,C32-S00-I00-N04,C32,교리부
월보,C32-S00-I00-N04,C32,기리
월보,C32-S00-I00-N04,C32,하등의의
월보,C32-S00-I00-N04,C32,조직
월보,C32-S00-I00-N04,C32,인기자
월보,C32-S00-I00-N04,C32,무의미
월보,C32-S00-I00-N04,C32,포기자
월보,C32-S00-I00-N04,C32,무의미
월보,C32-S00-I00-N04,C32,하이
월보,C32-S00-I00-N04,C32,제씨
월보,C32-S00-I00-N04,C32,인생
월보,C32-S00-I00-N04,C32,무의미
월보,C32-S00-I00-N04,C32,무의미
월보,C32-S00-I00-N04,C32,인생
월보,C32-S00-I00-N04,C32,목적
월보,C32-S00-I00-N04,C32,개자종
월보,C32-S00-I00-N04,C32,견출
월보,C32-S00-I00-N04,C32,불능
월보,C32-S00-I00-N04,C32,단인생
월보,C32-S00-I00-N04,C32,사실
월보,C32-S00-I00-N04,C32,하고
월보,C32-S00-I00-N04,C32,인생
월보,C32-S00-I00-N04,C32,오인
월보,C32-S00-I00-N04,C32,인생
월보,C32-S00-I00-N04,C32,진화
월보,C32-S00-I00-N04,C32,하고
월보,C32-S00-I00-N04,C32,인생
월보,C32-S00-I00-N04,C32,진화
월보,C32-S00-I00-N04,C32,접근
월보,C32-S00-I00-N04,C32,직접신
월보,C32-S00-I00-N04,C32,봉훈
월보,C32-S00-I00-N04,C32,이양배
월보,C32-S00-I00-N04,C32,신상
월보,C32-S00-I00-N04,C32,오인
월보,C32-S00-I00-N04,C32,최고사
월보,C32-S00-I00-N04,C32,무의미
월보,C32-S00-I00-N04,C32,생활
월보,C32-S00-I00-N04,C32,수겁이래
월보,C32-S00-I00-N04,C32,계속
월보,C32-S00-I00-N04,C32,인생
월보,C32-S00-I00-N04,C32,무의미
월보,C32-S00-I00-N04,C32,생활
월보,C32-S00-I00-N04,C32,즉대의미
월보,C32-S00-I00-N04,C32,생활
월보,C32-S00-I00-N04,C32,인생
월보,C32-S00-I00-N04,C32,최종목적
월보,C32-S00-I00-N04,C32,신기자
월보,C32-S00-I00-N04,C32,일생
월보,C32-S00-I00-N04,C32,최대사업
월보,C32-S00-I00-N04,C32,목적
월보,C32-S00-I00-N04,C32,수양일조
월보,C32-S00-I00-N04,C32,수양문학실업정치과학등
월보,C32-S00-I00-N04,C32,목적
월보,C32-S00-I00-N04,C32,조건
월보,C32-S00-I00-N04,C32,역발달연구
월보,C32-S00-I00-N04,C32,불가
월보,C32-S00-I00-N04,C32,인생
월보,C32-S00-I00-N04,C32,적라라최종목적
월보,C32-S00-I00-N04,C32,수양기자
월보,C32-S00-I00-N04,C32,만승
월보,C32-S00-I00-N04,C32,대각자
월보,C32-S00-I00-N05,C32,간의대부
월보,C32-S00-I00-N05,C32,엄둔사
월보,C32-S00-I00-N05,C32,교리부제씨
월보,C32-S00-I00-N05,C32,인생
월보,C32-S00-I00-N05,C32,절대고통
월보,C32-S00-I00-N05,C32,절대지옥
월보,C32-S00-I00-N05,C32,인생
월보,C32-S00-I00-N05,C32,차절대고통
월보,C32-S00-I00-N05,C32,고통
월보,C32-S00-I00-N05,C32,타승
월보,C32-S00-I00-N05,C32,절대지옥
월보,C32-S00-I00-N05,C32,지옥
월보,C32-S00-I00-N05,C32,인생
월보,C32-S00-I00-N05,C32,위력
월보,C32-S00-I00-N05,C32,발현
월보,C32-S00-I00-N05,C32,역인생
월보,C32-S00-I00-N05,C32,최종목적
월보,C32-S00-I00-N05,C32,오호관금광희관
월보,C32-S00-I00-N05,C32,항해
월보,C32-S00-I00-N05,C32,나반침
월보,C32-S00-I00-N05,C32,발전
월보,C32-S00-I00-N05,C32,대나모
월보,C32-S00-I00-N05,C32,현묘
월보,C32-S00-I00-N05,C32,극안
월보,C32-S00-I00-N05,C32,원동력
월보,C32-S00-I00-N05,C32,원경
월보,C32-S00-I00-N05,C32,발사
월보,C32-S00-I00-N05,C32,보물
월보,C32-S00-I00-N05,C32,진상
월보,C32-S00-I00-N05,C32,반광선
월보,C32-S00-I00-N05,C32,천문
월보,C32-S00-I00-N05,C32,개활
월보,C32-S00-I00-N05,C32,활림
월보,C32-S00-I00-N05,C32,영고
월보,C32-S00-I00-N05,C32,기작용
월보,C32-S00-I00-N05,C32,전점
월보,C32-S00-I00-N05,C32,방임
월보,C32-S00-I00-N05,C32,여효여도력
월보,C32-S00-I00-N05,C32,성적
월보,C32-S00-I00-N05,C32,여하
월보,C32-S00-I00-N05,C32,시종
월보,C32-S00-I00-N05,C32,전면
월보,C32-S00-I00-N05,C32,진퇴
월보,C32-S00-I00-N05,C32,의자
월보,C32-S00-I00-N05,C32,해명
월보,C32-S00-I00-N05,C32,요개
월보,C32-S00-I00-N05,C32,결료
월보,C32-S00-I00-N05,C32,선각마
월보,C32-S00-I00-N05,C32,원통원범마
월보,C32-S00-I00-N05,C32,사물상리해득실
월보,C32-S00-I00-N05,C32,영향
월보,C32-S00-I00-N05,C32,관련
월보,C32-S00-I00-N05,C32,항양인
월보,C32-S00-I00-N05,C32,목적거리방면
월보,C32-S00-I00-N05,C32,반대
월보,C32-S00-I00-N05,C32,구애적
월보,C32-S00-I00-N05,C32,개립
월보,C32-S00-I00-N05,C32,개자
월보,C32-S00-I00-N05,C32,상례
월보,C32-S00-I00-N05,C32,총명칭
월보,C32-S00-I00-N05,C32,시자
월보,C32-S00-I00-N05,C32,여하
월보,C32-S00-I00-N05,C32,고능력
월보,C32-S00-I00-N05,C32,성질
월보,C32-S00-I00-N05,C32,함유
월보,C32-S00-I00-N05,C32,유기적
월보,C32-S00-I00-N05,C32,무기적
월보,C32-S00-I00-N05,C32,직접혹간접
월보,C32-S00-I00-N05,C32,상무적세계
월보,C32-S00-I00-N05,C32,채권
월보,C32-S00-I00-N05,C32,소유
월보,C32-S00-I00-N05,C32,감시
월보,C32-S00-I00-N05,C32,지휘
월보,C32-S00-I00-N05,C32,집행
월보,C32-S00-I00-N05,C32,천만중생
월보,C32-S00-I00-N05,C32,마해
월보,C32-S00-I00-N05,C32,겁파
월보,C32-S00-I00-N05,C32,법보곤복마전
월보,C32-S00-I00-N05,C32,건축
월보,C32-S00-I00-N05,C32,가가연처처
월보,C32-S00-I00-N05,C32,법연
월보,C32-S00-I00-N05,C32,공사
월보,C32-S00-I00-N05,C32,미반
월보,C32-S00-I00-N05,C32,별양자진개적
월보,C32-S00-I00-N05,C32,마위마
월보,C32-S00-I00-N05,C32,원인
월보,C32-S00-I00-N05,C32,도화
월보,C32-S00-I00-N05,C32,방법
월보,C32-S00-I00-N05,C32,적요
월보,C32-S00-I00-N05,C32,활무대소
월보,C32-S00-I00-N05,C32,극락세계
월보,C32-S00-I00-N05,C32,중생
월보,C32-S00-I00-N05,C32,진취
월보,C32-S00-I00-N05,C32,이기
월보,C33-S00-I00-N01,C33,잡조잡금강산추억대신사리돈화려행
월보,C33-S00-I00-N01,C33,학소년
월보,C33-S00-I00-N01,C33,한사
월보,C33-S00-I00-N01,C33,개중
월보,C33-S00-I00-N01,C33,일부
월보,C33-S00-I00-N01,C33,신문장
월보,C33-S00-I00-N01,C33,영국문호
월보,C33-S00-I00-N01,C33,왈려행
월보,C33-S00-I00-N01,C33,노년
월보,C33-S00-I00-N01,C33,경험
월보,C33-S00-I00-N01,C33,일부분
월보,C33-S00-I00-N01,C33,청년
월보,C33-S00-I00-N01,C33,학식
월보,C33-S00-I00-N01,C33,일부분
월보,C33-S00-I00-N01,C33,여행
월보,C33-S00-I00-N01,C33,문장일부
월보,C33-S00-I00-N01,C33,정신수양
월보,C33-S00-I00-N01,C33,고고탐승
월보,C33-S00-I00-N01,C33,여행
월보,C33-S00-I00-N01,C33,저심대
월보,C33-S00-I00-N01,C33,기자
월보,C33-S00-I00-N01,C33,기휴가
월보,C33-S00-I00-N01,C33,이용
월보,C33-S00-I00-N01,C33,금강산려행
월보,C33-S00-I00-N02,C33,개금강산
월보,C33-S00-I00-N02,C33,오교
월보,C33-S00-I00-N02,C33,심심
월보,C33-S00-I00-N02,C33,인연
월보,C33-S00-I00-N02,C33,질유
월보,C33-S00-I00-N02,C33,심고
월보,C33-S00-I00-N02,C33,오교원조대신사
월보,C33-S00-I00-N02,C33,금강산
월보,C33-S00-I00-N02,C33,증유
월보,C33-S00-I00-N02,C33,사적
월보,C33-S00-I00-N02,C33,역연
월보,C33-S00-I00-N02,C33,대신사몽중로소문답가
월보,C33-S00-I00-N02,C33,왈금강산상상봉
월보,C33-S00-I00-N02,C33,표의관관일도사
월보,C33-S00-I00-N02,C33,수신제가
월보,C33-S00-I00-N02,C33,하원갑
월보,C33-S00-I00-N02,C33,편답강산
월보,C33-S00-I00-N02,C33,만고
월보,C33-S00-I00-N02,C33,무극원갑
월보,C33-S00-I00-N02,C33,경천수도
월보,C33-S00-I00-N02,C33,하략
월보,C33-S00-I00-N02,C33,시즉오인
월보,C33-S00-I00-N02,C33,금강산
월보,C33-S00-I00-N02,C33,애모
월보,C33-S00-I00-N02,C33,소이
월보,C33-S00-I00-N02,C33,여행
월보,C33-S00-I00-N02,C33,기동기
월보,C33-S00-I00-N02,C33,차인연
월보,C33-S00-I00-N02,C33,명백
월보,C33-S00-I00-N02,C33,물론불사의
월보,C33-S00-I00-N02,C33,풍류
월보,C33-S00-I00-N02,C33,산하만리답파
월보,C33-S00-I00-N02,C33,여장중
월보,C33-S00-I00-N02,C33,일단절
월보,C33-S00-I00-N02,C33,무상
월보,C33-S00-I00-N02,C33,호반려
월보,C33-S00-I00-N02,C33,일보고일보저상상봉
월보,C33-S00-I00-N02,C33,모일
월보,C33-S00-I00-N02,C33,도인
월보,C33-S00-I00-N02,C33,일만이봉
월보,C33-S00-I00-N02,C33,백련타
월보,C33-S00-I00-N02,C33,사시
월보,C33-S00-I00-N02,C33,천고
월보,C33-S00-I00-N02,C33,운해반공
월보,C33-S00-I00-N02,C33,흘립
월보,C33-S00-I00-N02,C33,불타
월보,C33-S00-I00-N02,C33,십천왕
월보,C33-S00-I00-N02,C33,세도
월보,C33-S00-I00-N02,C33,환상
월보,C33-S00-I00-N02,C33,조소
월보,C33-S00-I00-N02,C33,인사
월보,C33-S00-I00-N02,C33,무상
월보,C33-S00-I00-N02,C33,질비
월보,C33-S00-I00-N02,C33,오호연월
월보,C33-S00-I00-N02,C33,촌리
월보,C33-S00-I00-N02,C33,천고영웅
월보,C33-S00-I00-N02,C33,장악
월보,C33-S00-I00-N02,C33,대웅관
월보,C33-S00-I00-N02,C33,물론천하
월보,C33-S00-I00-N02,C33,명승
월보,C33-S00-I00-N02,C33,압도
월보,C33-S00-I00-N02,C33,금강산
월보,C33-S00-I00-N02,C33,석금강
월보,C33-S00-I00-N02,C33,기중기
월보,C33-S00-I00-N02,C33,해금강
월보,C33-S00-I00-N02,C33,괴중괴
월보,C33-S00-I00-N02,C33,폭금강
월보,C33-S00-I00-N02,C33,묘중묘
월보,C33-S00-I00-N02,C33,하자
월보,C33-S00-I00-N02,C33,기구별경
월보,C33-S00-I00-N02,C33,산금강
월보,C33-S00-I00-N02,C33,세인
월보,C33-S00-I00-N02,C33,산금강
월보,C33-S00-I00-N02,C33,웅중웅
월보,C33-S00-I00-N02,C33,금강전체
월보,C33-S00-I00-N02,C33,총합대관
월보,C33-S00-I00-N02,C33,시금강산지대관법
월보,C33-S00-I00-N02,C33,부일야
월보,C33-S00-I00-N02,C33,건곤
월보,C33-S00-I00-N02,C33,안공
월보,C33-S00-I00-N02,C33,배회
월보,C33-S00-I00-N02,C33,분동서
월보,C33-S00-I00-N02,C33,산악
월보,C33-S00-I00-N02,C33,지두
월보,C33-S00-I00-N02,C33,상하
월보,C33-S00-I00-N02,C33,망무제
월보,C33-S00-I00-N02,C33,창명
월보,C33-S00-I00-N02,C33,부감
월보,C33-S00-I00-N02,C33,천하
월보,C33-S00-I00-N02,C33,장관
월보,C33-S00-I00-N03,C33,오호
월보,C33-S00-I00-N03,C33,금강
월보,C33-S00-I00-N03,C33,창해
월보,C33-S00-I00-N03,C33,천지
월보,C33-S00-I00-N03,C33,일대자웅
월보,C33-S00-I00-N03,C33,금강
월보,C33-S00-I00-N03,C33,혹로도격
월보,C33-S00-I00-N03,C33,흔천동지
월보,C33-S00-I00-N03,C33,사자후
월보,C33-S00-I00-N03,C33,우혹세파정편사모영
월보,C33-S00-I00-N03,C33,불자미
월보,C33-S00-I00-N03,C33,장차금금강
월보,C33-S00-I00-N03,C33,성송
월보,C33-S00-I00-N03,C33,창해
월보,C33-S00-I00-N03,C33,구기
월보,C33-S00-I00-N03,C33,장차강
월보,C33-S00-I00-N03,C33,소허
월보,C33-S00-I00-N03,C33,창해
월보,C33-S00-I00-N03,C33,범려
월보,C33-S00-I00-N03,C33,금강
월보,C33-S00-I00-N03,C33,창해
월보,C33-S00-I00-N03,C33,창해
월보,C33-S00-I00-N03,C33,금강
월보,C33-S00-I00-N03,C33,금강
월보,C33-S00-I00-N03,C33,창해
월보,C33-S00-I00-N03,C33,자웅
월보,C33-S00-I00-N03,C33,대자연
월보,C33-S00-I00-N03,C33,금강
월보,C33-S00-I00-N03,C33,아조선
월보,C33-S00-I00-N03,C33,연사피리순
월보,C33-S00-I00-N03,C33,금강
월보,C33-S00-I00-N03,C33,과연
월보,C33-S00-I00-N03,C33,아조선
월보,C33-S00-I00-N03,C33,연사피리순
월보,C33-S00-I00-N03,C33,아조선
월보,C33-S00-I00-N03,C33,우연
월보,C33-S00-I00-N03,C33,대신사
월보,C33-S00-I00-N03,C33,금강
월보,C33-S00-I00-N03,C33,역우연
월보,C33-S00-I00-N03,C33,대지만리
월보,C33-S00-I00-N03,C33,일금강라
월보,C33-S00-I00-N03,C33,시간천고
월보,C33-S00-I00-N03,C33,일대신
월보,C33-S00-I00-N03,C33,금강
월보,C33-S00-I00-N03,C33,대신사
월보,C33-S00-I00-N03,C33,세계
월보,C33-S00-I00-N03,C33,영화
월보,C33-S00-I00-N03,C33,인야
월보,C33-S00-I00-N03,C33,인야
월보,C33-S00-I00-N03,C33,오호
월보,C33-S00-I00-N03,C33,비로봉
월보,C33-S00-I00-N03,C33,금강산최고봉
월보,C33-S00-I00-N03,C33,백년후금일
월보,C33-S00-I00-N03,C33,웅위
월보,C33-S00-I00-N03,C33,무언
월보,C33-S00-I00-N03,C33,교훈
월보,C33-S00-I00-N03,C33,불식
월보,C33-S00-I00-N03,C33,神人
월보,C33-S00-I00-N03,C33,하처천지
월보,C33-S00-I00-N03,C33,석벽반조정
월보,C33-S00-I00-N03,C33,고인
월보,C33-S00-I00-N03,C33,석벽반선인
월보,C33-S00-I00-N03,C33,석벽
월보,C33-S00-I00-N03,C33,석벽
월보,C33-S00-I00-N03,C33,석벽도처
월보,C33-S00-I00-N03,C33,재자달사
월보,C33-S00-I00-N03,C33,기재
월보,C33-S00-I00-N03,C33,시등달사
월보,C33-S00-I00-N03,C33,명반
월보,C33-S00-I00-N03,C33,대신사
월보,C33-S00-I00-N03,C33,기적
월보,C33-S00-I00-N03,C33,망상
월보,C33-S00-I00-N03,C33,하고
월보,C33-S00-I00-N03,C33,금강산
월보,C33-S00-I00-N03,C33,대관
월보,C33-S00-I00-N03,C33,즉대신
월보,C33-S00-I00-N03,C33,만폭동천
월보,C33-S00-I00-N03,C33,채홍
월보,C33-S00-I00-N03,C33,횡괘
월보,C33-S00-I00-N03,C33,神人
월보,C33-S00-I00-N03,C33,백운대상
월보,C33-S00-I00-N03,C33,산월
월보,C33-S00-I00-N03,C33,휘휘
월보,C33-S00-I00-N03,C33,神人
월보,C33-S00-I00-N03,C33,청학봉출
월보,C33-S00-I00-N03,C33,기암
월보,C33-S00-I00-N03,C33,외외
월보,C33-S00-I00-N03,C33,神人
월보,C33-S00-I00-N03,C33,은선암중
월보,C33-S00-I00-N03,C33,한운
월보,C33-S00-I00-N03,C33,봉훈
월보,C33-S00-I00-N03,C33,박수동씨
월보,C33-S00-I00-N03,C33,삼오
월보,C33-S00-I00-N03,C33,잡조신인
월보,C33-S00-I00-N03,C33,내지
월보,C33-S00-I00-N03,C33,神人
월보,C33-S00-I00-N03,C33,영맥
월보,C33-S00-I00-N03,C33,대천일진
월보,C33-S00-I00-N03,C33,명산대천
월보,C33-S00-I00-N03,C33,광풍제월
월보,C33-S00-I00-N03,C33,일천사해
월보,C33-S00-I00-N03,C33,오인
월보,C33-S00-I00-N03,C33,명명
월보,C33-S00-I00-N03,C33,교훈
월보,C33-S00-I00-N03,C33,神人
월보,C33-S00-I00-N03,C33,애모
월보,C33-S00-I00-N03,C33,대자연
월보,C33-S00-I00-N03,C33,대자연
월보,C33-S00-I00-N03,C33,神人
월보,C33-S00-I00-N03,C33,시적사고
월보,C33-S00-I00-N03,C33,하산
월보,C33-S00-I00-N03,C33,잠시송풍
월보,C33-S00-I00-N03,C33,홀연초부
월보,C33-S00-I00-N03,C33,중생
월보,C33-S00-I00-N03,C33,망망
월보,C33-S00-I00-N03,C33,대구상
월보,C33-S00-I00-N03,C33,재자가인
월보,C33-S00-I00-N03,C33,절대영웅
월보,C33-S00-I00-N03,C33,세계
월보,C33-S00-I00-N03,C33,환영
월보,C33-S00-I00-N03,C33,인생
월보,C33-S00-I00-N03,C33,포화
월보,C33-S00-I00-N03,C33,재색
월보,C33-S00-I00-N03,C33,해파
월보,C33-S00-I00-N03,C33,상전
월보,C33-S00-I00-N03,C33,부귀
월보,C33-S00-I00-N03,C33,한무
월보,C33-S00-I00-N03,C33,진토
월보,C33-S00-I00-N03,C33,천도교
월보,C33-S00-I00-N03,C33,神人
월보,C33-S00-I00-N03,C33,찰나찰나
월보,C33-S00-I00-N03,C33,직서상화업
월보,C33-S00-I00-N03,C33,유진사업
월보,C33-S00-I00-N03,C33,무진사업
월보,C33-S00-I00-N03,C33,일일
월보,C33-S00-I00-N03,C33,오호아첨덕
월보,C33-S00-I00-N03,C33,첨덕
월보,C33-S00-I00-N03,C33,착수
월보,C33-S00-I00-N03,C33,일월
월보,C33-S00-I00-N03,C33,가성
월보,C33-S00-I00-N03,C33,기년
월보,C33-S00-I00-N03,C33,가필
월보,C33-S00-I00-N03,C33,기십년
월보,C33-S00-I00-N03,C33,가각
월보,C33-S00-I00-N03,C33,찰나찰나
월보,C33-S00-I00-N03,C33,찰나찰나
월보,C33-S00-I00-N03,C33,망언
월보,C33-S00-I00-N03,C33,냉담
월보,C33-S00-I00-N03,C33,동시
월보,C33-S00-I00-N03,C33,아문
월보,C33-S00-I00-N03,C33,요결
월보,C33-S00-I00-N03,C33,오제
월보,C33-S00-I00-N03,C33,냉혈무정자
월보,C33-S00-I00-N03,C33,한참적
월보,C33-S00-I00-N03,C33,불가
월보,C33-S00-I00-N03,C33,불가
월보,C33-S00-I00-N03,C33,범위차세
월보,C33-S00-I00-N03,C33,유상
월보,C33-S00-I00-N03,C33,작위
월보,C33-S00-I00-N03,C33,도저불가능
월보,C33-S00-I00-N03,C33,무상
월보,C33-S00-I00-N03,C33,무상
월보,C33-S00-I00-N03,C33,무상
월보,C33-S00-I00-N03,C33,오인
월보,C33-S00-I00-N03,C33,심마
월보,C33-S00-I00-N03,C33,계급
월보,C33-S00-I00-N03,C33,십마
월보,C33-S00-I00-N03,C33,물실
월보,C33-S00-I00-N03,C33,지침
월보,C33-S00-I00-N03,C33,일개공과
월보,C33-S00-I00-N03,C33,완료
월보,C33-S00-I00-N03,C33,평범
월보,C33-S00-I00-N03,C33,중생
월보,C33-S00-I00-N03,C33,평생
월보,C33-S00-I00-N03,C33,광음
월보,C33-S00-I00-N03,C33,미망
월보,C33-S00-I00-N03,C33,허수
월보,C33-S00-I00-N03,C33,허탄
월보,C33-S00-I00-N03,C33,신음
월보,C33-S00-I00-N03,C33,고상
월보,C33-S00-I00-N03,C33,인격
월보,C33-S00-I00-N03,C33,양성
월보,C33-S00-I00-N03,C33,고차물론
월보,C33-S00-I00-N03,C33,열등
월보,C33-S00-I00-N03,C33,미면
월보,C33-S00-I00-N03,C33,오호차희희
월보,C33-S00-I00-N03,C33,사상감정
월보,C33-S00-I00-N03,C33,평범몰취미
월보,C33-S00-I00-N03,C33,능동적
월보,C33-S00-I00-N03,C33,활보
월보,C33-S00-I00-N03,C33,요요
월보,C33-S00-I00-N03,C33,정로
월보,C33-S00-I00-N03,C33,불가
월보,C33-S00-I00-N04,C33,수양
월보,C33-S00-I00-N04,C33,一切
월보,C33-S00-I00-N04,C33,방면
월보,C33-S00-I00-N04,C33,수양
월보,C33-S00-I00-N04,C33,수양
월보,C33-S00-I00-N04,C33,수양
월보,C34-S00-I00-N01,C34,강연
월보,C34-S00-I00-N01,C34,봉봉동탁
월보,C34-S00-I00-N01,C34,해훼
월보,C34-S00-I00-N01,C34,익독
월보,C34-S00-I00-N01,C34,자유
월보,C34-S00-I00-N01,C34,초야
월보,C34-S00-I00-N01,C34,일척천금
월보,C34-S00-I00-N01,C34,종야
월보,C34-S00-I00-N01,C34,삼순구식
월보,C34-S00-I00-N01,C34,불급
월보,C34-S00-I00-N01,C34,초야
월보,C34-S00-I00-N01,C34,주문여해
월보,C34-S00-I00-N01,C34,종야
월보,C34-S00-I00-N01,C34,승추옹유
월보,C34-S00-I00-N01,C34,지보
월보,C34-S00-I00-N01,C34,무로
월보,C34-S00-I00-N01,C34,소극적인위
월보,C34-S00-I00-N01,C34,연칙적극적방면
월보,C34-S00-I00-N01,C34,천위
월보,C34-S00-I00-N01,C34,수장
월보,C34-S00-I00-N01,C34,진화
월보,C34-S00-I00-N01,C34,인위
월보,C34-S00-I00-N01,C34,승어천위
월보,C34-S00-I00-N01,C34,소극적방면
월보,C34-S00-I00-N01,C34,천위수참
월보,C34-S00-I00-N01,C34,악착
월보,C34-S00-I00-N01,C34,인위
월보,C34-S00-I00-N01,C34,심어천위
월보,C34-S00-I00-N01,C34,맹자왈천시불여지리
월보,C34-S00-I00-N01,C34,지리불여인화
월보,C34-S00-I00-N01,C34,인위적극
월보,C34-S00-I00-N01,C34,승어천위야
월보,C34-S00-I00-N01,C34,불씨우왈천살기
월보,C34-S00-I00-N01,C34,이성이숙
월보,C34-S00-I00-N01,C34,지발살기
월보,C34-S00-I00-N01,C34,용사기
월보,C34-S00-I00-N01,C34,인발살기
월보,C34-S00-I00-N01,C34,천지번복
월보,C34-S00-I00-N01,C34,위소극
월보,C34-S00-I00-N01,C34,승어천위야
월보,C34-S00-I00-N01,C34,대우주지련애리교화
월보,C34-S00-I00-N01,C34,영대
월보,C34-S00-I00-N01,C34,일종불사의
월보,C34-S00-I00-N01,C34,대비장
월보,C34-S00-I00-N01,C34,일종불가사의
월보,C34-S00-I00-N01,C34,경애
월보,C34-S00-I00-N01,C34,편달
월보,C34-S00-I00-N01,C34,차불사의
월보,C34-S00-I00-N01,C34,비장
월보,C34-S00-I00-N01,C34,생로병사
월보,C34-S00-I00-N01,C34,애별리고
월보,C34-S00-I00-N01,C34,빈한천루
월보,C34-S00-I00-N01,C34,기제
월보,C34-S00-I00-N01,C34,관차
월보,C34-S00-I00-N01,C34,기근
월보,C34-S00-I00-N01,C34,유차
월보,C34-S00-I00-N01,C34,구신적현상
월보,C34-S00-I00-N01,C34,혹수월소요
월보,C34-S00-I00-N01,C34,망창
월보,C34-S00-I00-N01,C34,태허
월보,C34-S00-I00-N01,C34,앙관
월보,C34-S00-I00-N01,C34,억무량
월보,C34-S00-I00-N01,C34,성신
월보,C34-S00-I00-N01,C34,무언
월보,C34-S00-I00-N01,C34,교훈
월보,C34-S00-I00-N01,C34,여사
월보,C34-S00-I00-N01,C34,감상
월보,C34-S00-I00-N02,C34,미재
월보,C34-S00-I00-N02,C34,성세계
월보,C34-S00-I00-N02,C34,피진무량성
월보,C34-S00-I00-N02,C34,열구
월보,C34-S00-I00-N02,C34,필경오인
월보,C34-S00-I00-N02,C34,영적생물
월보,C34-S00-I00-N02,C34,서식
월보,C34-S00-I00-N02,C34,별구
월보,C34-S00-I00-N02,C34,과연
월보,C34-S00-I00-N02,C34,피성계
월보,C34-S00-I00-N02,C34,혹여
월보,C34-S00-I00-N02,C34,수월탐흥
월보,C34-S00-I00-N02,C34,기지
월보,C34-S00-I00-N02,C34,불지
월보,C34-S00-I00-N02,C34,우주적대령파
월보,C34-S00-I00-N02,C34,피차간령상
월보,C34-S00-I00-N02,C34,암암
월보,C34-S00-I00-N02,C34,사고
월보,C34-S00-I00-N02,C34,강연일찰나
월보,C34-S00-I00-N02,C34,일종
월보,C34-S00-I00-N02,C34,대비장
월보,C34-S00-I00-N02,C34,불사의전자파
월보,C34-S00-I00-N02,C34,은하
월보,C34-S00-I00-N02,C34,서경
월보,C34-S00-I00-N02,C34,만뢰구
월보,C34-S00-I00-N02,C34,중소
월보,C34-S00-I00-N02,C34,독좌정관
월보,C34-S00-I00-N02,C34,신뢰
월보,C34-S00-I00-N02,C34,아강내일선기맥
월보,C34-S00-I00-N02,C34,만우주
월보,C34-S00-I00-N02,C34,호기
월보,C34-S00-I00-N02,C34,팔극
월보,C34-S00-I00-N02,C34,신유
월보,C34-S00-I00-N02,C34,무시
월보,C34-S00-I00-N02,C34,세계
월보,C34-S00-I00-N02,C34,방랑
월보,C34-S00-I00-N02,C34,역일종대비장
월보,C34-S00-I00-N02,C34,애호
월보,C34-S00-I00-N02,C34,객창상풍
월보,C34-S00-I00-N02,C34,무수
월보,C34-S00-I00-N02,C34,낙엽
월보,C34-S00-I00-N02,C34,한우
월보,C34-S00-I00-N02,C34,정제
월보,C34-S00-I00-N02,C34,한독
월보,C34-S00-I00-N02,C34,일승
월보,C34-S00-I00-N02,C34,필사
월보,C34-S00-I00-N02,C34,홀연운제
월보,C34-S00-I00-N02,C34,일안고규
월보,C34-S00-I00-N02,C34,인생
월보,C34-S00-I00-N02,C34,자유
월보,C34-S00-I00-N02,C34,비신
월보,C34-S00-I00-N02,C34,기실
월보,C34-S00-I00-N02,C34,대우주
월보,C34-S00-I00-N02,C34,대비장
월보,C34-S00-I00-N02,C34,개비장
월보,C34-S00-I00-N02,C34,연애
월보,C34-S00-I00-N02,C34,차대우주
월보,C34-S00-I00-N02,C34,대비장
월보,C34-S00-I00-N02,C34,상대
월보,C34-S00-I00-N02,C34,여성
월보,C34-S00-I00-N02,C34,세고
월보,C34-S00-I00-N02,C34,붕정
월보,C34-S00-I00-N02,C34,왈부
월보,C34-S00-I00-N02,C34,차대우주
월보,C34-S00-I00-N02,C34,대비장
월보,C34-S00-I00-N02,C34,즉소
월보,C34-S00-I00-N02,C34,무형
월보,C34-S00-I00-N02,C34,무형
월보,C34-S00-I00-N02,C34,연애
월보,C34-S00-I00-N02,C34,본래시소무형
월보,C34-S00-I00-N02,C34,차소무형
월보,C34-S00-I00-N02,C34,인연
월보,C34-S00-I00-N02,C34,만생면
월보,C34-S00-I00-N02,C34,세파
월보,C34-S00-I00-N02,C34,기시
월보,C34-S00-I00-N02,C34,자애
월보,C34-S00-I00-N02,C34,봉훈
월보,C34-S00-I00-N02,C34,박용한씨
월보,C34-S00-I00-N02,C34,생면
월보,C34-S00-I00-N02,C34,동기
월보,C34-S00-I00-N02,C34,역초안
월보,C34-S00-I00-N02,C34,비장
월보,C34-S00-I00-N02,C34,자하유
월보,C34-S00-I00-N02,C34,고고
월보,C34-S00-I00-N02,C34,세고
월보,C34-S00-I00-N02,C34,역당연
월보,C34-S00-I00-N02,C34,영기
월보,C34-S00-I00-N02,C34,강연
월보,C34-S00-I00-N02,C34,관연
월보,C34-S00-I00-N02,C34,붕우
월보,C34-S00-I00-N02,C34,인인
월보,C34-S00-I00-N02,C34,일종병주적고향
월보,C34-S00-I00-N02,C34,진무형
월보,C34-S00-I00-N02,C34,본지
월보,C34-S00-I00-N02,C34,상망불친절
월보,C34-S00-I00-N02,C34,세려
월보,C34-S00-I00-N02,C34,일찰나
월보,C34-S00-I00-N02,C34,불사의
월보,C34-S00-I00-N02,C34,비장
월보,C34-S00-I00-N02,C34,진고향
월보,C34-S00-I00-N02,C34,연애
월보,C34-S00-I00-N02,C34,월남지
월보,C34-S00-I00-N02,C34,호마북풍
월보,C34-S00-I00-N02,C34,기연
월보,C34-S00-I00-N02,C34,무형무형
월보,C34-S00-I00-N02,C34,연애
월보,C34-S00-I00-N02,C34,역기이
월보,C34-S00-I00-N02,C34,현상
월보,C34-S00-I00-N02,C34,무속
월보,C34-S00-I00-N02,C34,비장
월보,C34-S00-I00-N02,C34,비관
월보,C34-S00-I00-N02,C34,차비장병
월보,C34-S00-I00-N02,C34,세계
월보,C34-S00-I00-N02,C34,전염
월보,C34-S00-I00-N02,C34,희망
월보,C34-S00-I00-N02,C34,하고
월보,C34-S00-I00-N02,C34,여소위대우주적대비장
월보,C34-S00-I00-N02,C34,즉대우적대유쾌
월보,C34-S00-I00-N02,C34,차대유쾌
월보,C34-S00-I00-N02,C34,특성
월보,C34-S00-I00-N02,C34,우울
월보,C34-S00-I00-N02,C34,번루
월보,C34-S00-I00-N02,C34,우능
월보,C34-S00-I00-N02,C34,神性
월보,C34-S00-I00-N02,C34,무량공덕
월보,C34-S00-I00-N02,C34,천직
월보,C34-S00-I00-N02,C34,불천대위
월보,C34-S00-I00-N02,C34,세도인사
월보,C34-S00-I00-N02,C34,의무
월보,C34-S00-I00-N03,C34,약단기
월보,C34-S00-I00-N03,C34,이제
월보,C34-S00-I00-N03,C34,수양
월보,C34-S00-I00-N03,C34,아사
월보,C34-S00-I00-N03,C34,우고
월보,C34-S00-I00-N03,C34,약폭성
월보,C34-S00-I00-N03,C34,차덕성
월보,C34-S00-I00-N03,C34,걸주도척
월보,C34-S00-I00-N03,C34,공중신루
월보,C34-S00-I00-N03,C34,오인조입
월보,C34-S00-I00-N03,C34,성철
월보,C34-S00-I00-N03,C34,왕망진회
월보,C34-S00-I00-N03,C34,충렬
월보,C34-S00-I00-N03,C34,도인사
월보,C34-S00-I00-N03,C34,지도
월보,C34-S00-I00-N03,C34,대능력
월보,C34-S00-I00-N03,C34,대담
월보,C34-S00-I00-N03,C34,선고
월보,C34-S00-I00-N03,C34,시적관념
월보,C34-S00-I00-N03,C34,세여념
월보,C34-S00-I00-N03,C34,오인
월보,C34-S00-I00-N03,C34,지식
월보,C34-S00-I00-N03,C34,협착
월보,C34-S00-I00-N03,C34,오인
월보,C34-S00-I00-N03,C34,묵상
월보,C34-S00-I00-N03,C34,오인
월보,C34-S00-I00-N03,C34,지식
월보,C34-S00-I00-N03,C34,협착
월보,C34-S00-I00-N03,C34,오인
월보,C34-S00-I00-N03,C34,도주적압박
월보,C34-S00-I00-N03,C34,타일면
월보,C34-S00-I00-N03,C34,정신적고통
월보,C34-S00-I00-N03,C34,좌고우면
월보,C34-S00-I00-N03,C34,득위
월보,C34-S00-I00-N03,C34,득결
월보,C34-S00-I00-N03,C34,고덕
월보,C34-S00-I00-N03,C34,세속
월보,C34-S00-I00-N03,C34,속박
월보,C34-S00-I00-N03,C34,달관
월보,C34-S00-I00-N03,C34,오인
월보,C34-S00-I00-N03,C34,차우주대유쾌
월보,C34-S00-I00-N03,C34,정유훈
월보,C34-S00-I00-N03,C34,오인
월보,C34-S00-I00-N03,C34,차우주진면목
월보,C34-S00-I00-N03,C34,대관법
월보,C34-S00-I00-N03,C34,수양
월보,C34-S00-I00-N03,C34,일도우주진면목
월보,C34-S00-I00-N03,C34,이의
월보,C34-S00-I00-N03,C34,이의
월보,C35-S00-I00-N01,C35,간명
월보,C35-S00-I00-N01,C35,학과
월보,C35-S00-I00-N01,C35,고인
월보,C35-S00-I00-N01,C35,만권시서
월보,C35-S00-I00-N01,C35,가승
월보,C35-S00-I00-N01,C35,성경신삼자
월보,C35-S00-I00-N01,C35,저리
월보,C35-S00-I00-N01,C35,공부
월보,C35-S00-I00-N01,C35,가지
월보,C35-S00-I00-N01,C35,반점
월보,C35-S00-I00-N01,C35,차대학교
월보,C35-S00-I00-N01,C35,이졸업생
월보,C35-S00-I00-N01,C35,현수업생
월보,C35-S00-I00-N01,C35,신년
월보,C35-S00-I00-N01,C35,신학생
월보,C35-S00-I00-N01,C35,신입학
월보,C35-S00-I00-N01,C35,신학기
월보,C35-S00-I00-N01,C35,만세계천포형제
월보,C35-S00-I00-N01,C35,입학원
월보,C35-S00-I00-N01,C35,진기제출
월보,C35-S00-I00-N01,C35,본과
월보,C35-S00-I00-N01,C35,사과
월보,C35-S00-I00-N01,C35,수련
월보,C35-S00-I00-N01,C35,오애
월보,C35-S00-I00-N01,C35,실행
월보,C35-S00-I00-N01,C35,과거
월보,C35-S00-I00-N01,C35,교문정의
월보,C35-S00-I00-N01,C35,현재
월보,C35-S00-I00-N01,C35,불만
월보,C35-S00-I00-N01,C35,감상
월보,C35-S00-I00-N01,C35,물유
월보,C35-S00-I00-N01,C35,자조자각
월보,C35-S00-I00-N01,C35,인생
월보,C35-S00-I00-N01,C35,신년리돈화년법륜
월보,C35-S00-I00-N01,C35,무정
월보,C35-S00-I00-N01,C35,과거일년
월보,C35-S00-I00-N01,C35,삼백륙십오
월보,C35-S00-I00-N01,C35,금오
월보,C35-S00-I00-N01,C35,편편연소과
월보,C35-S00-I00-N01,C35,차궁칩
월보,C35-S00-I00-N01,C35,신년
월보,C35-S00-I00-N01,C35,신생활
월보,C35-S00-I00-N01,C35,입회
월보,C35-S00-I00-N01,C35,신년
월보,C35-S00-I00-N01,C35,장차하등
월보,C35-S00-I00-N01,C35,교문정의신희망
월보,C35-S00-I00-N01,C35,과거
월보,C35-S00-I00-N01,C35,무정
월보,C35-S00-I00-N01,C35,미래
월보,C35-S00-I00-N01,C35,역기연
월보,C35-S00-I00-N01,C35,오호
월보,C35-S00-I00-N01,C35,과거일년
월보,C35-S00-I00-N01,C35,기만
월보,C35-S00-I00-N01,C35,신인생
월보,C35-S00-I00-N01,C35,차세
월보,C35-S00-I00-N01,C35,출래
월보,C35-S00-I00-N01,C35,우기만구인생
월보,C35-S00-I00-N01,C35,차세
월보,C35-S00-I00-N01,C35,고미지
월보,C35-S00-I00-N01,C35,차기만
월보,C35-S00-I00-N01,C35,구인생
월보,C35-S00-I00-N01,C35,군등
월보,C35-S00-I00-N01,C35,여하
월보,C35-S00-I00-N01,C35,성공
월보,C35-S00-I00-N01,C35,우기만
월보,C35-S00-I00-N01,C35,신생
월보,C35-S00-I00-N01,C35,군등
월보,C35-S00-I00-N01,C35,차세
월보,C35-S00-I00-N01,C35,여하
월보,C35-S00-I00-N01,C35,목적유
월보,C35-S00-I00-N01,C35,대담
월보,C35-S00-I00-N01,C35,질문
월보,C35-S00-I00-N01,C35,과거반생
월보,C35-S00-I00-N01,C35,무료
월보,C35-S00-I00-N01,C35,군구인생
월보,C35-S00-I00-N01,C35,역무료
월보,C35-S00-I00-N02,C35,군등인생
월보,C35-S00-I00-N02,C35,역무료
월보,C35-S00-I00-N02,C35,무료래
월보,C35-S00-I00-N02,C35,무료
월보,C35-S00-I00-N02,C35,신명
월보,C35-S00-I00-N02,C35,하고
월보,C35-S00-I00-N02,C35,본유
월보,C35-S00-I00-N02,C35,우하고
월보,C35-S00-I00-N02,C35,기유유
월보,C35-S00-I00-N02,C35,아무
월보,C35-S00-I00-N02,C35,신명
월보,C35-S00-I00-N02,C35,만물
월보,C35-S00-I00-N02,C35,추구
월보,C35-S00-I00-N02,C35,기심야
월보,C35-S00-I00-N02,C35,인생
월보,C35-S00-I00-N02,C35,종극목적
월보,C35-S00-I00-N02,C35,과연하
월보,C35-S00-I00-N02,C35,불지
월보,C35-S00-I00-N02,C35,신년
월보,C35-S00-I00-N02,C35,신명
월보,C35-S00-I00-N02,C35,억무정
월보,C35-S00-I00-N02,C35,차문
월보,C35-S00-I00-N02,C35,해답
월보,C35-S00-I00-N02,C35,과만
월보,C35-S00-I00-N02,C35,거기억만
월보,C35-S00-I00-N02,C35,인생
월보,C35-S00-I00-N02,C35,우미래기억만
월보,C35-S00-I00-N02,C35,인생
월보,C35-S00-I00-N02,C35,공차
월보,C35-S00-I00-N02,C35,인차신년
월보,C35-S00-I00-N02,C35,신명
월보,C35-S00-I00-N02,C35,생생
월보,C35-S00-I00-N02,C35,해시
월보,C35-S00-I00-N02,C35,우속
월보,C35-S00-I00-N02,C35,사사
월보,C35-S00-I00-N02,C35,부명
월보,C35-S00-I00-N02,C35,불득
월보,C35-S00-I00-N02,C35,억우우유
월보,C35-S00-I00-N02,C35,등선성
월보,C35-S00-I00-N02,C35,개만족
월보,C35-S00-I00-N02,C35,미득
월보,C35-S00-I00-N02,C35,준이육괴
월보,C35-S00-I00-N02,C35,신년
월보,C35-S00-I00-N02,C35,신명
월보,C35-S00-I00-N02,C35,대담
월보,C35-S00-I00-N02,C35,포덕오십칠년십이월삼십일일하무오십이시야
월보,C35-S00-I00-N02,C35,어언서일
월보,C35-S00-I00-N02,C35,동승
월보,C35-S00-I00-N02,C35,기도
월보,C35-S00-I00-N02,C35,향연
월보,C35-S00-I00-N02,C35,하오양상
월보,C35-S00-I00-N02,C35,소실
월보,C35-S00-I00-N02,C35,신년
월보,C35-S00-I00-N02,C35,신명처
월보,C35-S00-I00-N02,C35,엄연
월보,C35-S00-I00-N02,C35,왈여
월보,C35-S00-I00-N02,C35,교문정의
월보,C35-S00-I00-N02,C35,천도교
월보,C35-S00-I00-N02,C35,진의
월보,C35-S00-I00-N02,C35,망각
월보,C35-S00-I00-N02,C35,천도교대신사
월보,C35-S00-I00-N02,C35,여등우준
월보,C35-S00-I00-N02,C35,차문제
월보,C35-S00-I00-N02,C35,왈인내천
월보,C35-S00-I00-N02,C35,여신
월보,C35-S00-I00-N02,C35,소분천
월보,C35-S00-I00-N02,C35,생사
월보,C35-S00-I00-N02,C35,유소천거래
월보,C35-S00-I00-N02,C35,증적
월보,C35-S00-I00-N02,C35,인생
월보,C35-S00-I00-N02,C35,목적
월보,C35-S00-I00-N02,C35,유세
월보,C35-S00-I00-N02,C35,대과
월보,C35-S00-I00-N02,C35,기답목적
월보,C35-S00-I00-N02,C35,여왈천덕사은신신해리
월보,C35-S00-I00-N02,C35,근천행
월보,C35-S00-I00-N02,C35,이신
월보,C35-S00-I00-N02,C35,아덕
월보,C35-S00-I00-N02,C35,의신
월보,C35-S00-I00-N02,C35,유문자
월보,C35-S00-I00-N02,C35,왈귀교
월보,C35-S00-I00-N02,C35,인개왈포덕포덕
월보,C35-S00-I00-N02,C35,시하덕
월보,C35-S00-I00-N02,C35,신지지도
월보,C35-S00-I00-N02,C35,당내하
월보,C35-S00-I00-N02,C35,왈오교소전이존각지자
월보,C35-S00-I00-N02,C35,동경일야
월보,C35-S00-I00-N02,C35,소상이포시지자
월보,C35-S00-I00-N02,C35,천덕야
월보,C35-S00-I00-N02,C35,시이
월보,C35-S00-I00-N02,C35,경지개권제칠
월보,C36-S00-I00-N01,C36,교리부외물
월보,C36-S00-I00-N01,C36,발사
월보,C36-S00-I00-N01,C36,광선
월보,C36-S00-I00-N01,C36,안구내
월보,C36-S00-I00-N01,C36,망막면
월보,C36-S00-I00-N01,C36,산포
월보,C36-S00-I00-N01,C36,시신경
월보,C36-S00-I00-N01,C36,자격
월보,C36-S00-I00-N01,C36,뇌수
월보,C36-S00-I00-N01,C36,일종
월보,C36-S00-I00-N01,C36,심상
월보,C36-S00-I00-N01,C36,시즉시각
월보,C36-S00-I00-N01,C36,시각
월보,C36-S00-I00-N01,C36,지식
월보,C36-S00-I00-N01,C36,원천
월보,C36-S00-I00-N01,C36,긴절
월보,C36-S00-I00-N01,C36,시각
월보,C36-S00-I00-N01,C36,절요
월보,C36-S00-I00-N01,C36,청각
월보,C36-S00-I00-N01,C36,외물
월보,C36-S00-I00-N01,C36,진동
월보,C36-S00-I00-N01,C36,주위
월보,C36-S00-I00-N01,C36,공기
월보,C36-S00-I00-N01,C36,청신경
월보,C36-S00-I00-N01,C36,격자
월보,C36-S00-I00-N01,C36,차자격
월보,C36-S00-I00-N01,C36,음성
월보,C36-S00-I00-N01,C36,감각
월보,C36-S00-I00-N01,C36,음성
월보,C36-S00-I00-N01,C36,감각
월보,C36-S00-I00-N01,C36,급성색
월보,C36-S00-I00-N01,C36,구별
월보,C36-S00-I00-N01,C36,포성
월보,C36-S00-I00-N01,C36,종성
월보,C36-S00-I00-N01,C36,남자
월보,C36-S00-I00-N01,C36,여자
월보,C36-S00-I00-N01,C36,기적
월보,C36-S00-I00-N01,C36,풍금
월보,C36-S00-I00-N01,C36,상이
월보,C36-S00-I00-N01,C36,촉각
월보,C36-S00-I00-N01,C36,피부
월보,C36-S00-I00-N01,C36,기면
월보,C36-S00-I00-N01,C36,산포
월보,C36-S00-I00-N01,C36,신경
월보,C36-S00-I00-N01,C36,자격
월보,C36-S00-I00-N01,C36,차자격
월보,C36-S00-I00-N01,C36,감각
월보,C36-S00-I00-N01,C36,즉한난견유조활등
월보,C36-S00-I00-N01,C36,후각
월보,C36-S00-I00-N01,C36,향후
월보,C36-S00-I00-N01,C36,물체
월보,C36-S00-I00-N01,C36,기발
월보,C36-S00-I00-N01,C36,비공내
월보,C36-S00-I00-N01,C36,기면
월보,C36-S00-I00-N01,C36,미신경우
월보,C36-S00-I00-N01,C36,후신경
월보,C36-S00-I00-N01,C36,자격
월보,C36-S00-I00-N01,C36,차자격
월보,C36-S00-I00-N01,C36,뇌수
월보,C36-S00-I00-N01,C36,감각
월보,C36-S00-I00-N01,C36,이자
월보,C36-S00-I00-N01,C36,체각
월보,C36-S00-I00-N01,C36,체각
월보,C36-S00-I00-N01,C36,신체
월보,C36-S00-I00-N01,C36,상태
월보,C36-S00-I00-N01,C36,감각
월보,C36-S00-I00-N01,C36,감각
월보,C36-S00-I00-N01,C36,특별
월보,C36-S00-I00-N01,C36,기관
월보,C36-S00-I00-N01,C36,불유
월보,C36-S00-I00-N01,C36,신체내
월보,C36-S00-I00-N01,C36,미만
월보,C36-S00-I00-N01,C36,신경
월보,C36-S00-I00-N01,C36,자격
월보,C36-S00-I00-N01,C36,신체
월보,C36-S00-I00-N01,C36,건부
월보,C36-S00-I00-N01,C36,강약우기피로
월보,C36-S00-I00-N01,C36,역개차
월보,C36-S00-I00-N01,C36,제군
월보,C36-S00-I00-N01,C36,以上
월보,C36-S00-I00-N01,C36,감각
월보,C36-S00-I00-N01,C36,전력
월보,C36-S00-I00-N01,C36,불시
월보,C36-S00-I00-N01,C36,진심
월보,C36-S00-I00-N01,C36,원저
월보,C36-S00-I00-N01,C36,감각
월보,C36-S00-I00-N01,C36,면려
월보,C36-S00-I00-N01,C36,시아수양리돈화
월보,C36-S00-I00-N01,C36,교리부상
월보,C36-S00-I00-N01,C36,일인
월보,C36-S00-I00-N01,C36,총외
월보,C36-S00-I00-N01,C36,행락
월보,C36-S00-I00-N01,C36,광고
월보,C36-S00-I00-N01,C36,기이
월보,C36-S00-I00-N01,C36,광고
월보,C36-S00-I00-N01,C36,서생
월보,C36-S00-I00-N01,C36,치색
월보,C36-S00-I00-N01,C36,명상
월보,C36-S00-I00-N01,C36,태연
월보,C36-S00-I00-N01,C36,화색
월보,C36-S00-I00-N01,C36,내지
월보,C36-S00-I00-N01,C36,외물
월보,C36-S00-I00-N01,C36,기시간
월보,C36-S00-I00-N01,C36,심단
월보,C36-S00-I00-N01,C36,기보수
월보,C36-S00-I00-N01,C36,유해
월보,C36-S00-I00-N01,C36,내계
월보,C36-S00-I00-N01,C36,시간
월보,C36-S00-I00-N01,C36,심장
월보,C36-S00-I00-N01,C36,기보수
월보,C36-S00-I00-N01,C36,무한
월보,C36-S00-I00-N01,C36,내지
월보,C36-S00-I00-N01,C36,왈세아인아신아
월보,C36-S00-I00-N01,C36,인류
월보,C36-S00-I00-N01,C36,금수
월보,C36-S00-I00-N01,C36,물론
월보,C36-S00-I00-N01,C36,통유
월보,C36-S00-I00-N01,C36,시즉세아
월보,C36-S00-I00-N01,C36,세아
월보,C36-S00-I00-N01,C36,불급
월보,C36-S00-I00-N01,C36,불구
월보,C36-S00-I00-N01,C36,소위
월보,C36-S00-I00-N01,C36,위반
월보,C36-S00-I00-N01,C36,불고
월보,C36-S00-I00-N01,C36,소욕
월보,C36-S00-I00-N01,C36,오인
월보,C36-S00-I00-N01,C36,불급
월보,C36-S00-I00-N01,C36,위반
월보,C36-S00-I00-N01,C36,양심
월보,C36-S00-I00-N01,C36,고통
월보,C36-S00-I00-N01,C36,제재
월보,C36-S00-I00-N01,C36,정즉인아
월보,C36-S00-I00-N01,C36,인아
월보,C36-S00-I00-N01,C36,군자
월보,C36-S00-I00-N01,C36,영걸
월보,C36-S00-I00-N01,C36,성철
월보,C36-S00-I00-N01,C36,세아
월보,C36-S00-I00-N01,C36,분량
월보,C36-S00-I00-N01,C36,인아
월보,C36-S00-I00-N01,C36,분량
월보,C36-S00-I00-N01,C36,가치
월보,C36-S00-I00-N01,C36,인아
월보,C36-S00-I00-N01,C36,불승
월보,C36-S00-I00-N01,C36,행복
월보,C36-S00-I00-N01,C36,세아
월보,C36-S00-I00-N01,C36,인아
월보,C36-S00-I00-N01,C36,상대적
월보,C36-S00-I00-N01,C36,세아
월보,C36-S00-I00-N01,C36,발동
월보,C36-S00-I00-N01,C36,인아
월보,C36-S00-I00-N01,C36,발동
월보,C36-S00-I00-N01,C36,인아
월보,C36-S00-I00-N01,C36,발동
월보,C36-S00-I00-N01,C36,세아
월보,C36-S00-I00-N01,C36,간섭
월보,C36-S00-I00-N01,C36,여하
월보,C36-S00-I00-N01,C36,세아
월보,C36-S00-I00-N01,C36,분량
월보,C36-S00-I00-N01,C36,인아
월보,C36-S00-I00-N01,C36,제재
월보,C36-S00-I00-N01,C36,여하
월보,C36-S00-I00-N01,C36,인아
월보,C36-S00-I00-N01,C36,세아
월보,C36-S00-I00-N01,C36,인아
월보,C36-S00-I00-N01,C36,주체
월보,C36-S00-I00-N01,C36,세아
월보,C36-S00-I00-N01,C36,객체
월보,C36-S00-I00-N01,C36,익익
월보,C36-S00-I00-N01,C36,인아
월보,C36-S00-I00-N01,C36,분량
월보,C36-S00-I00-N01,C36,증가
월보,C36-S00-I00-N01,C36,인아
월보,C36-S00-I00-N01,C36,인아
월보,C36-S00-I00-N01,C36,교리부
월보,C36-S00-I00-N01,C36,우능
월보,C36-S00-I00-N01,C36,인아
월보,C36-S00-I00-N01,C36,신아
월보,C36-S00-I00-N01,C36,세아
월보,C36-S00-I00-N01,C36,제재
월보,C36-S00-I00-N01,C36,인아
월보,C36-S00-I00-N01,C36,인아
월보,C36-S00-I00-N01,C36,인아
월보,C36-S00-I00-N01,C36,신아
월보,C36-S00-I00-N01,C36,신아
월보,C36-S00-I00-N01,C36,방법
월보,C36-S00-I00-N01,C36,시즉명상
월보,C36-S00-I00-N01,C36,명상
월보,C36-S00-I00-N01,C36,최고우주
월보,C36-S00-I00-N01,C36,파래
월보,C36-S00-I00-N01,C36,신아
월보,C36-S00-I00-N01,C36,과학자
월보,C36-S00-I00-N01,C36,물질
월보,C36-S00-I00-N01,C36,해부
월보,C36-S00-I00-N01,C36,현미경하
월보,C36-S00-I00-N01,C36,소우주
월보,C36-S00-I00-N01,C36,발견
월보,C36-S00-I00-N01,C36,소우주
월보,C36-S00-I00-N01,C36,대우주
월보,C36-S00-I00-N01,C36,능가
월보,C36-S00-I00-N01,C36,경탄
월보,C36-S00-I00-N01,C36,대우주
월보,C36-S00-I00-N01,C36,조직
월보,C36-S00-I00-N01,C36,소우주
월보,C36-S00-I00-N01,C36,기원인
월보,C36-S00-I00-N01,C36,소우주
월보,C36-S00-I00-N01,C36,一切
월보,C36-S00-I00-N01,C36,활물
월보,C36-S00-I00-N01,C36,일통
월보,C36-S00-I00-N01,C36,대삼천계
월보,C36-S00-I00-N01,C36,대만유물
월보,C36-S00-I00-N01,C36,무루무증
월보,C36-S00-I00-N01,C36,一切
월보,C36-S00-I00-N01,C36,정신
월보,C36-S00-I00-N01,C36,발현
월보,C36-S00-I00-N01,C36,향안
월보,C36-S00-I00-N01,C36,단심안
월보,C36-S00-I00-N01,C36,체관
월보,C36-S00-I00-N01,C36,진념
월보,C36-S00-I00-N01,C36,위집
월보,C36-S00-I00-N01,C36,속상
월보,C36-S00-I00-N01,C36,화기
월보,C36-S00-I00-N01,C36,명창정궤
월보,C36-S00-I00-N01,C36,명상세계
월보,C36-S00-I00-N01,C36,백운홍수
월보,C36-S00-I00-N01,C36,소요
월보,C36-S00-I00-N01,C36,송운계성
월보,C36-S00-I00-N01,C36,점차천지무형
월보,C36-S00-I00-N01,C36,시시
월보,C36-S00-I00-N01,C36,만고성철
월보,C36-S00-I00-N01,C36,촌리
월보,C36-S00-I00-N01,C36,천추영걸
월보,C36-S00-I00-N01,C36,장악
월보,C36-S00-I00-N01,C36,기락
월보,C36-S00-I00-N01,C36,과연여하
월보,C36-S00-I00-N01,C36,시즉아
월보,C36-S00-I00-N01,C36,수양법
월보,C36-S00-I00-N01,C36,최대
월보,C36-S00-I00-N01,C36,최대
월보,C36-S00-I00-N01,C36,수양
월보,C36-S00-I00-N01,C36,수양
월보,C36-S00-I00-N01,C36,최대
월보,C36-S00-I00-N01,C36,명상
월보,C36-S00-I00-N01,C36,인아
월보,C36-S00-I00-N01,C36,분량
월보,C36-S00-I00-N01,C36,신아
월보,C36-S00-I00-N01,C36,신아
월보,C36-S00-I00-N01,C36,명상
월보,C36-S00-I00-N01,C36,명상
월보,C36-S00-I00-N01,C36,신아
월보,C36-S00-I00-N01,C36,호연
월보,C36-S00-I00-N01,C36,차기
월보,C36-S00-I00-N01,C36,대성철
월보,C36-S00-I00-N01,C36,차중
월보,C36-S00-I00-N01,C36,대문학
월보,C36-S00-I00-N01,C36,차중
월보,C37-S00-I00-N01,C37,교문정의
월보,C37-S00-I00-N01,C37,감사
월보,C37-S00-I00-N01,C37,가지이오
월보,C37-S00-I00-N01,C37,영세불망
월보,C37-S00-I00-N01,C37,일사
월보,C37-S00-I00-N01,C37,도덕발전
월보,C37-S00-I00-N01,C37,재직
월보,C37-S00-I00-N01,C37,오교동덕
월보,C37-S00-I00-N01,C37,기허
월보,C37-S00-I00-N01,C37,自信
월보,C37-S00-I00-N01,C37,기허
월보,C37-S00-I00-N01,C37,자각
월보,C37-S00-I00-N01,C37,차기허
월보,C37-S00-I00-N01,C37,내자
월보,C37-S00-I00-N01,C37,참회
월보,C37-S00-I00-N01,C37,시점
월보,C37-S00-I00-N01,C37,두상일발
월보,C37-S00-I00-N01,C37,심상일선
월보,C37-S00-I00-N01,C37,오인
월보,C37-S00-I00-N01,C37,증여
월보,C37-S00-I00-N01,C37,정신상상
월보,C37-S00-I00-N01,C37,정사신명
월보,C37-S00-I00-N01,C37,공적
월보,C37-S00-I00-N01,C37,구가
월보,C37-S00-I00-N01,C37,오인
월보,C37-S00-I00-N01,C37,정사공적
월보,C37-S00-I00-N01,C37,조반반성
월보,C37-S00-I00-N01,C37,불가
월보,C37-S00-I00-N01,C37,고인
월보,C37-S00-I00-N01,C37,왈무용
월보,C37-S00-I00-N01,C37,문자롱
월보,C37-S00-I00-N01,C37,불가
월보,C37-S00-I00-N01,C37,무용
월보,C37-S00-I00-N01,C37,시간
월보,C37-S00-I00-N01,C37,시간
월보,C37-S00-I00-N01,C37,죄인
월보,C37-S00-I00-N01,C37,오인
월보,C37-S00-I00-N01,C37,차정사년
월보,C37-S00-I00-N01,C37,죄악
월보,C37-S00-I00-N01,C37,공적
월보,C37-S00-I00-N01,C37,비교대조
월보,C37-S00-I00-N01,C37,불가
월보,C37-S00-I00-N01,C37,약오인
월보,C37-S00-I00-N01,C37,오인
월보,C37-S00-I00-N01,C37,반성
월보,C37-S00-I00-N01,C37,통계
월보,C37-S00-I00-N01,C37,죄악
월보,C37-S00-I00-N01,C37,오인
월보,C37-S00-I00-N01,C37,천직
월보,C37-S00-I00-N01,C37,정사신명
월보,C37-S00-I00-N01,C37,무형
월보,C37-S00-I00-N01,C37,오인
월보,C37-S00-I00-N01,C37,공적
월보,C37-S00-I00-N01,C37,조화옹
월보,C37-S00-I00-N01,C37,보고
월보,C37-S00-I00-N01,C37,귀차
월보,C37-S00-I00-N01,C37,오인
월보,C37-S00-I00-N01,C37,만강
월보,C37-S00-I00-N01,C37,신력
월보,C37-S00-I00-N01,C37,일사
월보,C37-S00-I00-N01,C37,오인
월보,C37-S00-I00-N01,C37,차세
월보,C37-S00-I00-N01,C37,무극
월보,C37-S00-I00-N01,C37,대도
월보,C37-S00-I00-N01,C37,무극
월보,C37-S00-I00-N01,C37,대덕
월보,C37-S00-I00-N01,C37,장래륙십일세춘
월보,C37-S00-I00-N01,C37,상대
월보,C37-S00-I00-N01,C37,기망
월보,C37-S00-I00-N01,C37,오교
월보,C37-S00-I00-N01,C37,대종리돈화종교심
월보,C37-S00-I00-N01,C37,동기
월보,C37-S00-I00-N01,C37,종교
월보,C37-S00-I00-N01,C37,연쇄
월보,C37-S00-I00-N01,C37,상대
월보,C37-S00-I00-N01,C37,절대
월보,C37-S00-I00-N01,C37,관계
월보,C37-S00-I00-N01,C37,오인
월보,C37-S00-I00-N01,C37,차정의
월보,C37-S00-I00-N01,C37,이의
월보,C37-S00-I00-N01,C37,오인
월보,C37-S00-I00-N01,C37,하고
월보,C37-S00-I00-N01,C37,연쇄적필요
월보,C37-S00-I00-N01,C37,상대
월보,C37-S00-I00-N01,C37,절대
월보,C37-S00-I00-N01,C37,관계적요점
월보,C37-S00-I00-N01,C37,소문
월보,C37-S00-I00-N01,C37,남양군도
월보,C37-S00-I00-N01,C37,만인
월보,C37-S00-I00-N01,C37,문명
월보,C37-S00-I00-N01,C37,세계
월보,C37-S00-I00-N01,C37,금일
월보,C37-S00-I00-N01,C37,하등기도
월보,C37-S00-I00-N01,C37,탐험가
월보,C37-S00-I00-N01,C37,실험
월보,C37-S00-I00-N01,C37,증명
월보,C37-S00-I00-N01,C37,하필남양만인
월보,C37-S00-I00-N01,C37,오인
월보,C37-S00-I00-N01,C37,선설
월보,C37-S00-I00-N01,C37,필경차과정
월보,C37-S00-I00-N01,C37,금일
월보,C37-S00-I00-N01,C37,진화
월보,C37-S00-I00-N01,C37,차점
월보,C37-S00-I00-N01,C37,오인
월보,C37-S00-I00-N01,C37,고금
월보,C37-S00-I00-N01,C37,문야
월보,C37-S00-I00-N01,C37,물론
월보,C37-S00-I00-N01,C37,기인
월보,C37-S00-I00-N01,C37,선천적고유
월보,C37-S00-I00-N01,C37,종교심
월보,C37-S00-I00-N01,C37,하등
월보,C37-S00-I00-N01,C37,신앙
월보,C37-S00-I00-N01,C37,물론
월보,C37-S00-I00-N01,C37,필연적
월보,C37-S00-I00-N01,C37,발생
월보,C37-S00-I00-N02,C37,여사
월보,C37-S00-I00-N02,C37,고유
월보,C37-S00-I00-N02,C37,종교심
월보,C37-S00-I00-N02,C37,하고
월보,C37-S00-I00-N02,C37,정신
월보,C37-S00-I00-N02,C37,즉천
월보,C37-S00-I00-N02,C37,정신
월보,C37-S00-I00-N02,C37,육체
월보,C37-S00-I00-N02,C37,구속
월보,C37-S00-I00-N02,C37,만반
월보,C37-S00-I00-N02,C37,물질
월보,C37-S00-I00-N02,C37,필연
월보,C37-S00-I00-N02,C37,의구
월보,C37-S00-I00-N02,C37,필연
월보,C37-S00-I00-N02,C37,공포
월보,C37-S00-I00-N02,C37,대우주적교문정의
월보,C37-S00-I00-N02,C37,대비장
월보,C37-S00-I00-N02,C37,차대우주적대비장
월보,C37-S00-I00-N02,C37,정령
월보,C37-S00-I00-N02,C37,정신
월보,C37-S00-I00-N02,C37,모앙
월보,C37-S00-I00-N02,C37,찰나간감상
월보,C37-S00-I00-N02,C37,차찰나간감상
월보,C37-S00-I00-N02,C37,즉고유
월보,C37-S00-I00-N02,C37,종교적심
월보,C37-S00-I00-N02,C37,오인
월보,C37-S00-I00-N02,C37,차심
월보,C37-S00-I00-N02,C37,이용
월보,C37-S00-I00-N02,C37,기선
월보,C37-S00-I00-N02,C37,확장
월보,C37-S00-I00-N02,C37,시즉종교
월보,C37-S00-I00-N02,C37,명의
월보,C37-S00-I00-N02,C37,시성
월보,C37-S00-I00-N02,C37,동기
월보,C37-S00-I00-N02,C37,종교적심
월보,C37-S00-I00-N02,C37,자연
월보,C37-S00-I00-N02,C37,순서
월보,C37-S00-I00-N02,C37,자연
월보,C37-S00-I00-N02,C37,계급
월보,C37-S00-I00-N02,C37,점차발달
월보,C37-S00-I00-N02,C37,유사이래
월보,C37-S00-I00-N02,C37,금일
월보,C37-S00-I00-N02,C37,오천년간종교계급
월보,C37-S00-I00-N02,C37,삼계단
월보,C37-S00-I00-N02,C37,왈객관적시대
월보,C37-S00-I00-N02,C37,주관신임경도사
월보,C37-S00-I00-N02,C37,정계완씨적시대조화적시대
월보,C37-S00-I00-N02,C37,통일적시대
월보,C37-S00-I00-N02,C37,객관적시대
월보,C37-S00-I00-N02,C37,객관적시대
월보,C37-S00-I00-N02,C37,자기
월보,C37-S00-I00-N02,C37,중심
월보,C37-S00-I00-N02,C37,포기
월보,C37-S00-I00-N02,C37,중심
월보,C37-S00-I00-N02,C37,행복삼
월보,C37-S00-I00-N02,C37,교문정의
월보,C37-S00-I00-N02,C37,시대
월보,C37-S00-I00-N02,C37,태고박소
월보,C37-S00-I00-N02,C37,인민
월보,C37-S00-I00-N02,C37,수화목
월보,C37-S00-I00-N02,C37,숭배
월보,C37-S00-I00-N02,C37,자심
월보,C37-S00-I00-N02,C37,위안
월보,C37-S00-I00-N02,C37,순연
월보,C37-S00-I00-N02,C37,성립
월보,C37-S00-I00-N02,C37,일종종교심
월보,C37-S00-I00-N02,C37,차종교
월보,C37-S00-I00-N02,C37,잉태
월보,C37-S00-I00-N02,C37,시대
월보,C37-S00-I00-N02,C37,차시대
월보,C37-S00-I00-N02,C37,불지
월보,C37-S00-I00-N02,C37,주관적시대
월보,C37-S00-I00-N02,C37,오인
월보,C37-S00-I00-N02,C37,선조
월보,C37-S00-I00-N02,C37,차객관대
월보,C37-S00-I00-N02,C37,미신
월보,C37-S00-I00-N02,C37,동경
월보,C37-S00-I00-N02,C37,점차객관
월보,C37-S00-I00-N02,C37,해탈
월보,C37-S00-I00-N02,C37,주관
월보,C37-S00-I00-N02,C37,즉물
월보,C37-S00-I00-N02,C37,생정령
월보,C37-S00-I00-N02,C37,자기
월보,C37-S00-I00-N02,C37,역시물이상
월보,C37-S00-I00-N02,C37,정령
월보,C37-S00-I00-N02,C37,자심발현
월보,C37-S00-I00-N02,C37,목적
월보,C37-S00-I00-N02,C37,자심발현
월보,C37-S00-I00-N02,C37,결과
월보,C37-S00-I00-N02,C37,일가
월보,C37-S00-I00-N02,C37,건립
월보,C37-S00-I00-N02,C37,자기
월보,C37-S00-I00-N02,C37,주관
월보,C37-S00-I00-N02,C37,목적
월보,C37-S00-I00-N02,C37,즉기종교
월보,C37-S00-I00-N02,C37,왈유불선왈야회파등
월보,C37-S00-I00-N02,C37,개주관시대
월보,C37-S00-I00-N02,C37,종교
월보,C37-S00-I00-N02,C37,시등
월보,C37-S00-I00-N02,C37,종교각기목적판연상이
월보,C37-S00-I00-N02,C37,일종교
월보,C37-S00-I00-N02,C37,타교
월보,C37-S00-I00-N02,C37,대조
월보,C37-S00-I00-N02,C37,전연별천지
월보,C37-S00-I00-N02,C37,석객어시
월보,C37-S00-I00-N02,C37,각종교가
월보,C37-S00-I00-N02,C37,자기
월보,C37-S00-I00-N02,C37,별천지
월보,C37-S00-I00-N02,C37,기물별천지
월보,C37-S00-I00-N02,C37,공격
월보,C37-S00-I00-N02,C37,왈이단
월보,C37-S00-I00-N02,C37,왈사도
월보,C37-S00-I00-N02,C37,호상배척
월보,C37-S00-I00-N02,C37,객관시대
월보,C37-S00-I00-N02,C37,종교
월보,C37-S00-I00-N02,C37,객관적구속
월보,C37-S00-I00-N02,C37,주관시대
월보,C37-S00-I00-N02,C37,종교
월보,C37-S00-I00-N02,C37,주관
월보,C37-S00-I00-N02,C37,약파천황
월보,C37-S00-I00-N02,C37,종교가
월보,C37-S00-I00-N02,C37,맹인평상
월보,C37-S00-I00-N02,C37,기소
월보,C37-S00-I00-N02,C37,주관종교
월보,C37-S00-I00-N02,C37,진리
월보,C37-S00-I00-N02,C37,진리기자
월보,C37-S00-I00-N02,C37,근본적결점
월보,C37-S00-I00-N02,C37,단일부
월보,C37-S00-I00-N02,C37,진리
월보,C37-S00-I00-N02,C37,진리
월보,C37-S00-I00-N02,C37,전부
월보,C37-S00-I00-N02,C37,오해
월보,C37-S00-I00-N02,C37,호상공격
월보,C37-S00-I00-N02,C37,흠점
월보,C37-S00-I00-N02,C37,발생
월보,C37-S00-I00-N02,C37,진화
월보,C37-S00-I00-N02,C37,금일
월보,C37-S00-I00-N02,C37,주관적교설
월보,C37-S00-I00-N02,C37,배척
월보,C37-S00-I00-N02,C37,시대멸시
월보,C37-S00-I00-N02,C37,종교가
월보,C37-S00-I00-N02,C37,조화시대
월보,C37-S00-I00-N02,C37,조화시대
월보,C37-S00-I00-N02,C37,종교
월보,C37-S00-I00-N02,C37,교문정의
월보,C37-S00-I00-N02,C37,오인
월보,C37-S00-I00-N02,C37,주관시대
월보,C37-S00-I00-N02,C37,종교
월보,C37-S00-I00-N02,C37,기일부
월보,C37-S00-I00-N02,C37,진리
월보,C37-S00-I00-N02,C37,동시
월보,C37-S00-I00-N02,C37,각기일부
월보,C37-S00-I00-N02,C37,결점
월보,C37-S00-I00-N02,C37,발견
월보,C37-S00-I00-N02,C37,하고
월보,C37-S00-I00-N02,C37,문명
월보,C37-S00-I00-N02,C37,금일
월보,C37-S00-I00-N02,C37,유소학
월보,C37-S00-I00-N02,C37,생도
월보,C37-S00-I00-N02,C37,자기소신
월보,C37-S00-I00-N02,C37,세도진화
월보,C37-S00-I00-N02,C37,결과
월보,C37-S00-I00-N02,C37,인심향상
월보,C37-S00-I00-N02,C37,필연
월보,C37-S00-I00-N02,C37,자생
월보,C37-S00-I00-N02,C37,진리
월보,C37-S00-I00-N02,C37,철학자배
월보,C37-S00-I00-N02,C37,하등
월보,C37-S00-I00-N02,C37,종교
월보,C37-S00-I00-N02,C37,만종교
월보,C37-S00-I00-N02,C37,진리
월보,C37-S00-I00-N02,C37,총괄
월보,C37-S00-I00-N02,C37,각기비
월보,C37-S00-I00-N02,C37,일종종교심
월보,C37-S00-I00-N02,C37,구조
월보,C37-S00-I00-N02,C37,장연대호왈시아종교
월보,C37-S00-I00-N02,C37,시실
월보,C37-S00-I00-N02,C37,배척
월보,C37-S00-I00-N02,C37,연구
월보,C37-S00-I00-N02,C37,가상
월보,C37-S00-I00-N02,C37,종교심
월보,C37-S00-I00-N02,C37,진화
월보,C37-S00-I00-N02,C37,주관상태
월보,C37-S00-I00-N02,C37,각철학자
월보,C37-S00-I00-N02,C37,시아종교
월보,C37-S00-I00-N02,C37,역시자기
월보,C37-S00-I00-N02,C37,주관
월보,C37-S00-I00-N02,C37,기반
월보,C37-S00-I00-N02,C37,일철학자
월보,C37-S00-I00-N02,C37,주장
월보,C37-S00-I00-N02,C37,종교심
월보,C37-S00-I00-N02,C37,타철학자
월보,C37-S00-I00-N02,C37,주장
월보,C37-S00-I00-N02,C37,흠흠
월보,C37-S00-I00-N02,C37,층생
월보,C37-S00-I00-N02,C37,일관
월보,C37-S00-I00-N02,C37,진리
월보,C37-S00-I00-N02,C37,주관
월보,C37-S00-I00-N02,C37,신임경도사
월보,C37-S00-I00-N02,C37,이기완씨객관
월보,C37-S00-I00-N02,C37,調和
월보,C37-S00-I00-N02,C37,요력
월보,C37-S00-I00-N02,C37,어시
월보,C37-S00-I00-N02,C37,철학
월보,C37-S00-I00-N02,C37,철학호상경쟁
월보,C37-S00-I00-N02,C37,결과
월보,C37-S00-I00-N02,C37,신교자유
월보,C37-S00-I00-N02,C37,문제
월보,C37-S00-I00-N02,C37,여하
월보,C37-S00-I00-N02,C37,신앙
월보,C37-S00-I00-N02,C37,용인
월보,C37-S00-I00-N02,C37,시실
월보,C37-S00-I00-N02,C37,만종교만철학
월보,C37-S00-I00-N02,C37,총합대성
월보,C37-S00-I00-N02,C37,최후대종교
월보,C37-S00-I00-N02,C37,인생고유
월보,C37-S00-I00-N02,C37,종교심
월보,C37-S00-I00-N02,C37,구신앙
월보,C37-S00-I00-N02,C37,여력
월보,C37-S00-I00-N02,C37,기근저
월보,C37-S00-I00-N02,C37,유지
월보,C37-S00-I00-N02,C37,불과
월보,C37-S00-I00-N02,C37,금일
월보,C37-S00-I00-N02,C37,대성종교
월보,C37-S00-I00-N02,C37,발현시대
월보,C37-S00-I00-N02,C37,교문정의약천도
월보,C37-S00-I00-N02,C37,무심
월보,C37-S00-I00-N02,C37,필연적결과등종교
월보,C37-S00-I00-N02,C37,출래
월보,C37-S00-I00-N02,C37,천지
월보,C37-S00-I00-N02,C37,원칙
월보,C37-S00-I00-N02,C37,오인
월보,C37-S00-I00-N02,C37,오인
월보,C37-S00-I00-N02,C37,천도
월보,C37-S00-I00-N02,C37,조화대
월보,C37-S00-I00-N02,C37,최후대종
월보,C37-S00-I00-N02,C37,과장
월보,C37-S00-I00-N02,C37,천도
월보,C37-S00-I00-N02,C37,열교
월보,C37-S00-I00-N02,C37,진리
월보,C37-S00-I00-N02,C37,하단
월보,C37-S00-I00-N02,C37,진술
월보,C37-S00-I00-N02,C37,현대인
월보,C37-S00-I00-N02,C37,종교적심경하
월보,C37-S00-I00-N02,C37,공평
월보,C37-S00-I00-N02,C37,약오인
월보,C37-S00-I00-N02,C37,천도교
월보,C37-S00-I00-N02,C37,시등
월보,C37-S00-I00-N02,C37,자격
월보,C37-S00-I00-N02,C37,현대인생
월보,C37-S00-I00-N02,C37,종교적생명
월보,C37-S00-I00-N02,C37,천도교
월보,C37-S00-I00-N02,C37,명의오인
월보,C37-S00-I00-N02,C37,전장
월보,C37-S00-I00-N02,C37,종교
월보,C37-S00-I00-N02,C37,도시대
월보,C37-S00-I00-N02,C37,금일
월보,C37-S00-I00-N02,C37,종교통일
월보,C37-S00-I00-N02,C37,시대
월보,C37-S00-I00-N02,C37,설파
월보,C37-S00-I00-N02,C37,통일종교
월보,C37-S00-I00-N02,C37,진리
월보,C37-S00-I00-N02,C37,여하
월보,C37-S00-I00-N02,C37,포부
월보,C37-S00-I00-N02,C37,물전부
월보,C37-S00-I00-N02,C37,진리
월보,C37-S00-I00-N02,C37,전반
월보,C37-S00-I00-N02,C37,포부
월보,C37-S00-I00-N02,C37,즉종교전부
월보,C37-S00-I00-N02,C37,진리
월보,C37-S00-I00-N02,C37,포용
월보,C37-S00-I00-N02,C37,철학
월보,C37-S00-I00-N02,C37,포용
월보,C37-S00-I00-N02,C37,우진
월보,C37-S00-I00-N02,C37,과학
월보,C37-S00-I00-N02,C37,포용
월보,C37-S00-I00-N02,C37,진리
월보,C37-S00-I00-N02,C37,불가
월보,C37-S00-I00-N02,C37,오인
월보,C37-S00-I00-N02,C37,오인
월보,C37-S00-I00-N02,C37,천도교
월보,C37-S00-I00-N02,C37,시등진리
월보,C37-S00-I00-N02,C37,시등
월보,C37-S00-I00-N02,C37,포부
월보,C37-S00-I00-N02,C37,확유
월보,C37-S00-I00-N02,C37,단언
월보,C37-S00-I00-N03,C37,하자
월보,C37-S00-I00-N03,C37,개천도교
월보,C37-S00-I00-N03,C37,천도교
월보,C37-S00-I00-N03,C37,소이
월보,C37-S00-I00-N03,C37,명의상
월보,C37-S00-I00-N03,C37,차등만반
월보,C37-S00-I00-N03,C37,진리
월보,C37-S00-I00-N03,C37,포용무애
월보,C37-S00-I00-N03,C37,하등종교
월보,C37-S00-I00-N03,C37,하등철학
월보,C37-S00-I00-N03,C37,천도이외
월보,C37-S00-I00-N03,C37,진리
월보,C37-S00-I00-N03,C37,오득
월보,C37-S00-I00-N03,C37,개천도
월보,C37-S00-I00-N03,C37,일부분
월보,C37-S00-I00-N03,C37,관파
월보,C37-S00-I00-N03,C37,자기
월보,C37-S00-I00-N03,C37,주체
월보,C37-S00-I00-N03,C37,기주체
월보,C37-S00-I00-N03,C37,중심
월보,C37-S00-I00-N03,C37,시아진리
월보,C37-S00-I00-N03,C37,시점
월보,C37-S00-I00-N03,C37,오교
월보,C37-S00-I00-N03,C37,각부
월보,C37-S00-I00-N03,C37,주관적국견
월보,C37-S00-I00-N03,C37,벽파
월보,C37-S00-I00-N03,C37,각주관
월보,C37-S00-I00-N03,C37,전부
월보,C37-S00-I00-N03,C37,총합대성
월보,C37-S00-I00-N03,C37,왈천도
월보,C37-S00-I00-N03,C37,천하
월보,C37-S00-I00-N03,C37,종교
월보,C37-S00-I00-N03,C37,기요점
월보,C37-S00-I00-N03,C37,유불선
월보,C37-S00-I00-N03,C37,불과
월보,C37-S00-I00-N03,C37,유불선
월보,C37-S00-I00-N03,C37,각부
월보,C37-S00-I00-N03,C37,즉아천도교
월보,C37-S00-I00-N03,C37,분체
월보,C37-S00-I00-N03,C37,세인
월보,C37-S00-I00-N03,C37,오해
월보,C37-S00-I00-N03,C37,오교
월보,C37-S00-I00-N03,C37,삼가
월보,C37-S00-I00-N03,C37,진리
월보,C37-S00-I00-N03,C37,인위적
월보,C37-S00-I00-N03,C37,비부원
월보,C37-S00-I00-N03,C37,인자
월보,C37-S00-I00-N03,C37,오교
월보,C37-S00-I00-N03,C37,삼가
월보,C37-S00-I00-N03,C37,비부
월보,C37-S00-I00-N03,C37,개동작
월보,C37-S00-I00-N03,C37,즉천도
월보,C37-S00-I00-N03,C37,전체적원리
월보,C37-S00-I00-N03,C37,직접관통
월보,C37-S00-I00-N03,C37,명사
월보,C37-S00-I00-N03,C37,상언
월보,C37-S00-I00-N03,C37,전체원리
월보,C37-S00-I00-N03,C37,대신사
월보,C37-S00-I00-N03,C37,신비적
월보,C37-S00-I00-N03,C37,계시
월보,C37-S00-I00-N03,C37,요체
월보,C37-S00-I00-N03,C37,즉천도교
월보,C37-S00-I00-N03,C37,천도교
월보,C37-S00-I00-N03,C37,요리
월보,C37-S00-I00-N03,C37,오교
월보,C37-S00-I00-N03,C37,진리
월보,C37-S00-I00-N03,C37,광대무량
월보,C37-S00-I00-N03,C37,부연
월보,C37-S00-I00-N03,C37,천만
월보,C37-S00-I00-N03,C37,경전
월보,C37-S00-I00-N03,C37,저술
월보,C37-S00-I00-N03,C37,유불족
월보,C37-S00-I00-N03,C37,일감
월보,C37-S00-I00-N03,C37,간단
월보,C37-S00-I00-N03,C37,요점
월보,C37-S00-I00-N03,C37,귀결
월보,C37-S00-I00-N03,C37,천인합일
월보,C37-S00-I00-N03,C37,성신쌍전
월보,C37-S00-I00-N03,C37,유무일관적요체
월보,C37-S00-I00-N03,C37,천인합일
월보,C37-S00-I00-N03,C37,즉천
월보,C37-S00-I00-N03,C37,기근본적원리
월보,C37-S00-I00-N03,C37,상이
월보,C37-S00-I00-N03,C37,법상
월보,C37-S00-I00-N03,C37,전륜
월보,C37-S00-I00-N03,C37,유상
월보,C37-S00-I00-N03,C37,전륜
월보,C37-S00-I00-N03,C37,법상
월보,C37-S00-I00-N03,C37,법상교문정의
월보,C37-S00-I00-N03,C37,천도교
월보,C37-S00-I00-N03,C37,즉천
월보,C37-S00-I00-N03,C37,유상
월보,C37-S00-I00-N03,C37,원관
월보,C37-S00-I00-N03,C37,천도교
월보,C37-S00-I00-N03,C37,즉인
월보,C37-S00-I00-N03,C37,전륜
월보,C37-S00-I00-N03,C37,기두
월보,C37-S00-I00-N03,C37,왕복
월보,C37-S00-I00-N03,C37,시리
월보,C37-S00-I00-N03,C37,각반
월보,C37-S00-I00-N03,C37,철학
월보,C37-S00-I00-N03,C37,각반
월보,C37-S00-I00-N03,C37,과학
월보,C37-S00-I00-N03,C37,해부
월보,C37-S00-I00-N03,C37,여하
월보,C37-S00-I00-N03,C37,의안
월보,C37-S00-I00-N03,C37,오교리
월보,C37-S00-I00-N03,C37,명료무여
월보,C37-S00-I00-N03,C37,천인합일
월보,C37-S00-I00-N03,C37,필연적결과
월보,C37-S00-I00-N03,C37,성신쌍전
월보,C37-S00-I00-N03,C37,성신쌍전
월보,C37-S00-I00-N03,C37,오교량륜
월보,C37-S00-I00-N03,C37,개인
월보,C37-S00-I00-N03,C37,성신합일
월보,C37-S00-I00-N03,C37,우주
월보,C37-S00-I00-N03,C37,전체원리
월보,C37-S00-I00-N03,C37,신임경도사
월보,C37-S00-I00-N03,C37,이인숙씨합일
월보,C37-S00-I00-N03,C37,개인
월보,C37-S00-I00-N03,C37,전체원리
월보,C37-S00-I00-N03,C37,합일
월보,C37-S00-I00-N03,C37,오교
월보,C37-S00-I00-N03,C37,쌍방
월보,C37-S00-I00-N03,C37,수련
월보,C37-S00-I00-N03,C37,주체적진리
월보,C37-S00-I00-N03,C37,영생
월보,C37-S00-I00-N03,C37,주체적발달
월보,C37-S00-I00-N03,C37,영생
월보,C37-S00-I00-N03,C37,시리
월보,C37-S00-I00-N03,C37,각반
월보,C37-S00-I00-N03,C37,종교
월보,C37-S00-I00-N03,C37,해부
월보,C37-S00-I00-N03,C37,교리부
월보,C37-S00-I00-N03,C37,여하
월보,C37-S00-I00-N03,C37,교종
월보,C37-S00-I00-N03,C37,물론
월보,C37-S00-I00-N03,C37,오교
월보,C37-S00-I00-N03,C37,일부지
월보,C37-S00-I00-N03,C37,명확
월보,C37-S00-I00-N03,C37,사실
월보,C37-S00-I00-N03,C37,성신쌍전결과
월보,C37-S00-I00-N03,C37,유무통일
월보,C37-S00-I00-N03,C37,인소
월보,C37-S00-I00-N03,C37,전체
월보,C37-S00-I00-N03,C37,개체
월보,C37-S00-I00-N03,C37,유일관
월보,C37-S00-I00-N03,C37,혈맥
월보,C37-S00-I00-N03,C37,차유무일관
월보,C37-S00-I00-N03,C37,진리
월보,C37-S00-I00-N03,C37,무형유형
월보,C37-S00-I00-N03,C37,양계
월보,C37-S00-I00-N03,C37,포양
월보,C37-S00-I00-N03,C37,열교
월보,C37-S00-I00-N03,C37,진상
월보,C37-S00-I00-N03,C37,오교
월보,C37-S00-I00-N03,C37,천안
월보,C37-S00-I00-N03,C37,달관
월보,C37-S00-I00-N03,C37,천체
월보,C37-S00-I00-N03,C37,열성
월보,C37-S00-I00-N03,C37,북극
월보,C37-S00-I00-N03,C37,주체
월보,C37-S00-I00-N03,C37,각기열위성좌
월보,C37-S00-I00-N03,C37,만고성철
월보,C37-S00-I00-N03,C37,교주체하일분자적위치
월보,C37-S00-I00-N03,C37,불과
월보,C37-S00-I00-N03,C37,약오
월보,C37-S00-I00-N03,C37,신명
월보,C37-S00-I00-N03,C37,우시대
월보,C37-S00-I00-N03,C37,억우철리
월보,C37-S00-I00-N03,C37,단유감
월보,C37-S00-I00-N03,C37,오교
월보,C37-S00-I00-N03,C37,출세
월보,C37-S00-I00-N03,C37,기일
월보,C37-S00-I00-N03,C37,상천
월보,C37-S00-I00-N03,C37,세인
월보,C37-S00-I00-N03,C37,무극아교원당
월보,C37-S00-I00-N03,C37,기연불연
월보,C37-S00-I00-N03,C37,의안
월보,C37-S00-I00-N03,C37,오교
월보,C37-S00-I00-N03,C37,노씨왈
월보,C37-S00-I00-N03,C37,상사
월보,C37-S00-I00-N03,C37,문도이희
월보,C37-S00-I00-N03,C37,중사
월보,C37-S00-I00-N03,C37,문도이의
월보,C37-S00-I00-N03,C37,하사
월보,C37-S00-I00-N03,C37,문도이소
월보,C37-S00-I00-N03,C37,우주
월보,C37-S00-I00-N03,C37,만리
월보,C37-S00-I00-N03,C37,정신
월보,C37-S00-I00-N03,C37,대도대덕
월보,C37-S00-I00-N03,C37,지나
월보,C37-S00-I00-N03,C37,시대
월보,C37-S00-I00-N03,C37,진화
월보,C37-S00-I00-N03,C37,천도교적경향
월보,C37-S00-I00-N03,C37,내하
월보,C37-S00-I00-N03,C37,즉시대
월보,C37-S00-I00-N03,C37,진화
월보,C37-S00-I00-N03,C37,개인
월보,C37-S00-I00-N03,C37,심리
월보,C37-S00-I00-N03,C37,자연
월보,C37-S00-I00-N03,C37,우필연
월보,C37-S00-I00-N03,C37,천도교적심법
월보,C37-S00-I00-N03,C37,진철리
월보,C37-S00-I00-N03,C37,기실행
월보,C37-S00-I00-N03,C37,천도교적심법
월보,C37-S00-I00-N03,C37,기화
월보,C37-S00-I00-N03,C37,태양
월보,C37-S00-I00-N03,C37,일출
월보,C37-S00-I00-N03,C37,만광
월보,C37-S00-I00-N03,C37,동화
월보,C37-S00-I00-N03,C37,오교대명
월보,C37-S00-I00-N03,C37,열교
월보,C37-S00-I00-N03,C37,광명
월보,C37-S00-I00-N03,C37,일체동상
월보,C37-S00-I00-N03,C37,진언오
월보,C37-S00-I00-N03,C37,오무화
월보,C37-S00-I00-N03,C37,이부간
월보,C37-S00-I00-N03,C37,고금세계
월보,C37-S00-I00-N03,C37,기아
월보,C37-S00-I00-N03,C37,고도
월보,C38-S00-I00-N01,C38,석씨
월보,C38-S00-I00-N01,C38,육년고행후불
월보,C38-S00-I00-N01,C38,출인총명
월보,C38-S00-I00-N01,C38,위편삼절후성
월보,C38-S00-I00-N01,C38,황근기
월보,C38-S00-I00-N01,C38,박약여
월보,C38-S00-I00-N01,C38,허구
월보,C38-S00-I00-N01,C38,연월
월보,C38-S00-I00-N01,C38,소비
월보,C38-S00-I00-N01,C38,금여
월보,C38-S00-I00-N01,C38,금년금일
월보,C38-S00-I00-N01,C38,제아
월보,C38-S00-I00-N01,C38,지성
월보,C38-S00-I00-N01,C38,일년일아식차제수거
월보,C38-S00-I00-N01,C38,구년
월보,C38-S00-I00-N01,C38,불출
월보,C38-S00-I00-N01,C38,목장
월보,C38-S00-I00-N01,C38,도득
월보,C38-S00-I00-N01,C38,여년
월보,C38-S00-I00-N01,C38,상장
월보,C38-S00-I00-N01,C38,하만
월보,C38-S00-I00-N01,C38,단안
월보,C38-S00-I00-N01,C38,천하동덕
월보,C38-S00-I00-N01,C38,공고
월보,C38-S00-I00-N01,C38,왈삼십오세
월보,C38-S00-I00-N01,C38,이종린
월보,C38-S00-I00-N01,C38,금년삼백륙십일
월보,C38-S00-I00-N01,C38,타사
월보,C38-S00-I00-N01,C38,불사
월보,C38-S00-I00-N01,C38,진중
월보,C38-S00-I00-N01,C38,일만사
월보,C38-S00-I00-N01,C38,대가
월보,C38-S00-I00-N01,C38,공정
월보,C38-S00-I00-N01,C38,교문정의
월보,C38-S00-I00-N01,C38,신년
월보,C38-S00-I00-N01,C38,인생리돈화지이
월보,C38-S00-I00-N01,C38,백천억무량수
월보,C38-S00-I00-N01,C38,과거
월보,C38-S00-I00-N01,C38,백천억무량수
월보,C38-S00-I00-N01,C38,미래
월보,C38-S00-I00-N01,C38,분진우분진
월보,C38-S00-I00-N01,C38,현재인생
월보,C38-S00-I00-N01,C38,장차하등
월보,C38-S00-I00-N01,C38,희망
월보,C38-S00-I00-N01,C38,차무오
월보,C38-S00-I00-N01,C38,신광음
월보,C38-S00-I00-N01,C38,소견
월보,C38-S00-I00-N01,C38,오호
월보,C38-S00-I00-N01,C38,금년금월금일금시금분금초
월보,C38-S00-I00-N01,C38,차전후백천억무량수
월보,C38-S00-I00-N01,C38,연쇄
월보,C38-S00-I00-N01,C38,찰나광음
월보,C38-S00-I00-N01,C38,차찰나광음
월보,C38-S00-I00-N01,C38,하소
월보,C38-S00-I00-N01,C38,하처
월보,C38-S00-I00-N01,C38,차찰나
월보,C38-S00-I00-N01,C38,억역과거
월보,C38-S00-I00-N01,C38,미래
월보,C38-S00-I00-N01,C38,찰나적광음
월보,C38-S00-I00-N01,C38,동시
월보,C38-S00-I00-N01,C38,무궁적
월보,C38-S00-I00-N01,C38,무시무종적교훈
월보,C38-S00-I00-N01,C38,금봉덕씨오
월보,C38-S00-I00-N01,C38,교문정의광음
월보,C38-S00-I00-N01,C38,개삼계
월보,C38-S00-I00-N01,C38,유심
월보,C38-S00-I00-N01,C38,삼계
월보,C38-S00-I00-N01,C38,변천
월보,C38-S00-I00-N01,C38,신구
월보,C38-S00-I00-N01,C38,백천억무량수
월보,C38-S00-I00-N01,C38,백천억무량수
월보,C38-S00-I00-N01,C38,결국유일심법
월보,C38-S00-I00-N01,C38,귀착
월보,C38-S00-I00-N01,C38,번로
월보,C38-S00-I00-N01,C38,무궁무
월보,C38-S00-I00-N01,C38,태초
월보,C38-S00-I00-N01,C38,무물
월보,C38-S00-I00-N01,C38,무아
월보,C38-S00-I00-N01,C38,무아
월보,C38-S00-I00-N01,C38,홍몽
월보,C38-S00-I00-N01,C38,홍몽
월보,C38-S00-I00-N01,C38,무극
월보,C38-S00-I00-N01,C38,아심
월보,C38-S00-I00-N01,C38,소조
월보,C38-S00-I00-N01,C38,차무궁무극
월보,C38-S00-I00-N01,C38,진화묘법
월보,C38-S00-I00-N01,C38,기백억
월보,C38-S00-I00-N01,C38,광음
월보,C38-S00-I00-N01,C38,경과
월보,C38-S00-I00-N01,C38,이심전심
월보,C38-S00-I00-N01,C38,진화진화
월보,C38-S00-I00-N01,C38,시즉오인금일
월보,C38-S00-I00-N01,C38,심법
월보,C38-S00-I00-N01,C38,진화
월보,C38-S00-I00-N01,C38,만유사론
월보,C38-S00-I00-N01,C38,동시
월보,C38-S00-I00-N01,C38,무극사
월보,C38-S00-I00-N01,C38,인불동
월보,C38-S00-I00-N01,C38,불동
월보,C38-S00-I00-N01,C38,역시심진화
월보,C38-S00-I00-N01,C38,생멸
월보,C38-S00-I00-N01,C38,진화
월보,C38-S00-I00-N01,C38,신구
월보,C38-S00-I00-N01,C38,진화교체
월보,C38-S00-I00-N01,C38,불동
월보,C38-S00-I00-N01,C38,인세
월보,C38-S00-I00-N01,C38,비관
월보,C38-S00-I00-N01,C38,진리
월보,C38-S00-I00-N01,C38,오해
월보,C38-S00-I00-N01,C38,시진화
월보,C38-S00-I00-N01,C38,죄인
월보,C38-S00-I00-N01,C38,계퇴굴
월보,C38-S00-I00-N01,C38,악마
월보,C38-S00-I00-N01,C38,오인
월보,C38-S00-I00-N01,C38,과거백천억무량수조선
월보,C38-S00-I00-N01,C38,진화심법
월보,C38-S00-I00-N01,C38,전발
월보,C38-S00-I00-N01,C38,미래백천억무량수자손
월보,C38-S00-I00-N01,C38,전수
월보,C38-S00-I00-N01,C38,대책임
월보,C38-S00-I00-N01,C38,차무오
월보,C38-S00-I00-N01,C38,신광음
월보,C38-S00-I00-N01,C38,환영
월보,C38-S00-I00-N01,C38,불가
월보,C38-S00-I00-N01,C38,파언
월보,C38-S00-I00-N01,C38,차대책임
월보,C38-S00-I00-N01,C38,신명
월보,C38-S00-I00-N01,C38,철안
월보,C38-S00-I00-N01,C38,선천적약속
월보,C38-S00-I00-N01,C38,차대자연
월보,C38-S00-I00-N01,C38,대자연지대심법
월보,C38-S00-I00-N01,C38,오인
월보,C38-S00-I00-N01,C38,차대자연
월보,C38-S00-I00-N01,C38,심해
월보,C38-S00-I00-N01,C38,운명
월보,C38-S00-I00-N01,C38,무궁무극
월보,C38-S00-I00-N01,C38,일진우일진
월보,C38-S00-I00-N01,C38,월진우월진
월보,C38-S00-I00-N01,C38,여사
월보,C38-S00-I00-N01,C38,신년
월보,C38-S00-I00-N01,C38,경신년
월보,C38-S00-I00-N01,C38,우경신년
월보,C38-S00-I00-N01,C38,운명
월보,C38-S00-I00-N01,C38,오인
월보,C38-S00-I00-N01,C38,신년
월보,C38-S00-I00-N01,C38,신앙
월보,C38-S00-I00-N01,C38,자각
월보,C38-S00-I00-N01,C38,도덕
월보,C38-S00-I00-N01,C38,적라
월보,C38-S00-I00-N01,C38,체득
월보,C38-S00-I00-N01,C38,피신인생
월보,C38-S00-I00-N01,C38,영생
월보,C38-S00-I00-N01,C38,불멸
월보,C38-S00-I00-N01,C38,황우오교
월보,C38-S00-I00-N01,C38,오만년
월보,C38-S00-I00-N01,C38,신교
월보,C38-S00-I00-N01,C38,종교
월보,C38-S00-I00-N01,C38,광음
월보,C38-S00-I00-N01,C38,특별
월보,C38-S00-I00-N01,C38,자각
월보,C38-S00-I00-N01,C38,불가
월보,C38-S00-I00-N01,C38,소위신
월보,C38-S00-I00-N01,C38,자각
월보,C38-S00-I00-N01,C38,즉대
월보,C38-S00-I00-N01,C38,자각
월보,C38-S00-I00-N01,C38,자각
월보,C38-S00-I00-N01,C38,즉원
월보,C38-S00-I00-N01,C38,자각
월보,C38-S00-I00-N01,C38,천지무형
월보,C38-S00-I00-N01,C38,풍운변태
월보,C38-S00-I00-N01,C38,자각
월보,C38-S00-I00-N01,C38,건곤
월보,C38-S00-I00-N01,C38,위중
월보,C38-S00-I00-N01,C38,일월
월보,C38-S00-I00-N01,C38,쌍안
월보,C38-S00-I00-N01,C38,자각
월보,C38-S00-I00-N01,C38,용역
월보,C38-S00-I00-N01,C38,수련
월보,C38-S00-I00-N01,C38,수련
월보,C38-S00-I00-N01,C38,시간
월보,C38-S00-I00-N01,C38,죄인
월보,C38-S00-I00-N01,C38,시간
월보,C38-S00-I00-N01,C38,죄인
월보,C38-S00-I00-N01,C38,즉자각
월보,C38-S00-I00-N01,C38,죄인
월보,C38-S00-I00-N01,C38,오인
월보,C38-S00-I00-N01,C38,유일
월보,C38-S00-I00-N01,C38,부고
월보,C38-S00-I00-N01,C38,시간
월보,C38-S00-I00-N01,C38,시간
월보,C38-S00-I00-N01,C38,미화
월보,C38-S00-I00-N01,C38,도덕
월보,C38-S00-I00-N01,C38,문학
월보,C38-S00-I00-N01,C38,금전
월보,C38-S00-I00-N01,C38,현철
월보,C38-S00-I00-N01,C38,호걸
월보,C38-S00-I00-N01,C38,애성류재풍교리부세
월보,C38-S00-I00-N01,C38,자기
월보,C38-S00-I00-N01,C38,불애
월보,C38-S00-I00-N01,C38,불애
월보,C38-S00-I00-N01,C38,애기
월보,C38-S00-I00-N01,C38,약오인
월보,C38-S00-I00-N01,C38,천여
월보,C38-S00-I00-N01,C38,부고
월보,C38-S00-I00-N01,C38,폭기
월보,C38-S00-I00-N01,C38,이용
월보,C38-S00-I00-N01,C38,천금
월보,C38-S00-I00-N01,C38,구학
월보,C38-S00-I00-N01,C38,전개
월보,C38-S00-I00-N01,C38,무이
월보,C38-S00-I00-N01,C38,언념
월보,C38-S00-I00-N01,C38,오인
월보,C38-S00-I00-N01,C38,차무오
월보,C38-S00-I00-N01,C38,광음
월보,C38-S00-I00-N01,C38,여하
월보,C38-S00-I00-N01,C38,이용
월보,C38-S00-I00-N01,C38,도리
월보,C38-S00-I00-N01,C38,강구
월보,C38-S00-I00-N01,C38,불가
월보,C38-S00-I00-N01,C38,제일
월보,C38-S00-I00-N01,C38,신앙
월보,C38-S00-I00-N01,C38,포덕
월보,C38-S00-I00-N01,C38,광제
월보,C38-S00-I00-N01,C38,자강불식
월보,C38-S00-I00-N01,C38,오인
월보,C38-S00-I00-N01,C38,무오
월보,C38-S00-I00-N01,C38,죄인
월보,C38-S00-I00-N01,C38,억백천억무량수
월보,C38-S00-I00-N01,C38,죄인
월보,C38-S00-I00-N01,C38,이부
월보,C38-S00-I00-N01,C38,애성
월보,C38-S00-I00-N01,C38,부자기
월보,C38-S00-I00-N01,C38,자성
월보,C38-S00-I00-N01,C38,자성
월보,C38-S00-I00-N01,C38,본래지
월보,C38-S00-I00-N01,C38,천지
월보,C38-S00-I00-N01,C38,궐시
월보,C38-S00-I00-N01,C38,천지
월보,C38-S00-I00-N01,C38,유근본목기
월보,C39-S00-I00-N01,C39,위오도자
월보,C39-S00-I00-N01,C39,차유사계
월보,C39-S00-I00-N01,C39,복응이체행
월보,C39-S00-I00-N01,C39,천시시
월보,C39-S00-I00-N01,C39,천도
월보,C39-S00-I00-N01,C39,자아도
월보,C39-S00-I00-N01,C39,봉천군
월보,C39-S00-I00-N01,C39,여사엄부
월보,C39-S00-I00-N01,C39,여보적자
월보,C39-S00-I00-N01,C39,지어사지백체
월보,C39-S00-I00-N01,C39,불언이종천
월보,C39-S00-I00-N01,C39,만사만물
월보,C39-S00-I00-N01,C39,무위이화천성지선
월보,C39-S00-I00-N01,C39,난색
월보,C39-S00-I00-N01,C39,심중
월보,C39-S00-I00-N01,C39,무색
월보,C39-S00-I00-N01,C39,이소성
월보,C39-S00-I00-N01,C39,환오색지목간성
월보,C39-S00-I00-N01,C39,접이
월보,C39-S00-I00-N01,C39,심중
월보,C39-S00-I00-N01,C39,무성
월보,C39-S00-I00-N01,C39,이소성
월보,C39-S00-I00-N01,C39,성지이야
월보,C39-S00-I00-N01,C39,상미입구
월보,C39-S00-I00-N01,C39,심중
월보,C39-S00-I00-N01,C39,무미
월보,C39-S00-I00-N01,C39,환오미지구야
월보,C39-S00-I00-N01,C39,부향
월보,C39-S00-I00-N01,C39,옹비
월보,C39-S00-I00-N01,C39,심중
월보,C39-S00-I00-N01,C39,이소성
월보,C39-S00-I00-N01,C39,환오취지비야
월보,C39-S00-I00-N01,C39,미복
월보,C39-S00-I00-N01,C39,심중
월보,C39-S00-I00-N01,C39,무복
월보,C39-S00-I00-N01,C39,이소성
월보,C39-S00-I00-N01,C39,환오장지체종교
월보,C39-S00-I00-N01,C39,양측면목리부진리
월보,C39-S00-I00-N01,C39,항상량측면
월보,C39-S00-I00-N01,C39,왈동적측면
월보,C39-S00-I00-N01,C39,왈정적왈양적측면
월보,C39-S00-I00-N01,C39,왈음적측면
월보,C39-S00-I00-N01,C39,왈적극적측면
월보,C39-S00-I00-N01,C39,왈소극면
월보,C39-S00-I00-N01,C39,시진리
월보,C39-S00-I00-N01,C39,상대
월보,C39-S00-I00-N01,C39,차상대
월보,C39-S00-I00-N01,C39,총합대관
월보,C39-S00-I00-N01,C39,소위
월보,C39-S00-I00-N01,C39,태극생량의
월보,C39-S00-I00-N01,C39,양의생사상
월보,C39-S00-I00-N01,C39,생즉절대
월보,C39-S00-I00-N01,C39,일절대
월보,C39-S00-I00-N01,C39,상대
월보,C39-S00-I00-N01,C39,상대
월보,C39-S00-I00-N01,C39,우각각
월보,C39-S00-I00-N01,C39,각각
월보,C39-S00-I00-N01,C39,상대
월보,C39-S00-I00-N01,C39,지천억무량수
월보,C39-S00-I00-N01,C39,상대
월보,C39-S00-I00-N01,C39,절대
월보,C39-S00-I00-N01,C39,연쇄
월보,C39-S00-I00-N01,C39,진리
월보,C39-S00-I00-N01,C39,측면
월보,C39-S00-I00-N01,C39,진화
월보,C39-S00-I00-N01,C39,이지언야아소성
월보,C39-S00-I00-N01,C39,행야아소성
월보,C39-S00-I00-N01,C39,처부귀이행호
월보,C39-S00-I00-N01,C39,소성
월보,C39-S00-I00-N01,C39,거빈천이행호소성
월보,C39-S00-I00-N01,C39,재란세이행호소성
월보,C39-S00-I00-N01,C39,추이환
월보,C39-S00-I00-N01,C39,우환난이행호소성
월보,C39-S00-I00-N01,C39,비도환아일신이지
월보,C39-S00-I00-N01,C39,장이역천하
월보,C39-S00-I00-N01,C39,우장군지유아일가
월보,C39-S00-I00-N01,C39,비도환아신가이지
월보,C39-S00-I00-N01,C39,장이역천하
월보,C39-S00-I00-N01,C39,우장과목
월보,C39-S00-I00-N01,C39,이역만세
월보,C39-S00-I00-N01,C39,칙거장견천하대동
월보,C39-S00-I00-N01,C39,만세평화
월보,C39-S00-I00-N01,C39,오인지환성
월보,C39-S00-I00-N01,C39,극의
월보,C39-S00-I00-N01,C39,오교지능사
월보,C39-S00-I00-N01,C39,달의
월보,C39-S00-I00-N01,C39,연후
월보,C39-S00-I00-N01,C39,오령편체호도
월보,C39-S00-I00-N01,C39,서불부량조수후지범이능무패사문시철지지의의야
월보,C39-S00-I00-N01,C39,범아령우
월보,C39-S00-I00-N01,C39,기감우자리돈화
월보,C39-S00-I00-N01,C39,오인
월보,C39-S00-I00-N01,C39,진리해석
월보,C39-S00-I00-N01,C39,사고적억병
월보,C39-S00-I00-N01,C39,측면
월보,C39-S00-I00-N01,C39,제거
월보,C39-S00-I00-N01,C39,필요
월보,C39-S00-I00-N01,C39,오인
월보,C39-S00-I00-N01,C39,차사고적억병
월보,C39-S00-I00-N01,C39,파괴
월보,C39-S00-I00-N01,C39,극적측용왕직진
월보,C39-S00-I00-N01,C39,접촉
월보,C39-S00-I00-N01,C39,사려
월보,C39-S00-I00-N01,C39,거취
월보,C39-S00-I00-N01,C39,진리
월보,C39-S00-I00-N01,C39,본체
월보,C39-S00-I00-N01,C39,체득응용
월보,C39-S00-I00-N01,C39,불가
월보,C39-S00-I00-N01,C39,기로
월보,C39-S00-I00-N01,C39,개진리
월보,C39-S00-I00-N01,C39,상대
월보,C39-S00-I00-N01,C39,팔방미인주의
월보,C39-S00-I00-N01,C39,암명
월보,C39-S00-I00-N01,C39,물론
월보,C39-S00-I00-N01,C39,불문
월보,C39-S00-I00-N01,C39,불구
월보,C39-S00-I00-N01,C39,유물
월보,C39-S00-I00-N01,C39,도처
월보,C39-S00-I00-N01,C39,유행상징
월보,C39-S00-I00-N01,C39,활동
월보,C39-S00-I00-N01,C39,간섭
월보,C39-S00-I00-N01,C39,진리
월보,C39-S00-I00-N01,C39,대천성진구
월보,C39-S00-I00-N01,C39,교리부
월보,C39-S00-I00-N01,C39,동시
월보,C39-S00-I00-N01,C39,윤동섬유
월보,C39-S00-I00-N01,C39,포용
월보,C39-S00-I00-N01,C39,화소조제
월보,C39-S00-I00-N01,C39,동시
월보,C39-S00-I00-N01,C39,고목한암
월보,C39-S00-I00-N01,C39,특별비상
월보,C39-S00-I00-N01,C39,범심상
월보,C39-S00-I00-N01,C39,소연
월보,C39-S00-I00-N01,C39,진리
월보,C39-S00-I00-N01,C39,고원
월보,C39-S00-I00-N01,C39,비근제
월보,C39-S00-I00-N01,C39,특별
월보,C39-S00-I00-N01,C39,심상
월보,C39-S00-I00-N01,C39,멸여
월보,C39-S00-I00-N01,C39,시진리
월보,C39-S00-I00-N01,C39,오해
월보,C39-S00-I00-N01,C39,시사
월보,C39-S00-I00-N01,C39,오인
월보,C39-S00-I00-N01,C39,소위진리
월보,C39-S00-I00-N01,C39,여하
월보,C39-S00-I00-N01,C39,특거
월보,C39-S00-I00-N01,C39,약구
월보,C39-S00-I00-N01,C39,진리
월보,C39-S00-I00-N01,C39,배설
월보,C39-S00-I00-N01,C39,역진리
월보,C39-S00-I00-N01,C39,사고
월보,C39-S00-I00-N01,C39,정신
월보,C39-S00-I00-N01,C39,진리
월보,C39-S00-I00-N01,C39,칭외
월보,C39-S00-I00-N01,C39,활동
월보,C39-S00-I00-N01,C39,육체
월보,C39-S00-I00-N01,C39,역진리
월보,C39-S00-I00-N01,C39,유무통일
월보,C39-S00-I00-N01,C39,영육쌍전
월보,C39-S00-I00-N01,C39,진리전체
월보,C39-S00-I00-N01,C39,본령
월보,C39-S00-I00-N01,C39,종교
월보,C39-S00-I00-N01,C39,차본령
월보,C39-S00-I00-N01,C39,현대문명
월보,C39-S00-I00-N01,C39,우융화
월보,C39-S00-I00-N01,C39,상언
월보,C39-S00-I00-N01,C39,현대종교
월보,C39-S00-I00-N01,C39,영주의
월보,C39-S00-I00-N01,C39,불가
월보,C39-S00-I00-N01,C39,즉진리
월보,C39-S00-I00-N01,C39,전체
월보,C39-S00-I00-N01,C39,포차
월보,C39-S00-I00-N01,C39,응용
월보,C39-S00-I00-N01,C39,불가
월보,C39-S00-I00-N01,C39,현대종교
월보,C39-S00-I00-N01,C39,측면
월보,C39-S00-I00-N01,C39,사회적측면
월보,C39-S00-I00-N01,C39,총합대관
월보,C39-S00-I00-N01,C39,책임
월보,C39-S00-I00-N01,C39,부담
월보,C39-S00-I00-N01,C39,개인적측면
월보,C39-S00-I00-N01,C39,종교
월보,C39-S00-I00-N01,C39,각개인
월보,C39-S00-I00-N01,C39,전공적수요
월보,C39-S00-I00-N01,C39,사회적측면
월보,C39-S00-I00-N01,C39,종교
월보,C39-S00-I00-N01,C39,기전공
월보,C39-S00-I00-N01,C39,협동주의
월보,C39-S00-I00-N01,C39,협동
월보,C39-S00-I00-N01,C39,보조
월보,C39-S00-I00-N01,C39,협동
월보,C39-S00-I00-N01,C39,전공
월보,C39-S00-I00-N01,C39,찬진
월보,C39-S00-I00-N01,C39,오인
월보,C39-S00-I00-N01,C39,종교
월보,C39-S00-I00-N01,C39,양측면
월보,C39-S00-I00-N01,C39,완전
월보,C39-S00-I00-N01,C39,홀공적수양
월보,C39-S00-I00-N01,C39,천차만별
월보,C39-S00-I00-N01,C39,특수
월보,C39-S00-I00-N01,C39,기적
월보,C39-S00-I00-N01,C39,탐구
월보,C39-S00-I00-N01,C39,불구
월보,C39-S00-I00-N01,C39,기내면
월보,C39-S00-I00-N01,C39,일조
월보,C39-S00-I00-N01,C39,통로
월보,C39-S00-I00-N01,C39,귀천
월보,C39-S00-I00-N01,C39,자문
월보,C39-S00-I00-N01,C39,빈부
월보,C39-S00-I00-N01,C39,막론
월보,C39-S00-I00-N01,C39,기통로
월보,C39-S00-I00-N01,C39,경과
월보,C39-S00-I00-N01,C39,진리생애
월보,C39-S00-I00-N01,C39,진리
월보,C39-S00-I00-N01,C39,생애
월보,C39-S00-I00-N01,C39,영철
월보,C39-S00-I00-N01,C39,우산
월보,C39-S00-I00-N01,C39,허소
월보,C39-S00-I00-N01,C39,자릉
월보,C39-S00-I00-N01,C39,정적방면
월보,C39-S00-I00-N01,C39,진정
월보,C39-S00-I00-N01,C39,수양
월보,C39-S00-I00-N01,C39,동적방면
월보,C39-S00-I00-N01,C39,고상
월보,C39-S00-I00-N01,C39,활동
월보,C39-S00-I00-N01,C39,종교발
월보,C39-S00-I00-N01,C39,인생
월보,C39-S00-I00-N01,C39,진면목
월보,C39-S00-I00-N01,C39,발휘
월보,C39-S00-I00-N01,C39,진리생애
월보,C39-S00-I00-N01,C39,고원난행
월보,C39-S00-I00-N01,C39,심상평범
월보,C39-S00-I00-N01,C39,수양
월보,C39-S00-I00-N01,C39,필요
월보,C39-S00-I00-N02,C39,제일가정적수양
월보,C39-S00-I00-N02,C39,家庭
월보,C39-S00-I00-N02,C39,일단변
월보,C39-S00-I00-N02,C39,소천지
월보,C39-S00-I00-N02,C39,병사
월보,C39-S00-I00-N02,C39,피난소
월보,C39-S00-I00-N02,C39,오인
월보,C39-S00-I00-N02,C39,강렬육쌍전
월보,C39-S00-I00-N02,C39,사회
월보,C39-S00-I00-N02,C39,분투
월보,C39-S00-I00-N02,C39,단란
월보,C39-S00-I00-N02,C39,家庭
월보,C39-S00-I00-N02,C39,피난소
월보,C39-S00-I00-N02,C39,진화
월보,C39-S00-I00-N02,C39,기열뇌
월보,C39-S00-I00-N02,C39,정양
월보,C39-S00-I00-N02,C39,불가
월보,C39-S00-I00-N02,C39,신사상언
월보,C39-S00-I00-N02,C39,전체
월보,C39-S00-I00-N02,C39,내수도
월보,C39-S00-I00-N02,C39,약내수도
월보,C39-S00-I00-N02,C39,득개인적
월보,C39-S00-I00-N02,C39,일가
월보,C39-S00-I00-N02,C39,춘풍화기
월보,C39-S00-I00-N02,C39,오인
월보,C39-S00-I00-N02,C39,수양
월보,C39-S00-I00-N02,C39,수양
월보,C39-S00-I00-N02,C39,발적
월보,C39-S00-I00-N02,C39,기이
월보,C39-S00-I00-N02,C39,자연
월보,C39-S00-I00-N02,C39,수양
월보,C39-S00-I00-N02,C39,자연공
월보,C39-S00-I00-N02,C39,무운
월보,C39-S00-I00-N02,C39,무자
월보,C39-S00-I00-N02,C39,운담풍경
월보,C39-S00-I00-N02,C39,승양
월보,C39-S00-I00-N02,C39,피자연
월보,C39-S00-I00-N02,C39,청산록수송운계봉해도소화제조
월보,C39-S00-I00-N02,C39,천진란만
월보,C39-S00-I00-N02,C39,진체
월보,C39-S00-I00-N02,C39,오인
월보,C39-S00-I00-N02,C39,천연
월보,C39-S00-I00-N02,C39,경전
월보,C39-S00-I00-N02,C39,오인
월보,C39-S00-I00-N02,C39,차천연
월보,C39-S00-I00-N02,C39,경전
월보,C39-S00-I00-N02,C39,청인자체
월보,C39-S00-I00-N02,C39,문장도덕
월보,C39-S00-I00-N02,C39,체양
월보,C39-S00-I00-N02,C39,진문장진도덕
월보,C39-S00-I00-N02,C39,제삼
월보,C39-S00-I00-N02,C39,서재적수양
월보,C39-S00-I00-N02,C39,개서
월보,C39-S00-I00-N02,C39,축시술
월보,C39-S00-I00-N02,C39,오인
월보,C39-S00-I00-N02,C39,진리
월보,C39-S00-I00-N02,C39,본체
월보,C39-S00-I00-N02,C39,직각
월보,C39-S00-I00-N02,C39,미유
월보,C39-S00-I00-N02,C39,문자
월보,C39-S00-I00-N02,C39,기면목
월보,C39-S00-I00-N02,C39,방불
월보,C39-S00-I00-N02,C39,모의유
월보,C39-S00-I00-N02,C39,진리탐구
월보,C39-S00-I00-N02,C39,망원경
월보,C39-S00-I00-N02,C39,무방
월보,C39-S00-I00-N02,C39,점고등
월보,C39-S00-I00-N02,C39,불매
월보,C39-S00-I00-N02,C39,동경대전
월보,C39-S00-I00-N02,C39,묵좌
월보,C39-S00-I00-N02,C39,금불문고불문
월보,C39-S00-I00-N02,C39,금불비고불비
월보,C39-S00-I00-N02,C39,묘법
월보,C39-S00-I00-N02,C39,활연
월보,C39-S00-I00-N02,C39,광명
월보,C39-S00-I00-N02,C39,오인
월보,C39-S00-I00-N02,C39,서재적수양화
월보,C39-S00-I00-N02,C39,제사
월보,C39-S00-I00-N02,C39,영성적수양
월보,C39-S00-I00-N02,C39,종교가
월보,C39-S00-I00-N02,C39,注意
월보,C39-S00-I00-N02,C39,대법문
월보,C39-S00-I00-N02,C39,개가정적수양
월보,C39-S00-I00-N02,C39,불리
월보,C39-S00-I00-N02,C39,자연적수양
월보,C39-S00-I00-N02,C39,불리
월보,C39-S00-I00-N02,C39,서재적
월보,C39-S00-I00-N02,C39,서재
월보,C39-S00-I00-N02,C39,불리
월보,C39-S00-I00-N02,C39,영성적수양
월보,C39-S00-I00-N02,C39,기탈
월보,C39-S00-I00-N02,C39,성성
월보,C39-S00-I00-N02,C39,독립자용
월보,C39-S00-I00-N02,C39,곡활
월보,C39-S00-I00-N02,C39,모직
월보,C39-S00-I00-N02,C39,진리
월보,C39-S00-I00-N02,C39,본가
월보,C39-S00-I00-N02,C39,명총정하
월보,C39-S00-I00-N02,C39,일주향연
월보,C39-S00-I00-N02,C39,취공
월보,C39-S00-I00-N02,C39,심규
월보,C39-S00-I00-N02,C39,잠려
월보,C39-S00-I00-N02,C39,무궁무극
월보,C39-S00-I00-N02,C39,본체
월보,C39-S00-I00-N02,C39,청천월
월보,C39-S00-I00-N02,C39,범자
월보,C39-S00-I00-N02,C39,수수
월보,C39-S00-I00-N02,C39,양가정오인
월보,C39-S00-I00-N02,C39,홀심사분향
월보,C39-S00-I00-N02,C39,지술
월보,C39-S00-I00-N02,C39,전천
월보,C39-S00-I00-N02,C39,일학
월보,C39-S00-I00-N02,C39,고비
월보,C39-S00-I00-N02,C39,창해
월보,C39-S00-I00-N02,C39,허공
월보,C39-S00-I00-N02,C39,쾌감
월보,C39-S00-I00-N02,C39,차경
월보,C39-S00-I00-N02,C39,천상천하유아독존
월보,C39-S00-I00-N02,C39,과장
월보,C39-S00-I00-N02,C39,언사
월보,C39-S00-I00-N02,C39,차령성적수양
월보,C39-S00-I00-N02,C39,신력
월보,C39-S00-I00-N02,C39,家庭
월보,C39-S00-I00-N02,C39,응용
월보,C39-S00-I00-N02,C39,서재
월보,C39-S00-I00-N02,C39,응용
월보,C39-S00-I00-N02,C39,사개수양
월보,C39-S00-I00-N02,C39,일종단정
월보,C39-S00-I00-N02,C39,제조
월보,C39-S00-I00-N02,C39,사회
월보,C39-S00-I00-N02,C39,생존경쟁
월보,C39-S00-I00-N02,C39,수양
월보,C39-S00-I00-N02,C39,극치
월보,C39-S00-I00-N02,C39,능출능입
월보,C39-S00-I00-N02,C39,능동능정
월보,C39-S00-I00-N02,C39,오인
월보,C39-S00-I00-N02,C39,종교적량측면
월보,C39-S00-I00-N02,C39,일측면
월보,C39-S00-I00-N02,C39,수양
월보,C39-S00-I00-N02,C39,일측면
월보,C39-S00-I00-N02,C39,응용
월보,C39-S00-I00-N02,C39,수양
월보,C39-S00-I00-N02,C39,응용
월보,C39-S00-I00-N02,C39,응용
월보,C39-S00-I00-N02,C39,수양
월보,C39-S00-I00-N02,C39,사중
월보,C39-S00-I00-N02,C39,보석
월보,C39-S00-I00-N02,C39,호상
월보,C39-S00-I00-N02,C39,효과
월보,C39-S00-I00-N02,C39,오인
월보,C39-S00-I00-N02,C39,양측면
월보,C39-S00-I00-N02,C39,원만
월보,C39-S00-I00-N02,C39,오교
월보,C39-S00-I00-N02,C39,수양
월보,C39-S00-I00-N02,C39,응용
월보,C39-S00-I00-N02,C39,양단
월보,C39-S00-I00-N02,C39,자가
월보,C39-S00-I00-N02,C39,무진장
월보,C39-S00-I00-N02,C39,포각
월보,C39-S00-I00-N02,C39,빈아
월보,C39-S00-I00-N02,C39,자효
월보,C40-S00-I00-N01,C40,강연각장향나이전
월보,C40-S00-I00-N01,C40,불가탈호수
월보,C40-S00-I00-N01,C40,인불가
월보,C40-S00-I00-N01,C40,물각유시천지본성이
월보,C40-S00-I00-N01,C40,황인호주좌와기환동정
월보,C40-S00-I00-N01,C40,신령지소사
월보,C40-S00-I00-N01,C40,기화지소치
월보,C40-S00-I00-N01,C40,심지본체지기화지심지운용
월보,C40-S00-I00-N01,C40,일세지지불이자
월보,C40-S00-I00-N01,C40,천야자오도
월보,C40-S00-I00-N01,C40,천지각
월보,C40-S00-I00-N01,C40,시지즉불이
월보,C40-S00-I00-N01,C40,자각지리
월보,C40-S00-I00-N01,C40,왈지불이
월보,C40-S00-I00-N01,C40,공시인
월보,C40-S00-I00-N01,C40,지의야신앙상
월보,C40-S00-I00-N01,C40,오인
월보,C40-S00-I00-N01,C40,노력인생일대
월보,C40-S00-I00-N01,C40,활동
월보,C40-S00-I00-N01,C40,불가사의
월보,C40-S00-I00-N01,C40,각시대
월보,C40-S00-I00-N01,C40,철학자
월보,C40-S00-I00-N01,C40,영구
월보,C40-S00-I00-N01,C40,연월
월보,C40-S00-I00-N01,C40,미해결
월보,C40-S00-I00-N01,C40,사고
월보,C40-S00-I00-N01,C40,근본
월보,C40-S00-I00-N01,C40,평도왈
월보,C40-S00-I00-N01,C40,시자
월보,C40-S00-I00-N01,C40,영성보유
월보,C40-S00-I00-N01,C40,영성
월보,C40-S00-I00-N01,C40,즉천
월보,C40-S00-I00-N01,C40,주정야
월보,C40-S00-I00-N01,C40,자각자천지주정칙각지불이자야
월보,C40-S00-I00-N01,C40,시자훈석
월보,C40-S00-I00-N01,C40,기주안처
월보,C40-S00-I00-N01,C40,내불이이자야
월보,C40-S00-I00-N01,C40,개내지신령
월보,C40-S00-I00-N01,C40,오천지직야
월보,C40-S00-I00-N01,C40,외지기화
월보,C40-S00-I00-N01,C40,오천지작용야
월보,C40-S00-I00-N01,C40,불비차이체
월보,C40-S00-I00-N01,C40,원시주인야
월보,C40-S00-I00-N01,C40,불득
월보,C40-S00-I00-N01,C40,주가야불득
월보,C40-S00-I00-N01,C40,주국야불득
월보,C40-S00-I00-N01,C40,주세야불득
월보,C40-S00-I00-N01,C40,주인차
월보,C40-S00-I00-N01,C40,주국차
월보,C40-S00-I00-N01,C40,주가차
월보,C40-S00-I00-N01,C40,주천도소이출세이양교자
월보,C40-S00-I00-N01,C40,소이작지인지선도오교오우
월보,C40-S00-I00-N01,C40,단실지기불이이지불이자
월보,C40-S00-I00-N01,C40,즉소이작지인지선도오교오도지훈
월보,C40-S00-I00-N01,C40,이도달오교지목적이이리돈화제
월보,C40-S00-I00-N01,C40,농원
월보,C40-S00-I00-N01,C40,철학
월보,C40-S00-I00-N01,C40,탐진
월보,C40-S00-I00-N01,C40,승인
월보,C40-S00-I00-N01,C40,구득
월보,C40-S00-I00-N01,C40,진리
월보,C40-S00-I00-N01,C40,진실
월보,C40-S00-I00-N01,C40,요구
월보,C40-S00-I00-N01,C40,묘석하
월보,C40-S00-I00-N01,C40,침묵
월보,C40-S00-I00-N01,C40,진진
월보,C40-S00-I00-N01,C40,소답
월보,C40-S00-I00-N01,C40,유일이
월보,C40-S00-I00-N01,C40,강연반
월보,C40-S00-I00-N01,C40,반향
월보,C40-S00-I00-N01,C40,동일
월보,C40-S00-I00-N01,C40,호환
월보,C40-S00-I00-N01,C40,조반
월보,C40-S00-I00-N01,C40,오호
월보,C40-S00-I00-N01,C40,오인
월보,C40-S00-I00-N01,C40,안계
월보,C40-S00-I00-N01,C40,암흑
월보,C40-S00-I00-N01,C40,오인
월보,C40-S00-I00-N01,C40,노력
월보,C40-S00-I00-N01,C40,마규
월보,C40-S00-I00-N01,C40,회의실망
월보,C40-S00-I00-N01,C40,오인
월보,C40-S00-I00-N01,C40,이고
월보,C40-S00-I00-N01,C40,타격
월보,C40-S00-I00-N01,C40,즘내하약세
월보,C40-S00-I00-N01,C40,진실
월보,C40-S00-I00-N01,C40,지진신
월보,C40-S00-I00-N01,C40,무약영원
월보,C40-S00-I00-N01,C40,정리
월보,C40-S00-I00-N01,C40,오황전조
월보,C40-S00-I00-N01,C40,참토
월보,C40-S00-I00-N01,C40,누항만의
월보,C40-S00-I00-N01,C40,산매
월보,C40-S00-I00-N01,C40,표탕
월보,C40-S00-I00-N01,C40,하고
월보,C40-S00-I00-N01,C40,사악무도
월보,C40-S00-I00-N01,C40,광명
월보,C40-S00-I00-N01,C40,월하
월보,C40-S00-I00-N01,C40,권리휴양
월보,C40-S00-I00-N01,C40,하고
월보,C40-S00-I00-N01,C40,정심선덕
월보,C40-S00-I00-N01,C40,불의
월보,C40-S00-I00-N01,C40,암영
월보,C40-S00-I00-N01,C40,매설
월보,C40-S00-I00-N01,C40,하고
월보,C40-S00-I00-N01,C40,늠요
월보,C40-S00-I00-N01,C40,정당동정
월보,C40-S00-I00-N01,C40,득의성공
월보,C40-S00-I00-N01,C40,실패
월보,C40-S00-I00-N01,C40,악영
월보,C40-S00-I00-N01,C40,부수
월보,C40-S00-I00-N01,C40,우고
월보,C40-S00-I00-N01,C40,비분
월보,C40-S00-I00-N01,C40,곤군
월보,C40-S00-I00-N01,C40,부참사신
월보,C40-S00-I00-N01,C40,팔오인
월보,C40-S00-I00-N01,C40,만족
월보,C40-S00-I00-N01,C40,차등비통
월보,C40-S00-I00-N01,C40,명칙명칙명칙명칙
월보,C40-S00-I00-N01,C40,불가해
월보,C40-S00-I00-N01,C40,일종마력
월보,C40-S00-I00-N01,C40,증명
월보,C40-S00-I00-N01,C40,명쾌
월보,C40-S00-I00-N01,C40,해답
월보,C40-S00-I00-N01,C40,기오저
월보,C40-S00-I00-N01,C40,신앙
월보,C40-S00-I00-N01,C40,환희
월보,C40-S00-I00-N01,C40,신앙
월보,C40-S00-I00-N01,C40,인생문제
월보,C40-S00-I00-N01,C40,여사
월보,C40-S00-I00-N01,C40,인생문제
월보,C40-S00-I00-N01,C40,사뇌
월보,C40-S00-I00-N01,C40,모호중
월보,C40-S00-I00-N01,C40,집착
월보,C40-S00-I00-N01,C40,회의
월보,C40-S00-I00-N01,C40,침닉
월보,C40-S00-I00-N01,C40,침륜
월보,C40-S00-I00-N01,C40,애매
월보,C40-S00-I00-N01,C40,동경
월보,C40-S00-I00-N01,C40,집저
월보,C40-S00-I00-N01,C40,회의
월보,C40-S00-I00-N01,C40,침닉
월보,C40-S00-I00-N01,C40,애매
월보,C40-S00-I00-N01,C40,오인
월보,C40-S00-I00-N02,C40,우주
월보,C40-S00-I00-N02,C40,일절신비
월보,C40-S00-I00-N02,C40,해석
월보,C40-S00-I00-N02,C40,시인생
월보,C40-S00-I00-N02,C40,생애
월보,C40-S00-I00-N02,C40,최분찬연북
월보,C40-S00-I00-N02,C40,오인
월보,C40-S00-I00-N02,C40,간단
월보,C40-S00-I00-N02,C40,근본
월보,C40-S00-I00-N02,C40,진리
월보,C40-S00-I00-N02,C40,만고불변
월보,C40-S00-I00-N02,C40,대반석
월보,C40-S00-I00-N02,C40,일생
월보,C40-S00-I00-N02,C40,즉차활동
월보,C40-S00-I00-N02,C40,절대
월보,C40-S00-I00-N02,C40,세계
월보,C40-S00-I00-N02,C40,무수
월보,C40-S00-I00-N02,C40,현상
월보,C40-S00-I00-N02,C40,오인
월보,C40-S00-I00-N02,C40,고일반
월보,C40-S00-I00-N02,C40,지력
월보,C40-S00-I00-N02,C40,완전
월보,C40-S00-I00-N02,C40,지인
월보,C40-S00-I00-N02,C40,대우주
월보,C40-S00-I00-N02,C40,오인
월보,C40-S00-I00-N02,C40,사사
월보,C40-S00-I00-N02,C40,집행
월보,C40-S00-I00-N02,C40,오인
월보,C40-S00-I00-N02,C40,대신
월보,C40-S00-I00-N02,C40,정신작용
월보,C40-S00-I00-N02,C40,일치
월보,C40-S00-I00-N02,C40,오인
월보,C40-S00-I00-N02,C40,대신즉화
월보,C40-S00-I00-N02,C40,대신
월보,C40-S00-I00-N02,C40,오인
월보,C40-S00-I00-N02,C40,대신
월보,C40-S00-I00-N02,C40,신앙
월보,C40-S00-I00-N02,C40,천재
월보,C40-S00-I00-N02,C40,세계
월보,C40-S00-I00-N02,C40,즉오인
월보,C40-S00-I00-N02,C40,소우주
월보,C40-S00-I00-N02,C40,당행
월보,C40-S00-I00-N02,C40,오인
월보,C40-S00-I00-N02,C40,제반
월보,C40-S00-I00-N02,C40,지력
월보,C40-S00-I00-N02,C40,완전의아
월보,C40-S00-I00-N02,C40,최선
월보,C40-S00-I00-N02,C40,생애
월보,C40-S00-I00-N02,C40,과도
월보,C40-S00-I00-N02,C40,지력
월보,C40-S00-I00-N02,C40,자애
월보,C40-S00-I00-N02,C40,당립
월보,C40-S00-I00-N02,C40,약실패
월보,C40-S00-I00-N02,C40,당나일
월보,C40-S00-I00-N02,C40,우비
월보,C40-S00-I00-N02,C40,우비
월보,C40-S00-I00-N02,C40,재난비고
월보,C40-S00-I00-N02,C40,전력
월보,C40-S00-I00-N02,C40,강연분투
월보,C40-S00-I00-N02,C40,과거
월보,C40-S00-I00-N02,C40,비탄
월보,C40-S00-I00-N02,C40,결과
월보,C40-S00-I00-N02,C40,출래
월보,C40-S00-I00-N02,C40,가가
월보,C40-S00-I00-N02,C40,여하
월보,C40-S00-I00-N02,C40,불능
월보,C40-S00-I00-N02,C40,태연
월보,C40-S00-I00-N02,C40,대용자
월보,C40-S00-I00-N02,C40,여사
월보,C40-S00-I00-N02,C40,평화
월보,C40-S00-I00-N02,C40,도력
월보,C40-S00-I00-N02,C40,견지
월보,C40-S00-I00-N02,C40,경근
월보,C40-S00-I00-N02,C40,오인
월보,C40-S00-I00-N02,C40,以上
월보,C40-S00-I00-N02,C40,용의
월보,C40-S00-I00-N02,C40,각오
월보,C40-S00-I00-N02,C40,이상기초
월보,C40-S00-I00-N02,C40,양심
월보,C40-S00-I00-N02,C40,범위내
월보,C40-S00-I00-N02,C40,여하
월보,C40-S00-I00-N02,C40,여하
월보,C40-S00-I00-N02,C40,사실
월보,C40-S00-I00-N02,C40,건축
월보,C40-S00-I00-N02,C40,각득
월보,C40-S00-I00-N02,C40,재료
월보,C40-S00-I00-N02,C40,가급
월보,C40-S00-I00-N02,C40,한도
월보,C40-S00-I00-N02,C40,수단도덕상심령상혹
월보,C40-S00-I00-N02,C40,정신상
월보,C40-S00-I00-N02,C40,위압
월보,C40-S00-I00-N02,C40,차순단
월보,C40-S00-I00-N02,C40,실제생활
월보,C40-S00-I00-N02,C40,신앙
월보,C40-S00-I00-N02,C40,하등
월보,C40-S00-I00-N02,C40,진리
월보,C40-S00-I00-N02,C40,전결자
월보,C40-S00-I00-N02,C40,우차
월보,C40-S00-I00-N03,C40,노력상제일보
월보,C40-S00-I00-N03,C40,신앙
월보,C40-S00-I00-N03,C40,인생
월보,C40-S00-I00-N03,C40,고전
월보,C40-S00-I00-N03,C40,차처오인
월보,C40-S00-I00-N03,C40,인생
월보,C40-S00-I00-N03,C40,이론
월보,C40-S00-I00-N03,C40,오인
월보,C40-S00-I00-N03,C40,종익
월보,C40-S00-I00-N03,C40,재료
월보,C40-S00-I00-N03,C40,흡사태양
월보,C40-S00-I00-N03,C40,표류
월보,C40-S00-I00-N03,C40,수부
월보,C40-S00-I00-N03,C40,미엽
월보,C40-S00-I00-N03,C40,헌립
월보,C40-S00-I00-N03,C40,오인
월보,C40-S00-I00-N03,C40,초활상현칙
월보,C40-S00-I00-N03,C40,호말
월보,C40-S00-I00-N03,C40,오인
월보,C40-S00-I00-N03,C40,고도
월보,C40-S00-I00-N03,C40,아자신
월보,C40-S00-I00-N03,C40,체득
월보,C40-S00-I00-N03,C40,우차
월보,C40-S00-I00-N03,C40,일상생활
월보,C40-S00-I00-N03,C40,실현
월보,C40-S00-I00-N03,C40,우심상
월보,C40-S00-I00-N03,C40,원리
월보,C40-S00-I00-N03,C40,종자
월보,C40-S00-I00-N03,C40,언어사상행위
월보,C40-S00-I00-N03,C40,미화
월보,C40-S00-I00-N03,C40,역시오인
월보,C40-S00-I00-N03,C40,실익
월보,C40-S00-I00-N03,C40,하등
월보,C40-S00-I00-N03,C40,성사
월보,C40-S00-I00-N03,C40,제군
월보,C40-S00-I00-N03,C40,천경만전
월보,C40-S00-I00-N03,C40,암송
월보,C40-S00-I00-N03,C40,지식
월보,C40-S00-I00-N03,C40,아자신
월보,C40-S00-I00-N03,C40,제득응용
월보,C40-S00-I00-N03,C40,피목불식
월보,C40-S00-I00-N03,C40,하등구별
월보,C40-S00-I00-N03,C40,제군
월보,C40-S00-I00-N03,C40,오교
월보,C40-S00-I00-N03,C40,오예
월보,C40-S00-I00-N03,C40,인상
월보,C40-S00-I00-N03,C40,체현
월보,C40-S00-I00-N03,C40,하등굉장
월보,C40-S00-I00-N03,C40,신념
월보,C40-S00-I00-N03,C40,하등진리
월보,C40-S00-I00-N03,C40,교훈
월보,C40-S00-I00-N03,C40,대성
월보,C40-S00-I00-N03,C40,여사
월보,C40-S00-I00-N03,C40,대훈
월보,C40-S00-I00-N03,C40,일천만금
월보,C40-S00-I00-N03,C40,천지무궁
월보,C40-S00-I00-N03,C40,도지무극지리
월보,C40-S00-I00-N03,C40,어량평범래
월보,C40-S00-I00-N03,C40,생신
월보,C40-S00-I00-N03,C40,제군
월보,C40-S00-I00-N03,C40,오교
월보,C40-S00-I00-N03,C40,오예
월보,C40-S00-I00-N03,C40,신인
월보,C40-S00-I00-N03,C40,진리
월보,C40-S00-I00-N03,C40,사실
월보,C40-S00-I00-N03,C40,관저
월보,C40-S00-I00-N03,C40,결심
월보,C40-S00-I00-N03,C40,以上
월보,C40-S00-I00-N03,C40,차각오
월보,C40-S00-I00-N03,C40,즉생활상여하
월보,C40-S00-I00-N03,C40,현소분초
월보,C40-S00-I00-N03,C40,반조
월보,C40-S00-I00-N03,C40,대양
월보,C40-S00-I00-N03,C40,여사
월보,C40-S00-I00-N03,C40,활력
월보,C40-S00-I00-N03,C40,전력
월보,C40-S00-I00-N03,C40,대성
월보,C40-S00-I00-N03,C40,여사
월보,C40-S00-I00-N03,C40,대훈
월보,C40-S00-I00-N03,C40,신앙
월보,C40-S00-I00-N03,C40,견지
월보,C40-S00-I00-N03,C40,즉결심
월보,C40-S00-I00-N03,C40,以上
월보,C40-S00-I00-N03,C40,차각오
월보,C40-S00-I00-N03,C40,태양
월보,C40-S00-I00-N03,C40,백두산
월보,C40-S00-I00-N03,C40,반조
월보,C40-S00-I00-N03,C40,노방
월보,C40-S00-I00-N03,C40,낙엽
월보,C40-S00-I00-N03,C40,색조
월보,C40-S00-I00-N03,C40,면영
월보,C40-S00-I00-N03,C40,기일적
월보,C40-S00-I00-N03,C40,지배
월보,C40-S00-I00-N03,C40,법칙
월보,C40-S00-I00-N03,C40,역변
월보,C40-S00-I00-N03,C40,간해
월보,C40-S00-I00-N03,C40,무한
월보,C40-S00-I00-N03,C40,점적
월보,C40-S00-I00-N03,C40,상집
월보,C40-S00-I00-N03,C40,광대무대양
월보,C40-S00-I00-N03,C40,무한
월보,C40-S00-I00-N03,C40,점적
월보,C40-S00-I00-N03,C40,상집
월보,C40-S00-I00-N03,C40,광대무
월보,C40-S00-I00-N03,C40,강연삼천만유대소
월보,C40-S00-I00-N03,C40,지배
월보,C40-S00-I00-N03,C40,一切
월보,C40-S00-I00-N03,C40,간섭
월보,C40-S00-I00-N03,C40,오인
월보,C40-S00-I00-N03,C40,오인
월보,C40-S00-I00-N03,C40,직업
월보,C40-S00-I00-N03,C40,여하
월보,C40-S00-I00-N03,C40,오인
월보,C40-S00-I00-N03,C40,여하
월보,C40-S00-I00-N03,C40,무취미
월보,C40-S00-I00-N03,C40,차력
월보,C40-S00-I00-N03,C40,금실
월보,C40-S00-I00-N03,C40,시등
월보,C40-S00-I00-N03,C40,도력
월보,C40-S00-I00-N03,C40,오인
월보,C40-S00-I00-N03,C40,천직
월보,C40-S00-I00-N03,C40,신감
월보,C40-S00-I00-N03,C40,잡념사무
월보,C40-S00-I00-N03,C40,숭주
월보,C40-S00-I00-N03,C40,정력흥차무궁
월보,C40-S00-I00-N03,C40,활용
월보,C40-S00-I00-N03,C40,대특수민여하고운명
월보,C40-S00-I00-N03,C40,만족
월보,C40-S00-I00-N03,C40,차로덕
월보,C40-S00-I00-N03,C40,득기
월보,C40-S00-I00-N03,C40,박기
월보,C40-S00-I00-N03,C40,향상
월보,C40-S00-I00-N03,C40,정신
월보,C40-S00-I00-N03,C40,득기
월보,C40-S00-I00-N03,C40,도정
월보,C40-S00-I00-N03,C40,잠시군굴
월보,C40-S00-I00-N03,C40,자원자열
월보,C40-S00-I00-N03,C40,불만족
월보,C40-S00-I00-N03,C40,내최선
월보,C40-S00-I00-N03,C40,수취
월보,C40-S00-I00-N03,C40,일종신성
월보,C40-S00-I00-N03,C40,의정
월보,C40-S00-I00-N03,C40,초애
월보,C40-S00-I00-N03,C40,무신앙
월보,C40-S00-I00-N03,C40,생활
월보,C40-S00-I00-N03,C40,사열
월보,C40-S00-I00-N03,C40,자강자박
월보,C40-S00-I00-N03,C40,피행운
월보,C40-S00-I00-N03,C40,사등인
월보,C40-S00-I00-N03,C40,내천조자조
월보,C40-S00-I00-N03,C40,즉피행운
월보,C40-S00-I00-N03,C40,숭지
월보,C40-S00-I00-N03,C40,사등
월보,C40-S00-I00-N03,C40,타인
월보,C40-S00-I00-N03,C40,과복
월보,C40-S00-I00-N03,C40,자아
월보,C40-S00-I00-N03,C40,기불요
월보,C40-S00-I00-N03,C40,신앙실패
월보,C40-S00-I00-N03,C40,불굴
월보,C40-S00-I00-N03,C40,성력이상
월보,C40-S00-I00-N03,C40,용기
월보,C40-S00-I00-N03,C40,신잠
월보,C40-S00-I00-N03,C40,공포
월보,C40-S00-I00-N03,C40,인내
월보,C40-S00-I00-N03,C40,타인
월보,C40-S00-I00-N03,C40,성공비결
월보,C40-S00-I00-N03,C40,불해
월보,C40-S00-I00-N03,C40,일상준비
월보,C40-S00-I00-N03,C40,호기회
월보,C40-S00-I00-N03,C40,감면
월보,C40-S00-I00-N03,C40,기회
월보,C40-S00-I00-N03,C40,행운
월보,C40-S00-I00-N03,C40,행운
월보,C40-S00-I00-N03,C40,시천
월보,C40-S00-I00-N03,C40,비밀
월보,C40-S00-I00-N03,C40,불해
월보,C40-S00-I00-N03,C40,일상준비
월보,C40-S00-I00-N03,C40,자비관
월보,C40-S00-I00-N03,C40,고의
월보,C40-S00-I00-N03,C40,미래보장
월보,C40-S00-I00-N03,C40,가신사
월보,C40-S00-I00-N03,C40,차자기
월보,C40-S00-I00-N03,C40,일생
월보,C40-S00-I00-N03,C40,발사
월보,C40-S00-I00-N03,C40,운기
월보,C40-S00-I00-N04,C40,자기신앙
월보,C40-S00-I00-N04,C40,생활
월보,C40-S00-I00-N04,C40,진리
월보,C40-S00-I00-N04,C40,해석
월보,C40-S00-I00-N04,C40,이성
월보,C40-S00-I00-N04,C40,활동
월보,C40-S00-I00-N04,C40,창한증분명
월보,C40-S00-I00-N04,C40,차천종신사왈념
월보,C40-S00-I00-N04,C40,신령사자
월보,C40-S00-I00-N04,C40,오인
월보,C40-S00-I00-N04,C40,생활상진힐
월보,C40-S00-I00-N04,C40,상종
월보,C40-S00-I00-N04,C40,오인신앙상노력
월보,C40-S00-I00-N04,C40,연령
월보,C40-S00-I00-N04,C40,굴복
월보,C40-S00-I00-N04,C40,연로
월보,C40-S00-I00-N04,C40,점차기인내천
월보,C40-S00-I00-N04,C40,自信
월보,C40-S00-I00-N04,C40,멸각
월보,C40-S00-I00-N04,C40,강연
월보,C40-S00-I00-N04,C40,연로
월보,C40-S00-I00-N04,C40,만사
월보,C40-S00-I00-N04,C40,연로
월보,C40-S00-I00-N04,C40,가탁
월보,C40-S00-I00-N04,C40,능력
월보,C40-S00-I00-N04,C40,여운
월보,C40-S00-I00-N04,C40,생애
월보,C40-S00-I00-N04,C40,단거
월보,C40-S00-I00-N04,C40,기회
월보,C40-S00-I00-N04,C40,불래
월보,C40-S00-I00-N04,C40,통지
월보,C40-S00-I00-N04,C40,차세
월보,C40-S00-I00-N04,C40,진리
월보,C40-S00-I00-N04,C40,유소공
월보,C40-S00-I00-N04,C40,앙심발개
월보,C40-S00-I00-N04,C40,강연
월보,C40-S00-I00-N04,C40,개심
월보,C40-S00-I00-N04,C40,일사
월보,C40-S00-I00-N04,C40,자기
월보,C40-S00-I00-N04,C40,자기
월보,C40-S00-I00-N04,C40,정신
월보,C40-S00-I00-N04,C40,신앙
월보,C40-S00-I00-N04,C40,지식
월보,C40-S00-I00-N04,C40,활동
월보,C40-S00-I00-N04,C40,위대
월보,C40-S00-I00-N04,C40,자신력
월보,C40-S00-I00-N04,C40,불성
월보,C40-S00-I00-N04,C40,가기
월보,C40-S00-I00-N04,C40,대대흥
월보,C40-S00-I00-N04,C40,오인
월보,C40-S00-I00-N04,C40,유유
월보,C40-S00-I00-N04,C40,양인
월보,C40-S00-I00-N04,C40,생활
월보,C40-S00-I00-N04,C40,만례
월보,C40-S00-I00-N04,C40,진리
월보,C40-S00-I00-N04,C40,피자신
월보,C40-S00-I00-N04,C40,결적
월보,C40-S00-I00-N04,C40,신앙
월보,C40-S00-I00-N04,C40,생애
월보,C40-S00-I00-N04,C40,비탄
월보,C40-S00-I00-N04,C40,인내천
월보,C40-S00-I00-N04,C40,진보
월보,C40-S00-I00-N04,C40,여하
월보,C40-S00-I00-N04,C40,결과
월보,C40-S00-I00-N04,C40,차제패한
월보,C40-S00-I00-N04,C40,온연
월보,C40-S00-I00-N04,C40,온연
월보,C40-S00-I00-N04,C40,수양전
월보,C40-S00-I00-N04,C40,기래
월보,C40-S00-I00-N04,C40,가득
월보,C40-S00-I00-N04,C40,위대저
월보,C40-S00-I00-N04,C40,과거
월보,C40-S00-I00-N04,C40,문제
월보,C40-S00-I00-N04,C40,최오인
월보,C40-S00-I00-N04,C40,자신력
월보,C40-S00-I00-N04,C40,하자
월보,C40-S00-I00-N04,C40,회복
월보,C40-S00-I00-N04,C40,불능
월보,C40-S00-I00-N04,C40,과거
월보,C40-S00-I00-N04,C40,통탄
월보,C40-S00-I00-N04,C40,정력
월보,C40-S00-I00-N04,C40,自信
월보,C40-S00-I00-N04,C40,의기
월보,C40-S00-I00-N04,C40,자기
월보,C40-S00-I00-N04,C40,재능
월보,C40-S00-I00-N04,C40,고통
월보,C40-S00-I00-N04,C40,여하
월보,C40-S00-I00-N04,C40,심통번민내
월보,C40-S00-I00-N04,C40,절망과거
월보,C40-S00-I00-N04,C40,회상굴적적약점
월보,C40-S00-I00-N04,C40,금기만년
월보,C40-S00-I00-N04,C40,역월
월보,C40-S00-I00-N04,C40,과거
월보,C40-S00-I00-N04,C40,오인
월보,C40-S00-I00-N04,C40,여하
월보,C40-S00-I00-N04,C40,오인
월보,C40-S00-I00-N04,C40,오인
월보,C40-S00-I00-N04,C40,통탄
월보,C40-S00-I00-N04,C40,의기
월보,C40-S00-I00-N04,C40,사회
월보,C40-S00-I00-N04,C40,과거
월보,C40-S00-I00-N04,C40,시흡연
월보,C40-S00-I00-N04,C40,오인
월보,C40-S00-I00-N04,C40,배후
월보,C40-S00-I00-N04,C40,기만년
월보,C40-S00-I00-N04,C40,세월
월보,C40-S00-I00-N04,C40,진리
월보,C40-S00-I00-N04,C40,광명
월보,C40-S00-I00-N04,C40,차장래
월보,C40-S00-I00-N04,C40,일광명
월보,C40-S00-I00-N04,C40,개불능하
월보,C40-S00-I00-N04,C40,이자
월보,C40-S00-I00-N04,C40,시신앙
월보,C40-S00-I00-N04,C40,오인
월보,C40-S00-I00-N04,C40,소유
월보,C40-S00-I00-N04,C40,장래
월보,C40-S00-I00-N04,C40,일광명
월보,C40-S00-I00-N04,C40,自身
월보,C40-S00-I00-N04,C40,장래흥
월보,C40-S00-I00-N04,C40,이자
월보,C40-S00-I00-N04,C40,시신앙
월보,C40-S00-I00-N04,C40,오인
월보,C40-S00-I00-N04,C40,소유
월보,C40-S00-I00-N04,C40,차도
월보,C40-S00-I00-N04,C40,분진
월보,C40-S00-I00-N04,C40,오인
월보,C40-S00-I00-N04,C40,인내천
월보,C40-S00-I00-N04,C40,신앙상
월보,C40-S00-I00-N04,C40,아오인
월보,C40-S00-I00-N04,C40,인내천
월보,C40-S00-I00-N04,C40,신앙상
월보,C40-S00-I00-N04,C40,실실미래
월보,C40-S00-I00-N04,C40,광명
월보,C41-S00-I00-N01,C41,교문정의량도사순회
월보,C41-S00-I00-N01,C41,관북교우오교
월보,C41-S00-I00-N01,C41,기로숙덕
월보,C41-S00-I00-N01,C41,대다수
월보,C41-S00-I00-N01,C41,연비
월보,C41-S00-I00-N01,C41,대두목
월보,C41-S00-I00-N01,C41,수십년급해풍랑
월보,C41-S00-I00-N01,C41,발섭
월보,C41-S00-I00-N01,C41,경험가
월보,C41-S00-I00-N01,C41,오등신자
월보,C41-S00-I00-N01,C41,앙모
월보,C41-S00-I00-N01,C41,인물
월보,C41-S00-I00-N01,C41,나오량도사
월보,C41-S00-I00-N01,C41,제일지
월보,C41-S00-I00-N01,C41,양도사
월보,C41-S00-I00-N01,C41,성사주명교
월보,C41-S00-I00-N01,C41,황평동
월보,C41-S00-I00-N01,C41,강원량
월보,C41-S00-I00-N01,C41,호령등반도삼천리
월보,C41-S00-I00-N01,C41,권석일법보
월보,C41-S00-I00-N01,C41,관북시찰
월보,C41-S00-I00-N01,C41,도정
월보,C41-S00-I00-N01,C41,개량도사
월보,C41-S00-I00-N01,C41,순회목적
월보,C41-S00-I00-N01,C41,기주안
월보,C41-S00-I00-N01,C41,과연하점
월보,C41-S00-I00-N01,C41,명산대천
월보,C41-S00-I00-N01,C41,문장
월보,C41-S00-I00-N01,C41,삼세
월보,C41-S00-I00-N01,C41,서천
월보,C41-S00-I00-N01,C41,경법
월보,C41-S00-I00-N01,C41,양도사
월보,C41-S00-I00-N01,C41,성사
월보,C41-S00-I00-N01,C41,명교하
월보,C41-S00-I00-N01,C41,종교
월보,C41-S00-I00-N01,C41,사업
월보,C41-S00-I00-N01,C41,정신적생명
월보,C41-S00-I00-N01,C41,오인
월보,C41-S00-I00-N01,C41,회고
월보,C41-S00-I00-N01,C41,오교오십구년
월보,C41-S00-I00-N01,C41,오동
월보,C41-S00-I00-N01,C41,기교화
월보,C41-S00-I00-N01,C41,계제
월보,C41-S00-I00-N01,C41,기순
월보,C41-S00-I00-N01,C41,순서
월보,C41-S00-I00-N01,C41,삼기
월보,C41-S00-I00-N01,C41,필요
월보,C41-S00-I00-N01,C41,왈대신사시대
월보,C41-S00-I00-N01,C41,대신사
월보,C41-S00-I00-N01,C41,천인합일
월보,C41-S00-I00-N01,C41,감화
월보,C41-S00-I00-N01,C41,기초
월보,C41-S00-I00-N01,C41,정치
월보,C41-S00-I00-N01,C41,대도
월보,C41-S00-I00-N01,C41,보건
월보,C41-S00-I00-N01,C41,오년
월보,C41-S00-I00-N01,C41,선포
월보,C41-S00-I00-N01,C41,이돈화
월보,C41-S00-I00-N01,C41,종교
월보,C41-S00-I00-N01,C41,진풍광
월보,C41-S00-I00-N01,C41,발휘
월보,C41-S00-I00-N01,C41,信徒
월보,C41-S00-I00-N01,C41,정신관두
월보,C41-S00-I00-N01,C41,오인
월보,C41-S00-I00-N01,C41,교육
월보,C41-S00-I00-N01,C41,기이
월보,C41-S00-I00-N01,C41,신사시대
월보,C41-S00-I00-N01,C41,신사
월보,C41-S00-I00-N01,C41,대신사
월보,C41-S00-I00-N01,C41,기초
월보,C41-S00-I00-N01,C41,완전
월보,C41-S00-I00-N01,C41,건물
월보,C41-S00-I00-N01,C41,건축
월보,C41-S00-I00-N01,C41,재료
월보,C41-S00-I00-N01,C41,사방
월보,C41-S00-I00-N01,C41,금일장실이하일자로숙덕
월보,C41-S00-I00-N01,C41,대효
월보,C41-S00-I00-N01,C41,신사시대
월보,C41-S00-I00-N01,C41,훈도
월보,C41-S00-I00-N01,C41,기삼
월보,C41-S00-I00-N01,C41,성사시대
월보,C41-S00-I00-N01,C41,성사
월보,C41-S00-I00-N01,C41,금일
월보,C41-S00-I00-N01,C41,즉건축시대
월보,C41-S00-I00-N01,C41,대신사
월보,C41-S00-I00-N01,C41,기초
월보,C41-S00-I00-N01,C41,신사
월보,C41-S00-I00-N01,C41,재료
월보,C41-S00-I00-N01,C41,일대천민
월보,C41-S00-I00-N01,C41,낙지
월보,C41-S00-I00-N01,C41,건축
월보,C41-S00-I00-N01,C41,개대
월보,C41-S00-I00-N01,C41,건축
월보,C41-S00-I00-N01,C41,양공
월보,C41-S00-I00-N01,C41,일량재
월보,C41-S00-I00-N01,C41,우미화려
월보,C41-S00-I00-N01,C41,장식
월보,C41-S00-I00-N01,C41,대소잡다
월보,C41-S00-I00-N01,C41,품물
월보,C41-S00-I00-N01,C41,오교
월보,C41-S00-I00-N01,C41,금일
월보,C41-S00-I00-N01,C41,과연량공
월보,C41-S00-I00-N01,C41,양재
월보,C41-S00-I00-N01,C41,품물
월보,C41-S00-I00-N01,C41,장식
월보,C41-S00-I00-N01,C41,차등제반
월보,C41-S00-I00-N01,C41,지도주선
월보,C41-S00-I00-N01,C41,대주인옹
월보,C41-S00-I00-N01,C41,시등대준비
월보,C41-S00-I00-N01,C41,기건축
월보,C41-S00-I00-N01,C41,완성
월보,C41-S00-I00-N01,C41,소이
월보,C41-S00-I00-N01,C41,하고
월보,C41-S00-I00-N01,C41,시개
월보,C41-S00-I00-N01,C41,기일
월보,C41-S00-I00-N01,C41,전변
월보,C41-S00-I00-N01,C41,근거
월보,C41-S00-I00-N01,C41,기실
월보,C41-S00-I00-N01,C41,한마
월보,C41-S00-I00-N01,C41,오등신도
월보,C41-S00-I00-N01,C41,주인옹
월보,C41-S00-I00-N01,C41,교시
월보,C41-S00-I00-N01,C41,규식
월보,C41-S00-I00-N01,C41,양공
월보,C41-S00-I00-N01,C41,지도
월보,C41-S00-I00-N01,C41,방법
월보,C41-S00-I00-N01,C41,준행
월보,C41-S00-I00-N01,C41,소이
월보,C41-S00-I00-N01,C41,개종교
월보,C41-S00-I00-N01,C41,필연
월보,C41-S00-I00-N01,C41,면목
월보,C41-S00-I00-N01,C41,신앙통일
월보,C41-S00-I00-N01,C41,행위
월보,C41-S00-I00-N01,C41,일치
월보,C41-S00-I00-N01,C41,여하
월보,C41-S00-I00-N01,C41,철천
월보,C41-S00-I00-N01,C41,신앙
월보,C41-S00-I00-N01,C41,읍신
월보,C41-S00-I00-N01,C41,이적
월보,C41-S00-I00-N02,C41,차량자
월보,C41-S00-I00-N02,C41,결핍
월보,C41-S00-I00-N02,C41,완전
월보,C41-S00-I00-N02,C41,문명적종교
월보,C41-S00-I00-N02,C41,일일대목적
월보,C41-S00-I00-N02,C41,일삼대강령
월보,C41-S00-I00-N02,C41,일오대실행
월보,C41-S00-I00-N02,C41,신앙통일
월보,C41-S00-I00-N02,C41,행위일치
월보,C41-S00-I00-N02,C41,정신
월보,C41-S00-I00-N02,C41,철저
월보,C41-S00-I00-N02,C41,대도
월보,C41-S00-I00-N02,C41,오교
월보,C41-S00-I00-N02,C41,종교적정신
월보,C41-S00-I00-N02,C41,건축
월보,C41-S00-I00-N02,C41,대방식
월보,C41-S00-I00-N02,C41,오인
월보,C41-S00-I00-N02,C41,각기오인
월보,C41-S00-I00-N02,C41,신력
월보,C41-S00-I00-N02,C41,반조
월보,C41-S00-I00-N02,C41,차방식
월보,C41-S00-I00-N02,C41,완전
월보,C41-S00-I00-N02,C41,실행
월보,C41-S00-I00-N02,C41,오교
월보,C41-S00-I00-N02,C41,건축
월보,C41-S00-I00-N02,C41,완전
월보,C41-S00-I00-N02,C41,차실행
월보,C41-S00-I00-N02,C41,휘적
월보,C41-S00-I00-N02,C41,일반
월보,C41-S00-I00-N02,C41,각기반성
월보,C41-S00-I00-N02,C41,대체
월보,C41-S00-I00-N02,C41,상위
월보,C41-S00-I00-N02,C41,동서
월보,C41-S00-I00-N02,C41,남북
월보,C41-S00-I00-N02,C41,세관
월보,C41-S00-I00-N02,C41,기다
월보,C41-S00-I00-N02,C41,차별
월보,C41-S00-I00-N02,C41,통일일치
월보,C41-S00-I00-N02,C41,칙시오
월보,C41-S00-I00-N02,C41,성사
월보,C41-S00-I00-N02,C41,노심
월보,C41-S00-I00-N02,C41,교문정의거포덕오십륙년사월
월보,C41-S00-I00-N02,C41,성즉
월보,C41-S00-I00-N02,C41,육도사
월보,C41-S00-I00-N02,C41,관서
월보,C41-S00-I00-N02,C41,순회
월보,C41-S00-I00-N02,C41,임무
월보,C41-S00-I00-N02,C41,시개오교도사순회
월보,C41-S00-I00-N02,C41,효시
월보,C41-S00-I00-N02,C41,차순회
월보,C41-S00-I00-N02,C41,목적
월보,C41-S00-I00-N02,C41,일반신도
월보,C41-S00-I00-N02,C41,신앙통일
월보,C41-S00-I00-N02,C41,행위일치
월보,C41-S00-I00-N02,C41,오교
월보,C41-S00-I00-N02,C41,종교적정신
월보,C41-S00-I00-N02,C41,차순회
월보,C41-S00-I00-N02,C41,발휘
월보,C41-S00-I00-N02,C41,연이기순회
월보,C41-S00-I00-N02,C41,구역
월보,C41-S00-I00-N02,C41,전술
월보,C41-S00-I00-N02,C41,관서
월보,C41-S00-I00-N02,C41,위시
월보,C41-S00-I00-N02,C41,강원
월보,C41-S00-I00-N02,C41,기차
월보,C41-S00-I00-N02,C41,영남호남
월보,C41-S00-I00-N02,C41,우기차
월보,C41-S00-I00-N02,C41,관북
월보,C41-S00-I00-N02,C41,기차
월보,C41-S00-I00-N02,C41,시금회도사
월보,C41-S00-I00-N02,C41,차행
월보,C41-S00-I00-N02,C41,소이
월보,C41-S00-I00-N02,C41,공감용내
월보,C41-S00-I00-N02,C41,관북교우제씨
월보,C41-S00-I00-N02,C41,기자
월보,C41-S00-I00-N02,C41,역관북
월보,C41-S00-I00-N02,C41,일인
월보,C41-S00-I00-N02,C41,용담
월보,C41-S00-I00-N02,C41,감로
월보,C41-S00-I00-N02,C41,감화
월보,C41-S00-I00-N02,C41,수십개성상
월보,C41-S00-I00-N02,C41,오인
월보,C41-S00-I00-N02,C41,신명
월보,C41-S00-I00-N02,C41,풍광
월보,C41-S00-I00-N02,C41,인식
월보,C41-S00-I00-N02,C41,도덕
월보,C41-S00-I00-N02,C41,본체
월보,C41-S00-I00-N02,C41,망여
월보,C41-S00-I00-N02,C41,오인
월보,C41-S00-I00-N02,C41,도덕
월보,C41-S00-I00-N02,C41,미화
월보,C41-S00-I00-N02,C41,체득
월보,C41-S00-I00-N02,C41,오인
월보,C41-S00-I00-N02,C41,정신적극락
월보,C41-S00-I00-N02,C41,협동적감화
월보,C41-S00-I00-N02,C41,별천지
월보,C41-S00-I00-N02,C41,금일
월보,C41-S00-I00-N02,C41,형성
월보,C41-S00-I00-N02,C41,약오인
월보,C41-S00-I00-N02,C41,일층
월보,C41-S00-I00-N02,C41,종교적실행
월보,C41-S00-I00-N02,C41,도달
월보,C41-S00-I00-N02,C41,오교
월보,C41-S00-I00-N02,C41,일대목적
월보,C41-S00-I00-N02,C41,필설
월보,C41-S00-I00-N02,C41,공론
월보,C41-S00-I00-N02,C41,매복
월보,C41-S00-I00-N02,C41,성사
월보,C41-S00-I00-N02,C41,도제
월보,C41-S00-I00-N02,C41,동경대전
월보,C41-S00-I00-N02,C41,진의
월보,C41-S00-I00-N02,C41,설명
월보,C41-S00-I00-N02,C41,천지무궁지수
월보,C41-S00-I00-N02,C41,도지무극지리개재차서
월보,C41-S00-I00-N02,C41,일구
월보,C41-S00-I00-N02,C41,일층
월보,C41-S00-I00-N02,C41,군등
월보,C41-S00-I00-N02,C41,차절
월보,C41-S00-I00-N02,C41,여하
월보,C41-S00-I00-N02,C41,군등
월보,C41-S00-I00-N02,C41,차일구
월보,C41-S00-I00-N02,C41,의아
월보,C41-S00-I00-N02,C41,불기
월보,C41-S00-I00-N02,C41,교문정의대전일책
월보,C41-S00-I00-N02,C41,금일
월보,C41-S00-I00-N02,C41,오호활자
월보,C41-S00-I00-N02,C41,인쇄
월보,C41-S00-I00-N02,C41,신문일매
월보,C41-S00-I00-N02,C41,불과
월보,C41-S00-I00-N02,C41,대신사
월보,C41-S00-I00-N02,C41,차소
월보,C41-S00-I00-N02,C41,책자
월보,C41-S00-I00-N02,C41,천지무궁수
월보,C41-S00-I00-N02,C41,복재
월보,C41-S00-I00-N02,C41,도지무극
월보,C41-S00-I00-N02,C41,포함
월보,C41-S00-I00-N02,C41,의언
월보,C41-S00-I00-N02,C41,괴이
월보,C41-S00-I00-N02,C41,군등
월보,C41-S00-I00-N02,C41,차의혹
월보,C41-S00-I00-N02,C41,해석
월보,C41-S00-I00-N02,C41,진체
월보,C41-S00-I00-N02,C41,이해
월보,C41-S00-I00-N02,C41,시사
월보,C41-S00-I00-N02,C41,군등
월보,C41-S00-I00-N02,C41,삼대강령
월보,C41-S00-I00-N02,C41,대실행
월보,C41-S00-I00-N02,C41,체현
월보,C41-S00-I00-N02,C41,일대목적
월보,C41-S00-I00-N02,C41,차절
월보,C41-S00-I00-N02,C41,의의
월보,C41-S00-I00-N02,C41,해석
월보,C41-S00-I00-N03,C41,군등
월보,C41-S00-I00-N03,C41,오군
월보,C41-S00-I00-N03,C41,통독
월보,C41-S00-I00-N03,C41,지력
월보,C41-S00-I00-N03,C41,실행
월보,C41-S00-I00-N03,C41,군등
월보,C41-S00-I00-N03,C41,하익
월보,C41-S00-I00-N03,C41,하익
월보,C41-S00-I00-N03,C41,소위서자서인자인
월보,C41-S00-I00-N03,C41,금오교
월보,C41-S00-I00-N03,C41,실행조건
월보,C41-S00-I00-N03,C41,수간단
월보,C41-S00-I00-N03,C41,실지천행
월보,C41-S00-I00-N03,C41,천지무궁지수
월보,C41-S00-I00-N03,C41,발현
월보,C41-S00-I00-N03,C41,도지무극지리
월보,C41-S00-I00-N03,C41,표현
월보,C41-S00-I00-N03,C41,금일여
월보,C41-S00-I00-N03,C41,방식
월보,C41-S00-I00-N03,C41,대신사
월보,C41-S00-I00-N03,C41,진의
월보,C41-S00-I00-N03,C41,부합
월보,C41-S00-I00-N03,C41,과연
월보,C41-S00-I00-N03,C41,비사
월보,C41-S00-I00-N03,C41,철두철미
월보,C41-S00-I00-N03,C41,대종교가
월보,C41-S00-I00-N03,C41,약인
월보,C41-S00-I00-N03,C41,하점비사
월보,C41-S00-I00-N03,C41,철두철미
월보,C41-S00-I00-N03,C41,대종교가
월보,C41-S00-I00-N03,C41,억단피
월보,C41-S00-I00-N03,C41,자견
월보,C41-S00-I00-N03,C41,일언
월보,C41-S00-I00-N03,C41,예증
월보,C41-S00-I00-N04,C41,개종교
월보,C41-S00-I00-N04,C41,理想
월보,C41-S00-I00-N04,C41,공론
월보,C41-S00-I00-N04,C41,일세
월보,C41-S00-I00-N04,C41,좌우
월보,C41-S00-I00-N04,C41,실천
월보,C41-S00-I00-N04,C41,사체
월보,C41-S00-I00-N04,C41,팔정도외
월보,C41-S00-I00-N04,C41,일언
월보,C41-S00-I00-N04,C41,불교
월보,C41-S00-I00-N04,C41,경전
월보,C41-S00-I00-N04,C41,수오차
월보,C41-S00-I00-N04,C41,차사체
월보,C41-S00-I00-N04,C41,팔정도
월보,C41-S00-I00-N04,C41,근거
월보,C41-S00-I00-N04,C41,불과
월보,C41-S00-I00-N04,C41,오교
월보,C41-S00-I00-N04,C41,삼대강령오대실행
월보,C41-S00-I00-N04,C41,오교
월보,C41-S00-I00-N04,C41,오만년
월보,C41-S00-I00-N04,C41,대정신
월보,C41-S00-I00-N04,C41,지배
월보,C41-S00-I00-N04,C41,진체
월보,C41-S00-I00-N04,C41,오오인
월보,C41-S00-I00-N04,C41,오교
월보,C41-S00-I00-N04,C41,정신
월보,C41-S00-I00-N04,C41,진체
월보,C41-S00-I00-N04,C41,홀제
월보,C41-S00-I00-N04,C41,여하
월보,C41-S00-I00-N04,C41,양전미답
월보,C41-S00-I00-N04,C41,포기
월보,C41-S00-I00-N04,C41,불경
월보,C41-S00-I00-N04,C41,황폐
월보,C41-S00-I00-N04,C41,여하
월보,C41-S00-I00-N04,C41,금조왕과
월보,C41-S00-I00-N04,C41,법체
월보,C41-S00-I00-N04,C41,실행
월보,C41-S00-I00-N04,C41,일개가두진매
월보,C41-S00-I00-N04,C41,불과
월보,C41-S00-I00-N04,C41,실행
월보,C41-S00-I00-N04,C41,만리상
월보,C41-S00-I00-N04,C41,조화정
월보,C41-S00-I00-N04,C41,간주
월보,C41-S00-I00-N04,C41,양도사
월보,C41-S00-I00-N04,C41,근본적순회문제
월보,C41-S00-I00-N04,C41,신발명
월보,C41-S00-I00-N04,C41,진리
월보,C41-S00-I00-N04,C41,별유
월보,C41-S00-I00-N04,C41,광포
월보,C41-S00-I00-N04,C41,오교
월보,C41-S00-I00-N04,C41,정신적진체
월보,C41-S00-I00-N04,C41,차삼대강령오대실행
월보,C41-S00-I00-N04,C41,재언
월보,C41-S00-I00-N04,C41,차복언
월보,C41-S00-I00-N04,C41,불과
월보,C41-S00-I00-N04,C41,오호
월보,C41-S00-I00-N04,C41,금일
월보,C41-S00-I00-N04,C41,信徒
월보,C41-S00-I00-N04,C41,자수
월보,C41-S00-I00-N04,C41,차삼강령오실행
월보,C41-S00-I00-N04,C41,불지
월보,C41-S00-I00-N04,C41,설사
월보,C41-S00-I00-N04,C41,공론
월보,C41-S00-I00-N04,C41,기계
월보,C41-S00-I00-N05,C41,양도사
월보,C41-S00-I00-N05,C41,순회
월보,C41-S00-I00-N05,C41,차행
월보,C41-S00-I00-N05,C41,오인
월보,C41-S00-I00-N05,C41,상험
월보,C41-S00-I00-N05,C41,관북
월보,C41-S00-I00-N05,C41,이인
월보,C41-S00-I00-N05,C41,호남아
월보,C41-S00-I00-N05,C41,장래
월보,C41-S00-I00-N05,C41,풍운견
월보,C41-S00-I00-N05,C41,자기
월보,C41-S00-I00-N05,C41,갑을
월보,C41-S00-I00-N05,C41,풍채
월보,C41-S00-I00-N05,C41,헌앙
월보,C41-S00-I00-N05,C41,언론
월보,C41-S00-I00-N05,C41,고상
월보,C41-S00-I00-N05,C41,자기
월보,C41-S00-I00-N05,C41,기풍채
월보,C41-S00-I00-N05,C41,일사
월보,C41-S00-I00-N05,C41,불운
월보,C41-S00-I00-N05,C41,개갑
월보,C41-S00-I00-N05,C41,기실
월보,C41-S00-I00-N05,C41,공적
월보,C41-S00-I00-N05,C41,행운
월보,C41-S00-I00-N05,C41,기종국
월보,C41-S00-I00-N05,C41,오인
월보,C41-S00-I00-N05,C41,운명
월보,C41-S00-I00-N05,C41,간주
월보,C41-S00-I00-N05,C41,불운을
월보,C41-S00-I00-N05,C41,행운
월보,C41-S00-I00-N05,C41,간파
월보,C41-S00-I00-N05,C41,기원리
월보,C41-S00-I00-N05,C41,하점
월보,C41-S00-I00-N05,C41,복재
월보,C41-S00-I00-N05,C41,인생
월보,C41-S00-I00-N05,C41,행운
월보,C41-S00-I00-N05,C41,공리공론
월보,C41-S00-I00-N05,C41,실천실행
월보,C41-S00-I00-N05,C41,미화
월보,C41-S00-I00-N05,C41,수일리론상
월보,C41-S00-I00-N05,C41,이론
월보,C41-S00-I00-N05,C41,실천
월보,C41-S00-I00-N05,C41,결과
월보,C41-S00-I00-N05,C41,결국
월보,C41-S00-I00-N05,C41,명백
월보,C41-S00-I00-N05,C41,약갑
월보,C41-S00-I00-N05,C41,기리론
월보,C41-S00-I00-N05,C41,낙후
월보,C41-S00-I00-N05,C41,일능
월보,C41-S00-I00-N05,C41,이론
월보,C41-S00-I00-N05,C41,실행
월보,C41-S00-I00-N05,C41,포덕광제
월보,C41-S00-I00-N05,C41,비실
월보,C41-S00-I00-N05,C41,기백만
월보,C41-S00-I00-N05,C41,信徒
월보,C41-S00-I00-N05,C41,기극
월보,C41-S00-I00-N05,C41,천지
월보,C41-S00-I00-N05,C41,만물
월보,C41-S00-I00-N05,C41,오인
월보,C41-S00-I00-N05,C41,평소오교우
월보,C41-S00-I00-N05,C41,일사
월보,C41-S00-I00-N05,C41,이론
월보,C41-S00-I00-N05,C41,실제가
월보,C41-S00-I00-N05,C41,철학가
월보,C41-S00-I00-N05,C41,신교문정의
월보,C41-S00-I00-N05,C41,이론
월보,C41-S00-I00-N05,C41,근저
월보,C41-S00-I00-N05,C41,충돌
월보,C41-S00-I00-N05,C41,필반
월보,C41-S00-I00-N05,C41,철학
월보,C41-S00-I00-N05,C41,여말
월보,C41-S00-I00-N05,C41,분기
월보,C41-S00-I00-N05,C41,필기
월보,C41-S00-I00-N05,C41,수리론
월보,C41-S00-I00-N05,C41,세계
월보,C41-S00-I00-N05,C41,권서
월보,C41-S00-I00-N05,C41,철학
월보,C41-S00-I00-N05,C41,우주
월보,C41-S00-I00-N05,C41,신축
월보,C41-S00-I00-N06,C41,오신
월보,C41-S00-I00-N06,C41,파용
월보,C41-S00-I00-N06,C41,하등실효
월보,C41-S00-I00-N06,C41,기일생
월보,C41-S00-I00-N06,C41,애매모호
월보,C41-S00-I00-N06,C41,매송
월보,C41-S00-I00-N06,C41,친우모
월보,C41-S00-I00-N06,C41,오교
월보,C41-S00-I00-N06,C41,당초
월보,C41-S00-I00-N06,C41,기리론
월보,C41-S00-I00-N06,C41,사상
월보,C41-S00-I00-N06,C41,보통인
월보,C41-S00-I00-N06,C41,우승
월보,C41-S00-I00-N06,C41,일시각지
월보,C41-S00-I00-N06,C41,명성
월보,C41-S00-I00-N06,C41,기자
월보,C41-S00-I00-N06,C41,역시명불허전
월보,C41-S00-I00-N06,C41,탄복
월보,C41-S00-I00-N06,C41,오교
월보,C41-S00-I00-N06,C41,장래
월보,C41-S00-I00-N06,C41,동정
월보,C41-S00-I00-N06,C41,불행
월보,C41-S00-I00-N06,C41,기재자
월보,C41-S00-I00-N06,C41,이론
월보,C41-S00-I00-N06,C41,모간
월보,C41-S00-I00-N06,C41,사실
월보,C41-S00-I00-N06,C41,혼돈
월보,C41-S00-I00-N06,C41,자기담착
월보,C41-S00-I00-N06,C41,신앙
월보,C41-S00-I00-N06,C41,실력
월보,C41-S00-I00-N06,C41,멸시
월보,C41-S00-I00-N06,C41,가치
월보,C41-S00-I00-N06,C41,오해
월보,C41-S00-I00-N06,C41,각지
월보,C41-S00-I00-N06,C41,유리
월보,C41-S00-I00-N06,C41,정신병자
월보,C41-S00-I00-N06,C41,하필기인
월보,C41-S00-I00-N06,C41,개오교
월보,C41-S00-I00-N06,C41,신앙
월보,C41-S00-I00-N06,C41,박약
월보,C41-S00-I00-N06,C41,대개
월보,C41-S00-I00-N06,C41,실행
월보,C41-S00-I00-N06,C41,이론
월보,C41-S00-I00-N07,C41,양도사
월보,C41-S00-I00-N07,C41,순회목적
월보,C41-S00-I00-N07,C41,전술
월보,C41-S00-I00-N07,C41,공론공리
월보,C41-S00-I00-N07,C41,배척
월보,C41-S00-I00-N07,C41,삼강령오실행
월보,C41-S00-I00-N07,C41,관북교우
월보,C41-S00-I00-N07,C41,실지수천
월보,C41-S00-I00-N07,C41,성사주명교하
월보,C41-S00-I00-N07,C41,창해
월보,C41-S00-I00-N07,C41,육진
월보,C41-S00-I00-N07,C41,관북교우
월보,C41-S00-I00-N07,C41,여하
월보,C41-S00-I00-N07,C41,도사
월보,C41-S00-I00-N07,C41,차행
월보,C41-S00-I00-N07,C41,환영
월보,C41-S00-I00-N07,C41,도사
월보,C41-S00-I00-N07,C41,차행
월보,C41-S00-I00-N07,C41,파천황
월보,C41-S00-I00-N07,C41,신리론
월보,C41-S00-I00-N07,C41,읍귀신
월보,C41-S00-I00-N07,C41,설명
월보,C41-S00-I00-N07,C41,불문불비
월보,C41-S00-I00-N07,C41,법사
월보,C41-S00-I00-N07,C41,교문정의
월보,C41-S00-I00-N07,C41,천호분모
월보,C41-S00-I00-N07,C41,연구
월보,C41-S00-I00-N07,C41,이상
월보,C41-S00-I00-N07,C41,관념
월보,C41-S00-I00-N07,C41,도사
월보,C41-S00-I00-N07,C41,차행
월보,C41-S00-I00-N07,C41,오해
월보,C41-S00-I00-N07,C41,오인
월보,C41-S00-I00-N07,C41,평소
월보,C41-S00-I00-N07,C41,진리
월보,C41-S00-I00-N07,C41,교조
월보,C41-S00-I00-N07,C41,단차
월보,C41-S00-I00-N07,C41,실행
월보,C41-S00-I00-N07,C41,정신
월보,C41-S00-I00-N07,C41,오인
월보,C41-S00-I00-N07,C41,도사
월보,C41-S00-I00-N07,C41,차행
월보,C41-S00-I00-N07,C41,관념
월보,C41-S00-I00-N07,C41,차관념
월보,C41-S00-I00-N07,C41,영구불망
월보,C41-S00-I00-N07,C41,견인
월보,C41-S00-I00-N07,C41,차심
월보,C41-S00-I00-N07,C41,실지발표
월보,C41-S00-I00-N07,C41,참신적신력
월보,C41-S00-I00-N07,C41,도사
월보,C41-S00-I00-N07,C41,차행
월보,C41-S00-I00-N07,C41,환영
월보,C41-S00-I00-N07,C41,불가
월보,C41-S00-I00-N08,C41,오인
월보,C41-S00-I00-N08,C41,도사
월보,C41-S00-I00-N08,C41,차행세계인족
월보,C41-S00-I00-N08,C41,개시천도교희마랍야산
월보,C41-S00-I00-N08,C41,천지
월보,C41-S00-I00-N08,C41,중앙
월보,C41-S00-I00-N08,C41,고대
월보,C41-S00-I00-N08,C41,무비
월보,C41-S00-I00-N08,C41,세계유일
월보,C41-S00-I00-N08,C41,탐험가
월보,C41-S00-I00-N08,C41,용역
월보,C41-S00-I00-N08,C41,주람
월보,C41-S00-I00-N08,C41,자생오곡종
월보,C41-S00-I00-N08,C41,층암괴석
월보,C41-S00-I00-N08,C41,기화요초
월보,C41-S00-I00-N08,C41,천하장관
월보,C41-S00-I00-N08,C41,폭포
월보,C41-S00-I00-N08,C41,차산
월보,C41-S00-I00-N08,C41,층암괴석
월보,C41-S00-I00-N08,C41,폭포
월보,C41-S00-I00-N08,C41,차산
월보,C41-S00-I00-N08,C41,기화요초
월보,C41-S00-I00-N08,C41,차산
월보,C41-S00-I00-N08,C41,천하장관
월보,C41-S00-I00-N08,C41,폭포
월보,C41-S00-I00-N08,C41,사자
월보,C41-S00-I00-N08,C41,차산
월보,C41-S00-I00-N08,C41,환영
월보,C41-S00-I00-N08,C41,기념
월보,C41-S00-I00-N08,C41,기념
월보,C41-S00-I00-N08,C41,불망
월보,C41-S00-I00-N08,C41,불망
월보,C41-S00-I00-N08,C41,실행
월보,C41-S00-I00-N08,C41,성사
월보,C41-S00-I00-N08,C41,본지
월보,C41-S00-I00-N08,C41,부합
월보,C41-S00-I00-N08,C41,오교
월보,C41-S00-I00-N08,C41,목적
월보,C41-S00-I00-N08,C41,도착
월보,C41-S00-I00-N08,C41,일언
월보,C41-S00-I00-N08,C41,만천하동덕
월보,C41-S00-I00-N08,C41,특고
월보,C41-S00-I00-N08,C41,도사
월보,C41-S00-I00-N08,C41,관서령남
월보,C41-S00-I00-N08,C41,각지순회
월보,C41-S00-I00-N08,C41,기순회
월보,C41-S00-I00-N08,C41,각지인사
월보,C41-S00-I00-N08,C41,과연도사순회
월보,C41-S00-I00-N08,C41,목적
월보,C41-S00-I00-N08,C41,철저
월보,C41-S00-I00-N08,C41,오인
월보,C41-S00-I00-N08,C41,철저
월보,C41-S00-I00-N08,C41,즉오교광제
월보,C41-S00-I00-N08,C41,세계
월보,C41-S00-I00-N08,C41,인류재풍등
월보,C41-S00-I00-N08,C41,불동
월보,C41-S00-I00-N08,C41,개시희마랍야산
월보,C41-S00-I00-N08,C41,불발
월보,C41-S00-I00-N08,C41,와상자기
월보,C41-S00-I00-N08,C41,차일방
월보,C41-S00-I00-N08,C41,희마랍야산
월보,C41-S00-I00-N08,C41,전지
월보,C41-S00-I00-N08,C41,장각
월보,C41-S00-I00-N08,C41,건보
월보,C41-S00-I00-N08,C41,희마랍야산고
월보,C41-S00-I00-N08,C41,전부
월보,C41-S00-I00-N08,C41,주람
월보,C41-S00-I00-N08,C41,자생오곡종
월보,C41-S00-I00-N08,C41,희마랍야산
월보,C41-S00-I00-N08,C41,층암괴석
월보,C41-S00-I00-N08,C41,희마랍야산
월보,C41-S00-I00-N08,C41,기화요초
월보,C41-S00-I00-N08,C41,희마랍야산
월보,C41-S00-I00-N08,C41,장관폭포
월보,C41-S00-I00-N08,C41,희마랍야산
월보,C41-S00-I00-N08,C41,진면목
월보,C41-S00-I00-N08,C41,전일사자
월보,C41-S00-I00-N08,C41,편견
월보,C41-S00-I00-N08,C41,개시희마랍야산
월보,C42-S00-I00-N01,C42,교리부
월보,C42-S00-I00-N01,C42,우성아
월보,C42-S00-I00-N01,C42,완성아
월보,C42-S00-I00-N01,C42,즉천
월보,C42-S00-I00-N01,C42,연이성령적아
월보,C42-S00-I00-N01,C42,무한적
월보,C42-S00-I00-N01,C42,물질아
월보,C42-S00-I00-N01,C42,유한적
월보,C42-S00-I00-N01,C42,수양
월보,C42-S00-I00-N01,C42,기시
월보,C42-S00-I00-N01,C42,후회
월보,C42-S00-I00-N01,C42,추급
월보,C42-S00-I00-N01,C42,여하
월보,C42-S00-I00-N01,C42,종교가
월보,C42-S00-I00-N01,C42,성변사
월보,C42-S00-I00-N01,C42,창도
월보,C42-S00-I00-N01,C42,적멸
월보,C42-S00-I00-N01,C42,치평
월보,C42-S00-I00-N01,C42,수모
월보,C42-S00-I00-N01,C42,종교가
월보,C42-S00-I00-N01,C42,신변사
월보,C42-S00-I00-N01,C42,주장
월보,C42-S00-I00-N01,C42,치평
월보,C42-S00-I00-N01,C42,기시대
월보,C42-S00-I00-N01,C42,적의
월보,C42-S00-I00-N01,C42,문명
월보,C42-S00-I00-N01,C42,고조
월보,C42-S00-I00-N01,C42,지식
월보,C42-S00-I00-N01,C42,극도
월보,C42-S00-I00-N01,C42,차시대
월보,C42-S00-I00-N01,C42,적합
월보,C42-S00-I00-N01,C42,금일
월보,C42-S00-I00-N01,C42,성관
월보,C42-S00-I00-N01,C42,신관
월보,C42-S00-I00-N01,C42,합치
월보,C42-S00-I00-N01,C42,제도
월보,C42-S00-I00-N01,C42,성령
월보,C42-S00-I00-N01,C42,무형
월보,C42-S00-I00-N01,C42,무형고
월보,C42-S00-I00-N01,C42,천계사
월보,C42-S00-I00-N01,C42,육신
월보,C42-S00-I00-N01,C42,유형
월보,C42-S00-I00-N01,C42,유형고
월보,C42-S00-I00-N01,C42,세계사
월보,C42-S00-I00-N01,C42,동작
월보,C42-S00-I00-N01,C42,천계
월보,C42-S00-I00-N01,C42,감화
월보,C42-S00-I00-N01,C42,천도교
월보,C42-S00-I00-N01,C42,세계적종교
월보,C42-S00-I00-N01,C42,연칙천도교
월보,C42-S00-I00-N01,C42,세계적종교
월보,C42-S00-I00-N01,C42,차적종교
월보,C42-S00-I00-N01,C42,인생철학
월보,C42-S00-I00-N01,C42,현대철학
월보,C42-S00-I00-N01,C42,인생
월보,C42-S00-I00-N01,C42,근본적대신사성령출세설년월일
월보,C42-S00-I00-N01,C42,최사
월보,C42-S00-I00-N01,C42,대신사성령출세설
월보,C42-S00-I00-N01,C42,일반도제
월보,C42-S00-I00-N01,C42,우주
월보,C42-S00-I00-N01,C42,전체적통관
월보,C42-S00-I00-N01,C42,강구
월보,C42-S00-I00-N02,C42,찬마
월보,C42-S00-I00-N02,C42,성령
월보,C42-S00-I00-N02,C42,육신
월보,C42-S00-I00-N02,C42,시천자
월보,C42-S00-I00-N02,C42,정의정종
월보,C42-S00-I00-N02,C42,허무
월보,C42-S00-I00-N02,C42,전일습속
월보,C42-S00-I00-N02,C42,일절벽파
월보,C42-S00-I00-N02,C42,성령수련
월보,C42-S00-I00-N02,C42,방법
월보,C42-S00-I00-N02,C42,육신보호
월보,C42-S00-I00-N02,C42,쌍방병진
월보,C42-S00-I00-N02,C42,영광
월보,C42-S00-I00-N02,C42,세계
월보,C42-S00-I00-N02,C42,발휘
월보,C42-S00-I00-N02,C42,도기
월보,C42-S00-I00-N02,C42,인족
월보,C42-S00-I00-N02,C42,주화
월보,C42-S00-I00-N02,C42,안향성신
월보,C42-S00-I00-N02,C42,아시천
월보,C42-S00-I00-N02,C42,성신
월보,C42-S00-I00-N02,C42,태화문명
월보,C42-S00-I00-N02,C42,아시천
월보,C42-S00-I00-N02,C42,모범
월보,C42-S00-I00-N02,C42,천부
월보,C42-S00-I00-N02,C42,수양력
월보,C42-S00-I00-N02,C42,역시병
월보,C42-S00-I00-N02,C42,이론
월보,C42-S00-I00-N02,C42,실행
월보,C42-S00-I00-N02,C42,역시병
월보,C42-S00-I00-N02,C42,이론
월보,C42-S00-I00-N02,C42,불능
월보,C42-S00-I00-N02,C42,탐욕
월보,C42-S00-I00-N02,C42,충장
월보,C42-S00-I00-N02,C42,경학
월보,C42-S00-I00-N02,C42,송강
월보,C42-S00-I00-N02,C42,진리
월보,C42-S00-I00-N02,C42,연구
월보,C42-S00-I00-N02,C42,동시
월보,C42-S00-I00-N02,C42,조석
월보,C42-S00-I00-N02,C42,실천궁행
월보,C42-S00-I00-N02,C42,기실행방법
월보,C42-S00-I00-N02,C42,오교
월보,C42-S00-I00-N02,C42,실행규칙
월보,C42-S00-I00-N03,C42,세설
월보,C42-S00-I00-N03,C42,기일리
월보,C42-S00-I00-N03,C42,화반포
월보,C42-S00-I00-N03,C42,성사
월보,C42-S00-I00-N03,C42,법언
월보,C42-S00-I00-N03,C42,일출
월보,C42-S00-I00-N03,C42,천하
월보,C42-S00-I00-N03,C42,도제
월보,C42-S00-I00-N03,C42,적세
월보,C42-S00-I00-N03,C42,의운
월보,C42-S00-I00-N03,C42,일소
월보,C42-S00-I00-N03,C42,운권청천
월보,C42-S00-I00-N03,C42,정신
월보,C42-S00-I00-N03,C42,환몽회각
월보,C42-S00-I00-N03,C42,사상
월보,C42-S00-I00-N03,C42,자각
월보,C42-S00-I00-N03,C42,일진
월보,C42-S00-I00-N03,C42,대신사
월보,C42-S00-I00-N03,C42,관염
월보,C42-S00-I00-N03,C42,성사
월보,C42-S00-I00-N03,C42,차일언
월보,C42-S00-I00-N03,C42,오만년
월보,C42-S00-I00-N03,C42,법어
월보,C42-S00-I00-N03,C42,종교
월보,C42-S00-I00-N03,C42,대문제
월보,C42-S00-I00-N03,C42,신앙중심
월보,C42-S00-I00-N03,C42,사생대관
월보,C42-S00-I00-N03,C42,실천륜리등합종난의
월보,C42-S00-I00-N03,C42,차일언
월보,C42-S00-I00-N03,C42,해결
월보,C42-S00-I00-N03,C42,건설
월보,C42-S00-I00-N03,C42,기초
월보,C42-S00-I00-N03,C42,확정
월보,C42-S00-I00-N03,C42,오배
월보,C42-S00-I00-N03,C42,자각
월보,C42-S00-I00-N03,C42,박약
월보,C42-S00-I00-N03,C42,오배
월보,C42-S00-I00-N03,C42,신앙
월보,C42-S00-I00-N03,C42,유치
월보,C42-S00-I00-N03,C42,차오만년대문제
월보,C42-S00-I00-N03,C42,유야무야평
월보,C42-S00-I00-N03,C42,경향
월보,C42-S00-I00-N03,C42,유감
월보,C42-S00-I00-N03,C42,결점
월보,C42-S00-I00-N03,C42,기자
월보,C42-S00-I00-N03,C42,평소
월보,C42-S00-I00-N03,C42,성사
월보,C42-S00-I00-N03,C42,교수
월보,C42-S00-I00-N03,C42,선배
월보,C42-S00-I00-N03,C42,지도
월보,C42-S00-I00-N03,C42,불완전
월보,C42-S00-I00-N03,C42,박식
월보,C42-S00-I00-N03,C42,차사상
월보,C42-S00-I00-N03,C42,만일
월보,C42-S00-I00-N03,C42,습득
월보,C42-S00-I00-N03,C42,神人
월보,C42-S00-I00-N03,C42,정령
월보,C42-S00-I00-N03,C42,모앙
월보,C42-S00-I00-N03,C42,만천하신성녀
월보,C42-S00-I00-N03,C42,고백
월보,C42-S00-I00-N03,C42,대신사림종
월보,C42-S00-I00-N03,C42,도제
월보,C42-S00-I00-N03,C42,유언
월보,C42-S00-I00-N03,C42,일련
월보,C42-S00-I00-N03,C42,정심수도
월보,C42-S00-I00-N03,C42,내세군자
월보,C42-S00-I00-N03,C42,운차일언
월보,C42-S00-I00-N03,C42,대신사환원후
월보,C42-S00-I00-N03,C42,일반신도
월보,C42-S00-I00-N03,C42,구비
월보,C42-S00-I00-N03,C42,신사출세
월보,C42-S00-I00-N03,C42,예언
월보,C42-S00-I00-N03,C42,기예언
월보,C42-S00-I00-N03,C42,희망중심
월보,C42-S00-I00-N03,C42,육신출세
월보,C42-S00-I00-N03,C42,성령
월보,C42-S00-I00-N03,C42,이래륙십년
월보,C42-S00-I00-N03,C42,오토
월보,C42-S00-I00-N03,C42,필영
월보,C42-S00-I00-N03,C42,교리부
월보,C42-S00-I00-N03,C42,삼제
월보,C42-S00-I00-N03,C42,대신사생전일대
월보,C42-S00-I00-N03,C42,행적급기종
월보,C42-S00-I00-N03,C42,교설
월보,C42-S00-I00-N03,C42,가증
월보,C42-S00-I00-N03,C42,기예언
월보,C42-S00-I00-N03,C42,장차
월보,C42-S00-I00-N03,C42,오교
월보,C42-S00-I00-N03,C42,사후문일언
월보,C42-S00-I00-N03,C42,대신사생전일대
월보,C42-S00-I00-N03,C42,행적급기종
월보,C42-S00-I00-N03,C42,교설
월보,C42-S00-I00-N03,C42,개대신사
월보,C42-S00-I00-N03,C42,차예언
월보,C42-S00-I00-N03,C42,육신상봉
월보,C42-S00-I00-N03,C42,의미
월보,C42-S00-I00-N03,C42,정신
월보,C42-S00-I00-N03,C42,윤회적감화즉령적교화
월보,C42-S00-I00-N03,C42,구체적
월보,C42-S00-I00-N03,C42,표명
월보,C42-S00-I00-N03,C42,불외
월보,C42-S00-I00-N03,C42,거계해십이월십이일야
월보,C42-S00-I00-N03,C42,대신사
월보,C42-S00-I00-N03,C42,내실
월보,C42-S00-I00-N03,C42,초연독좌
월보,C42-S00-I00-N03,C42,명촉달야
월보,C42-S00-I00-N03,C42,심회
월보,C42-S00-I00-N03,C42,오만년
월보,C42-S00-I00-N03,C42,신앙중심
월보,C42-S00-I00-N03,C42,효명
월보,C42-S00-I00-N03,C42,선전관정구룡
월보,C42-S00-I00-N03,C42,조칙
월보,C42-S00-I00-N03,C42,대신사
월보,C42-S00-I00-N04,C42,기작일인
월보,C42-S00-I00-N04,C42,대신사
월보,C42-S00-I00-N04,C42,왈원근
월보,C42-S00-I00-N04,C42,서집
월보,C42-S00-I00-N04,C42,선생
월보,C42-S00-I00-N04,C42,자중
월보,C42-S00-I00-N04,C42,조정
월보,C42-S00-I00-N04,C42,이도
월보,C42-S00-I00-N04,C42,혐의
월보,C42-S00-I00-N04,C42,선생
월보,C42-S00-I00-N04,C42,선생
월보,C42-S00-I00-N04,C42,조정
월보,C42-S00-I00-N04,C42,이도
월보,C42-S00-I00-N04,C42,혐의
월보,C42-S00-I00-N04,C42,선생
월보,C42-S00-I00-N04,C42,왈도
월보,C42-S00-I00-N04,C42,도피
월보,C42-S00-I00-N04,C42,제군집
월보,C42-S00-I00-N04,C42,선생
월보,C42-S00-I00-N04,C42,자중
월보,C42-S00-I00-N04,C42,대신사
월보,C42-S00-I00-N04,C42,태연
월보,C42-S00-I00-N04,C42,우천운
월보,C42-S00-I00-N04,C42,일선
월보,C42-S00-I00-N04,C42,생명
월보,C42-S00-I00-N04,C42,신명
월보,C42-S00-I00-N04,C42,대신사
월보,C42-S00-I00-N04,C42,대구
월보,C42-S00-I00-N04,C42,참변
월보,C42-S00-I00-N04,C42,예언
월보,C42-S00-I00-N04,C42,우피착후익년갑자삼월십일
월보,C42-S00-I00-N04,C42,대구장대
월보,C42-S00-I00-N04,C42,재도하삽
월보,C42-S00-I00-N04,C42,삽흔
월보,C42-S00-I00-N04,C42,소무
월보,C42-S00-I00-N04,C42,信徒
월보,C42-S00-I00-N04,C42,대신사
월보,C42-S00-I00-N04,C42,천연
월보,C42-S00-I00-N04,C42,옥졸
월보,C42-S00-I00-N04,C42,우천운
월보,C42-S00-I00-N04,C42,청수일기
월보,C42-S00-I00-N04,C42,오전
월보,C42-S00-I00-N04,C42,봉전
월보,C42-S00-I00-N04,C42,엄연
월보,C42-S00-I00-N04,C42,교리부청수
월보,C42-S00-I00-N04,C42,묵념량구후
월보,C42-S00-I00-N04,C42,청수
월보,C42-S00-I00-N04,C42,즉취
월보,C42-S00-I00-N04,C42,오인
월보,C42-S00-I00-N04,C42,만해
월보,C42-S00-I00-N04,C42,강개
월보,C42-S00-I00-N04,C42,神人
월보,C42-S00-I00-N04,C42,자각지명
월보,C42-S00-I00-N04,C42,위복
월보,C42-S00-I00-N05,C42,불득
월보,C42-S00-I00-N05,C42,약대신사
월보,C42-S00-I00-N05,C42,소허
월보,C42-S00-I00-N05,C42,애석
월보,C42-S00-I00-N05,C42,차육신
월보,C42-S00-I00-N05,C42,以上
월보,C42-S00-I00-N05,C42,차도
월보,C42-S00-I00-N05,C42,영원
월보,C42-S00-I00-N05,C42,의포
월보,C42-S00-I00-N05,C42,예언
월보,C42-S00-I00-N05,C42,좌우
월보,C42-S00-I00-N05,C42,난화
월보,C42-S00-I00-N05,C42,운용
월보,C42-S00-I00-N05,C42,대신사
월보,C42-S00-I00-N05,C42,육척
월보,C42-S00-I00-N05,C42,불득
월보,C42-S00-I00-N05,C42,대신사
월보,C42-S00-I00-N05,C42,색신
월보,C42-S00-I00-N05,C42,모범
월보,C42-S00-I00-N05,C42,정신
월보,C42-S00-I00-N05,C42,영감
월보,C42-S00-I00-N05,C42,진리
월보,C42-S00-I00-N05,C42,원칙
월보,C42-S00-I00-N05,C42,자각
월보,C42-S00-I00-N05,C42,차운명
월보,C42-S00-I00-N05,C42,전도
월보,C42-S00-I00-N05,C42,명감
월보,C42-S00-I00-N05,C42,어시
월보,C42-S00-I00-N05,C42,천연
월보,C42-S00-I00-N05,C42,순수
월보,C42-S00-I00-N05,C42,사개오인
월보,C42-S00-I00-N05,C42,색신활동
월보,C42-S00-I00-N05,C42,공간
월보,C42-S00-I00-N05,C42,육척
월보,C42-S00-I00-N05,C42,육구
월보,C42-S00-I00-N05,C42,시간
월보,C42-S00-I00-N05,C42,오십
월보,C42-S00-I00-N05,C42,광음
월보,C42-S00-I00-N05,C42,시사
월보,C42-S00-I00-N05,C42,수발산
월보,C42-S00-I00-N05,C42,전물
월보,C42-S00-I00-N05,C42,정돈
월보,C42-S00-I00-N05,C42,불능
월보,C42-S00-I00-N05,C42,오십
월보,C42-S00-I00-N05,C42,나개세
월보,C42-S00-I00-N05,C42,활동
월보,C42-S00-I00-N05,C42,만고억조
월보,C42-S00-I00-N05,C42,지배
월보,C42-S00-I00-N05,C42,불능
월보,C42-S00-I00-N05,C42,고인차세
월보,C42-S00-I00-N05,C42,영원
월보,C42-S00-I00-N05,C42,공적
월보,C42-S00-I00-N05,C42,차륙척이외
월보,C42-S00-I00-N05,C42,혹물
월보,C42-S00-I00-N05,C42,불가
월보,C42-S00-I00-N05,C42,차오십이외
월보,C42-S00-I00-N05,C42,영원
월보,C42-S00-I00-N05,C42,지도방법
월보,C42-S00-I00-N05,C42,불가
월보,C42-S00-I00-N05,C42,즉하물
월보,C42-S00-I00-N05,C42,영묘불사의
월보,C42-S00-I00-N05,C42,법신활동
월보,C42-S00-I00-N05,C42,오인
월보,C42-S00-I00-N05,C42,수소
월보,C42-S00-I00-N05,C42,육척
월보,C42-S00-I00-N05,C42,오십
월보,C42-S00-I00-N05,C42,광음
월보,C42-S00-I00-N05,C42,차법신
월보,C42-S00-I00-N05,C42,대삼천
월보,C42-S00-I00-N05,C42,공간
월보,C42-S00-I00-N05,C42,권서
월보,C42-S00-I00-N05,C42,찰나
월보,C42-S00-I00-N05,C42,억천년
월보,C42-S00-I00-N05,C42,시간
월보,C42-S00-I00-N05,C42,종횡
월보,C42-S00-I00-N05,C42,일천사해
월보,C42-S00-I00-N05,C42,묘법
월보,C42-S00-I00-N05,C42,일편법신활동
월보,C42-S00-I00-N05,C42,기인
월보,C42-S00-I00-N05,C42,대신사
월보,C42-S00-I00-N05,C42,상언
월보,C42-S00-I00-N05,C42,왈독
월보,C42-S00-I00-N05,C42,불사
월보,C42-S00-I00-N05,C42,궁을기형
월보,C42-S00-I00-N05,C42,장생
월보,C42-S00-I00-N05,C42,삼칠기자
월보,C42-S00-I00-N05,C42,차일절
월보,C42-S00-I00-N05,C42,대신사
월보,C42-S00-I00-N05,C42,외연
월보,C42-S00-I00-N05,C42,불사
월보,C42-S00-I00-N05,C42,자기
월보,C42-S00-I00-N05,C42,앙연
월보,C42-S00-I00-N05,C42,장생
월보,C42-S00-I00-N05,C42,自信
월보,C42-S00-I00-N06,C42,오인
월보,C42-S00-I00-N06,C42,대신사
월보,C42-S00-I00-N06,C42,불사관설
월보,C42-S00-I00-N06,C42,육적생명
월보,C42-S00-I00-N06,C42,희망
월보,C42-S00-I00-N06,C42,억령적활동
월보,C42-S00-I00-N06,C42,의미
월보,C42-S00-I00-N06,C42,색신
월보,C42-S00-I00-N06,C42,지칭
월보,C42-S00-I00-N06,C42,억법신
월보,C42-S00-I00-N06,C42,대신사
월보,C42-S00-I00-N06,C42,영생일고
월보,C42-S00-I00-N06,C42,불가
월보,C42-S00-I00-N06,C42,오인
월보,C42-S00-I00-N06,C42,대신사생전일대
월보,C42-S00-I00-N06,C42,행적
월보,C42-S00-I00-N06,C42,회고
월보,C42-S00-I00-N06,C42,기신비
월보,C42-S00-I00-N06,C42,기적
월보,C42-S00-I00-N06,C42,경건
월보,C42-S00-I00-N06,C42,덕행
월보,C42-S00-I00-N06,C42,투철
월보,C42-S00-I00-N06,C42,자각
월보,C42-S00-I00-N06,C42,건전
월보,C42-S00-I00-N06,C42,교설
월보,C42-S00-I00-N06,C42,신성위대
월보,C42-S00-I00-N06,C42,활동
월보,C42-S00-I00-N06,C42,감복
월보,C42-S00-I00-N06,C42,기활동
월보,C42-S00-I00-N06,C42,철두철미
월보,C42-S00-I00-N06,C42,육체
월보,C42-S00-I00-N06,C42,망동
월보,C42-S00-I00-N06,C42,해탈
월보,C42-S00-I00-N06,C42,순정법신
월보,C42-S00-I00-N06,C42,활력
월보,C42-S00-I00-N06,C42,기인
월보,C42-S00-I00-N06,C42,묵인
월보,C42-S00-I00-N06,C42,교리부
월보,C42-S00-I00-N06,C42,대신사
월보,C42-S00-I00-N06,C42,불사관
월보,C42-S00-I00-N06,C42,법신
월보,C42-S00-I00-N06,C42,존재
월보,C42-S00-I00-N06,C42,의미
월보,C42-S00-I00-N06,C42,장생설
월보,C42-S00-I00-N06,C42,법신
월보,C42-S00-I00-N06,C42,불멸
월보,C42-S00-I00-N06,C42,관화
월보,C42-S00-I00-N06,C42,오필연
월보,C42-S00-I00-N06,C42,순서
월보,C42-S00-I00-N06,C42,오인
월보,C42-S00-I00-N06,C42,의안
월보,C42-S00-I00-N06,C42,일계제
월보,C42-S00-I00-N06,C42,즉대신사
월보,C42-S00-I00-N06,C42,불사장생관
월보,C42-S00-I00-N06,C42,기법신
월보,C42-S00-I00-N06,C42,장차불사생
월보,C42-S00-I00-N06,C42,명의
월보,C42-S00-I00-N06,C42,표현
월보,C42-S00-I00-N06,C42,주지
월보,C42-S00-I00-N06,C42,여하
월보,C42-S00-I00-N06,C42,관법
월보,C42-S00-I00-N06,C42,상징
월보,C42-S00-I00-N06,C42,유래인습적통속설
월보,C42-S00-I00-N06,C42,불사관
월보,C42-S00-I00-N06,C42,대체
월보,C42-S00-I00-N06,C42,삼설
월보,C42-S00-I00-N06,C42,귀착
월보,C42-S00-I00-N06,C42,천당혹
월보,C42-S00-I00-N06,C42,극락설
월보,C42-S00-I00-N06,C42,차설
월보,C42-S00-I00-N06,C42,원래종교적미신
월보,C42-S00-I00-N06,C42,사후령혼
월보,C42-S00-I00-N06,C42,생전
월보,C42-S00-I00-N06,C42,선악응보
월보,C42-S00-I00-N06,C42,천당급극락
월보,C42-S00-I00-N06,C42,지옥급귀부
월보,C42-S00-I00-N06,C42,윤회설
월보,C42-S00-I00-N06,C42,차설
월보,C42-S00-I00-N06,C42,순수종교적인과율
월보,C42-S00-I00-N06,C42,기인
월보,C42-S00-I00-N06,C42,영적개체
월보,C42-S00-I00-N06,C42,선악인보
월보,C42-S00-I00-N06,C42,차세
월보,C42-S00-I00-N06,C42,전생
월보,C42-S00-I00-N06,C42,명예설
월보,C42-S00-I00-N06,C42,차설
월보,C42-S00-I00-N06,C42,실제적공리설
월보,C42-S00-I00-N06,C42,기인
월보,C42-S00-I00-N06,C42,오인
월보,C42-S00-I00-N06,C42,사후
월보,C42-S00-I00-N06,C42,멸망
월보,C42-S00-I00-N06,C42,동시
월보,C42-S00-I00-N06,C42,감각
월보,C42-S00-I00-N06,C42,소멸
월보,C42-S00-I00-N06,C42,단기인
월보,C42-S00-I00-N06,C42,공리
월보,C42-S00-I00-N06,C42,유물
월보,C42-S00-I00-N06,C42,명예삼자
월보,C42-S00-I00-N06,C42,명백
월보,C42-S00-I00-N06,C42,판단
월보,C42-S00-I00-N06,C42,근사
월보,C42-S00-I00-N06,C42,일고
월보,C42-S00-I00-N06,C42,오인
월보,C42-S00-I00-N06,C42,차삼설
월보,C42-S00-I00-N06,C42,취진취부
월보,C42-S00-I00-N06,C42,후장
월보,C42-S00-I00-N06,C42,공평
월보,C42-S00-I00-N06,C42,대신사
월보,C42-S00-I00-N06,C42,사생관
월보,C42-S00-I00-N06,C42,차삼설
월보,C42-S00-I00-N06,C42,하자
월보,C42-S00-I00-N06,C42,부사장
월보,C42-S00-I00-N06,C42,숙고
월보,C42-S00-I00-N06,C42,대신사
월보,C42-S00-I00-N06,C42,사생관
월보,C42-S00-I00-N06,C42,은연
월보,C42-S00-I00-N06,C42,이상삼대신사일대
월보,C42-S00-I00-N06,C42,행적급교설
월보,C42-S00-I00-N06,C42,종합
월보,C42-S00-I00-N06,C42,순수비평적사고
월보,C42-S00-I00-N06,C42,초월
월보,C42-S00-I00-N06,C42,독특
월보,C42-S00-I00-N06,C42,대각
월보,C42-S00-I00-N06,C42,발표
월보,C42-S00-I00-N06,C42,명백
월보,C42-S00-I00-N06,C42,성사
월보,C42-S00-I00-N06,C42,발표
월보,C42-S00-I00-N06,C42,대신사출세설
월보,C42-S00-I00-N06,C42,증명
월보,C42-S00-I00-N06,C42,차설
월보,C42-S00-I00-N06,C42,오교특유
월보,C42-S00-I00-N06,C42,사생관
월보,C42-S00-I00-N06,C42,동시
월보,C42-S00-I00-N06,C42,신앙중심
월보,C42-S00-I00-N06,C42,실천륜리주의
월보,C42-S00-I00-N06,C42,육성사
월보,C42-S00-I00-N06,C42,양산통도사
월보,C42-S00-I00-N06,C42,수련
월보,C42-S00-I00-N06,C42,일일
월보,C42-S00-I00-N06,C42,명상황홀
월보,C42-S00-I00-N06,C42,일구
월보,C42-S00-I00-N06,C42,석시차지견금일우간
월보,C42-S00-I00-N06,C42,대각
월보,C42-S00-I00-N06,C42,대신사성령출세설
월보,C42-S00-I00-N06,C42,공포
월보,C42-S00-I00-N06,C42,차일구
월보,C42-S00-I00-N06,C42,의의
월보,C42-S00-I00-N06,C42,해석
월보,C42-S00-I00-N06,C42,대신사
월보,C42-S00-I00-N06,C42,사생관즉장생불사설
월보,C42-S00-I00-N06,C42,다언
월보,C42-S00-I00-N06,C42,불요
월보,C42-S00-I00-N06,C42,간단
월보,C42-S00-I00-N06,C42,실제적증명하
월보,C42-S00-I00-N06,C42,해결
월보,C42-S00-I00-N06,C42,차지
월보,C42-S00-I00-N06,C42,감상
월보,C42-S00-I00-N06,C42,성사
월보,C42-S00-I00-N06,C42,차행
월보,C42-S00-I00-N06,C42,석시차지견금일우간
월보,C42-S00-I00-N06,C42,성사일신
월보,C42-S00-I00-N06,C42,재도
월보,C42-S00-I00-N06,C42,교리부
월보,C42-S00-I00-N06,C42,초도
월보,C42-S00-I00-N06,C42,성사
월보,C42-S00-I00-N06,C42,차언
월보,C42-S00-I00-N06,C42,초창
월보,C42-S00-I00-N06,C42,실제
월보,C42-S00-I00-N06,C42,문자
월보,C42-S00-I00-N06,C42,모대
월보,C42-S00-I00-N06,C42,오인
월보,C42-S00-I00-N06,C42,차일구
월보,C42-S00-I00-N06,C42,의미
월보,C42-S00-I00-N07,C42,수련지
월보,C42-S00-I00-N07,C42,신사
월보,C42-S00-I00-N07,C42,석시
월보,C42-S00-I00-N07,C42,성사
월보,C42-S00-I00-N07,C42,금일
월보,C42-S00-I00-N07,C42,어언수십성간
월보,C42-S00-I00-N07,C42,돌연성사
월보,C42-S00-I00-N07,C42,금일차지
월보,C42-S00-I00-N07,C42,소이오호
월보,C42-S00-I00-N07,C42,성사
월보,C42-S00-I00-N07,C42,금유지량산통도사내원암
월보,C42-S00-I00-N07,C42,즉과거대하고
월보,C42-S00-I00-N07,C42,포도만과
월보,C42-S00-I00-N07,C42,기위
월보,C42-S00-I00-N07,C42,침강천월
월보,C42-S00-I00-N07,C42,기광
월보,C42-S00-I00-N07,C42,만형
월보,C42-S00-I00-N07,C42,기질
월보,C42-S00-I00-N07,C42,동일
월보,C42-S00-I00-N07,C42,계통하
월보,C42-S00-I00-N07,C42,동일동일광명
월보,C42-S00-I00-N07,C42,원질
월보,C42-S00-I00-N07,C42,동일결과
월보,C42-S00-I00-N07,C42,타유
월보,C42-S00-I00-N07,C42,만수
월보,C42-S00-I00-N07,C42,일리
월보,C42-S00-I00-N07,C42,만법
월보,C42-S00-I00-N07,C42,일묘
월보,C42-S00-I00-N07,C42,일리일묘
월보,C42-S00-I00-N07,C42,계인
월보,C42-S00-I00-N07,C42,영적법신
월보,C42-S00-I00-N07,C42,차원리
월보,C42-S00-I00-N07,C42,오호
월보,C42-S00-I00-N07,C42,신사
월보,C42-S00-I00-N07,C42,석일
월보,C42-S00-I00-N07,C42,성사
월보,C42-S00-I00-N07,C42,금일
월보,C42-S00-I00-N07,C42,수색신
월보,C42-S00-I00-N07,C42,동일
월보,C42-S00-I00-N07,C42,원질
월보,C42-S00-I00-N07,C42,동일
월보,C42-S00-I00-N07,C42,광명
월보,C42-S00-I00-N07,C42,파점
월보,C42-S00-I00-N07,C42,동일
월보,C42-S00-I00-N07,C42,원질
월보,C42-S00-I00-N07,C42,조직
월보,C42-S00-I00-N07,C42,유일무이
월보,C42-S00-I00-N07,C42,동일법
월보,C42-S00-I00-N07,C42,물론
월보,C42-S00-I00-N07,C42,원리
월보,C42-S00-I00-N07,C42,즉법신상관계
월보,C42-S00-I00-N07,C42,신사
월보,C42-S00-I00-N07,C42,전신
월보,C42-S00-I00-N07,C42,성사동경대전강태황제
월보,C42-S00-I00-N07,C42,인류출생
월보,C42-S00-I00-N07,C42,성사
월보,C42-S00-I00-N07,C42,후식
월보,C42-S00-I00-N07,C42,신사
월보,C42-S00-I00-N07,C42,전식
월보,C42-S00-I00-N07,C42,환언
월보,C42-S00-I00-N07,C42,대신사
월보,C42-S00-I00-N07,C42,사후령체활동
월보,C42-S00-I00-N07,C42,금일성사
월보,C42-S00-I00-N07,C42,영좌
월보,C42-S00-I00-N07,C42,계속
월보,C42-S00-I00-N07,C42,수신사
월보,C42-S00-I00-N07,C42,색신
월보,C42-S00-I00-N07,C42,기법신
월보,C42-S00-I00-N07,C42,성사
월보,C42-S00-I00-N07,C42,색신
월보,C42-S00-I00-N07,C42,동일활동
월보,C42-S00-I00-N07,C42,명명
월보,C42-S00-I00-N07,C42,실행
월보,C42-S00-I00-N07,C42,약신사
월보,C42-S00-I00-N07,C42,재상
월보,C42-S00-I00-N07,C42,색신
월보,C42-S00-I00-N07,C42,망치
월보,C42-S00-I00-N07,C42,법신
월보,C42-S00-I00-N07,C42,관념
월보,C42-S00-I00-N07,C42,동일
월보,C42-S00-I00-N07,C42,대신사
월보,C42-S00-I00-N07,C42,재도량산
월보,C42-S00-I00-N07,C42,무이
월보,C42-S00-I00-N07,C42,시즉성사
월보,C42-S00-I00-N07,C42,석시차지견금일
월보,C42-S00-I00-N07,C42,억우간
월보,C42-S00-I00-N07,C42,소이
월보,C42-S00-I00-N07,C42,오교
월보,C42-S00-I00-N07,C42,오생관
월보,C42-S00-I00-N07,C42,천당설
월보,C42-S00-I00-N07,C42,전생
월보,C42-S00-I00-N07,C42,급명예설
월보,C42-S00-I00-N07,C42,실제적
월보,C42-S00-I00-N07,C42,사실적
월보,C42-S00-I00-N07,C42,동시
월보,C42-S00-I00-N07,C42,진적신비적
월보,C42-S00-I00-N07,C42,가지
월보,C42-S00-I00-N07,C42,자양
월보,C42-S00-I00-N07,C42,오인
월보,C42-S00-I00-N07,C42,무인독좌
월보,C42-S00-I00-N07,C42,차문제
월보,C42-S00-I00-N07,C42,저작
월보,C42-S00-I00-N07,C42,대토기신사
월보,C42-S00-I00-N07,C42,정령
월보,C42-S00-I00-N07,C42,혁연
월보,C42-S00-I00-N07,C42,오인
월보,C42-S00-I00-N07,C42,통일
월보,C42-S00-I00-N07,C42,지식
월보,C42-S00-I00-N07,C42,무생관
월보,C42-S00-I00-N07,C42,상량
월보,C42-S00-I00-N07,C42,일위치
월보,C42-S00-I00-N07,C42,불지불식간오
월보,C42-S00-I00-N07,C42,神人
월보,C42-S00-I00-N07,C42,망궁극
월보,C42-S00-I00-N07,C42,진리
월보,C42-S00-I00-N07,C42,오인
월보,C42-S00-I00-N07,C42,유도
월보,C42-S00-I00-N07,C42,상이
월보,C42-S00-I00-N07,C42,가득
월보,C42-S00-I00-N07,C42,접착
월보,C42-S00-I00-N07,C42,가득
월보,C42-S00-I00-N07,C42,오인신
월보,C42-S00-I00-N07,C42,차호
월보,C42-S00-I00-N07,C42,기여감
월보,C42-S00-I00-N07,C42,미완
월보,C42-S00-I00-N07,C42,후해일기자년
월보,C42-S00-I00-N07,C42,오인
월보,C42-S00-I00-N07,C42,사고상한도
월보,C42-S00-I00-N07,C42,연구
월보,C43-S00-I00-N01,C43,시명소단
월보,C43-S00-I00-N01,C43,가위석진
월보,C43-S00-I00-N01,C43,운연필건
월보,C43-S00-I00-N01,C43,강하문빈
월보,C43-S00-I00-N01,C43,오호계합정친
월보,C43-S00-I00-N02,C43,주가락성
월보,C43-S00-I00-N02,C43,여아동린
월보,C43-S00-I00-N02,C43,구의사문
월보,C43-S00-I00-N02,C43,여아동집업월사
월보,C43-S00-I00-N02,C43,여아동신
월보,C43-S00-I00-N03,C43,대덕필득
월보,C43-S00-I00-N03,C43,의응휴신
월보,C43-S00-I00-N03,C43,오호추도향산문오호
월보,C43-S00-I00-N03,C43,천지간
월보,C43-S00-I00-N03,C43,이공간관지
월보,C43-S00-I00-N03,C43,불과창해일속
월보,C43-S00-I00-N03,C43,약시간관지
월보,C43-S00-I00-N03,C43,소위부유일생야
월보,C43-S00-I00-N03,C43,조생이불지석사
월보,C43-S00-I00-N03,C43,불지하왕
월보,C43-S00-I00-N03,C43,생자필몰회자정리
월보,C43-S00-I00-N03,C43,즉인생선천적야
월보,C43-S00-I00-N03,C43,오오인
월보,C43-S00-I00-N03,C43,증봉류호차세자
월보,C43-S00-I00-N03,C43,결비영구류련자
월보,C43-S00-I00-N03,C43,혹선혹후
월보,C43-S00-I00-N03,C43,수부자형제
월보,C43-S00-I00-N03,C43,불가시종일서자야
월보,C43-S00-I00-N03,C43,약혹후
월보,C43-S00-I00-N03,C43,어건강이현각천절
월보,C43-S00-I00-N03,C43,고인소위사생왕복유강장자시야규송자피송자
월보,C43-S00-I00-N03,C43,영자영자하일하지
월보,C43-S00-I00-N03,C43,절차사
월보,C43-S00-I00-N03,C43,시인세지무상이기소상
월보,C43-S00-I00-N03,C43,결비무상야
월보,C43-S00-I00-N03,C43,우비이상비상이내심상경상통상자
월보,C43-S00-I00-N03,C43,연이위시이만비
월보,C43-S00-I00-N03,C43,위시이만희
월보,C43-S00-I00-N03,C43,불가위오도철저
월보,C43-S00-I00-N03,C43,유소요
월보,C43-S00-I00-N03,C43,기인야생이위하사
월보,C43-S00-I00-N03,C43,사이유하사
월보,C43-S00-I00-N03,C43,질이잡조
월보,C43-S00-I00-N03,C43,향산
월보,C43-S00-I00-N03,C43,화서일신
월보,C43-S00-I00-N04,C43,노모재당
월보,C43-S00-I00-N04,C43,하인탈륜
월보,C43-S00-I00-N04,C43,학령재원
월보,C43-S00-I00-N04,C43,해긍한진
월보,C43-S00-I00-N04,C43,동인
월보,C43-S00-I00-N05,C43,가인애원
월보,C43-S00-I00-N05,C43,나감귀침
월보,C43-S00-I00-N05,C43,고아장읍
월보,C43-S00-I00-N05,C43,연육하인
월보,C43-S00-I00-N05,C43,출차동문
월보,C43-S00-I00-N06,C43,향산
월보,C43-S00-I00-N06,C43,영결추신
월보,C43-S00-I00-N06,C43,신귀고산
월보,C43-S00-I00-N06,C43,영환본신
월보,C43-S00-I00-N06,C43,일학단모
월보,C43-S00-I00-N07,C43,소회략진
월보,C43-S00-I00-N07,C43,이교화부이
월보,C43-S00-I00-N07,C43,고우향산동상학
월보,C43-S00-I00-N07,C43,오교유지지사야
월보,C43-S00-I00-N07,C43,유이수업우한학
월보,C43-S00-I00-N07,C43,수재문어세
월보,C43-S00-I00-N07,C43,장이전심어시문
월보,C43-S00-I00-N07,C43,이시이명진천하의
월보,C43-S00-I00-N07,C43,거포덕사십사년
월보,C43-S00-I00-N07,C43,일조유활연지지
월보,C43-S00-I00-N07,C43,수분신입오교
월보,C43-S00-I00-N07,C43,이래풍상십수년지간
월보,C43-S00-I00-N07,C43,내이수성령
월보,C43-S00-I00-N07,C43,외면직교보
월보,C43-S00-I00-N07,C43,실적공어교문자불선의
월보,C43-S00-I00-N07,C43,기위인야불체물
월보,C43-S00-I00-N07,C43,불저사
월보,C43-S00-I00-N07,C43,존신례이박신유
월보,C43-S00-I00-N07,C43,숭불로이배불로
월보,C43-S00-I00-N07,C43,유소신자인내천이이
월보,C43-S00-I00-N07,C43,성희시주풍월
월보,C43-S00-I00-N07,C43,문호주백
월보,C43-S00-I00-N07,C43,태시우문
월보,C43-S00-I00-N07,C43,명산대천
월보,C43-S00-I00-N07,C43,파인우족
월보,C43-S00-I00-N07,C43,매유가독서
월보,C43-S00-I00-N07,C43,불필북
월보,C43-S00-I00-N07,C43,하야
월보,C43-S00-I00-N07,C43,혹선
월보,C43-S00-I00-N07,C43,피자야야
월보,C43-S00-I00-N07,C43,무저야이의적의
월보,C43-S00-I00-N07,C43,탄불탄탄
월보,C43-S00-I00-N07,C43,우불우우
월보,C43-S00-I00-N07,C43,화지조월지석
월보,C43-S00-I00-N07,C43,짐주선
월보,C43-S00-I00-N07,C43,음시방정이이
월보,C43-S00-I00-N07,C43,고성색음식
월보,C43-S00-I00-N07,C43,불호기미
월보,C43-S00-I00-N07,C43,제삼칠
월보,C43-S00-I00-N07,C43,잡조택기물
월보,C43-S00-I00-N07,C43,불요기기
월보,C43-S00-I00-N07,C43,유칙수유이약개
월보,C43-S00-I00-N07,C43,무칙임사우
월보,C43-S00-I00-N07,C43,항유지우편시작애음
월보,C43-S00-I00-N07,C43,파유전엽성촉수성풍지개
월보,C43-S00-I00-N07,C43,자성일가지특색
월보,C43-S00-I00-N07,C43,시내향산일대미적이역향산일대지위공의
월보,C43-S00-I00-N07,C43,오호방란
월보,C43-S00-I00-N07,C43,요절
월보,C43-S00-I00-N07,C43,군이숙병
월보,C43-S00-I00-N07,C43,누월신음
월보,C43-S00-I00-N07,C43,포령십구년팔월이십일환원우소격동사제
월보,C43-S00-I00-N07,C43,월익일
월보,C43-S00-I00-N07,C43,반우춘천향제
월보,C43-S00-I00-N07,C43,재경교우일동
월보,C43-S00-I00-N07,C43,행영결식어동문외
월보,C43-S00-I00-N07,C43,묵기명복
월보,C43-S00-I00-N07,C43,근참
월보,C43-S00-I00-N07,C43,비도
월보,C43-S00-I00-N07,C43,원사상정
월보,C43-S00-I00-N07,C43,약처
월보,C43-S00-I00-N07,C43,애리종해씨추도문씨
월보,C43-S00-I00-N07,C43,황해도금천군좌면세포리인
월보,C43-S00-I00-N07,C43,매왕불기
월보,C43-S00-I00-N07,C43,지헌앙출범
월보,C43-S00-I00-N07,C43,골격
월보,C43-S00-I00-N07,C43,하지
월보,C43-S00-I00-N07,C43,기의
월보,C43-S00-I00-N07,C43,필고
월보,C43-S00-I00-N07,C43,기임
월보,C43-S00-I00-N07,C43,능감
월보,C43-S00-I00-N07,C43,장부인
월보,C43-S00-I00-N07,C43,대도
월보,C43-S00-I00-N07,C43,칠년
월보,C43-S00-I00-N07,C43,일일
월보,C43-S00-I00-N07,C43,수련
월보,C43-S00-I00-N07,C43,포교
월보,C43-S00-I00-N07,C43,학해
월보,C43-S00-I00-N07,C43,만절필동
월보,C43-S00-I00-N07,C43,내기
월보,C43-S00-I00-N07,C43,자기
월보,C43-S00-I00-N07,C43,기로
월보,C43-S00-I00-N07,C43,명호금천교구
월보,C43-S00-I00-N07,C43,목탁
월보,C43-S00-I00-N07,C43,금천교구
월보,C43-S00-I00-N07,C43,주차
월보,C43-S00-I00-N07,C43,금천교구
월보,C43-S00-I00-N07,C43,주초
월보,C43-S00-I00-N07,C43,금천교구
월보,C43-S00-I00-N07,C43,주차
월보,C43-S00-I00-N07,C43,천교구
월보,C43-S00-I00-N07,C43,금군
월보,C43-S00-I00-N07,C43,홀연
월보,C43-S00-I00-N07,C43,석자
월보,C43-S00-I00-N07,C43,전곡
월보,C43-S00-I00-N07,C43,비량회창
월보,C43-S00-I00-N07,C43,불각령루만건
월보,C43-S00-I00-N07,C43,최불인자
월보,C43-S00-I00-N07,C43,유기로모재당
월보,C43-S00-I00-N07,C43,오호향산
월보,C43-S00-I00-N07,C43,자차영불복도자면의
월보,C43-S00-I00-N07,C43,의자자지헌앙뢰락
월보,C43-S00-I00-N07,C43,돌올쟁영
월보,C43-S00-I00-N07,C43,여불여초목동부
월보,C43-S00-I00-N07,C43,재천이위일성
월보,C43-S00-I00-N07,C43,재지이위금옥
월보,C43-S00-I00-N07,C43,오지지야
월보,C43-S00-I00-N07,C43,금야아위지이곡
월보,C43-S00-I00-N07,C43,위오교야
월보,C43-S00-I00-N07,C43,억위오교보야
월보,C43-S00-I00-N07,C43,음양상수
월보,C43-S00-I00-N07,C43,유명이경
월보,C43-S00-I00-N07,C43,수불복여자상어
월보,C43-S00-I00-N07,C43,군혜군혜
월보,C43-S00-I00-N07,C43,유계지일사
월보,C43-S00-I00-N07,C43,사호자지생전상상여
월보,C43-S00-I00-N07,C43,금희봉개도처유청산
월보,C43-S00-I00-N07,C43,비도
월보,C43-S00-I00-N07,C43,고차교무
월보,C43-S00-I00-N07,C43,방극
월보,C43-S00-I00-N07,C43,성인지인
월보,C43-S00-I00-N07,C43,가석
월보,C43-S00-I00-N07,C43,비도
월보,C43-S00-I00-N07,C43,노친부모
월보,C43-S00-I00-N07,C43,자녀
월보,C43-S00-I00-N07,C43,금천교구
월보,C43-S00-I00-N07,C43,동정
월보,C43-S00-I00-N07,C43,오배
월보,C43-S00-I00-N07,C43,차신
월보,C43-S00-I00-N07,C43,존몰
월보,C43-S00-I00-N07,C43,차세
월보,C43-S00-I00-N07,C43,우락
월보,C43-S00-I00-N07,C43,오배
월보,C43-S00-I00-N07,C43,생사
월보,C43-S00-I00-N07,C43,영세
월보,C43-S00-I00-N07,C43,득실
월보,C43-S00-I00-N07,C43,오배
월보,C43-S00-I00-N07,C43,영생
월보,C43-S00-I00-N07,C43,기신
월보,C43-S00-I00-N07,C43,금천교구
월보,C43-S00-I00-N07,C43,사업
월보,C43-S00-I00-N07,C43,공고
월보,C43-S00-I00-N07,C43,기심
월보,C43-S00-I00-N07,C43,금천교구
월보,C43-S00-I00-N07,C43,역사
월보,C43-S00-I00-N07,C43,병경동북
월보,C43-S00-I00-N07,C43,금일
월보,C43-S00-I00-N07,C43,세인
월보,C43-S00-I00-N07,C43,천인
월보,C43-S00-I00-N07,C43,역사
월보,C43-S00-I00-N07,C43,약술
월보,C43-S00-I00-N07,C43,포덕오십삼년이월
월보,C43-S00-I00-N07,C43,일일입교
월보,C43-S00-I00-N07,C43,동오십사년일월
월보,C43-S00-I00-N07,C43,학술법률경제개요
월보,C43-S00-I00-N07,C43,대리인
월보,C43-S00-I00-N07,C43,복대리인
월보,C43-S00-I00-N07,C43,선임
월보,C43-S00-I00-N07,C43,권한
월보,C43-S00-I00-N07,C43,복대리
월보,C43-S00-I00-N07,C43,대리인
월보,C43-S00-I00-N07,C43,택정
월보,C43-S00-I00-N07,C43,대리즉본인
월보,C43-S00-I00-N07,C43,대리인
월보,C43-S00-I00-N07,C43,복대리인선정
월보,C43-S00-I00-N07,C43,권한
월보,C43-S00-I00-N07,C43,위임
월보,C43-S00-I00-N07,C43,대리인
월보,C43-S00-I00-N07,C43,법정대리간
월보,C43-S00-I00-N07,C43,구별
월보,C43-S00-I00-N07,C43,위임
월보,C43-S00-I00-N07,C43,대리인
월보,C43-S00-I00-N07,C43,위임
월보,C43-S00-I00-N07,C43,대리
월보,C43-S00-I00-N07,C43,원래인적관계
월보,C43-S00-I00-N07,C43,성립
월보,C43-S00-I00-N07,C43,대리기인
월보,C43-S00-I00-N07,C43,지대
월보,C43-S00-I00-N07,C43,영향
월보,C43-S00-I00-N07,C43,야기
월보,C43-S00-I00-N07,C43,본인
월보,C43-S00-I00-N07,C43,허락
월보,C43-S00-I00-N07,C43,도저
월보,C43-S00-I00-N07,C43,복대리인
월보,C43-S00-I00-N07,C43,선정득
월보,C43-S00-I00-N07,C43,급박
월보,C43-S00-I00-N07,C43,사건
월보,C43-S00-I00-N07,C43,대리인
월보,C43-S00-I00-N07,C43,중권
월보,C43-S00-I00-N07,C43,경우
월보,C43-S00-I00-N07,C43,예외
월보,C43-S00-I00-N07,C43,차한
월보,C43-S00-I00-N07,C43,불재
월보,C43-S00-I00-N07,C43,학술일반
월보,C43-S00-I00-N07,C43,금천교구강도원우전교사
월보,C43-S00-I00-N07,C43,동십이월
월보,C43-S00-I00-N07,C43,순회교사겸임
월보,C43-S00-I00-N07,C43,입교일
월보,C43-S00-I00-N07,C43,서웅입실
월보,C43-S00-I00-N07,C43,수련시절식삼일구년륙월
월보,C43-S00-I00-N07,C43,황석괴대리인
월보,C43-S00-I00-N07,C43,복대리인
월보,C43-S00-I00-N07,C43,선임
월보,C43-S00-I00-N07,C43,정당
월보,C43-S00-I00-N07,C43,선임감독
월보,C43-S00-I00-N07,C43,불주의
월보,C43-S00-I00-N07,C43,본인
월보,C43-S00-I00-N07,C43,손해
월보,C43-S00-I00-N07,C43,배상
월보,C43-S00-I00-N07,C43,복대리인
월보,C43-S00-I00-N07,C43,행위
월보,C43-S00-I00-N07,C43,발생
월보,C43-S00-I00-N07,C43,一切
월보,C43-S00-I00-N07,C43,사항
월보,C43-S00-I00-N07,C43,책임
월보,C43-S00-I00-N07,C43,담부
월보,C43-S00-I00-N07,C43,불시
월보,C43-S00-I00-N07,C43,복대리인
월보,C43-S00-I00-N07,C43,불적임불성실
월보,C43-S00-I00-N07,C43,본인
월보,C43-S00-I00-N07,C43,통지
월보,C43-S00-I00-N07,C43,경우
월보,C43-S00-I00-N07,C43,역시책임
월보,C43-S00-I00-N07,C43,법정대리인
월보,C43-S00-I00-N07,C43,약술
월보,C43-S00-I00-N07,C43,법정대리인
월보,C43-S00-I00-N07,C43,일인
월보,C43-S00-I00-N07,C43,기다
월보,C43-S00-I00-N07,C43,사무
월보,C43-S00-I00-N07,C43,집행
월보,C43-S00-I00-N07,C43,복대리인
월보,C43-S00-I00-N07,C43,사실상불편
월보,C43-S00-I00-N07,C43,심다
월보,C43-S00-I00-N07,C43,우차본인
월보,C43-S00-I00-N07,C43,무능력자혹법인
월보,C43-S00-I00-N07,C43,허락
월보,C43-S00-I00-N07,C43,불능
월보,C43-S00-I00-N07,C43,대리인
월보,C43-S00-I00-N07,C43,항상자기
월보,C44-S00-I00-N01,C44,백호기념
월보,C44-S00-I00-N01,C44,염아
월보,C44-S00-I00-N01,C44,책임
월보,C44-S00-I00-N01,C44,본래
월보,C44-S00-I00-N01,C44,왕륵
월보,C44-S00-I00-N01,C44,천재
월보,C44-S00-I00-N01,C44,문장
월보,C44-S00-I00-N01,C44,나마사가
월보,C44-S00-I00-N01,C44,고식
월보,C44-S00-I00-N01,C44,아철두철미범범한
월보,C44-S00-I00-N01,C44,용자
월보,C44-S00-I00-N01,C44,치자
월보,C44-S00-I00-N01,C44,무의미무목적
월보,C44-S00-I00-N01,C44,일약물
월보,C44-S00-I00-N01,C44,혹물
월보,C44-S00-I00-N01,C44,천부
월보,C44-S00-I00-N01,C44,천수
월보,C44-S00-I00-N01,C44,하택
월보,C44-S00-I00-N01,C44,인격
월보,C44-S00-I00-N01,C44,지식
월보,C44-S00-I00-N01,C44,인제반
월보,C44-S00-I00-N01,C44,기설
월보,C44-S00-I00-N01,C44,진리
월보,C44-S00-I00-N01,C44,自信
월보,C44-S00-I00-N01,C44,법조
월보,C44-S00-I00-N01,C44,자유
월보,C44-S00-I00-N01,C44,즉천
월보,C44-S00-I00-N01,C44,품성
월보,C44-S00-I00-N01,C44,완전
월보,C44-S00-I00-N01,C44,천직
월보,C44-S00-I00-N01,C44,안분
월보,C44-S00-I00-N01,C44,적라라
월보,C44-S00-I00-N01,C44,단단무타
월보,C44-S00-I00-N01,C44,일편령심
월보,C44-S00-I00-N01,C44,삼십년
월보,C44-S00-I00-N01,C44,구구악착
월보,C44-S00-I00-N01,C44,과거원고
월보,C44-S00-I00-N01,C44,일필
월보,C44-S00-I00-N01,C44,말살
월보,C44-S00-I00-N01,C44,오교문
월보,C44-S00-I00-N01,C44,헌신
월보,C44-S00-I00-N01,C44,소이
월보,C44-S00-I00-N01,C44,타고
월보,C44-S00-I00-N01,C44,일절책임
월보,C44-S00-I00-N01,C44,완전
월보,C44-S00-I00-N01,C44,일세
월보,C44-S00-I00-N01,C44,감상리돈화각자
월보,C44-S00-I00-N01,C44,천성천직
월보,C44-S00-I00-N01,C44,각득
월보,C44-S00-I00-N01,C44,일천사해
월보,C44-S00-I00-N01,C44,차묘법
월보,C44-S00-I00-N01,C44,차품성
월보,C44-S00-I00-N01,C44,극처
월보,C44-S00-I00-N01,C44,기품성
월보,C44-S00-I00-N01,C44,가치
월보,C44-S00-I00-N01,C44,연구
월보,C44-S00-I00-N01,C44,아교문
월보,C44-S00-I00-N01,C44,과연
월보,C44-S00-I00-N01,C44,위대신성
월보,C44-S00-I00-N01,C44,아교례활동
월보,C44-S00-I00-N01,C44,결과
월보,C44-S00-I00-N01,C44,과연
월보,C44-S00-I00-N01,C44,고무금무
월보,C44-S00-I00-N01,C44,아교문
월보,C44-S00-I00-N01,C44,과연
월보,C44-S00-I00-N01,C44,위대신성
월보,C44-S00-I00-N01,C44,아교례지우주
월보,C44-S00-I00-N01,C44,神聖
월보,C44-S00-I00-N01,C44,동시
월보,C44-S00-I00-N01,C44,천지우주
월보,C44-S00-I00-N01,C44,금일
월보,C44-S00-I00-N01,C44,우연
월보,C44-S00-I00-N01,C44,천지우주
월보,C44-S00-I00-N01,C44,금일
월보,C44-S00-I00-N01,C44,우연
월보,C44-S00-I00-N01,C44,천지우주
월보,C44-S00-I00-N01,C44,금일오교
월보,C44-S00-I00-N01,C44,역우연
월보,C44-S00-I00-N01,C44,천지우주
월보,C44-S00-I00-N01,C44,금일오인
월보,C44-S00-I00-N01,C44,역무의미
월보,C44-S00-I00-N01,C44,졸연
월보,C44-S00-I00-N01,C44,물연
월보,C44-S00-I00-N01,C44,일조
월보,C44-S00-I00-N01,C44,우황연
월보,C44-S00-I00-N01,C44,돈연
월보,C44-S00-I00-N01,C44,자심자책
월보,C44-S00-I00-N01,C44,소위세계무
월보,C44-S00-I00-N01,C44,기지
월보,C44-S00-I00-N01,C44,자조
월보,C44-S00-I00-N01,C44,별세일희
월보,C44-S00-I00-N01,C44,시소위
월보,C44-S00-I00-N01,C44,용인자요
월보,C44-S00-I00-N01,C44,기심
월보,C44-S00-I00-N01,C44,자요
월보,C44-S00-I00-N01,C44,교문정의객기
월보,C44-S00-I00-N01,C44,자요
월보,C44-S00-I00-N01,C44,자려
월보,C44-S00-I00-N01,C44,객기
월보,C44-S00-I00-N01,C44,소사
월보,C44-S00-I00-N01,C44,어시
월보,C44-S00-I00-N01,C44,대신사
월보,C44-S00-I00-N01,C44,계율
월보,C44-S00-I00-N01,C44,묵념
월보,C44-S00-I00-N01,C44,운수
월보,C44-S00-I00-N01,C44,도덕
월보,C44-S00-I00-N01,C44,차일언
월보,C44-S00-I00-N01,C44,독파
월보,C44-S00-I00-N01,C44,실랭한
월보,C44-S00-I00-N01,C44,첨배
월보,C44-S00-I00-N01,C44,불각
월보,C44-S00-I00-N01,C44,전률
월보,C44-S00-I00-N01,C44,진신
월보,C44-S00-I00-N02,C44,자헌
월보,C44-S00-I00-N02,C44,교문
월보,C44-S00-I00-N02,C44,책임
월보,C44-S00-I00-N02,C44,과거반생
월보,C44-S00-I00-N02,C44,활동
월보,C44-S00-I00-N02,C44,교문도덕
월보,C44-S00-I00-N02,C44,운수불로자득
월보,C44-S00-I00-N02,C44,오호
월보,C44-S00-I00-N02,C44,운수
월보,C44-S00-I00-N02,C44,도덕
월보,C44-S00-I00-N02,C44,활동
월보,C44-S00-I00-N02,C44,범부용혼
월보,C44-S00-I00-N02,C44,자타
월보,C44-S00-I00-N02,C44,어시
월보,C44-S00-I00-N02,C44,일점
월보,C44-S00-I00-N02,C44,일지
월보,C44-S00-I00-N02,C44,아교문
월보,C44-S00-I00-N02,C44,일부
월보,C44-S00-I00-N02,C44,소회
월보,C44-S00-I00-N02,C44,神聖
월보,C44-S00-I00-N02,C44,만천하
월보,C44-S00-I00-N02,C44,천민
월보,C44-S00-I00-N02,C44,소회
월보,C44-S00-I00-N02,C44,고백
월보,C44-S00-I00-N02,C44,아교보간
월보,C44-S00-I00-N02,C44,인연
월보,C44-S00-I00-N02,C44,성립
월보,C44-S00-I00-N02,C44,동기
월보,C44-S00-I00-N02,C44,덕량
월보,C44-S00-I00-N02,C44,교리
월보,C44-S00-I00-N02,C44,원래
월보,C44-S00-I00-N02,C44,창해일속
월보,C44-S00-I00-N02,C44,기소론
월보,C44-S00-I00-N02,C44,대개수호성구
월보,C44-S00-I00-N02,C44,불면
월보,C44-S00-I00-N02,C44,맹인평상
월보,C44-S00-I00-N02,C44,불탈
월보,C44-S00-I00-N02,C44,사력
월보,C44-S00-I00-N02,C44,간간
월보,C44-S00-I00-N02,C44,금옥
월보,C44-S00-I00-N02,C44,보광
월보,C44-S00-I00-N02,C44,아신성
월보,C44-S00-I00-N02,C44,교훈
월보,C44-S00-I00-N02,C44,아선배
월보,C44-S00-I00-N02,C44,지도
월보,C44-S00-I00-N02,C44,소이
월보,C44-S00-I00-N02,C44,아보교
월보,C44-S00-I00-N02,C44,神聖
월보,C44-S00-I00-N02,C44,교훈
월보,C44-S00-I00-N02,C44,음미
월보,C44-S00-I00-N02,C44,천지금일
월보,C44-S00-I00-N02,C44,오교
월보,C44-S00-I00-N02,C44,출생
월보,C44-S00-I00-N02,C44,원인
월보,C44-S00-I00-N02,C44,동시
월보,C44-S00-I00-N02,C44,천지금일
월보,C44-S00-I00-N02,C44,오교보
월보,C44-S00-I00-N02,C44,소이
월보,C44-S00-I00-N02,C44,오호
월보,C44-S00-I00-N02,C44,천지우주
월보,C44-S00-I00-N02,C44,과거
월보,C44-S00-I00-N02,C44,무량수
월보,C44-S00-I00-N02,C44,천지우주
월보,C44-S00-I00-N02,C44,미래
월보,C44-S00-I00-N02,C44,역무량수
월보,C44-S00-I00-N02,C44,전무량후무량천지우주
월보,C44-S00-I00-N02,C44,금일
월보,C44-S00-I00-N02,C44,오대종
월보,C44-S00-I00-N02,C44,시현
월보,C44-S00-I00-N02,C44,전무량후무량천지우주
월보,C44-S00-I00-N02,C44,금일
월보,C44-S00-I00-N02,C44,오교보
월보,C44-S00-I00-N02,C44,시유
월보,C44-S00-I00-N02,C44,아소년종교
월보,C44-S00-I00-N02,C44,아소년교보
월보,C44-S00-I00-N02,C44,약우주
월보,C44-S00-I00-N02,C44,상제
월보,C44-S00-I00-N02,C44,대신비
월보,C44-S00-I00-N02,C44,一切
월보,C44-S00-I00-N02,C44,만리
월보,C44-S00-I00-N02,C44,섭리
월보,C44-S00-I00-N02,C44,오인
월보,C44-S00-I00-N02,C44,대신사
월보,C44-S00-I00-N02,C44,수윤동섬개
월보,C44-S00-I00-N02,C44,시역천주지적
월보,C44-S00-I00-N02,C44,아소년교보
월보,C44-S00-I00-N02,C44,금일
월보,C44-S00-I00-N02,C44,용의주도
월보,C44-S00-I00-N02,C44,신산중
월보,C44-S00-I00-N02,C44,회고
월보,C44-S00-I00-N02,C44,구년
월보,C44-S00-I00-N02,C44,광음
월보,C44-S00-I00-N02,C44,개벽
월보,C44-S00-I00-N02,C44,초조
월보,C44-S00-I00-N02,C44,영형아
월보,C44-S00-I00-N02,C44,천지우주
월보,C44-S00-I00-N02,C44,신비
월보,C44-S00-I00-N02,C44,걸출아
월보,C44-S00-I00-N02,C44,사자후
월보,C44-S00-I00-N02,C44,신뢰
월보,C44-S00-I00-N02,C44,벽력아
월보,C44-S00-I00-N02,C44,불자성
월보,C44-S00-I00-N02,C44,덕성
월보,C44-S00-I00-N02,C44,자비아
월보,C44-S00-I00-N02,C44,사천왕
월보,C44-S00-I00-N02,C44,영위
월보,C44-S00-I00-N02,C44,인격아
월보,C44-S00-I00-N02,C44,기고고
월보,C44-S00-I00-N02,C44,탄토건곤파탈우주
월보,C44-S00-I00-N02,C44,신뢰
월보,C44-S00-I00-N02,C44,기성
월보,C44-S00-I00-N02,C44,대붕
월보,C44-S00-I00-N02,C44,징충
월보,C44-S00-I00-N02,C44,오호
월보,C44-S00-I00-N02,C44,시하등절대파격
월보,C44-S00-I00-N02,C44,시하등절대자신
월보,C44-S00-I00-N02,C44,오인
월보,C44-S00-I00-N02,C44,진화
월보,C44-S00-I00-N02,C44,주장
월보,C44-S00-I00-N02,C44,오인
월보,C44-S00-I00-N02,C44,천지우주금일
월보,C44-S00-I00-N02,C44,대덕성
월보,C44-S00-I00-N02,C44,영예아대자비
월보,C44-S00-I00-N02,C44,걸출아
월보,C44-S00-I00-N02,C44,천지우주
월보,C44-S00-I00-N02,C44,금일
월보,C44-S00-I00-N02,C44,정돈
월보,C44-S00-I00-N02,C44,自信
월보,C44-S00-I00-N02,C44,예기
월보,C44-S00-I00-N02,C44,아교보
월보,C44-S00-I00-N02,C44,직접기아
월보,C44-S00-I00-N02,C44,직접기물
월보,C44-S00-I00-N02,C44,불위로포추객유유한화만절정위오영
월보,C44-S00-I00-N02,C44,기다
월보,C44-S00-I00-N02,C44,신교보
월보,C44-S00-I00-N02,C44,풍마우세
월보,C44-S00-I00-N02,C44,간시사
월보,C44-S00-I00-N02,C44,이래풍상십년지간
월보,C44-S00-I00-N02,C44,기다
월보,C44-S00-I00-N02,C44,신종교
월보,C44-S00-I00-N02,C44,개초초점잔
월보,C44-S00-I00-N02,C44,오교보
월보,C44-S00-I00-N02,C44,월진
월보,C44-S00-I00-N02,C44,백판
월보,C44-S00-I00-N02,C44,광야
월보,C44-S00-I00-N02,C44,돌진
월보,C44-S00-I00-N02,C44,장족
월보,C44-S00-I00-N02,C44,오만년
월보,C44-S00-I00-N02,C44,미래
월보,C44-S00-I00-N02,C44,분투
월보,C44-S00-I00-N02,C44,시과연하물
월보,C44-S00-I00-N02,C44,조양
월보,C44-S00-I00-N02,C44,운중
월보,C44-S00-I00-N02,C44,하중
월보,C44-S00-I00-N02,C44,실안
월보,C44-S00-I00-N02,C44,천풍해도
월보,C44-S00-I00-N02,C44,광풍제월
월보,C44-S00-I00-N02,C44,청산록수
월보,C44-S00-I00-N02,C44,송운계성
월보,C44-S00-I00-N02,C44,교문정의연
월보,C44-S00-I00-N02,C44,오인
월보,C44-S00-I00-N02,C44,차근
월보,C44-S00-I00-N02,C44,십년
월보,C44-S00-I00-N02,C44,과거
월보,C44-S00-I00-N02,C44,만족
월보,C44-S00-I00-N02,C44,오인
월보,C44-S00-I00-N02,C44,자긍
월보,C44-S00-I00-N03,C44,하자
월보,C44-S00-I00-N03,C44,오인금일활동
월보,C44-S00-I00-N03,C44,출문외제일보
월보,C44-S00-I00-N03,C44,오인금일
월보,C44-S00-I00-N03,C44,덕업
월보,C44-S00-I00-N03,C44,여명
월보,C44-S00-I00-N03,C44,초개탁
월보,C44-S00-I00-N03,C44,오교보
월보,C44-S00-I00-N03,C44,과거
월보,C44-S00-I00-N03,C44,신건곤
월보,C44-S00-I00-N03,C44,지고
월보,C44-S00-I00-N03,C44,불과
월보,C44-S00-I00-N03,C44,신천지
월보,C44-S00-I00-N03,C44,낙토
월보,C44-S00-I00-N03,C44,진미
월보,C44-S00-I00-N03,C44,오교보
월보,C44-S00-I00-N03,C44,과거
월보,C44-S00-I00-N03,C44,사자후
월보,C44-S00-I00-N03,C44,대성
월보,C44-S00-I00-N03,C44,불과
월보,C44-S00-I00-N03,C44,오교보
월보,C44-S00-I00-N03,C44,과거
월보,C44-S00-I00-N03,C44,사자후
월보,C44-S00-I00-N03,C44,대성
월보,C44-S00-I00-N03,C44,유치
월보,C44-S00-I00-N03,C44,붕익거
월보,C44-S00-I00-N03,C44,대웅비
월보,C44-S00-I00-N03,C44,출생
월보,C44-S00-I00-N03,C44,자양
월보,C44-S00-I00-N03,C44,실내
월보,C44-S00-I00-N03,C44,정원
월보,C44-S00-I00-N03,C44,과거
월보,C44-S00-I00-N03,C44,미래
월보,C44-S00-I00-N03,C44,아소년교보
월보,C44-S00-I00-N03,C44,전도
월보,C44-S00-I00-N03,C44,두각
월보,C44-S00-I00-N03,C44,초성
월보,C44-S00-I00-N03,C44,세계무대
월보,C44-S00-I00-N03,C44,건각출
월보,C44-S00-I00-N03,C44,사회극장
월보,C44-S00-I00-N03,C44,광설
월보,C44-S00-I00-N03,C44,장래
월보,C44-S00-I00-N03,C44,인생
월보,C44-S00-I00-N03,C44,定義
월보,C44-S00-I00-N03,C44,활동
월보,C44-S00-I00-N03,C44,사업
월보,C44-S00-I00-N03,C44,표현
월보,C44-S00-I00-N03,C44,존재
월보,C44-S00-I00-N03,C44,성력
월보,C44-S00-I00-N03,C44,진화
월보,C44-S00-I00-N03,C44,과정
월보,C44-S00-I00-N03,C44,활동
월보,C44-S00-I00-N03,C44,인생
월보,C44-S00-I00-N03,C44,사업
월보,C44-S00-I00-N03,C44,인생
월보,C44-S00-I00-N03,C44,성력
월보,C44-S00-I00-N03,C44,진리
월보,C44-S00-I00-N03,C44,진화
월보,C44-S00-I00-N03,C44,진리
월보,C44-S00-I00-N03,C44,약인생
월보,C44-S00-I00-N03,C44,측면
월보,C44-S00-I00-N03,C44,활동
월보,C44-S00-I00-N03,C44,사업
월보,C44-S00-I00-N03,C44,약자주
월보,C44-S00-I00-N03,C44,측면
월보,C44-S00-I00-N03,C44,성력
월보,C44-S00-I00-N03,C44,진화
월보,C44-S00-I00-N03,C44,사막한
월보,C44-S00-I00-N03,C44,고목
월보,C44-S00-I00-N03,C44,아천종대신사
월보,C44-S00-I00-N03,C44,대각
월보,C44-S00-I00-N03,C44,상제
월보,C44-S00-I00-N03,C44,명교
월보,C44-S00-I00-N03,C44,개벽이후오만년
월보,C44-S00-I00-N03,C44,노이무공
월보,C44-S00-I00-N03,C44,성공
월보,C44-S00-I00-N03,C44,성공
월보,C44-S00-I00-N03,C44,득도
월보,C44-S00-I00-N03,C44,운수
월보,C44-S00-I00-N03,C44,오도
월보,C44-S00-I00-N03,C44,금불문고불문지법
월보,C44-S00-I00-N03,C44,금불비고불비지도
월보,C44-S00-I00-N03,C44,오도
월보,C44-S00-I00-N03,C44,후천오만년지대도
월보,C44-S00-I00-N03,C44,차일언
월보,C44-S00-I00-N03,C44,천지
월보,C44-S00-I00-N03,C44,인생
월보,C44-S00-I00-N03,C44,대덕업대활동
월보,C44-S00-I00-N03,C44,기초
월보,C44-S00-I00-N03,C44,신언
월보,C44-S00-I00-N03,C44,차일언
월보,C44-S00-I00-N03,C44,인생
월보,C44-S00-I00-N03,C44,定義
월보,C44-S00-I00-N03,C44,해결
월보,C44-S00-I00-N03,C44,진리
월보,C44-S00-I00-N03,C44,존재
월보,C44-S00-I00-N03,C44,명시
월보,C44-S00-I00-N03,C44,개벽이후
월보,C44-S00-I00-N03,C44,성공
월보,C44-S00-I00-N03,C44,기소위성공
월보,C44-S00-I00-N03,C44,왈오만년지대도
월보,C44-S00-I00-N03,C44,기소위대도
월보,C44-S00-I00-N03,C44,오인
월보,C44-S00-I00-N03,C44,오교
월보,C44-S00-I00-N03,C44,최요정신
월보,C44-S00-I00-N03,C44,인내천
월보,C44-S00-I00-N03,C44,파득래
월보,C44-S00-I00-N03,C44,차정의
월보,C44-S00-I00-N03,C44,해결
월보,C44-S00-I00-N03,C44,인내천
월보,C44-S00-I00-N03,C44,자력적활동
월보,C44-S00-I00-N03,C44,자력적사업
월보,C44-S00-I00-N03,C44,표시
월보,C44-S00-I00-N03,C44,대신사
월보,C44-S00-I00-N03,C44,자력적성력
월보,C44-S00-I00-N03,C44,자력적진화
월보,C44-S00-I00-N03,C44,명시
월보,C44-S00-I00-N03,C44,대신사
월보,C44-S00-I00-N03,C44,오만년
월보,C44-S00-I00-N03,C44,성공
월보,C44-S00-I00-N03,C44,진리
월보,C44-S00-I00-N03,C44,일문벽이후
월보,C44-S00-I00-N03,C44,성공
월보,C44-S00-I00-N03,C44,기소위성공
월보,C44-S00-I00-N03,C44,왈오만년지대도
월보,C44-S00-I00-N03,C44,기소위대도
월보,C44-S00-I00-N03,C44,오인
월보,C44-S00-I00-N03,C44,오리
월보,C44-S00-I00-N03,C44,오만년
월보,C44-S00-I00-N03,C44,성공
월보,C44-S00-I00-N03,C44,오만년
월보,C44-S00-I00-N03,C44,대도
월보,C44-S00-I00-N03,C44,어시
월보,C44-S00-I00-N03,C44,오인
월보,C44-S00-I00-N03,C44,대담
월보,C44-S00-I00-N03,C44,왈만성
월보,C44-S00-I00-N03,C44,성률
월보,C44-S00-I00-N03,C44,고치
월보,C44-S00-I00-N03,C44,만철
월보,C44-S00-I00-N03,C44,공론
월보,C44-S00-I00-N03,C44,철폐
월보,C44-S00-I00-N03,C44,만가
월보,C44-S00-I00-N03,C44,시서
월보,C44-S00-I00-N03,C44,속각
월보,C44-S00-I00-N03,C44,여하
월보,C44-S00-I00-N03,C44,장황
월보,C44-S00-I00-N03,C44,자심
월보,C44-S00-I00-N03,C44,자력
월보,C44-S00-I00-N03,C44,표상
월보,C44-S00-I00-N03,C44,진리
월보,C44-S00-I00-N03,C44,고인
월보,C44-S00-I00-N03,C44,왈포각자가무진장
월보,C44-S00-I00-N03,C44,무진장
월보,C44-S00-I00-N03,C44,목이
월보,C44-S00-I00-N03,C44,심령
월보,C44-S00-I00-N03,C44,보고
월보,C44-S00-I00-N03,C44,지칭
월보,C44-S00-I00-N03,C44,차무진장
월보,C44-S00-I00-N03,C44,보고
월보,C44-S00-I00-N03,C44,발견
월보,C44-S00-I00-N03,C44,오인필생
월보,C44-S00-I00-N03,C44,책임
월보,C44-S00-I00-N03,C44,인필생
월보,C44-S00-I00-N03,C44,목적
월보,C44-S00-I00-N03,C44,오호
월보,C44-S00-I00-N03,C44,진리
월보,C44-S00-I00-N03,C44,이기
월보,C44-S00-I00-N03,C44,자심
월보,C44-S00-I00-N03,C44,자각
월보,C44-S00-I00-N03,C44,以上
월보,C44-S00-I00-N03,C44,일천사해
월보,C44-S00-I00-N03,C44,개아
월보,C44-S00-I00-N03,C44,소유
월보,C44-S00-I00-N03,C44,삼천세계
월보,C44-S00-I00-N03,C44,개아
월보,C44-S00-I00-N03,C44,영지
월보,C44-S00-I00-N03,C44,언념
월보,C44-S00-I00-N03,C44,아경보
월보,C44-S00-I00-N03,C44,장래
월보,C44-S00-I00-N03,C44,인내천적자력적
월보,C44-S00-I00-N03,C44,자력적진화
월보,C44-S00-I00-N03,C44,자가무
월보,C44-S00-I00-N03,C44,진장
월보,C44-S00-I00-N03,C44,광제
월보,C44-S00-I00-N03,C44,표연
월보,C44-S00-I00-N03,C44,자립
월보,C44-S00-I00-N03,C44,유연
월보,C44-S00-I00-N03,C44,자견
월보,C44-S00-I00-N03,C44,무진장
월보,C44-S00-I00-N03,C44,동화
월보,C44-S00-I00-N03,C44,무진장
월보,C44-S00-I00-N03,C44,천지우주
월보,C44-S00-I00-N03,C44,무진장
월보,C44-S00-I00-N03,C44,체화
월보,C44-S00-I00-N03,C44,포덕
월보,C44-S00-I00-N03,C44,노도거랑
월보,C44-S00-I00-N03,C44,기활기
월보,C44-S00-I00-N03,C44,태산교악
월보,C44-S00-I00-N03,C44,기자중
월보,C44-S00-I00-N03,C44,부운류수
월보,C44-S00-I00-N03,C44,한한
월보,C44-S00-I00-N03,C44,기무위
월보,C44-S00-I00-N03,C44,제월
월보,C44-S00-I00-N03,C44,낭랑
월보,C44-S00-I00-N03,C44,기아량
월보,C44-S00-I00-N03,C44,대지산하
월보,C44-S00-I00-N03,C44,정원
월보,C44-S00-I00-N03,C44,대천성진
월보,C44-S00-I00-N03,C44,광명
월보,C44-S00-I00-N03,C44,지우주
월보,C44-S00-I00-N03,C44,理想
월보,C44-S00-I00-N03,C44,시간
월보,C44-S00-I00-N03,C44,기간
월보,C44-S00-I00-N03,C44,어시
월보,C44-S00-I00-N03,C44,차경보
월보,C44-S00-I00-N03,C44,장래
월보,C44-S00-I00-N03,C44,활동
월보,C44-S00-I00-N03,C44,무대
월보,C44-S00-I00-N03,C44,自信
월보,C44-S00-I00-N03,C44,동시
월보,C44-S00-I00-N03,C44,활동
월보,C44-S00-I00-N03,C44,낙토
월보,C44-S00-I00-N03,C44,세계
월보,C44-S00-I00-N03,C44,활동
월보,C44-S00-I00-N03,C44,낙원
월보,C44-S00-I00-N03,C44,자천
월보,C44-S00-I00-N03,C44,장래
월보,C44-S00-I00-N03,C44,향상
월보,C44-S00-I00-N03,C44,진화
월보,C44-S00-I00-N03,C44,여일인
월보,C44-S00-I00-N03,C44,사심
월보,C44-S00-I00-N03,C44,세계
월보,C44-S00-I00-N03,C44,식자
월보,C44-S00-I00-N03,C44,세계
월보,C44-S00-I00-N03,C44,덕자
월보,C44-S00-I00-N03,C44,아소년종교
월보,C44-S00-I00-N03,C44,아소년교보
월보,C44-S00-I00-N03,C44,운수
월보,C44-S00-I00-N03,C44,도덕
월보,C44-S00-I00-N03,C44,운수불로자득
월보,C45-S00-I00-N01,C45,교문정의신년원단리돈화일대관월
월보,C45-S00-I00-N01,C45,무량수
월보,C45-S00-I00-N01,C45,연월일
월보,C45-S00-I00-N01,C45,차찰나
월보,C45-S00-I00-N01,C45,피찰나
월보,C45-S00-I00-N01,C45,연쇄련쇄
월보,C45-S00-I00-N01,C45,순환순환
월보,C45-S00-I00-N01,C45,대리상
월보,C45-S00-I00-N01,C45,무궁무극
월보,C45-S00-I00-N01,C45,기종
월보,C45-S00-I00-N01,C45,불지
월보,C45-S00-I00-N01,C45,아두점좌
월보,C45-S00-I00-N01,C45,일심
월보,C45-S00-I00-N01,C45,묘광
월보,C45-S00-I00-N01,C45,미래영원
월보,C45-S00-I00-N01,C45,시간
월보,C45-S00-I00-N01,C45,추적
월보,C45-S00-I00-N01,C45,우과거영원
월보,C45-S00-I00-N01,C45,광음
월보,C45-S00-I00-N01,C45,소고
월보,C45-S00-I00-N01,C45,차심
월보,C45-S00-I00-N01,C45,여하
월보,C45-S00-I00-N01,C45,신속
월보,C45-S00-I00-N01,C45,기종극목적
월보,C45-S00-I00-N01,C45,호말
월보,C45-S00-I00-N01,C45,모범
월보,C45-S00-I00-N01,C45,불능
월보,C45-S00-I00-N01,C45,우의
월보,C45-S00-I00-N01,C45,우주
월보,C45-S00-I00-N01,C45,무궁천지
월보,C45-S00-I00-N01,C45,무궁
월보,C45-S00-I00-N01,C45,일월성진
월보,C45-S00-I00-N01,C45,무궁
월보,C45-S00-I00-N01,C45,강해하악
월보,C45-S00-I00-N01,C45,무궁무궁
월보,C45-S00-I00-N01,C45,차간
월보,C45-S00-I00-N01,C45,소위인생
월보,C45-S00-I00-N01,C45,오십혹칠십
월보,C45-S00-I00-N01,C45,광음
월보,C45-S00-I00-N01,C45,무의미무목적
월보,C45-S00-I00-N01,C45,형체
월보,C45-S00-I00-N01,C45,북망
월보,C45-S00-I00-N01,C45,일분토
월보,C45-S00-I00-N01,C45,무언
월보,C45-S00-I00-N01,C45,무하유
월보,C45-S00-I00-N01,C45,일세
월보,C45-S00-I00-N01,C45,무위법
월보,C45-S00-I00-N01,C45,반질
월보,C45-S00-I00-N01,C45,언념
월보,C45-S00-I00-N01,C45,천지
월보,C45-S00-I00-N01,C45,일치물
월보,C45-S00-I00-N01,C45,삼계
월보,C45-S00-I00-N01,C45,만고
월보,C45-S00-I00-N01,C45,달관
월보,C45-S00-I00-N01,C45,개성
월보,C45-S00-I00-N01,C45,즉개인
월보,C45-S00-I00-N01,C45,중심
월보,C45-S00-I00-N01,C45,동시
월보,C45-S00-I00-N01,C45,우주
월보,C45-S00-I00-N01,C45,중심
월보,C45-S00-I00-N01,C45,개성
월보,C45-S00-I00-N01,C45,표현
월보,C45-S00-I00-N01,C45,오인
월보,C45-S00-I00-N01,C45,개성
월보,C45-S00-I00-N01,C45,발달
월보,C45-S00-I00-N01,C45,오인
월보,C45-S00-I00-N01,C45,경험
월보,C45-S00-I00-N01,C45,만유
월보,C45-S00-I00-N01,C45,개성중심
월보,C45-S00-I00-N01,C45,격택
월보,C45-S00-I00-N01,C45,대천
월보,C45-S00-I00-N01,C45,개성중심
월보,C45-S00-I00-N01,C45,범위
월보,C45-S00-I00-N01,C45,약오인
월보,C45-S00-I00-N01,C45,실재적립각지
월보,C45-S00-I00-N01,C45,개성중심
월보,C45-S00-I00-N01,C45,제각
월보,C45-S00-I00-N01,C45,인생
월보,C45-S00-I00-N01,C45,피각
월보,C45-S00-I00-N01,C45,천지
월보,C45-S00-I00-N01,C45,형해
월보,C45-S00-I00-N01,C45,오인
월보,C45-S00-I00-N01,C45,진가치
월보,C45-S00-I00-N01,C45,인통
월보,C45-S00-I00-N01,C45,오인
월보,C45-S00-I00-N01,C45,만유
월보,C45-S00-I00-N01,C45,진의
월보,C45-S00-I00-N01,C45,발견
월보,C45-S00-I00-N01,C45,以上
월보,C45-S00-I00-N01,C45,각시대
월보,C45-S00-I00-N01,C45,현철
월보,C45-S00-I00-N01,C45,오인
월보,C45-S00-I00-N01,C45,의이이교훈
월보,C45-S00-I00-N01,C45,중심문제
월보,C45-S00-I00-N01,C45,오인
월보,C45-S00-I00-N01,C45,만족
월보,C45-S00-I00-N01,C45,약만고
월보,C45-S00-I00-N01,C45,대각자
월보,C45-S00-I00-N01,C45,우주문제
월보,C45-S00-I00-N01,C45,제시
월보,C45-S00-I00-N01,C45,시간문제
월보,C45-S00-I00-N01,C45,반질
월보,C45-S00-I00-N01,C45,시간
월보,C45-S00-I00-N01,C45,즉광음
월보,C45-S00-I00-N01,C45,과정
월보,C45-S00-I00-N01,C45,인간
월보,C45-S00-I00-N01,C45,일흔낭
월보,C45-S00-I00-N01,C45,개성
월보,C45-S00-I00-N01,C45,가치
월보,C45-S00-I00-N01,C45,일념조차
월보,C45-S00-I00-N01,C45,찰나
월보,C45-S00-I00-N01,C45,찰나
월보,C45-S00-I00-N01,C45,시각
월보,C45-S00-I00-N01,C45,교문정의각
월보,C45-S00-I00-N01,C45,명호
월보,C45-S00-I00-N01,C45,가득
월보,C45-S00-I00-N01,C45,마비
월보,C45-S00-I00-N01,C45,가득
월보,C45-S00-I00-N01,C45,수연금분금초
월보,C45-S00-I00-N01,C45,여하
월보,C45-S00-I00-N01,C45,사고
월보,C45-S00-I00-N01,C45,명호
월보,C45-S00-I00-N01,C45,금대금월금일금시로
월보,C45-S00-I00-N01,C45,신희망
월보,C45-S00-I00-N01,C45,과연여하
월보,C45-S00-I00-N01,C45,찰나
월보,C45-S00-I00-N01,C45,만천하인생
월보,C45-S00-I00-N01,C45,비단
월보,C45-S00-I00-N01,C45,무과거
월보,C45-S00-I00-N01,C45,무량
월보,C45-S00-I00-N01,C45,찰나
월보,C45-S00-I00-N01,C45,공적
월보,C45-S00-I00-N01,C45,신명
월보,C45-S00-I00-N01,C45,고가
월보,C45-S00-I00-N01,C45,영유
월보,C45-S00-I00-N02,C45,미래
월보,C45-S00-I00-N02,C45,난측
월보,C45-S00-I00-N02,C45,차다망
월보,C45-S00-I00-N02,C45,신년
월보,C45-S00-I00-N02,C45,광음
월보,C45-S00-I00-N02,C45,과연오인
월보,C45-S00-I00-N02,C45,여하
월보,C45-S00-I00-N02,C45,신행복
월보,C45-S00-I00-N02,C45,억우여
월보,C45-S00-I00-N02,C45,여하
월보,C45-S00-I00-N02,C45,신희망
월보,C45-S00-I00-N02,C45,영웅호걸철인달사재자가인용부범한백발청춘병폐불구일절
월보,C45-S00-I00-N02,C45,인물일절
월보,C45-S00-I00-N02,C45,윤동일절
월보,C45-S00-I00-N02,C45,사물
월보,C45-S00-I00-N02,C45,개차광업
월보,C45-S00-I00-N02,C45,신조양
월보,C45-S00-I00-N02,C45,자기
월보,C45-S00-I00-N02,C45,가급
월보,C45-S00-I00-N02,C45,자사
월보,C45-S00-I00-N02,C45,현지
월보,C45-S00-I00-N02,C45,개척
월보,C45-S00-I00-N02,C45,자기
월보,C45-S00-I00-N02,C45,발전
월보,C45-S00-I00-N02,C45,명호
월보,C45-S00-I00-N02,C45,희망
월보,C45-S00-I00-N02,C45,일여
월보,C45-S00-I00-N02,C45,인생
월보,C45-S00-I00-N02,C45,한암
월보,C45-S00-I00-N02,C45,고목
월보,C45-S00-I00-N03,C45,명호
월보,C45-S00-I00-N03,C45,장래
월보,C45-S00-I00-N03,C45,세계
월보,C45-S00-I00-N03,C45,사막
월보,C45-S00-I00-N03,C45,황야
월보,C45-S00-I00-N03,C45,만세계
월보,C45-S00-I00-N03,C45,억조
월보,C45-S00-I00-N03,C45,배후
월보,C45-S00-I00-N03,C45,수맹목
월보,C45-S00-I00-N03,C45,분진우분진
월보,C45-S00-I00-N03,C45,수모순
월보,C45-S00-I00-N03,C45,용왕우용왕
월보,C45-S00-I00-N03,C45,인생
월보,C45-S00-I00-N03,C45,희망
월보,C45-S00-I00-N03,C45,세계
월보,C45-S00-I00-N03,C45,장래
월보,C45-S00-I00-N03,C45,우장래
월보,C45-S00-I00-N03,C45,활동
월보,C45-S00-I00-N03,C45,여독
월보,C45-S00-I00-N03,C45,회심
월보,C45-S00-I00-N03,C45,일사락첨
월보,C45-S00-I00-N03,C45,소위희망
월보,C45-S00-I00-N03,C45,본질
월보,C45-S00-I00-N03,C45,도억
월보,C45-S00-I00-N03,C45,발현
월보,C45-S00-I00-N03,C45,명호
월보,C45-S00-I00-N03,C45,희망
월보,C45-S00-I00-N03,C45,공중신루
월보,C45-S00-I00-N03,C45,하천농운
월보,C45-S00-I00-N03,C45,기형
월보,C45-S00-I00-N03,C45,활실
월보,C45-S00-I00-N03,C45,사애표풍
월보,C45-S00-I00-N03,C45,종신용
월보,C45-S00-I00-N03,C45,포착
월보,C45-S00-I00-N03,C45,신년
월보,C45-S00-I00-N03,C45,후발연
월보,C45-S00-I00-N03,C45,앙천대소출문거
월보,C45-S00-I00-N03,C45,일구
월보,C45-S00-I00-N03,C45,천지우주
월보,C45-S00-I00-N03,C45,무의미
월보,C45-S00-I00-N03,C45,일신
월보,C45-S00-I00-N03,C45,인생세간
월보,C45-S00-I00-N03,C45,무목적
월보,C45-S00-I00-N03,C45,대질
월보,C45-S00-I00-N03,C45,오인
월보,C45-S00-I00-N03,C45,왈대의지하
월보,C45-S00-I00-N03,C45,필유대각
월보,C45-S00-I00-N03,C45,근본
월보,C45-S00-I00-N03,C45,대의
월보,C45-S00-I00-N03,C45,용단
월보,C45-S00-I00-N03,C45,대각
월보,C45-S00-I00-N03,C45,인격
월보,C45-S00-I00-N04,C45,왈의
월보,C45-S00-I00-N04,C45,역의
월보,C45-S00-I00-N04,C45,풍류
월보,C45-S00-I00-N04,C45,천지간일무용
월보,C45-S00-I00-N04,C45,일우물
월보,C45-S00-I00-N04,C45,우물
월보,C45-S00-I00-N04,C45,역우물
월보,C45-S00-I00-N04,C45,풍류
월보,C45-S00-I00-N04,C45,자유
월보,C45-S00-I00-N04,C45,풍류
월보,C45-S00-I00-N04,C45,자유
월보,C45-S00-I00-N04,C45,일점희망
월보,C45-S00-I00-N04,C45,광선
월보,C45-S00-I00-N04,C45,어시
월보,C45-S00-I00-N04,C45,제반의문
월보,C45-S00-I00-N04,C45,복재
월보,C45-S00-I00-N04,C45,소감
월보,C45-S00-I00-N04,C45,신년
월보,C45-S00-I00-N04,C45,영광
월보,C45-S00-I00-N04,C45,차졸필
월보,C45-S00-I00-N04,C45,위선벽두제일
월보,C45-S00-I00-N04,C45,갈파
월보,C45-S00-I00-N04,C45,일문제
월보,C45-S00-I00-N04,C45,세계
월보,C45-S00-I00-N04,C45,개락
월보,C45-S00-I00-N04,C45,하익
월보,C45-S00-I00-N04,C45,세계
월보,C45-S00-I00-N04,C45,개우
월보,C45-S00-I00-N04,C45,하익
월보,C45-S00-I00-N04,C45,억역세계
월보,C45-S00-I00-N04,C45,개락
월보,C45-S00-I00-N04,C45,교문정의
월보,C45-S00-I00-N04,C45,우하익
월보,C45-S00-I00-N04,C45,세계
월보,C45-S00-I00-N04,C45,개우
월보,C45-S00-I00-N04,C45,아종
월보,C45-S00-I00-N04,C45,억우하익
월보,C45-S00-I00-N04,C45,자물
월보,C45-S00-I00-N04,C45,자인
월보,C45-S00-I00-N04,C45,자인
월보,C45-S00-I00-N04,C45,자아
월보,C45-S00-I00-N04,C45,자아
월보,C45-S00-I00-N04,C45,우인
월보,C45-S00-I00-N04,C45,불우
월보,C45-S00-I00-N04,C45,불우
월보,C45-S00-I00-N04,C45,불락
월보,C45-S00-I00-N04,C45,만물정관개자득
월보,C45-S00-I00-N04,C45,시철인
월보,C45-S00-I00-N04,C45,직각적묘리
월보,C45-S00-I00-N04,C45,만물
월보,C45-S00-I00-N04,C45,기개자득
월보,C45-S00-I00-N04,C45,역여
월보,C45-S00-I00-N04,C45,자득
월보,C45-S00-I00-N04,C45,자득
월보,C45-S00-I00-N04,C45,안심안분
월보,C45-S00-I00-N04,C45,경애
월보,C45-S00-I00-N04,C45,소요
월보,C45-S00-I00-N04,C45,단두자단
월보,C45-S00-I00-N04,C45,철안
월보,C45-S00-I00-N04,C45,전시
월보,C45-S00-I00-N04,C45,신년
월보,C45-S00-I00-N04,C45,自信
월보,C45-S00-I00-N04,C45,이수요신년원단
월보,C45-S00-I00-N04,C45,소위광음
월보,C45-S00-I00-N04,C45,여류
월보,C45-S00-I00-N04,C45,연이광음
월보,C45-S00-I00-N04,C45,유파
월보,C45-S00-I00-N04,C45,부침
월보,C45-S00-I00-N04,C45,오인
월보,C45-S00-I00-N04,C45,심사
월보,C45-S00-I00-N04,C45,마비
월보,C45-S00-I00-N04,C45,소위수요
월보,C45-S00-I00-N04,C45,원래인
월보,C45-S00-I00-N04,C45,최대욕망
월보,C45-S00-I00-N04,C45,수명
월보,C45-S00-I00-N04,C45,자무희
월보,C45-S00-I00-N04,C45,단욕망
월보,C45-S00-I00-N04,C45,질악
월보,C45-S00-I00-N04,C45,사실
월보,C45-S00-I00-N04,C45,하인
월보,C45-S00-I00-N04,C45,좌우
월보,C45-S00-I00-N04,C45,불능
월보,C45-S00-I00-N04,C45,어시
월보,C45-S00-I00-N04,C45,오인
월보,C45-S00-I00-N04,C45,차수요
월보,C45-S00-I00-N04,C45,대우주
월보,C45-S00-I00-N04,C45,대비장
월보,C45-S00-I00-N04,C45,차문제
월보,C45-S00-I00-N04,C45,해탈
월보,C45-S00-I00-N04,C45,지도
월보,C45-S00-I00-N04,C45,시여
월보,C45-S00-I00-N04,C45,특기
월보,C45-S00-I00-N04,C45,고래
월보,C45-S00-I00-N04,C45,장수
월보,C45-S00-I00-N04,C45,인생
월보,C45-S00-I00-N04,C45,표본
월보,C45-S00-I00-N04,C45,팽조
월보,C45-S00-I00-N04,C45,인용
월보,C45-S00-I00-N04,C45,초목
월보,C45-S00-I00-N04,C45,대춘
월보,C45-S00-I00-N04,C45,인용
월보,C45-S00-I00-N04,C45,기단명
월보,C45-S00-I00-N04,C45,예거
월보,C45-S00-I00-N04,C45,거략
월보,C45-S00-I00-N04,C45,혜고
월보,C45-S00-I00-N04,C45,최단기
월보,C45-S00-I00-N04,C45,불과
월보,C45-S00-I00-N04,C45,시단
월보,C45-S00-I00-N04,C45,일시적비유
월보,C45-S00-I00-N04,C45,문자
월보,C45-S00-I00-N04,C45,응용
월보,C45-S00-I00-N04,C45,불과
월보,C45-S00-I00-N04,C45,진실
월보,C45-S00-I00-N04,C45,차신
월보,C45-S00-I00-N04,C45,사생
월보,C45-S00-I00-N04,C45,명목체시
월보,C45-S00-I00-N04,C45,무궁
월보,C45-S00-I00-N04,C45,무궁
월보,C45-S00-I00-N04,C45,만유
월보,C45-S00-I00-N04,C45,달관
월보,C45-S00-I00-N04,C45,팽조
월보,C45-S00-I00-N04,C45,장수대춘
월보,C45-S00-I00-N04,C45,팔천세
월보,C45-S00-I00-N04,C45,역장혜고거략
월보,C45-S00-I00-N04,C45,단수요절
월보,C45-S00-I00-N04,C45,생애
월보,C45-S00-I00-N04,C45,소허
월보,C45-S00-I00-N04,C45,장단
월보,C45-S00-I00-N04,C45,경정
월보,C45-S00-I00-N04,C45,자증
월보,C45-S00-I00-N04,C45,시문
월보,C45-S00-I00-N04,C45,팽조
월보,C45-S00-I00-N04,C45,팔백세대춘
월보,C45-S00-I00-N04,C45,팔천세
월보,C45-S00-I00-N04,C45,기단명
월보,C45-S00-I00-N04,C45,춘추
월보,C45-S00-I00-N04,C45,불지
월보,C45-S00-I00-N04,C45,혜고조석
월보,C45-S00-I00-N04,C45,사고
월보,C45-S00-I00-N04,C45,거략
월보,C45-S00-I00-N04,C45,천절
월보,C45-S00-I00-N04,C45,만일
월보,C45-S00-I00-N05,C45,통상
월보,C45-S00-I00-N05,C45,통상
월보,C45-S00-I00-N05,C45,불과
월보,C45-S00-I00-N05,C45,약팽조
월보,C45-S00-I00-N05,C45,지하
월보,C45-S00-I00-N05,C45,조기
월보,C45-S00-I00-N05,C45,팽조자신
월보,C45-S00-I00-N05,C45,팔백세
월보,C45-S00-I00-N05,C45,생애실
월보,C45-S00-I00-N05,C45,무하유
월보,C45-S00-I00-N05,C45,일조
월보,C45-S00-I00-N05,C45,춘몽
월보,C45-S00-I00-N05,C45,불과
월보,C45-S00-I00-N05,C45,원중
월보,C45-S00-I00-N05,C45,소요
월보,C45-S00-I00-N05,C45,대춘
월보,C45-S00-I00-N05,C45,근저
월보,C45-S00-I00-N05,C45,무래
월보,C45-S00-I00-N05,C45,팔천세
월보,C45-S00-I00-N05,C45,장수
월보,C45-S00-I00-N05,C45,대춘기자
월보,C45-S00-I00-N05,C45,하등
월보,C45-S00-I00-N05,C45,거략
월보,C45-S00-I00-N05,C45,단명요절
월보,C45-S00-I00-N05,C45,오인
월보,C45-S00-I00-N05,C45,차문제
월보,C45-S00-I00-N05,C45,해탈
월보,C45-S00-I00-N05,C45,오인
월보,C45-S00-I00-N05,C45,장수요
월보,C45-S00-I00-N05,C45,소위인생
월보,C45-S00-I00-N05,C45,속관
월보,C45-S00-I00-N05,C45,안징
월보,C45-S00-I00-N05,C45,가상설
월보,C45-S00-I00-N05,C45,불과
월보,C45-S00-I00-N05,C45,以上
월보,C45-S00-I00-N05,C45,진리
월보,C45-S00-I00-N05,C45,팔백세
월보,C45-S00-I00-N05,C45,영향탄
월보,C45-S00-I00-N05,C45,팔천세
월보,C45-S00-I00-N05,C45,대춘
월보,C45-S00-I00-N05,C45,부유혜고
월보,C45-S00-I00-N05,C45,생애
월보,C45-S00-I00-N05,C45,역경
월보,C45-S00-I00-N05,C45,장수
월보,C45-S00-I00-N05,C45,불능
월보,C45-S00-I00-N05,C45,단언
월보,C45-S00-I00-N05,C45,만유
월보,C45-S00-I00-N05,C45,기명수
월보,C45-S00-I00-N05,C45,만유
월보,C45-S00-I00-N05,C45,명수
월보,C45-S00-I00-N05,C45,주관적
월보,C45-S00-I00-N05,C45,일일혹혹
월보,C45-S00-I00-N05,C45,칠십세백세억우팔백팔천
월보,C45-S00-I00-N05,C45,기시간
월보,C45-S00-I00-N05,C45,장단
월보,C45-S00-I00-N05,C45,촌호
월보,C45-S00-I00-N05,C45,손익
월보,C45-S00-I00-N05,C45,삼찰나주의선
월보,C45-S00-I00-N05,C45,오인
월보,C45-S00-I00-N05,C45,생식
월보,C45-S00-I00-N05,C45,시간
월보,C45-S00-I00-N05,C45,오십년
월보,C45-S00-I00-N05,C45,차오십년
월보,C45-S00-I00-N05,C45,시간
월보,C45-S00-I00-N05,C45,최장
월보,C45-S00-I00-N05,C45,최단
월보,C45-S00-I00-N05,C45,감상
월보,C45-S00-I00-N05,C45,어시
월보,C45-S00-I00-N05,C45,오인
월보,C45-S00-I00-N05,C45,만유
월보,C45-S00-I00-N05,C45,무궁
월보,C45-S00-I00-N05,C45,원리
월보,C45-S00-I00-N05,C45,각래
월보,C45-S00-I00-N05,C45,기목각
월보,C45-S00-I00-N05,C45,자가
월보,C45-S00-I00-N05,C45,안심립명
월보,C45-S00-I00-N05,C45,역능
월보,C45-S00-I00-N05,C45,불능
월보,C45-S00-I00-N05,C45,상인
월보,C45-S00-I00-N05,C45,상투어
월보,C45-S00-I00-N05,C45,차수요일관
월보,C45-S00-I00-N05,C45,해탈
월보,C45-S00-I00-N05,C45,간단
월보,C45-S00-I00-N05,C45,상투
월보,C45-S00-I00-N05,C45,해탈
월보,C45-S00-I00-N05,C45,시실
월보,C45-S00-I00-N05,C45,우주
월보,C45-S00-I00-N05,C45,대관
월보,C45-S00-I00-N05,C45,대오철저
월보,C45-S00-I00-N05,C45,수련
월보,C45-S00-I00-N05,C45,오인
월보,C45-S00-I00-N05,C45,以上
월보,C45-S00-I00-N05,C45,각오
월보,C45-S00-I00-N05,C45,以上
월보,C45-S00-I00-N05,C45,오인
월보,C45-S00-I00-N05,C45,기각오
월보,C45-S00-I00-N05,C45,완전
월보,C45-S00-I00-N05,C45,실행
월보,C45-S00-I00-N05,C45,방법
월보,C45-S00-I00-N05,C45,강구
월보,C45-S00-I00-N05,C45,불가
월보,C45-S00-I00-N06,C45,즉우주
월보,C45-S00-I00-N06,C45,무궁무극
월보,C45-S00-I00-N06,C45,대관
월보,C45-S00-I00-N06,C45,영고성쇠
월보,C45-S00-I00-N06,C45,만유
월보,C45-S00-I00-N06,C45,장단수요
월보,C45-S00-I00-N06,C45,역인
월보,C45-S00-I00-N06,C45,생사출몰
월보,C45-S00-I00-N06,C45,대우주대진리상
월보,C45-S00-I00-N06,C45,일관
월보,C45-S00-I00-N06,C45,실재
월보,C45-S00-I00-N06,C45,오인
월보,C45-S00-I00-N06,C45,생로병사
월보,C45-S00-I00-N06,C45,애응
월보,C45-S00-I00-N06,C45,목하
월보,C45-S00-I00-N06,C45,실제문제
월보,C45-S00-I00-N06,C45,찰나찰나
월보,C45-S00-I00-N06,C45,기자각
월보,C45-S00-I00-N06,C45,실행
월보,C45-S00-I00-N06,C45,원래시간
월보,C45-S00-I00-N06,C45,항상찰나
월보,C45-S00-I00-N06,C45,실재
월보,C45-S00-I00-N06,C45,경과
월보,C45-S00-I00-N06,C45,과거
월보,C45-S00-I00-N06,C45,미래
월보,C45-S00-I00-N06,C45,표현
월보,C45-S00-I00-N06,C45,과거문정역보법
월보,C45-S00-I00-N06,C45,오인
월보,C45-S00-I00-N06,C45,종시일관
월보,C45-S00-I00-N06,C45,차일어
월보,C45-S00-I00-N06,C45,오인
월보,C45-S00-I00-N06,C45,전도
월보,C45-S00-I00-N06,C45,자적
월보,C45-S00-I00-N06,C45,우락
월보,C45-S00-I00-N06,C45,궁고
월보,C45-S00-I00-N06,C45,자적
월보,C45-S00-I00-N06,C45,천지
월보,C45-S00-I00-N06,C45,소요
월보,C45-S00-I00-N06,C45,인생
월보,C45-S00-I00-N06,C45,대문제
월보,C45-S00-I00-N06,C45,생사
월보,C45-S00-I00-N06,C45,양경애
월보,C45-S00-I00-N06,C45,해탈
월보,C45-S00-I00-N06,C45,경인생
월보,C45-S00-I00-N06,C45,대문제
월보,C45-S00-I00-N06,C45,생사
월보,C45-S00-I00-N06,C45,양경애
월보,C45-S00-I00-N06,C45,해탈
월보,C45-S00-I00-N06,C45,득일절장단고하귀천등상대차별
월보,C45-S00-I00-N06,C45,대관
월보,C45-S00-I00-N06,C45,고인소위조문도
월보,C45-S00-I00-N06,C45,석사가
월보,C45-S00-I00-N06,C45,가운
월보,C45-S00-I00-N06,C45,만유
월보,C45-S00-I00-N06,C45,여사
월보,C45-S00-I00-N06,C45,오인대오철저
월보,C45-S00-I00-N06,C45,대경
월보,C45-S00-I00-N06,C45,광음
월보,C45-S00-I00-N06,C45,여류
월보,C45-S00-I00-N06,C45,우감
월보,C45-S00-I00-N06,C45,오인대오철저
월보,C45-S00-I00-N06,C45,대경
월보,C45-S00-I00-N06,C45,광음
월보,C45-S00-I00-N06,C45,여류
월보,C45-S00-I00-N06,C45,어호
월보,C45-S00-I00-N06,C45,달인
월보,C45-S00-I00-N06,C45,본래
월보,C45-S00-I00-N06,C45,수요
월보,C45-S00-I00-N06,C45,억역사생
월보,C45-S00-I00-N06,C45,교문정의
월보,C45-S00-I00-N06,C45,경험
월보,C45-S00-I00-N06,C45,미래
월보,C45-S00-I00-N06,C45,희망
월보,C45-S00-I00-N06,C45,유순간
월보,C45-S00-I00-N06,C45,찰사적현재
월보,C45-S00-I00-N06,C45,오인
월보,C45-S00-I00-N06,C45,사실
월보,C45-S00-I00-N06,C45,표시
월보,C45-S00-I00-N06,C45,직접고락
월보,C45-S00-I00-N06,C45,現象
월보,C45-S00-I00-N06,C45,오인
월보,C45-S00-I00-N06,C45,과거
월보,C45-S00-I00-N06,C45,실재
월보,C45-S00-I00-N06,C45,경우
월보,C45-S00-I00-N06,C45,만회
월보,C45-S00-I00-N06,C45,실재
월보,C45-S00-I00-N06,C45,경우
월보,C45-S00-I00-N06,C45,以上
월보,C45-S00-I00-N06,C45,과거
월보,C45-S00-I00-N06,C45,사실
월보,C45-S00-I00-N06,C45,비참
월보,C45-S00-I00-N06,C45,우차
월보,C45-S00-I00-N06,C45,쾌락
월보,C45-S00-I00-N06,C45,사고
월보,C45-S00-I00-N06,C45,현재
월보,C45-S00-I00-N06,C45,멸시
월보,C45-S00-I00-N06,C45,사고
월보,C45-S00-I00-N06,C45,단과거
월보,C45-S00-I00-N06,C45,경험
월보,C45-S00-I00-N06,C45,기경험
월보,C45-S00-I00-N06,C45,인상
월보,C45-S00-I00-N06,C45,현재
월보,C45-S00-I00-N06,C45,개조
월보,C45-S00-I00-N06,C45,불가
월보,C45-S00-I00-N06,C45,인혹
월보,C45-S00-I00-N06,C45,과거
월보,C45-S00-I00-N06,C45,행복
월보,C45-S00-I00-N06,C45,추고
월보,C45-S00-I00-N06,C45,현재
월보,C45-S00-I00-N06,C45,불행
월보,C45-S00-I00-N06,C45,고통
월보,C45-S00-I00-N06,C45,자비유
월보,C45-S00-I00-N06,C45,시실
월보,C45-S00-I00-N06,C45,비열
월보,C45-S00-I00-N06,C45,찰나주의
월보,C45-S00-I00-N06,C45,멸시
월보,C45-S00-I00-N06,C45,과거
월보,C45-S00-I00-N06,C45,과거
월보,C45-S00-I00-N06,C45,비아
월보,C45-S00-I00-N06,C45,과거
월보,C45-S00-I00-N06,C45,무리
월보,C45-S00-I00-N06,C45,추상
월보,C45-S00-I00-N06,C45,북망
월보,C45-S00-I00-N06,C45,고인
월보,C45-S00-I00-N06,C45,영혼
월보,C45-S00-I00-N06,C45,무이
월보,C45-S00-I00-N06,C45,현재
월보,C45-S00-I00-N06,C45,여하
월보,C45-S00-I00-N06,C45,경과
월보,C45-S00-I00-N06,C45,현재
월보,C45-S00-I00-N06,C45,즉과거
월보,C45-S00-I00-N06,C45,미래
월보,C45-S00-I00-N06,C45,미래
월보,C45-S00-I00-N06,C45,과거
월보,C45-S00-I00-N06,C45,현재
월보,C45-S00-I00-N06,C45,실제상과거현재미래삼계
월보,C45-S00-I00-N06,C45,포함
월보,C45-S00-I00-N06,C45,찰나
월보,C45-S00-I00-N06,C45,경계
월보,C45-S00-I00-N06,C45,오인
월보,C45-S00-I00-N06,C45,순간
월보,C45-S00-I00-N06,C45,찰나
월보,C45-S00-I00-N06,C45,홀제
월보,C45-S00-I00-N06,C45,차순간
월보,C45-S00-I00-N06,C45,과경
월보,C45-S00-I00-N06,C45,실제상제반책임
월보,C45-S00-I00-N06,C45,진행
월보,C45-S00-I00-N06,C45,식홀
월보,C45-S00-I00-N06,C45,인생실지
월보,C45-S00-I00-N06,C45,면목
월보,C45-S00-I00-N06,C45,발휘
월보,C45-S00-I00-N06,C45,약현재
월보,C45-S00-I00-N06,C45,순간
월보,C45-S00-I00-N06,C45,차순간
월보,C45-S00-I00-N06,C45,차순간
월보,C45-S00-I00-N06,C45,피순간
월보,C45-S00-I00-N06,C45,고총
월보,C45-S00-I00-N06,C45,과거
월보,C45-S00-I00-N06,C45,현재미래
월보,C45-S00-I00-N06,C45,이계
월보,C45-S00-I00-N06,C45,망각
월보,C45-S00-I00-N06,C45,전후
월보,C45-S00-I00-N06,C45,절단
월보,C45-S00-I00-N06,C45,현실
월보,C45-S00-I00-N06,C45,찰나
월보,C45-S00-I00-N06,C45,초연독립
월보,C45-S00-I00-N06,C45,목전
월보,C45-S00-I00-N06,C45,책임
월보,C45-S00-I00-N06,C45,철두철미실행
월보,C45-S00-I00-N06,C45,삼유지방
월보,C45-S00-I00-N06,C45,장안
월보,C45-S00-I00-N06,C45,일유이유삼유
월보,C45-S00-I00-N06,C45,즉초유
월보,C45-S00-I00-N06,C45,일유
월보,C45-S00-I00-N06,C45,재유
월보,C45-S00-I00-N06,C45,삼유
월보,C45-S00-I00-N06,C45,삼유
월보,C45-S00-I00-N06,C45,초유
월보,C45-S00-I00-N06,C45,장안
월보,C45-S00-I00-N06,C45,번화
월보,C45-S00-I00-N06,C45,피상
월보,C45-S00-I00-N06,C45,기언
월보,C45-S00-I00-N06,C45,경청
월보,C45-S00-I00-N06,C45,가치
월보,C45-S00-I00-N06,C45,재유
월보,C45-S00-I00-N06,C45,전회
월보,C45-S00-I00-N06,C45,답사
월보,C45-S00-I00-N06,C45,우전회
월보,C45-S00-I00-N06,C45,오해
월보,C45-S00-I00-N06,C45,개정
월보,C45-S00-I00-N06,C45,가청
월보,C45-S00-I00-N06,C45,재료
월보,C45-S00-I00-N06,C45,삼유
월보,C45-S00-I00-N06,C45,관찰
월보,C45-S00-I00-N06,C45,동철
월보,C45-S00-I00-N06,C45,기언
월보,C45-S00-I00-N06,C45,실지
월보,C45-S00-I00-N06,C45,적합
월보,C45-S00-I00-N06,C45,가기
월보,C45-S00-I00-N06,C45,유이유삼유
월보,C45-S00-I00-N06,C45,오인오도
월보,C45-S00-I00-N06,C45,방법
월보,C45-S00-I00-N06,C45,역차
월보,C45-S00-I00-N06,C45,초학
월보,C45-S00-I00-N06,C45,기각
월보,C45-S00-I00-N06,C45,피상
월보,C45-S00-I00-N06,C45,기언
월보,C45-S00-I00-N06,C45,다수
월보,C45-S00-I00-N06,C45,수양
월보,C45-S00-I00-N06,C45,기언
월보,C45-S00-I00-N06,C45,기학
월보,C45-S00-I00-N06,C45,여욕무언
월보,C45-S00-I00-N06,C45,기언
월보,C46-S00-I00-N01,C46,교문정의장래
월보,C46-S00-I00-N01,C46,종교리돈화년월일
월보,C46-S00-I00-N01,C46,성사
월보,C46-S00-I00-N01,C46,일반도제
월보,C46-S00-I00-N01,C46,진리
월보,C46-S00-I00-N01,C46,강화
월보,C46-S00-I00-N01,C46,기훈사
월보,C46-S00-I00-N01,C46,수백언
월보,C46-S00-I00-N01,C46,일필
월보,C46-S00-I00-N01,C46,진기
월보,C46-S00-I00-N01,C46,불능
월보,C46-S00-I00-N01,C46,우기의의
월보,C46-S00-I00-N01,C46,심오현묘
월보,C46-S00-I00-N01,C46,필설
월보,C46-S00-I00-N01,C46,모사
월보,C46-S00-I00-N01,C46,동첩제이의혹
월보,C46-S00-I00-N01,C46,제삼의
월보,C46-S00-I00-N01,C46,퇴락
월보,C46-S00-I00-N01,C46,물론
월보,C46-S00-I00-N01,C46,사실
월보,C46-S00-I00-N01,C46,오인
월보,C46-S00-I00-N01,C46,항상일성훈
월보,C46-S00-I00-N01,C46,명패
월보,C46-S00-I00-N01,C46,성의상
월보,C46-S00-I00-N01,C46,공포
월보,C46-S00-I00-N01,C46,만세계
월보,C46-S00-I00-N01,C46,천민
월보,C46-S00-I00-N01,C46,영세복응
월보,C46-S00-I00-N01,C46,신신앙
월보,C46-S00-I00-N01,C46,낙토
월보,C46-S00-I00-N01,C46,信徒
월보,C46-S00-I00-N01,C46,오인
월보,C46-S00-I00-N01,C46,본분
월보,C46-S00-I00-N01,C46,기자
월보,C46-S00-I00-N01,C46,독자
월보,C46-S00-I00-N01,C46,고백
월보,C46-S00-I00-N01,C46,일사
월보,C46-S00-I00-N01,C46,장래
월보,C46-S00-I00-N01,C46,종교
월보,C46-S00-I00-N01,C46,역시성훈중
월보,C46-S00-I00-N01,C46,특게
월보,C46-S00-I00-N01,C46,一節
월보,C46-S00-I00-N01,C46,기의의
월보,C46-S00-I00-N01,C46,광박
월보,C46-S00-I00-N01,C46,물론
월보,C46-S00-I00-N01,C46,기자
월보,C46-S00-I00-N01,C46,관견
월보,C46-S00-I00-N01,C46,의역
월보,C46-S00-I00-N01,C46,척붕
월보,C46-S00-I00-N01,C46,붕보
월보,C46-S00-I00-N01,C46,화호성구
월보,C46-S00-I00-N01,C46,치소
월보,C46-S00-I00-N01,C46,난면
월보,C46-S00-I00-N01,C46,예기
월보,C46-S00-I00-N01,C46,자복
월보,C46-S00-I00-N01,C46,기자
월보,C46-S00-I00-N01,C46,천리마
월보,C46-S00-I00-N01,C46,기지차이
월보,C46-S00-I00-N01,C46,용재
월보,C46-S00-I00-N01,C46,불구
월보,C46-S00-I00-N01,C46,봉교
월보,C46-S00-I00-N01,C46,열성
월보,C46-S00-I00-N01,C46,차필
월보,C46-S00-I00-N01,C46,칙성훈
월보,C46-S00-I00-N01,C46,진의
월보,C46-S00-I00-N01,C46,기십백분지일
월보,C46-S00-I00-N01,C46,모사
월보,C46-S00-I00-N01,C46,불과
월보,C46-S00-I00-N01,C46,관념하
월보,C46-S00-I00-N01,C46,기자
월보,C46-S00-I00-N01,C46,행심
월보,C46-S00-I00-N01,C46,본제
월보,C46-S00-I00-N01,C46,삼대요점금
월보,C46-S00-I00-N01,C46,벽두제일
월보,C46-S00-I00-N01,C46,본제
월보,C46-S00-I00-N01,C46,성훈
월보,C46-S00-I00-N01,C46,최대요점
월보,C46-S00-I00-N01,C46,개괄
월보,C46-S00-I00-N01,C46,삼대론제
월보,C46-S00-I00-N01,C46,귀착
월보,C46-S00-I00-N01,C46,즉갑
월보,C46-S00-I00-N01,C46,종교통일론
월보,C46-S00-I00-N01,C46,발생
월보,C46-S00-I00-N01,C46,필연
월보,C46-S00-I00-N01,C46,세을
월보,C46-S00-I00-N01,C46,피안적신앙즉타력적신앙
월보,C46-S00-I00-N01,C46,쇠퇴
월보,C46-S00-I00-N01,C46,영성적신앙즉자력적신앙
월보,C46-S00-I00-N01,C46,발흥
월보,C46-S00-I00-N01,C46,헌신
월보,C46-S00-I00-N01,C46,기자
월보,C46-S00-I00-N01,C46,차점
월보,C46-S00-I00-N01,C46,독자
월보,C46-S00-I00-N01,C46,차점
월보,C46-S00-I00-N01,C46,注意
월보,C46-S00-I00-N01,C46,본론
월보,C46-S00-I00-N01,C46,교문정의병
월보,C46-S00-I00-N01,C46,문호적종교
월보,C46-S00-I00-N01,C46,부패
월보,C46-S00-I00-N01,C46,통일적종교
월보,C46-S00-I00-N01,C46,신기운이상
월보,C46-S00-I00-N01,C46,즉성훈중
월보,C46-S00-I00-N01,C46,삼대요점
월보,C46-S00-I00-N01,C46,즉본제
월보,C46-S00-I00-N01,C46,장래종교
월보,C46-S00-I00-N01,C46,목적
월보,C46-S00-I00-N01,C46,기정신
월보,C46-S00-I00-N01,C46,기결과
월보,C46-S00-I00-N01,C46,오인
월보,C46-S00-I00-N01,C46,특기
월보,C46-S00-I00-N01,C46,차삼대론제
월보,C46-S00-I00-N01,C46,과거
월보,C46-S00-I00-N01,C46,여하
월보,C46-S00-I00-N01,C46,원인
월보,C46-S00-I00-N01,C46,즉현재
월보,C46-S00-I00-N01,C46,여하
월보,C46-S00-I00-N01,C46,가치
월보,C46-S00-I00-N01,C46,우장래
월보,C46-S00-I00-N01,C46,여하
월보,C46-S00-I00-N01,C46,결과
월보,C46-S00-I00-N01,C46,우기삼대론제
월보,C46-S00-I00-N01,C46,정신적공헌
월보,C46-S00-I00-N01,C46,여하
월보,C46-S00-I00-N01,C46,진리
월보,C46-S00-I00-N02,C46,신성공평
월보,C46-S00-I00-N02,C46,의식하
월보,C46-S00-I00-N02,C46,인과
월보,C46-S00-I00-N02,C46,사실
월보,C46-S00-I00-N02,C46,진화
월보,C46-S00-I00-N02,C46,우여하
월보,C46-S00-I00-N02,C46,방식하
월보,C46-S00-I00-N02,C46,발전
월보,C46-S00-I00-N02,C46,理想
월보,C46-S00-I00-N02,C46,간단
월보,C46-S00-I00-N02,C46,개술
월보,C46-S00-I00-N02,C46,위선순서상
월보,C46-S00-I00-N02,C46,종교통일론
월보,C46-S00-I00-N02,C46,발생
월보,C46-S00-I00-N02,C46,필연
월보,C46-S00-I00-N02,C46,세개종교통일
월보,C46-S00-I00-N02,C46,용역
월보,C46-S00-I00-N02,C46,대사업
월보,C46-S00-I00-N02,C46,동시
월보,C46-S00-I00-N02,C46,우용역
월보,C46-S00-I00-N02,C46,문제
월보,C46-S00-I00-N02,C46,물론
월보,C46-S00-I00-N02,C46,사실
월보,C46-S00-I00-N02,C46,원래통일
월보,C46-S00-I00-N02,C46,사업
월보,C46-S00-I00-N02,C46,인력우
월보,C46-S00-I00-N02,C46,일시적풍조
월보,C46-S00-I00-N02,C46,성공
월보,C46-S00-I00-N02,C46,원대
월보,C46-S00-I00-N02,C46,원인
월보,C46-S00-I00-N02,C46,철저
월보,C46-S00-I00-N02,C46,理想
월보,C46-S00-I00-N02,C46,광명
월보,C46-S00-I00-N02,C46,진리
월보,C46-S00-I00-N02,C46,위대
월보,C46-S00-I00-N02,C46,시세
월보,C46-S00-I00-N02,C46,반근착절
월보,C46-S00-I00-N02,C46,연맥관통
월보,C46-S00-I00-N02,C46,충동숭용
월보,C46-S00-I00-N02,C46,오인
월보,C46-S00-I00-N02,C46,불득이기경계
월보,C46-S00-I00-N02,C46,대운회
월보,C46-S00-I00-N02,C46,배태
월보,C46-S00-I00-N02,C46,연후
월보,C46-S00-I00-N02,C46,기단서
월보,C46-S00-I00-N02,C46,맹아
월보,C46-S00-I00-N02,C46,철인
월보,C46-S00-I00-N02,C46,공뇌
월보,C46-S00-I00-N02,C46,소이
월보,C46-S00-I00-N02,C46,제이
월보,C46-S00-I00-N02,C46,구신앙
월보,C46-S00-I00-N02,C46,쇠퇴연
월보,C46-S00-I00-N02,C46,제일대세
월보,C46-S00-I00-N02,C46,소구
월보,C46-S00-I00-N02,C46,즉세계대운
월보,C46-S00-I00-N02,C46,오인
월보,C46-S00-I00-N02,C46,사상
월보,C46-S00-I00-N02,C46,불득이차경계
월보,C46-S00-I00-N02,C46,대신사
월보,C46-S00-I00-N02,C46,대각
월보,C46-S00-I00-N02,C46,강화
월보,C46-S00-I00-N02,C46,신화적예언
월보,C46-S00-I00-N02,C46,발표
월보,C46-S00-I00-N02,C46,일현대
월보,C46-S00-I00-N02,C46,요순지치
월보,C46-S00-I00-N02,C46,불족언
월보,C46-S00-I00-N02,C46,공맹지덕
월보,C46-S00-I00-N02,C46,불족거
월보,C46-S00-I00-N02,C46,우일금일
월보,C46-S00-I00-N02,C46,후천개벽
월보,C46-S00-I00-N02,C46,시대
월보,C46-S00-I00-N02,C46,현금
월보,C46-S00-I00-N02,C46,공전
월보,C46-S00-I00-N02,C46,개혁시대
월보,C46-S00-I00-N02,C46,시사
월보,C46-S00-I00-N02,C46,오인
월보,C46-S00-I00-N02,C46,진화
월보,C46-S00-I00-N02,C46,일부
월보,C46-S00-I00-N02,C46,진리
월보,C46-S00-I00-N02,C46,포함
월보,C46-S00-I00-N02,C46,묵인
월보,C46-S00-I00-N02,C46,오인
월보,C46-S00-I00-N02,C46,만유
월보,C46-S00-I00-N02,C46,역사
월보,C46-S00-I00-N02,C46,안전
월보,C46-S00-I00-N02,C46,기진화
월보,C46-S00-I00-N02,C46,증적
월보,C46-S00-I00-N02,C46,소고
월보,C46-S00-I00-N02,C46,치란성쇠
월보,C46-S00-I00-N02,C46,변복조반
월보,C46-S00-I00-N02,C46,향상
월보,C46-S00-I00-N02,C46,문화
월보,C46-S00-I00-N02,C46,방식
월보,C46-S00-I00-N02,C46,발전
월보,C46-S00-I00-N02,C46,제일
월보,C46-S00-I00-N02,C46,대세
월보,C46-S00-I00-N02,C46,소구
월보,C46-S00-I00-N02,C46,제이
월보,C46-S00-I00-N02,C46,구신앙
월보,C46-S00-I00-N02,C46,쇠퇴
월보,C46-S00-I00-N02,C46,세인
월보,C46-S00-I00-N02,C46,신각오
월보,C46-S00-I00-N02,C46,소이
월보,C46-S00-I00-N02,C46,제삼
월보,C46-S00-I00-N02,C46,종자
월보,C46-S00-I00-N02,C46,구원
월보,C46-S00-I00-N02,C46,배태
월보,C46-S00-I00-N02,C46,발견
월보,C46-S00-I00-N02,C46,즉실
월보,C46-S00-I00-N02,C46,기충분
월보,C46-S00-I00-N02,C46,원인
월보,C46-S00-I00-N02,C46,불소
월보,C46-S00-I00-N02,C46,위선대체상
월보,C46-S00-I00-N02,C46,인과현세
월보,C46-S00-I00-N02,C46,고찰
월보,C46-S00-I00-N02,C46,저리
월보,C46-S00-I00-N02,C46,정신적통일
월보,C46-S00-I00-N02,C46,원숙
월보,C46-S00-I00-N02,C46,적발
월보,C46-S00-I00-N02,C46,교문정의금
월보,C46-S00-I00-N02,C46,만유진화
월보,C46-S00-I00-N02,C46,관념하
월보,C46-S00-I00-N02,C46,현대
월보,C46-S00-I00-N02,C46,사상계
월보,C46-S00-I00-N02,C46,과연통일론
월보,C46-S00-I00-N02,C46,발생
월보,C46-S00-I00-N02,C46,필연
월보,C46-S00-I00-N02,C46,대세
월보,C46-S00-I00-N02,C46,운명소구
월보,C46-S00-I00-N02,C46,기허
월보,C46-S00-I00-N02,C46,가치
월보,C46-S00-I00-N02,C46,기허
월보,C46-S00-I00-N02,C46,포부
월보,C46-S00-I00-N02,C46,일고
월보,C46-S00-I00-N02,C46,장래
월보,C46-S00-I00-N02,C46,각자
월보,C46-S00-I00-N02,C46,결과
월보,C46-S00-I00-N02,C46,예기
월보,C46-S00-I00-N02,C46,금일오인
월보,C46-S00-I00-N02,C46,책임
월보,C46-S00-I00-N02,C46,원래진리
월보,C46-S00-I00-N02,C46,만수
월보,C46-S00-I00-N02,C46,일리
월보,C46-S00-I00-N02,C46,부분
월보,C46-S00-I00-N02,C46,전문제
월보,C46-S00-I00-N02,C46,해결
월보,C46-S00-I00-N02,C46,의무
월보,C46-S00-I00-N03,C46,목과
월보,C46-S00-I00-N03,C46,상고
월보,C46-S00-I00-N03,C46,一切
월보,C46-S00-I00-N03,C46,활동
월보,C46-S00-I00-N03,C46,부락
월보,C46-S00-I00-N03,C46,목실
월보,C46-S00-I00-N03,C46,상고복희씨
월보,C46-S00-I00-N03,C46,인민
월보,C46-S00-I00-N03,C46,오인부락적
월보,C46-S00-I00-N03,C46,一切
월보,C46-S00-I00-N03,C46,활동
월보,C46-S00-I00-N03,C46,개기연차
월보,C46-S00-I00-N03,C46,재료
월보,C46-S00-I00-N03,C46,역사적생활
월보,C46-S00-I00-N03,C46,기연
월보,C46-S00-I00-N03,C46,종교정치
월보,C46-S00-I00-N03,C46,기연
월보,C46-S00-I00-N03,C46,문예
월보,C46-S00-I00-N03,C46,기연영
월보,C46-S00-I00-N03,C46,이래
월보,C46-S00-I00-N03,C46,이상적활동
월보,C46-S00-I00-N03,C46,상고
월보,C46-S00-I00-N03,C46,내간
월보,C46-S00-I00-N03,C46,풍운
월보,C46-S00-I00-N03,C46,종교철학과학
월보,C46-S00-I00-N03,C46,기연
월보,C46-S00-I00-N03,C46,실업
월보,C46-S00-I00-N03,C46,무처
월보,C46-S00-I00-N03,C46,변화
월보,C46-S00-I00-N03,C46,무처
월보,C46-S00-I00-N03,C46,발전
월보,C46-S00-I00-N03,C46,나마
월보,C46-S00-I00-N03,C46,교통
월보,C46-S00-I00-N03,C46,발전
월보,C46-S00-I00-N03,C46,사교
월보,C46-S00-I00-N03,C46,금일
월보,C46-S00-I00-N03,C46,변복
월보,C46-S00-I00-N03,C46,최대
월보,C46-S00-I00-N03,C46,향상
월보,C46-S00-I00-N03,C46,지원
월보,C46-S00-I00-N03,C46,정신
월보,C46-S00-I00-N03,C46,점차원만
월보,C46-S00-I00-N03,C46,금일
월보,C46-S00-I00-N03,C46,대담
월보,C46-S00-I00-N03,C46,고백
월보,C46-S00-I00-N03,C46,개화
월보,C46-S00-I00-N03,C46,기수
월보,C46-S00-I00-N03,C46,발달
월보,C46-S00-I00-N03,C46,특저
월보,C46-S00-I00-N03,C46,토의
월보,C46-S00-I00-N03,C46,일향
월보,C46-S00-I00-N03,C46,시대
월보,C46-S00-I00-N03,C46,원활
월보,C46-S00-I00-N03,C46,부락적사상
월보,C46-S00-I00-N03,C46,점차파괴
월보,C46-S00-I00-N03,C46,조화
월보,C46-S00-I00-N03,C46,원만
월보,C46-S00-I00-N03,C46,협전
월보,C46-S00-I00-N03,C46,평균
월보,C46-S00-I00-N03,C46,통일
월보,C46-S00-I00-N03,C46,관념하
월보,C46-S00-I00-N03,C46,수납
월보,C46-S00-I00-N03,C46,오인
월보,C46-S00-I00-N03,C46,안경무
월보,C46-S00-I00-N03,C46,세계
월보,C46-S00-I00-N03,C46,대운
월보,C46-S00-I00-N03,C46,일층대
월보,C46-S00-I00-N03,C46,행복
월보,C46-S00-I00-N03,C46,경험
월보,C46-S00-I00-N03,C46,적리상
월보,C46-S00-I00-N03,C46,경애
월보,C46-S00-I00-N03,C46,개진용왕
월보,C46-S00-I00-N03,C46,만고일회
월보,C46-S00-I00-N03,C46,대기회연
월보,C46-S00-I00-N03,C46,차원리
월보,C46-S00-I00-N03,C46,종교
월보,C46-S00-I00-N03,C46,현저
월보,C46-S00-I00-N03,C46,표현
월보,C46-S00-I00-N03,C46,오인
월보,C46-S00-I00-N03,C46,각성
월보,C46-S00-I00-N03,C46,오인
월보,C46-S00-I00-N03,C46,오인
월보,C46-S00-I00-N03,C46,종교사
월보,C46-S00-I00-N03,C46,일독
월보,C46-S00-I00-N03,C46,기사실증명
월보,C46-S00-I00-N03,C46,대신사
월보,C46-S00-I00-N03,C46,후천개벽
월보,C46-S00-I00-N03,C46,결확인
월보,C46-S00-I00-N03,C46,현대금일
월보,C46-S00-I00-N03,C46,특징
월보,C46-S00-I00-N03,C46,즉여하
월보,C46-S00-I00-N03,C46,활동
월보,C46-S00-I00-N03,C46,물론상고
월보,C46-S00-I00-N03,C46,다신시대
월보,C46-S00-I00-N03,C46,부락적
월보,C46-S00-I00-N03,C46,인민
월보,C46-S00-I00-N03,C46,각기자기
월보,C46-S00-I00-N03,C46,관념
월보,C46-S00-I00-N03,C46,기사상적
월보,C46-S00-I00-N03,C46,기정신적
월보,C46-S00-I00-N03,C46,방면
월보,C46-S00-I00-N03,C46,점차통일
월보,C46-S00-I00-N03,C46,피안
월보,C46-S00-I00-N03,C46,세계
월보,C46-S00-I00-N03,C46,숭배
월보,C46-S00-I00-N03,C46,상고
월보,C46-S00-I00-N03,C46,종교적
월보,C46-S00-I00-N03,C46,방면
월보,C46-S00-I00-N03,C46,신앙
월보,C46-S00-I00-N03,C46,피변
월보,C46-S00-I00-N03,C46,신앙
월보,C46-S00-I00-N03,C46,각이
월보,C46-S00-I00-N03,C46,동일부락
월보,C46-S00-I00-N03,C46,차변
월보,C46-S00-I00-N03,C46,우연
월보,C46-S00-I00-N03,C46,의미
월보,C46-S00-I00-N03,C46,차만고적부락
월보,C46-S00-I00-N03,C46,부락
월보,C46-S00-I00-N03,C46,신앙
월보,C46-S00-I00-N03,C46,각수
월보,C46-S00-I00-N03,C46,필경신앙충돌
월보,C46-S00-I00-N03,C46,결과
월보,C46-S00-I00-N03,C46,정신영향
월보,C46-S00-I00-N03,C46,호상조화융통
월보,C46-S00-I00-N03,C46,단서
월보,C46-S00-I00-N03,C46,필경
월보,C46-S00-I00-N03,C46,종교풍속문물
월보,C46-S00-I00-N03,C46,경쟁분란
월보,C46-S00-I00-N03,C46,교문정오즉신앙
월보,C46-S00-I00-N03,C46,신앙
월보,C46-S00-I00-N03,C46,상수
월보,C46-S00-I00-N03,C46,종족간
월보,C46-S00-I00-N03,C46,호상구수
월보,C46-S00-I00-N03,C46,이시
월보,C46-S00-I00-N03,C46,빙탄불상용
월보,C46-S00-I00-N03,C46,극단
월보,C46-S00-I00-N03,C46,역필연
월보,C46-S00-I00-N03,C46,차단편적
월보,C46-S00-I00-N03,C46,다신신앙
월보,C46-S00-I00-N03,C46,장차대
월보,C46-S00-I00-N03,C46,신앙
월보,C46-S00-I00-N03,C46,기초
월보,C46-S00-I00-N03,C46,인문
월보,C46-S00-I00-N03,C46,일해제
월보,C46-S00-I00-N03,C46,진화
월보,C46-S00-I00-N03,C46,다수부락적신앙
월보,C46-S00-I00-N03,C46,점차통일
월보,C46-S00-I00-N03,C46,일신교
월보,C46-S00-I00-N03,C46,발생
월보,C46-S00-I00-N03,C46,시초
월보,C46-S00-I00-N03,C46,일신교
월보,C46-S00-I00-N03,C46,사실상일다신
월보,C46-S00-I00-N03,C46,종교
월보,C46-S00-I00-N03,C46,통일
월보,C46-S00-I00-N03,C46,진보적사실
월보,C46-S00-I00-N03,C46,동서각지
월보,C46-S00-I00-N03,C46,일신교
월보,C46-S00-I00-N03,C46,병기
월보,C46-S00-I00-N03,C46,부락
월보,C46-S00-I00-N03,C46,다신교
월보,C46-S00-I00-N03,C46,문명
월보,C46-S00-I00-N03,C46,사회
월보,C46-S00-I00-N03,C46,점차기적
월보,C46-S00-I00-N03,C46,다수
월보,C46-S00-I00-N03,C46,종교
월보,C46-S00-I00-N03,C46,소수
월보,C46-S00-I00-N03,C46,종교
월보,C46-S00-I00-N03,C46,통일
월보,C46-S00-I00-N03,C46,소수
월보,C46-S00-I00-N03,C46,종교
월보,C46-S00-I00-N03,C46,유일
월보,C46-S00-I00-N03,C46,종교
월보,C46-S00-I00-N03,C46,통일
월보,C46-S00-I00-N03,C46,개고래
월보,C46-S00-I00-N03,C46,사회인심
월보,C46-S00-I00-N03,C46,최대세력
월보,C46-S00-I00-N03,C46,종교
월보,C46-S00-I00-N03,C46,고대사
월보,C46-S00-I00-N03,C46,일별
월보,C46-S00-I00-N03,C46,동서
월보,C46-S00-I00-N03,C46,물론
월보,C46-S00-I00-N03,C46,정치
월보,C46-S00-I00-N03,C46,학술
월보,C46-S00-I00-N03,C46,제반
월보,C46-S00-I00-N03,C46,설비
월보,C46-S00-I00-N03,C46,요람
월보,C46-S00-I00-N03,C46,종교
월보,C46-S00-I00-N03,C46,발달
월보,C46-S00-I00-N03,C46,고도
월보,C46-S00-I00-N03,C46,인류
월보,C46-S00-I00-N03,C46,최대세력
월보,C46-S00-I00-N03,C46,신앙
월보,C46-S00-I00-N03,C46,상상
월보,C46-S00-I00-N03,C46,물질문명
월보,C46-S00-I00-N03,C46,극단
월보,C46-S00-I00-N03,C46,세계
월보,C46-S00-I00-N03,C46,사상계
월보,C46-S00-I00-N03,C46,좌우
월보,C46-S00-I00-N03,C46,종교
월보,C46-S00-I00-N03,C46,기지요
월보,C46-S00-I00-N03,C46,위치
월보,C46-S00-I00-N03,C46,세계활동
월보,C46-S00-I00-N03,C46,정신
월보,C46-S00-I00-N03,C46,종교
월보,C46-S00-I00-N03,C46,최근세
월보,C46-S00-I00-N03,C46,종교
월보,C46-S00-I00-N03,C46,다신시대
월보,C46-S00-I00-N03,C46,유행
월보,C46-S00-I00-N03,C46,운과학극단
월보,C46-S00-I00-N03,C46,반동
월보,C46-S00-I00-N03,C46,종교물여
월보,C46-S00-I00-N03,C46,신각광
월보,C46-S00-I00-N03,C46,혁연
월보,C46-S00-I00-N03,C46,기두
월보,C46-S00-I00-N03,C46,억우대간쟁
월보,C46-S00-I00-N03,C46,반동
월보,C46-S00-I00-N03,C46,종교
월보,C46-S00-I00-N03,C46,종교평화
월보,C46-S00-I00-N03,C46,열망
월보,C46-S00-I00-N03,C46,가관
월보,C46-S00-I00-N03,C46,정상
월보,C46-S00-I00-N03,C46,세계사상
월보,C46-S00-I00-N03,C46,대근저
월보,C46-S00-I00-N03,C46,오인
월보,C46-S00-I00-N03,C46,사회
월보,C46-S00-I00-N03,C46,근본
월보,C46-S00-I00-N03,C46,불가불종교
월보,C46-S00-I00-N03,C46,의뢰
월보,C46-S00-I00-N03,C46,우종교
월보,C46-S00-I00-N03,C46,세계
월보,C46-S00-I00-N03,C46,개량
월보,C46-S00-I00-N03,C46,진취부
월보,C46-S00-I00-N03,C46,고풍적
월보,C46-S00-I00-N03,C46,종교
월보,C46-S00-I00-N03,C46,금일문화
월보,C46-S00-I00-N03,C46,인심사상
월보,C46-S00-I00-N03,C46,지배
월보,C46-S00-I00-N03,C46,불능
월보,C46-S00-I00-N03,C46,물론
월보,C46-S00-I00-N03,C46,사실
월보,C46-S00-I00-N03,C46,하고
월보,C46-S00-I00-N03,C46,개일신교
월보,C46-S00-I00-N03,C46,대개
월보,C46-S00-I00-N03,C46,이삼천년전이전고석
월보,C46-S00-I00-N03,C46,진풍채
월보,C46-S00-I00-N03,C46,파지
월보,C46-S00-I00-N03,C46,결과
월보,C46-S00-I00-N03,C46,신앙
월보,C46-S00-I00-N03,C46,금일인문
월보,C46-S00-I00-N03,C46,진보
월보,C46-S00-I00-N03,C46,호상용납
월보,C46-S00-I00-N03,C46,세계대세
월보,C46-S00-I00-N03,C46,신신앙
월보,C46-S00-I00-N03,C46,갈앙
월보,C46-S00-I00-N03,C46,우기신신앙
월보,C46-S00-I00-N03,C46,적사상
월보,C46-S00-I00-N03,C46,근본적
월보,C46-S00-I00-N03,C46,개량
월보,C46-S00-I00-N03,C46,결과
월보,C46-S00-I00-N03,C46,일세
월보,C46-S00-I00-N03,C46,사상계
월보,C46-S00-I00-N03,C46,필연
월보,C46-S00-I00-N03,C46,최신진리
월보,C46-S00-I00-N03,C46,포용
월보,C46-S00-I00-N03,C46,즉만종교
월보,C46-S00-I00-N03,C46,理想
월보,C46-S00-I00-N03,C46,창합
월보,C46-S00-I00-N03,C46,신앙
월보,C46-S00-I00-N03,C46,통일
월보,C46-S00-I00-N03,C46,개기원리
월보,C46-S00-I00-N03,C46,以上
월보,C46-S00-I00-N03,C46,대개
월보,C46-S00-I00-N03,C46,역사적사실
월보,C46-S00-I00-N03,C46,재료
월보,C46-S00-I00-N03,C46,예거
월보,C46-S00-I00-N03,C46,불외
월보,C46-S00-I00-N03,C46,우일층신비적방면
월보,C46-S00-I00-N03,C46,고찰
월보,C46-S00-I00-N03,C46,세계
월보,C46-S00-I00-N03,C46,일절사실
월보,C46-S00-I00-N03,C46,수인과율
월보,C46-S00-I00-N03,C46,불과
월보,C46-S00-I00-N03,C46,기인과
월보,C46-S00-I00-N03,C46,근본문제
월보,C46-S00-I00-N03,C46,불가불신비법
월보,C46-S00-I00-N03,C46,교문정의시대
월보,C46-S00-I00-N03,C46,진화
월보,C46-S00-I00-N03,C46,일신시대
월보,C46-S00-I00-N03,C46,조화시대
월보,C46-S00-I00-N03,C46,진화
월보,C46-S00-I00-N03,C46,시실
월보,C46-S00-I00-N03,C46,신앙
월보,C46-S00-I00-N03,C46,불지불식
월보,C46-S00-I00-N03,C46,신비
월보,C46-S00-I00-N03,C46,장차유일
월보,C46-S00-I00-N03,C46,종교
월보,C46-S00-I00-N03,C46,통일
월보,C46-S00-I00-N03,C46,기운
월보,C46-S00-I00-N03,C46,대세
월보,C46-S00-I00-N03,C46,종교통일
월보,C46-S00-I00-N03,C46,제일원인
월보,C46-S00-I00-N03,C46,제이구종교
월보,C46-S00-I00-N03,C46,쇠퇴
월보,C46-S00-I00-N03,C46,세인
월보,C46-S00-I00-N03,C46,단각오
월보,C46-S00-I00-N03,C46,구신앙
월보,C46-S00-I00-N03,C46,쇠퇴결과
월보,C46-S00-I00-N03,C46,인심
월보,C46-S00-I00-N03,C46,일종신각오
월보,C46-S00-I00-N03,C46,종교통일
월보,C46-S00-I00-N03,C46,기세
월보,C46-S00-I00-N03,C46,서토모대철
월보,C46-S00-I00-N03,C46,유래종교
월보,C46-S00-I00-N03,C46,쇠원인
월보,C46-S00-I00-N03,C46,사종
월보,C46-S00-I00-N03,C46,인증
월보,C46-S00-I00-N03,C46,제일
월보,C46-S00-I00-N03,C46,종교
월보,C46-S00-I00-N03,C46,경전
월보,C46-S00-I00-N03,C46,사회
월보,C46-S00-I00-N03,C46,지식급도덕
월보,C46-S00-I00-N03,C46,진보
월보,C46-S00-I00-N03,C46,충돌
월보,C46-S00-I00-N03,C46,즉하종교
월보,C46-S00-I00-N03,C46,물론
월보,C46-S00-I00-N03,C46,종교
월보,C46-S00-I00-N03,C46,내용
월보,C46-S00-I00-N03,C46,기창립당초
월보,C46-S00-I00-N03,C46,계시
월보,C46-S00-I00-N03,C46,절대적
월보,C46-S00-I00-N03,C46,차계시
월보,C46-S00-I00-N03,C46,불가
월보,C46-S00-I00-N03,C46,사유
월보,C46-S00-I00-N03,C46,일진보
월보,C46-S00-I00-N03,C46,지식
월보,C46-S00-I00-N03,C46,도덕
월보,C46-S00-I00-N03,C46,상반
월보,C46-S00-I00-N03,C46,계시
월보,C46-S00-I00-N03,C46,절규
월보,C46-S00-I00-N03,C46,신준
월보,C46-S00-I00-N03,C46,불능
월보,C46-S00-I00-N03,C46,경계
월보,C46-S00-I00-N03,C46,제이
월보,C46-S00-I00-N03,C46,일개인
월보,C46-S00-I00-N03,C46,신해
월보,C46-S00-I00-N03,C46,교회
월보,C46-S00-I00-N03,C46,신조
월보,C46-S00-I00-N03,C46,충돌
월보,C46-S00-I00-N03,C46,즉교회
월보,C46-S00-I00-N03,C46,일개
월보,C46-S00-I00-N03,C46,결사
월보,C46-S00-I00-N03,C46,일정
월보,C46-S00-I00-N03,C46,신조급의식
월보,C46-S00-I00-N03,C46,일일
월보,C46-S00-I00-N03,C46,존재
월보,C46-S00-I00-N03,C46,일신자
월보,C46-S00-I00-N03,C46,단결
월보,C46-S00-I00-N03,C46,수요
월보,C46-S00-I00-N03,C46,결대
월보,C46-S00-I00-N03,C46,교회
월보,C46-S00-I00-N03,C46,인인
월보,C46-S00-I00-N03,C46,기규정
월보,C46-S00-I00-N03,C46,신조급의례
월보,C46-S00-I00-N03,C46,협전사업
월보,C46-S00-I00-N03,C46,금일진보
월보,C46-S00-I00-N03,C46,사회풍교
월보,C46-S00-I00-N03,C46,실제상차
월보,C46-S00-I00-N03,C46,실행
월보,C46-S00-I00-N03,C46,불능
월보,C46-S00-I00-N03,C46,내하
월보,C46-S00-I00-N04,C46,제삼
월보,C46-S00-I00-N04,C46,속인
월보,C46-S00-I00-N04,C46,승려
월보,C46-S00-I00-N04,C46,충돌
월보,C46-S00-I00-N04,C46,즉종래
월보,C46-S00-I00-N04,C46,종교
월보,C46-S00-I00-N04,C46,각기경전급의식
월보,C46-S00-I00-N04,C46,一切
월보,C46-S00-I00-N04,C46,전부신
월보,C46-S00-I00-N04,C46,계시
월보,C46-S00-I00-N04,C46,인정
월보,C46-S00-I00-N04,C46,승려이외
월보,C46-S00-I00-N04,C46,불능
월보,C46-S00-I00-N04,C46,자부
월보,C46-S00-I00-N04,C46,以上
월보,C46-S00-I00-N04,C46,대체
월보,C46-S00-I00-N04,C46,기소위신성불가범
월보,C46-S00-I00-N04,C46,교조
월보,C46-S00-I00-N04,C46,일종
월보,C46-S00-I00-N04,C46,우언적금숙
월보,C46-S00-I00-N04,C46,승속
월보,C46-S00-I00-N04,C46,충돌
월보,C46-S00-I00-N04,C46,우기해석
월보,C46-S00-I00-N04,C46,결과
월보,C46-S00-I00-N04,C46,하인
월보,C46-S00-I00-N04,C46,해석
월보,C46-S00-I00-N04,C46,우기해석
월보,C46-S00-I00-N04,C46,결과
월보,C46-S00-I00-N04,C46,구종교쇠퇴
월보,C46-S00-I00-N04,C46,근인
월보,C46-S00-I00-N04,C46,개술
월보,C46-S00-I00-N04,C46,과연
월보,C46-S00-I00-N04,C46,세인
월보,C46-S00-I00-N04,C46,유래종교
월보,C46-S00-I00-N04,C46,태도
월보,C46-S00-I00-N04,C46,여하
월보,C46-S00-I00-N04,C46,원래과거시대
월보,C46-S00-I00-N04,C46,종교
월보,C46-S00-I00-N04,C46,신앙력
월보,C46-S00-I00-N04,C46,완고편벽
월보,C46-S00-I00-N04,C46,기교도
월보,C46-S00-I00-N04,C46,사상
월보,C46-S00-I00-N04,C46,대개자기
월보,C46-S00-I00-N04,C46,소신
월보,C46-S00-I00-N04,C46,종교
월보,C46-S00-I00-N04,C46,절대무상
월보,C46-S00-I00-N04,C46,진리
월보,C46-S00-I00-N04,C46,타인
월보,C46-S00-I00-N04,C46,소신
월보,C46-S00-I00-N04,C46,일절허
월보,C46-S00-I00-N04,C46,상배척공격
월보,C46-S00-I00-N04,C46,이단
월보,C46-S00-I00-N04,C46,허위
월보,C46-S00-I00-N04,C46,피차
월보,C46-S00-I00-N04,C46,일점용서
월보,C46-S00-I00-N04,C46,여지
월보,C46-S00-I00-N04,C46,금일인문발달
월보,C46-S00-I00-N04,C46,결과
월보,C46-S00-I00-N04,C46,차완고적편벽
월보,C46-S00-I00-N04,C46,지식
월보,C46-S00-I00-N04,C46,해탈
월보,C46-S00-I00-N04,C46,일절신앙
월보,C46-S00-I00-N04,C46,오해
월보,C46-S00-I00-N04,C46,일소
월보,C46-S00-I00-N04,C46,여하
월보,C46-S00-I00-N04,C46,종교
월보,C46-S00-I00-N04,C46,물론
월보,C46-S00-I00-N04,C46,가치
월보,C46-S00-I00-N04,C46,인정
월보,C46-S00-I00-N04,C46,우차
월보,C46-S00-I00-N04,C46,인정
월보,C46-S00-I00-N04,C46,여하
월보,C46-S00-I00-N04,C46,신앙
월보,C46-S00-I00-N04,C46,물론
월보,C46-S00-I00-N04,C46,일부
월보,C46-S00-I00-N04,C46,진리
월보,C46-S00-I00-N04,C46,포용
월보,C46-S00-I00-N04,C46,추인
월보,C46-S00-I00-N04,C46,여사
월보,C46-S00-I00-N04,C46,신각오
월보,C46-S00-I00-N04,C46,일세
월보,C46-S00-I00-N04,C46,유행
월보,C46-S00-I00-N04,C46,사상
월보,C46-S00-I00-N04,C46,융통
월보,C46-S00-I00-N04,C46,농후
월보,C46-S00-I00-N04,C46,식오
월보,C46-S00-I00-N04,C46,교문정의자
월보,C46-S00-I00-N04,C46,필연
월보,C46-S00-I00-N04,C46,각종
월보,C46-S00-I00-N04,C46,종교
월보,C46-S00-I00-N04,C46,일당
월보,C46-S00-I00-N04,C46,기가부
월보,C46-S00-I00-N04,C46,진위
월보,C46-S00-I00-N04,C46,선택
월보,C46-S00-I00-N04,C46,여하
월보,C46-S00-I00-N04,C46,종교
월보,C46-S00-I00-N04,C46,만신앙
월보,C46-S00-I00-N04,C46,진리
월보,C46-S00-I00-N04,C46,일대통일
월보,C46-S00-I00-N04,C46,종교
월보,C46-S00-I00-N04,C46,조직
월보,C46-S00-I00-N04,C46,신의회
월보,C46-S00-I00-N04,C46,차지구상
월보,C46-S00-I00-N04,C46,이상적
월보,C46-S00-I00-N04,C46,실현
월보,C46-S00-I00-N04,C46,오인
월보,C46-S00-I00-N04,C46,自信
월보,C46-S00-I00-N04,C46,원래오
월보,C46-S00-I00-N04,C46,신앙
월보,C46-S00-I00-N04,C46,자유
월보,C46-S00-I00-N04,C46,기일
월보,C46-S00-I00-N04,C46,강제
월보,C46-S00-I00-N04,C46,시일불가능
월보,C46-S00-I00-N04,C46,인지
월보,C46-S00-I00-N04,C46,진보
월보,C46-S00-I00-N04,C46,시일
월보,C46-S00-I00-N04,C46,단언
월보,C46-S00-I00-N04,C46,불기이자동
월보,C46-S00-I00-N04,C46,시일
월보,C46-S00-I00-N04,C46,단언
월보,C46-S00-I00-N04,C46,종교통일
월보,C46-S00-I00-N04,C46,제이단제
월보,C46-S00-I00-N04,C46,제삼철인
월보,C46-S00-I00-N04,C46,공뇌
월보,C46-S00-I00-N04,C46,以上
월보,C46-S00-I00-N04,C46,일세
월보,C46-S00-I00-N04,C46,공전
월보,C46-S00-I00-N04,C46,단첩오
월보,C46-S00-I00-N04,C46,소이
월보,C46-S00-I00-N04,C46,시실
월보,C46-S00-I00-N04,C46,神聖
월보,C46-S00-I00-N04,C46,공뇌
월보,C46-S00-I00-N04,C46,소이
월보,C46-S00-I00-N04,C46,즉금일
월보,C46-S00-I00-N04,C46,세계
월보,C46-S00-I00-N04,C46,식자
월보,C46-S00-I00-N04,C46,여하
월보,C46-S00-I00-N04,C46,과연양인류
월보,C46-S00-I00-N04,C46,동서
월보,C46-S00-I00-N04,C46,물론
월보,C46-S00-I00-N04,C46,남북
월보,C46-S00-I00-N04,C46,불구
월보,C46-S00-I00-N04,C46,동일
월보,C46-S00-I00-N04,C46,천부
월보,C46-S00-I00-N04,C46,차세
월보,C46-S00-I00-N04,C46,以上
월보,C46-S00-I00-N04,C46,원간
월보,C46-S00-I00-N04,C46,수현불초
월보,C46-S00-I00-N04,C46,차별
월보,C46-S00-I00-N04,C46,대체
월보,C46-S00-I00-N04,C46,공통
월보,C46-S00-I00-N04,C46,의식적지능
월보,C46-S00-I00-N04,C46,소이
월보,C46-S00-I00-N04,C46,천연적
월보,C46-S00-I00-N04,C46,공리
월보,C46-S00-I00-N04,C46,소위문명미개
월보,C46-S00-I00-N04,C46,의이
월보,C46-S00-I00-N04,C46,교육훈도
월보,C46-S00-I00-N04,C46,구별
월보,C46-S00-I00-N04,C46,풍속문화
월보,C46-S00-I00-N04,C46,현수
월보,C46-S00-I00-N04,C46,원인
월보,C46-S00-I00-N04,C46,문명
월보,C46-S00-I00-N04,C46,진보
월보,C46-S00-I00-N04,C46,교통기관
월보,C46-S00-I00-N04,C46,완성
월보,C46-S00-I00-N04,C46,필경동서일가세계일족
월보,C46-S00-I00-N04,C46,관념
월보,C46-S00-I00-N04,C46,문명
월보,C46-S00-I00-N04,C46,미개
월보,C46-S00-I00-N04,C46,미개
월보,C46-S00-I00-N04,C46,문명
월보,C46-S00-I00-N04,C46,각색
월보,C46-S00-I00-N04,C46,신차평등공평
월보,C46-S00-I00-N04,C46,의식하
월보,C46-S00-I00-N04,C46,진리
월보,C46-S00-I00-N04,C46,인정
월보,C46-S00-I00-N04,C46,발달
월보,C46-S00-I00-N04,C46,수자기
월보,C46-S00-I00-N04,C46,신앙
월보,C46-S00-I00-N04,C46,종교
월보,C46-S00-I00-N04,C46,과언
월보,C46-S00-I00-N04,C46,어시
월보,C46-S00-I00-N04,C46,세인
월보,C46-S00-I00-N04,C46,관념
월보,C46-S00-I00-N04,C46,상하
월보,C46-S00-I00-N04,C46,일직선상
월보,C46-S00-I00-N04,C46,지식적계급
월보,C46-S00-I00-N04,C46,현수
월보,C46-S00-I00-N04,C46,소화
월보,C46-S00-I00-N04,C46,인류
월보,C46-S00-I00-N04,C46,공뇌
월보,C46-S00-I00-N04,C46,지위
월보,C46-S00-I00-N04,C46,우일면
월보,C46-S00-I00-N04,C46,교육
월보,C46-S00-I00-N04,C46,진보
월보,C46-S00-I00-N04,C46,현공뇌
월보,C46-S00-I00-N04,C46,발달
월보,C46-S00-I00-N04,C46,종교
월보,C46-S00-I00-N04,C46,통일
월보,C46-S00-I00-N04,C46,관념
월보,C46-S00-I00-N04,C46,하인
월보,C46-S00-I00-N04,C46,이양
월보,C46-S00-I00-N04,C46,발달
월보,C46-S00-I00-N04,C46,즉금일
월보,C46-S00-I00-N04,C46,세계
월보,C46-S00-I00-N04,C46,식자
월보,C46-S00-I00-N04,C46,여하
월보,C46-S00-I00-N04,C46,공뇌
월보,C46-S00-I00-N04,C46,정대
월보,C46-S00-I00-N04,C46,진리
월보,C46-S00-I00-N04,C46,이해
월보,C46-S00-I00-N04,C46,우기
월보,C46-S00-I00-N04,C46,이해
월보,C46-S00-I00-N04,C46,以上
월보,C46-S00-I00-N04,C46,피아
월보,C46-S00-I00-N04,C46,편벽적구별
월보,C46-S00-I00-N04,C46,공인
월보,C46-S00-I00-N04,C46,실제세진
월보,C46-S00-I00-N04,C46,공헌
월보,C46-S00-I00-N04,C46,진보
월보,C46-S00-I00-N04,C46,즉일철인
월보,C46-S00-I00-N04,C46,공뇌
월보,C46-S00-I00-N04,C46,세계
월보,C46-S00-I00-N04,C46,여사
월보,C46-S00-I00-N04,C46,공뇌
월보,C46-S00-I00-N04,C46,통일
월보,C46-S00-I00-N04,C46,기운
월보,C46-S00-I00-N04,C46,점차원만
월보,C46-S00-I00-N04,C46,사리
월보,C46-S00-I00-N04,C46,고연
월보,C46-S00-I00-N04,C46,종교통일
월보,C46-S00-I00-N04,C46,제삼단서
월보,C46-S00-I00-N04,C46,종교
월보,C46-S00-I00-N04,C46,장래일차삼대원인
월보,C46-S00-I00-N04,C46,통일
월보,C46-S00-I00-N04,C46,실현
월보,C46-S00-I00-N04,C46,장차여하
월보,C46-S00-I00-N04,C46,진리
월보,C46-S00-I00-N04,C46,여하
월보,C46-S00-I00-N04,C46,방식하
월보,C46-S00-I00-N04,C46,출두
월보,C46-S00-I00-N04,C46,시즉오인
월보,C46-S00-I00-N04,C46,내두
월보,C46-S00-I00-N04,C46,순차론급
월보,C46-S00-I00-N04,C46,피안신앙
월보,C46-S00-I00-N04,C46,성적신앙
월보,C46-S00-I00-N04,C46,발흥급문호적종교
월보,C46-S00-I00-N04,C46,파괴
월보,C46-S00-I00-N04,C46,통일적종교
월보,C46-S00-I00-N04,C46,시초
월보,C46-S00-I00-N04,C46,즉일문명각락
월보,C46-S00-I00-N04,C46,어시
월보,C46-S00-I00-N04,C46,문명
월보,C46-S00-I00-N04,C46,미개
월보,C46-S00-I00-N04,C46,차별
월보,C46-S00-I00-N04,C46,신차평등
월보,C47-S00-I00-N01,C47,교리부아관동경리교화일
월보,C47-S00-I00-N01,C47,의장
월보,C47-S00-I00-N01,C47,개자상고
월보,C47-S00-I00-N01,C47,지소연우천하야
월보,C47-S00-I00-N01,C47,의식
월보,C47-S00-I00-N01,C47,가급
월보,C47-S00-I00-N01,C47,오인
월보,C47-S00-I00-N01,C47,정신활동
월보,C47-S00-I00-N01,C47,발표
월보,C47-S00-I00-N01,C47,오인
월보,C47-S00-I00-N01,C47,공헌
월보,C47-S00-I00-N01,C47,정신의무
월보,C47-S00-I00-N01,C47,실시
월보,C47-S00-I00-N01,C47,권위
월보,C47-S00-I00-N01,C47,발휘
월보,C47-S00-I00-N01,C47,진락
월보,C47-S00-I00-N01,C47,출생
월보,C47-S00-I00-N01,C47,소득
월보,C47-S00-I00-N01,C47,이해
월보,C47-S00-I00-N01,C47,신앙
월보,C47-S00-I00-N01,C47,오인
월보,C47-S00-I00-N01,C47,自信
월보,C47-S00-I00-N01,C47,견확
월보,C47-S00-I00-N01,C47,신앙
월보,C47-S00-I00-N01,C47,광명
월보,C47-S00-I00-N01,C47,세계
월보,C47-S00-I00-N01,C47,행복
월보,C47-S00-I00-N01,C47,관건
월보,C47-S00-I00-N01,C47,파득
월보,C47-S00-I00-N01,C47,오인
월보,C47-S00-I00-N01,C47,지식계발
월보,C47-S00-I00-N01,C47,초정
월보,C47-S00-I00-N01,C47,즉오관
월보,C47-S00-I00-N01,C47,매개
월보,C47-S00-I00-N01,C47,이용
월보,C47-S00-I00-N01,C47,一切
월보,C47-S00-I00-N01,C47,경험
월보,C47-S00-I00-N01,C47,필요
월보,C47-S00-I00-N01,C47,경험
월보,C47-S00-I00-N01,C47,재료
월보,C47-S00-I00-N01,C47,즉의식
월보,C47-S00-I00-N01,C47,척도
월보,C47-S00-I00-N01,C47,준적
월보,C47-S00-I00-N01,C47,기미
월보,C47-S00-I00-N01,C47,확신
월보,C47-S00-I00-N01,C47,어시
월보,C47-S00-I00-N01,C47,개체
월보,C47-S00-I00-N01,C47,자격
월보,C47-S00-I00-N01,C47,성립
월보,C47-S00-I00-N01,C47,대신
월보,C47-S00-I00-N01,C47,상상
월보,C47-S00-I00-N01,C47,오인
월보,C47-S00-I00-N01,C47,직접수여
월보,C47-S00-I00-N01,C47,천상
월보,C47-S00-I00-N01,C47,지상
월보,C47-S00-I00-N01,C47,인상
월보,C47-S00-I00-N01,C47,대천성진
월보,C47-S00-I00-N01,C47,운행
월보,C47-S00-I00-N01,C47,하고
월보,C47-S00-I00-N01,C47,풍우운연
월보,C47-S00-I00-N01,C47,변화
월보,C47-S00-I00-N01,C47,하고
월보,C47-S00-I00-N01,C47,춘하추동
월보,C47-S00-I00-N01,C47,순환
월보,C47-S00-I00-N01,C47,하고
월보,C47-S00-I00-N01,C47,군우
월보,C47-S00-I00-N01,C47,우연
월보,C47-S00-I00-N01,C47,소지
월보,C47-S00-I00-N01,C47,자연
월보,C47-S00-I00-N01,C47,천지
월보,C47-S00-I00-N01,C47,골수
월보,C47-S00-I00-N01,C47,우주
월보,C47-S00-I00-N01,C47,피각
월보,C47-S00-I00-N02,C47,소연
월보,C47-S00-I00-N02,C47,하인
월보,C47-S00-I00-N02,C47,경험
월보,C47-S00-I00-N02,C47,피사시
월보,C47-S00-I00-N02,C47,순환
월보,C47-S00-I00-N02,C47,대신사
월보,C47-S00-I00-N02,C47,소위춘추질대
월보,C47-S00-I00-N02,C47,사시성쇠
월보,C47-S00-I00-N02,C47,오인
월보,C47-S00-I00-N02,C47,잠시
월보,C47-S00-I00-N02,C47,만유
월보,C47-S00-I00-N02,C47,변화
월보,C47-S00-I00-N02,C47,우연불지불식
월보,C47-S00-I00-N02,C47,초고상
월보,C47-S00-I00-N02,C47,식견
월보,C47-S00-I00-N02,C47,자처
월보,C47-S00-I00-N02,C47,근대과학계
월보,C47-S00-I00-N02,C47,역리
월보,C47-S00-I00-N02,C47,소식
월보,C47-S00-I00-N02,C47,순서
월보,C47-S00-I00-N02,C47,일정
월보,C47-S00-I00-N02,C47,기계
월보,C47-S00-I00-N02,C47,기순서
월보,C47-S00-I00-N02,C47,기경
월보,C47-S00-I00-N02,C47,소연
월보,C47-S00-I00-N02,C47,오인
월보,C47-S00-I00-N02,C47,지식계발
월보,C47-S00-I00-N02,C47,아동심리
월보,C47-S00-I00-N02,C47,발전
월보,C47-S00-I00-N02,C47,만능주의자
월보,C47-S00-I00-N02,C47,우주
월보,C47-S00-I00-N02,C47,유일
월보,C47-S00-I00-N02,C47,물질
월보,C47-S00-I00-N02,C47,조직
월보,C47-S00-I00-N02,C47,상상
월보,C47-S00-I00-N02,C47,물질
월보,C47-S00-I00-N02,C47,만유인력
월보,C47-S00-I00-N02,C47,기력
월보,C47-S00-I00-N02,C47,적극소극
월보,C47-S00-I00-N02,C47,시성
월보,C47-S00-I00-N02,C47,우주
월보,C47-S00-I00-N02,C47,기계적운동
월보,C47-S00-I00-N02,C47,개시
월보,C47-S00-I00-N02,C47,만유
월보,C47-S00-I00-N02,C47,배열
월보,C47-S00-I00-N02,C47,해부상
월보,C47-S00-I00-N02,C47,정밀
월보,C47-S00-I00-N02,C47,직심심령
월보,C47-S00-I00-N02,C47,진경계
월보,C47-S00-I00-N02,C47,족적
월보,C47-S00-I00-N02,C47,미급
월보,C47-S00-I00-N02,C47,외과의
월보,C47-S00-I00-N02,C47,표면
월보,C47-S00-I00-N02,C47,이면
월보,C47-S00-I00-N02,C47,굉대
월보,C47-S00-I00-N02,C47,홍구
월보,C47-S00-I00-N02,C47,불지
월보,C47-S00-I00-N02,C47,내하
월보,C47-S00-I00-N02,C47,오인
월보,C47-S00-I00-N02,C47,염두
월보,C47-S00-I00-N02,C47,세광
월보,C47-S00-I00-N02,C47,하처
월보,C47-S00-I00-N02,C47,기원
월보,C47-S00-I00-N02,C47,상상
월보,C47-S00-I00-N02,C47,오인
월보,C47-S00-I00-N02,C47,안두
월보,C47-S00-I00-N02,C47,청류
월보,C47-S00-I00-N02,C47,하처
월보,C47-S00-I00-N02,C47,기천원
월보,C47-S00-I00-N02,C47,소기
월보,C47-S00-I00-N02,C47,오인
월보,C47-S00-I00-N02,C47,안전
월보,C47-S00-I00-N02,C47,만유
월보,C47-S00-I00-N02,C47,찬란
월보,C47-S00-I00-N02,C47,기행
월보,C47-S00-I00-N02,C47,기표현
월보,C47-S00-I00-N02,C47,대원력
월보,C47-S00-I00-N02,C47,우연
월보,C47-S00-I00-N02,C47,원천
월보,C47-S00-I00-N02,C47,자연기자
월보,C47-S00-I00-N02,C47,수륜
월보,C47-S00-I00-N02,C47,일층의
월보,C47-S00-I00-N02,C47,소연
월보,C47-S00-I00-N02,C47,오인
월보,C47-S00-I00-N02,C47,注意
월보,C47-S00-I00-N02,C47,즉우주관
월보,C47-S00-I00-N02,C47,세인
월보,C47-S00-I00-N02,C47,상상방법
월보,C47-S00-I00-N02,C47,이파
월보,C47-S00-I00-N02,C47,과거
월보,C47-S00-I00-N02,C47,타일
월보,C47-S00-I00-N02,C47,현대
월보,C47-S00-I00-N02,C47,신리상
월보,C47-S00-I00-N02,C47,과거
월보,C47-S00-I00-N02,C47,우주급천지만유
월보,C47-S00-I00-N02,C47,이원
월보,C47-S00-I00-N02,C47,즉우주
월보,C47-S00-I00-N02,C47,표면
월보,C47-S00-I00-N02,C47,물질
월보,C47-S00-I00-N02,C47,간주
월보,C47-S00-I00-N02,C47,이면
월보,C47-S00-I00-N02,C47,영혹
월보,C47-S00-I00-N02,C47,진리
월보,C47-S00-I00-N02,C47,후자
월보,C47-S00-I00-N02,C47,만유
월보,C47-S00-I00-N02,C47,주체
월보,C47-S00-I00-N02,C47,전자
월보,C47-S00-I00-N02,C47,환영
월보,C47-S00-I00-N02,C47,불과
월보,C47-S00-I00-N02,C47,우주
월보,C47-S00-I00-N02,C47,내면
월보,C47-S00-I00-N02,C47,영혹
월보,C47-S00-I00-N02,C47,진리
월보,C47-S00-I00-N02,C47,제거
월보,C47-S00-I00-N02,C47,우주
월보,C47-S00-I00-N02,C47,적라라
월보,C47-S00-I00-N02,C47,피각
월보,C47-S00-I00-N02,C47,현대리상
월보,C47-S00-I00-N02,C47,지배
월보,C47-S00-I00-N02,C47,신사상
월보,C47-S00-I00-N02,C47,물질
월보,C47-S00-I00-N02,C47,진리
월보,C47-S00-I00-N02,C47,동일진리
월보,C47-S00-I00-N02,C47,양측면
월보,C47-S00-I00-N02,C47,영즉육육즉령
월보,C47-S00-I00-N02,C47,만유
월보,C47-S00-I00-N02,C47,결품체
월보,C47-S00-I00-N02,C47,오인
월보,C47-S00-I00-N02,C47,하자
월보,C47-S00-I00-N02,C47,불편불의
월보,C47-S00-I00-N02,C47,기량설
월보,C47-S00-I00-N02,C47,신앙
월보,C47-S00-I00-N02,C47,주장
월보,C47-S00-I00-N02,C47,기방법
월보,C47-S00-I00-N02,C47,모순
월보,C47-S00-I00-N02,C47,調和
월보,C47-S00-I00-N02,C47,배치
월보,C47-S00-I00-N02,C47,등화
월보,C47-S00-I00-N02,C47,화이자
월보,C47-S00-I00-N02,C47,기일
월보,C47-S00-I00-N02,C47,등화
월보,C47-S00-I00-N02,C47,등화
월보,C47-S00-I00-N02,C47,불능
월보,C47-S00-I00-N02,C47,동일성질
월보,C47-S00-I00-N02,C47,타일
월보,C47-S00-I00-N02,C47,양자
월보,C47-S00-I00-N02,C47,표면
월보,C47-S00-I00-N02,C47,동일근저
월보,C47-S00-I00-N02,C47,불득
월보,C47-S00-I00-N02,C47,불능
월보,C47-S00-I00-N02,C47,선천적
월보,C47-S00-I00-N02,C47,화신
월보,C47-S00-I00-N02,C47,후신
월보,C47-S00-I00-N02,C47,차의미
월보,C47-S00-I00-N02,C47,대세력
월보,C47-S00-I00-N02,C47,기성질상포용
월보,C47-S00-I00-N02,C47,명백
월보,C47-S00-I00-N02,C47,비유
월보,C47-S00-I00-N02,C47,우주만유
월보,C47-S00-I00-N02,C47,상상이래
월보,C47-S00-I00-N02,C47,만유
월보,C47-S00-I00-N02,C47,성쇠영고
월보,C47-S00-I00-N02,C47,즉유
월보,C47-S00-I00-N02,C47,만유
월보,C47-S00-I00-N02,C47,근저
월보,C47-S00-I00-N02,C47,차화
월보,C47-S00-I00-N02,C47,오인
월보,C47-S00-I00-N02,C47,안전
월보,C47-S00-I00-N02,C47,찬연
월보,C47-S00-I00-N02,C47,만유
월보,C47-S00-I00-N02,C47,근저
월보,C47-S00-I00-N02,C47,차만유
월보,C47-S00-I00-N02,C47,관통
월보,C47-S00-I00-N02,C47,위대진무량
월보,C47-S00-I00-N02,C47,보편력
월보,C47-S00-I00-N02,C47,만상
월보,C47-S00-I00-N02,C47,현빈
월보,C47-S00-I00-N02,C47,가지
월보,C47-S00-I00-N02,C47,소연
월보,C47-S00-I00-N02,C47,보편력
월보,C47-S00-I00-N02,C47,즉우주만유
월보,C47-S00-I00-N02,C47,충만긍
월보,C47-S00-I00-N02,C47,대세력
월보,C47-S00-I00-N02,C47,타의미
월보,C47-S00-I00-N02,C47,과학상일
월보,C47-S00-I00-N02,C47,만유인력
월보,C47-S00-I00-N02,C47,과학상일
월보,C47-S00-I00-N02,C47,만유인력
월보,C47-S00-I00-N02,C47,우차
월보,C47-S00-I00-N02,C47,만유
월보,C47-S00-I00-N02,C47,차력
월보,C47-S00-I00-N02,C47,표제
월보,C47-S00-I00-N02,C47,교리부
월보,C47-S00-I00-N02,C47,연주
월보,C47-S00-I00-N02,C47,관계
월보,C47-S00-I00-N02,C47,차멱
월보,C47-S00-I00-N02,C47,관통
월보,C47-S00-I00-N02,C47,오인
월보,C47-S00-I00-N02,C47,직접관계
월보,C47-S00-I00-N02,C47,태양계
월보,C47-S00-I00-N02,C47,팔대행성
월보,C47-S00-I00-N02,C47,차력
월보,C47-S00-I00-N02,C47,표현
월보,C47-S00-I00-N02,C47,대천성진
월보,C47-S00-I00-N02,C47,차미진섬개
월보,C47-S00-I00-N02,C47,유일무이
월보,C47-S00-I00-N02,C47,차원동력
월보,C47-S00-I00-N02,C47,발현
월보,C47-S00-I00-N02,C47,천사
월보,C47-S00-I00-N02,C47,천지만유
월보,C47-S00-I00-N02,C47,동일
월보,C47-S00-I00-N02,C47,계통
월보,C47-S00-I00-N02,C47,대관
월보,C47-S00-I00-N02,C47,신관
월보,C47-S00-I00-N03,C47,우주만유
월보,C47-S00-I00-N03,C47,조직
월보,C47-S00-I00-N03,C47,교열
월보,C47-S00-I00-N03,C47,만유
월보,C47-S00-I00-N03,C47,자격
월보,C47-S00-I00-N03,C47,우열
월보,C47-S00-I00-N03,C47,만상
월보,C47-S00-I00-N03,C47,토기
월보,C47-S00-I00-N03,C47,유일
월보,C47-S00-I00-N03,C47,조직
월보,C47-S00-I00-N03,C47,천강
월보,C47-S00-I00-N03,C47,유일
월보,C47-S00-I00-N03,C47,환영
월보,C47-S00-I00-N03,C47,생활
월보,C47-S00-I00-N03,C47,편동
월보,C47-S00-I00-N03,C47,지력
월보,C47-S00-I00-N03,C47,기배
월보,C47-S00-I00-N03,C47,소연
월보,C47-S00-I00-N03,C47,만유계
월보,C47-S00-I00-N03,C47,순서배치
월보,C47-S00-I00-N03,C47,점검
월보,C47-S00-I00-N03,C47,일정
월보,C47-S00-I00-N03,C47,진화
월보,C47-S00-I00-N03,C47,증적
월보,C47-S00-I00-N03,C47,요연
월보,C47-S00-I00-N03,C47,즉만유
월보,C47-S00-I00-N03,C47,일절여등
월보,C47-S00-I00-N03,C47,동일
월보,C47-S00-I00-N03,C47,계통하
월보,C47-S00-I00-N03,C47,진화
월보,C47-S00-I00-N03,C47,계급
월보,C47-S00-I00-N03,C47,자연
월보,C47-S00-I00-N03,C47,차별
월보,C47-S00-I00-N03,C47,만유
월보,C47-S00-I00-N03,C47,각개세계
월보,C47-S00-I00-N03,C47,즉균
월보,C47-S00-I00-N03,C47,세계
월보,C47-S00-I00-N03,C47,세계
월보,C47-S00-I00-N03,C47,비잠
월보,C47-S00-I00-N03,C47,세계
월보,C47-S00-I00-N03,C47,순서
월보,C47-S00-I00-N03,C47,흡연기만장
월보,C47-S00-I00-N03,C47,금자탑
월보,C47-S00-I00-N03,C47,자연
월보,C47-S00-I00-N03,C47,층계
월보,C47-S00-I00-N03,C47,우층계
월보,C47-S00-I00-N03,C47,층계
월보,C47-S00-I00-N03,C47,남층계
월보,C47-S00-I00-N03,C47,하자
월보,C47-S00-I00-N03,C47,유사
월보,C47-S00-I00-N03,C47,종물
월보,C47-S00-I00-N03,C47,진화
월보,C47-S00-I00-N03,C47,연쇄점
월보,C47-S00-I00-N03,C47,표시
월보,C47-S00-I00-N03,C47,만유
월보,C47-S00-I00-N03,C47,만별
월보,C47-S00-I00-N03,C47,계통
월보,C47-S00-I00-N03,C47,차우열
월보,C47-S00-I00-N03,C47,차별
월보,C47-S00-I00-N03,C47,자연조직
월보,C47-S00-I00-N03,C47,관계
월보,C47-S00-I00-N03,C47,명백
월보,C47-S00-I00-N03,C47,동일인류
월보,C47-S00-I00-N03,C47,천치
월보,C47-S00-I00-N03,C47,보통인
월보,C47-S00-I00-N03,C47,보통인
월보,C47-S00-I00-N03,C47,성철영걸
월보,C47-S00-I00-N03,C47,차이
월보,C47-S00-I00-N03,C47,영성기자
월보,C47-S00-I00-N03,C47,차변
월보,C47-S00-I00-N03,C47,단기조직
월보,C47-S00-I00-N03,C47,관계
월보,C47-S00-I00-N03,C47,차리
월보,C47-S00-I00-N03,C47,연장
월보,C47-S00-I00-N03,C47,타고등동물
월보,C47-S00-I00-N03,C47,인류
월보,C47-S00-I00-N03,C47,차이
월보,C47-S00-I00-N03,C47,진화
월보,C47-S00-I00-N03,C47,법칙상명증
월보,C47-S00-I00-N03,C47,불과
월보,C47-S00-I00-N03,C47,근세진화학상명증
월보,C47-S00-I00-N03,C47,만유
월보,C47-S00-I00-N03,C47,동일계통하
월보,C47-S00-I00-N03,C47,직구
월보,C47-S00-I00-N03,C47,만유
월보,C47-S00-I00-N03,C47,동일계통하
월보,C47-S00-I00-N03,C47,직구
월보,C47-S00-I00-N03,C47,대오
월보,C47-S00-I00-N03,C47,소연
월보,C47-S00-I00-N03,C47,자아
월보,C47-S00-I00-N03,C47,개체각기
월보,C47-S00-I00-N03,C47,주관적관념
월보,C47-S00-I00-N03,C47,만유
월보,C47-S00-I00-N03,C47,식별
월보,C47-S00-I00-N03,C47,의식
월보,C47-S00-I00-N03,C47,중심
월보,C47-S00-I00-N03,C47,우주
월보,C47-S00-I00-N03,C47,영무경수적조직
월보,C47-S00-I00-N03,C47,자아
월보,C47-S00-I00-N03,C47,단식
월보,C47-S00-I00-N03,C47,소아
월보,C47-S00-I00-N03,C47,각소아
월보,C47-S00-I00-N03,C47,보편대아
월보,C47-S00-I00-N03,C47,구별
월보,C47-S00-I00-N04,C47,위선시간상
월보,C47-S00-I00-N04,C47,기점
월보,C47-S00-I00-N04,C47,연쇄아
월보,C47-S00-I00-N04,C47,공간상
월보,C47-S00-I00-N04,C47,자아
월보,C47-S00-I00-N04,C47,입각
월보,C47-S00-I00-N04,C47,타아
월보,C47-S00-I00-N04,C47,연긍
월보,C47-S00-I00-N04,C47,극점
월보,C47-S00-I00-N04,C47,자아
월보,C47-S00-I00-N04,C47,금일
월보,C47-S00-I00-N04,C47,위대신성
월보,C47-S00-I00-N04,C47,음미
월보,C47-S00-I00-N04,C47,소연
월보,C47-S00-I00-N04,C47,수두묵념
월보,C47-S00-I00-N04,C47,시간공간
월보,C47-S00-I00-N04,C47,굉대무량
월보,C47-S00-I00-N04,C47,제애
월보,C47-S00-I00-N04,C47,사고
월보,C47-S00-I00-N04,C47,자아
월보,C47-S00-I00-N04,C47,배후
월보,C47-S00-I00-N04,C47,사개
월보,C47-S00-I00-N04,C47,자아
월보,C47-S00-I00-N04,C47,기배후
월보,C47-S00-I00-N04,C47,이개
월보,C47-S00-I00-N04,C47,자아
월보,C47-S00-I00-N04,C47,배수
월보,C47-S00-I00-N04,C47,증진
월보,C47-S00-I00-N04,C47,기천기만대
월보,C47-S00-I00-N04,C47,자아
월보,C47-S00-I00-N04,C47,오인
월보,C47-S00-I00-N04,C47,희극
월보,C47-S00-I00-N04,C47,자아
월보,C47-S00-I00-N04,C47,우주
월보,C47-S00-I00-N04,C47,무물
월보,C47-S00-I00-N04,C47,혼돈
월보,C47-S00-I00-N04,C47,신의
월보,C47-S00-I00-N04,C47,혼돈
월보,C47-S00-I00-N04,C47,심산
월보,C47-S00-I00-N04,C47,비선
월보,C47-S00-I00-N04,C47,소연
월보,C47-S00-I00-N04,C47,생이전
월보,C47-S00-I00-N04,C47,이충문
월보,C47-S00-I00-N04,C47,물질상
월보,C47-S00-I00-N04,C47,祖先
월보,C47-S00-I00-N04,C47,祖先
월보,C47-S00-I00-N04,C47,祖先
월보,C47-S00-I00-N04,C47,소고
월보,C47-S00-I00-N04,C47,인류출생이전
월보,C47-S00-I00-N04,C47,혹경혹계
월보,C47-S00-I00-N04,C47,추출
월보,C47-S00-I00-N04,C47,금일이래
월보,C47-S00-I00-N04,C47,억무량생령
월보,C47-S00-I00-N04,C47,필경
월보,C47-S00-I00-N04,C47,피혹경계
월보,C47-S00-I00-N04,C47,잠세력
월보,C47-S00-I00-N04,C47,一切
월보,C47-S00-I00-N04,C47,만유
월보,C47-S00-I00-N04,C47,차법체
월보,C47-S00-I00-N04,C47,탈선
월보,C47-S00-I00-N04,C47,피혼돈무차별
월보,C47-S00-I00-N04,C47,무의미무목적
월보,C47-S00-I00-N04,C47,기혼돈무차별
월보,C47-S00-I00-N04,C47,원리
월보,C47-S00-I00-N04,C47,원리종
월보,C47-S00-I00-N04,C47,우주만유
월보,C47-S00-I00-N04,C47,우주만유
월보,C47-S00-I00-N04,C47,원리
월보,C47-S00-I00-N04,C47,자연비치
월보,C47-S00-I00-N04,C47,공장
월보,C47-S00-I00-N04,C47,건물
월보,C47-S00-I00-N04,C47,의장
월보,C47-S00-I00-N04,C47,도안
월보,C47-S00-I00-N04,C47,피의장
월보,C47-S00-I00-N04,C47,우열
월보,C47-S00-I00-N04,C47,건물
월보,C47-S00-I00-N04,C47,우열
월보,C47-S00-I00-N04,C47,영향
월보,C47-S00-I00-N04,C47,피혼돈무차별
월보,C47-S00-I00-N04,C47,의장
월보,C47-S00-I00-N04,C47,용의주도
월보,C47-S00-I00-N04,C47,금일아
월보,C47-S00-I00-N04,C47,금일아
월보,C47-S00-I00-N04,C47,우주만유
월보,C47-S00-I00-N04,C47,차의중
월보,C47-S00-I00-N04,C47,신비
월보,C47-S00-I00-N04,C47,소연
월보,C47-S00-I00-N04,C47,오인
월보,C47-S00-I00-N04,C47,진화학
월보,C47-S00-I00-N04,C47,설거
월보,C47-S00-I00-N04,C47,우주개벽
월보,C47-S00-I00-N04,C47,이전
월보,C47-S00-I00-N04,C47,즉태극
월보,C47-S00-I00-N04,C47,원시
월보,C47-S00-I00-N04,C47,운행주류
월보,C47-S00-I00-N04,C47,구심력
월보,C47-S00-I00-N04,C47,반심력
월보,C47-S00-I00-N04,C47,작용
월보,C47-S00-I00-N04,C47,차력
월보,C47-S00-I00-N04,C47,적극소극
월보,C47-S00-I00-N04,C47,동작
월보,C47-S00-I00-N04,C47,적극
월보,C47-S00-I00-N04,C47,소극
월보,C47-S00-I00-N04,C47,허공
월보,C47-S00-I00-N04,C47,어시
월보,C47-S00-I00-N04,C47,관련
월보,C47-S00-I00-N04,C47,연쇄
월보,C47-S00-I00-N04,C47,운동순환
월보,C47-S00-I00-N04,C47,기계적동작
월보,C47-S00-I00-N04,C47,기후
월보,C47-S00-I00-N04,C47,변화
월보,C47-S00-I00-N04,C47,새온
월보,C47-S00-I00-N04,C47,전환
월보,C47-S00-I00-N04,C47,징묘령전적작용
월보,C47-S00-I00-N04,C47,세징
월보,C47-S00-I00-N04,C47,유기적세포
월보,C47-S00-I00-N04,C47,시작
월보,C47-S00-I00-N04,C47,생명
월보,C47-S00-I00-N04,C47,원소
월보,C47-S00-I00-N04,C47,유기적세포
월보,C47-S00-I00-N04,C47,생성
월보,C47-S00-I00-N04,C47,以上
월보,C47-S00-I00-N04,C47,점차진화변전
월보,C47-S00-I00-N04,C47,필경오인류
월보,C47-S00-I00-N04,C47,영지적동물
월보,C47-S00-I00-N04,C47,도달
월보,C47-S00-I00-N04,C47,물론진화
월보,C47-S00-I00-N04,C47,사실
월보,C47-S00-I00-N04,C47,오인
월보,C47-S00-I00-N04,C47,否認
월보,C47-S00-I00-N04,C47,진화
월보,C47-S00-I00-N04,C47,필경무의식적무기적작용
월보,C47-S00-I00-N04,C47,유기적활
월보,C47-S00-I00-N04,C47,계기
월보,C47-S00-I00-N04,C47,명확
월보,C47-S00-I00-N04,C47,수저간
월보,C47-S00-I00-N04,C47,자연도태
월보,C47-S00-I00-N04,C47,법칙
월보,C47-S00-I00-N05,C47,기진화
월보,C47-S00-I00-N05,C47,과정
월보,C47-S00-I00-N05,C47,표시
월보,C47-S00-I00-N05,C47,기련면불진
월보,C47-S00-I00-N05,C47,대우주
월보,C47-S00-I00-N05,C47,전과정하
월보,C47-S00-I00-N05,C47,원기
월보,C47-S00-I00-N05,C47,불가사의
월보,C47-S00-I00-N05,C47,대신
월보,C47-S00-I00-N05,C47,의장중
월보,C47-S00-I00-N05,C47,출래
월보,C47-S00-I00-N05,C47,대신
월보,C47-S00-I00-N05,C47,호흡상
월보,C47-S00-I00-N05,C47,일원기
월보,C47-S00-I00-N05,C47,불득
월보,C47-S00-I00-N05,C47,기중
월보,C47-S00-I00-N05,C47,열면
월보,C47-S00-I00-N05,C47,一切
월보,C47-S00-I00-N05,C47,생물
월보,C47-S00-I00-N05,C47,자기
월보,C47-S00-I00-N05,C47,건축
월보,C47-S00-I00-N05,C47,소혈
월보,C47-S00-I00-N05,C47,환거
월보,C47-S00-I00-N05,C47,대신
월보,C47-S00-I00-N05,C47,자기
월보,C47-S00-I00-N05,C47,의장
월보,C47-S00-I00-N05,C47,만유
월보,C47-S00-I00-N05,C47,기만유
월보,C47-S00-I00-N05,C47,신비
월보,C47-S00-I00-N05,C47,소연
월보,C47-S00-I00-N05,C47,오인
월보,C47-S00-I00-N05,C47,우주
월보,C47-S00-I00-N05,C47,대정신
월보,C47-S00-I00-N05,C47,인식
월보,C47-S00-I00-N05,C47,차우주
월보,C47-S00-I00-N05,C47,대정신
월보,C47-S00-I00-N05,C47,천상
월보,C47-S00-I00-N05,C47,지하
월보,C47-S00-I00-N05,C47,교리부
월보,C47-S00-I00-N05,C47,기질
월보,C47-S00-I00-N05,C47,질만무량억천
월보,C47-S00-I00-N05,C47,일양평등
월보,C47-S00-I00-N05,C47,활약
월보,C47-S00-I00-N05,C47,무루무증무시무종
월보,C47-S00-I00-N05,C47,즉차
월보,C47-S00-I00-N05,C47,초로
월보,C47-S00-I00-N05,C47,귀숙
월보,C47-S00-I00-N05,C47,개자종
월보,C47-S00-I00-N05,C47,장래
월보,C47-S00-I00-N05,C47,발육
월보,C47-S00-I00-N05,C47,오인
월보,C47-S00-I00-N05,C47,수소
월보,C47-S00-I00-N05,C47,기진심내면
월보,C47-S00-I00-N05,C47,차우주
월보,C47-S00-I00-N05,C47,대정신
월보,C47-S00-I00-N05,C47,귀숙
월보,C47-S00-I00-N05,C47,오인
월보,C47-S00-I00-N05,C47,지배
월보,C47-S00-I00-N05,C47,소연
월보,C47-S00-I00-N05,C47,오인
월보,C47-S00-I00-N05,C47,충만
월보,C47-S00-I00-N05,C47,정신활동
월보,C47-S00-I00-N05,C47,직접
월보,C47-S00-I00-N05,C47,개체적지배자
월보,C47-S00-I00-N05,C47,기정신체
월보,C47-S00-I00-N05,C47,만유
월보,C47-S00-I00-N05,C47,동일
월보,C47-S00-I00-N05,C47,실통
월보,C47-S00-I00-N05,C47,대우주
월보,C47-S00-I00-N05,C47,대정신
월보,C47-S00-I00-N05,C47,차별
월보,C47-S00-I00-N05,C47,만유
월보,C47-S00-I00-N05,C47,귀숙
월보,C47-S00-I00-N05,C47,자타부명
월보,C47-S00-I00-N05,C47,차별
월보,C47-S00-I00-N05,C47,일대분별
월보,C47-S00-I00-N05,C47,천주
월보,C47-S00-I00-N05,C47,즉만유
월보,C47-S00-I00-N05,C47,보편
월보,C47-S00-I00-N05,C47,차별
월보,C47-S00-I00-N05,C47,일대분별
월보,C47-S00-I00-N05,C47,천주
월보,C47-S00-I00-N05,C47,즉만유
월보,C47-S00-I00-N05,C47,보편적자아
월보,C47-S00-I00-N05,C47,소연
월보,C47-S00-I00-N05,C47,유명
월보,C47-S00-I00-N05,C47,천지
월보,C47-S00-I00-N05,C47,무명
월보,C47-S00-I00-N05,C47,만물
월보,C47-S00-I00-N05,C47,만물
월보,C47-S00-I00-N05,C47,불득불차
월보,C47-S00-I00-N05,C47,구별
월보,C47-S00-I00-N05,C47,구별
월보,C47-S00-I00-N05,C47,불득불명목
월보,C47-S00-I00-N05,C47,만유
월보,C47-S00-I00-N05,C47,명목중
월보,C47-S00-I00-N05,C47,일대추상
월보,C47-S00-I00-N05,C47,오인
월보,C47-S00-I00-N05,C47,상상적
월보,C47-S00-I00-N05,C47,개념
월보,C47-S00-I00-N05,C47,상당
월보,C47-S00-I00-N05,C47,부호
월보,C47-S00-I00-N05,C47,왈천주
월보,C47-S00-I00-N05,C47,우주
월보,C47-S00-I00-N05,C47,대표
월보,C47-S00-I00-N05,C47,정신
월보,C47-S00-I00-N05,C47,최요점
월보,C47-S00-I00-N05,C47,해월신사
월보,C47-S00-I00-N05,C47,상명
월보,C47-S00-I00-N05,C47,양대교규일기자오교
월보,C47-S00-I00-N05,C47,초상기
월보,C47-S00-I00-N05,C47,점차세계문명
월보,C47-S00-I00-N05,C47,대운
월보,C47-S00-I00-N05,C47,기활동
월보,C47-S00-I00-N05,C47,기교화
월보,C47-S00-I00-N05,C47,대세
월보,C47-S00-I00-N05,C47,오인
월보,C47-S00-I00-N05,C47,금일
월보,C47-S00-I00-N05,C47,과도시대
월보,C47-S00-I00-N05,C47,일절초기
월보,C47-S00-I00-N05,C47,사업
월보,C47-S00-I00-N05,C47,회고
월보,C47-S00-I00-N05,C47,오사왈
월보,C47-S00-I00-N05,C47,사견편지
월보,C47-S00-I00-N05,C47,기진의
월보,C47-S00-I00-N05,C47,소원
월보,C47-S00-I00-N05,C47,추고
월보,C47-S00-I00-N05,C47,상명
월보,C47-S00-I00-N05,C47,종교적신제도
월보,C47-S00-I00-N05,C47,음미탄복
월보,C47-S00-I00-N05,C47,저간
월보,C47-S00-I00-N05,C47,무한
월보,C47-S00-I00-N05,C47,묘법
월보,C47-S00-I00-N05,C47,복재
월보,C47-S00-I00-N05,C47,감복
월보,C47-S00-I00-N05,C47,오인
월보,C47-S00-I00-N05,C47,수척중
월보,C47-S00-I00-N05,C47,해월신사
월보,C47-S00-I00-N05,C47,초상
월보,C47-S00-I00-N05,C47,수조
월보,C47-S00-I00-N05,C47,윤리적제도
월보,C48-S00-I00-N01,C48,교리부령통설리돈화일
월보,C48-S00-I00-N01,C48,우주
월보,C48-S00-I00-N01,C48,現象
월보,C48-S00-I00-N01,C48,물리적현상
월보,C48-S00-I00-N01,C48,화학적현상
월보,C48-S00-I00-N01,C48,사회적현상
월보,C48-S00-I00-N01,C48,심리적현상등
월보,C48-S00-I00-N01,C48,現象
월보,C48-S00-I00-N01,C48,연구
월보,C48-S00-I00-N01,C48,학문
월보,C48-S00-I00-N01,C48,사회상과학
월보,C48-S00-I00-N01,C48,시등과학
월보,C48-S00-I00-N01,C48,전세기
월보,C48-S00-I00-N01,C48,현세기
월보,C48-S00-I00-N01,C48,장세월
월보,C48-S00-I00-N01,C48,발달우발달
월보,C48-S00-I00-N01,C48,인류
월보,C48-S00-I00-N01,C48,행복
월보,C48-S00-I00-N01,C48,과학
월보,C48-S00-I00-N01,C48,일일
월보,C48-S00-I00-N01,C48,존재
월보,C48-S00-I00-N01,C48,주론
월보,C48-S00-I00-N01,C48,과연
월보,C48-S00-I00-N01,C48,현세계
월보,C48-S00-I00-N01,C48,공기
월보,C48-S00-I00-N01,C48,호흡
월보,C48-S00-I00-N01,C48,과학
월보,C48-S00-I00-N01,C48,혜택
월보,C48-S00-I00-N01,C48,현재급장래
월보,C48-S00-I00-N01,C48,무궁
월보,C48-S00-I00-N01,C48,절현상
월보,C48-S00-I00-N01,C48,일과학
월보,C48-S00-I00-N01,C48,유감
월보,C48-S00-I00-N01,C48,해명
월보,C48-S00-I00-N01,C48,우개시
월보,C48-S00-I00-N01,C48,지자
월보,C48-S00-I00-N01,C48,불대
월보,C48-S00-I00-N01,C48,단언
월보,C48-S00-I00-N01,C48,금일
월보,C48-S00-I00-N01,C48,영통력
월보,C48-S00-I00-N01,C48,오인
월보,C48-S00-I00-N01,C48,수련상난문
월보,C48-S00-I00-N01,C48,기리
월보,C48-S00-I00-N01,C48,과학
월보,C48-S00-I00-N01,C48,범위
월보,C48-S00-I00-N01,C48,초월
월보,C48-S00-I00-N01,C48,과학
월보,C48-S00-I00-N01,C48,해명
월보,C48-S00-I00-N01,C48,차령적현상
월보,C48-S00-I00-N01,C48,전연
월보,C48-S00-I00-N01,C48,무사실혹
월보,C48-S00-I00-N01,C48,미신
월보,C48-S00-I00-N01,C48,배척
월보,C48-S00-I00-N01,C48,개유
월보,C48-S00-I00-N01,C48,과학상확명
월보,C48-S00-I00-N01,C48,사실
월보,C48-S00-I00-N01,C48,누설
월보,C48-S00-I00-N01,C48,영통
월보,C48-S00-I00-N01,C48,하자
월보,C48-S00-I00-N01,C48,영통
월보,C48-S00-I00-N01,C48,요해
월보,C48-S00-I00-N01,C48,現象
월보,C48-S00-I00-N01,C48,환언
월보,C48-S00-I00-N01,C48,즉심령
월보,C48-S00-I00-N01,C48,통일작용
월보,C48-S00-I00-N01,C48,정신
월보,C48-S00-I00-N01,C48,비상세력
월보,C48-S00-I00-N01,C48,발현
월보,C48-S00-I00-N01,C48,차현상
월보,C48-S00-I00-N01,C48,고금동서
월보,C48-S00-I00-N01,C48,물론
월보,C48-S00-I00-N01,C48,누천백세지간
월보,C48-S00-I00-N01,C48,실용
월보,C48-S00-I00-N01,C48,기례
월보,C48-S00-I00-N01,C48,불소
월보,C48-S00-I00-N01,C48,즉유불선급각교측
월보,C48-S00-I00-N01,C48,개론
월보,C48-S00-I00-N01,C48,여좌
월보,C48-S00-I00-N01,C48,불교측
월보,C48-S00-I00-N01,C48,육신통
월보,C48-S00-I00-N01,C48,천안통
월보,C48-S00-I00-N01,C48,육안이외
월보,C48-S00-I00-N01,C48,영적안
월보,C48-S00-I00-N01,C48,세간고락
월보,C48-S00-I00-N01,C48,진상
월보,C48-S00-I00-N01,C48,투견
월보,C48-S00-I00-N01,C48,진계색
월보,C48-S00-I00-N01,C48,물색
월보,C48-S00-I00-N01,C48,진선
월보,C48-S00-I00-N01,C48,장애
월보,C48-S00-I00-N01,C48,근본적투견
월보,C48-S00-I00-N01,C48,천이통
월보,C48-S00-I00-N01,C48,육도중생
월보,C48-S00-I00-N01,C48,세간고락
월보,C48-S00-I00-N01,C48,언어
월보,C48-S00-I00-N01,C48,투시
월보,C48-S00-I00-N01,C48,자연음파
월보,C48-S00-I00-N01,C48,섭취관청
월보,C48-S00-I00-N01,C48,내지조수
월보,C48-S00-I00-N01,C48,음성
월보,C48-S00-I00-N01,C48,영해
월보,C48-S00-I00-N01,C48,비밀
월보,C48-S00-I00-N01,C48,민통각파
월보,C48-S00-I00-N01,C48,과거천만년
월보,C48-S00-I00-N01,C48,전생
월보,C48-S00-I00-N01,C48,생사고락
월보,C48-S00-I00-N01,C48,인과
월보,C48-S00-I00-N01,C48,영통
월보,C48-S00-I00-N01,C48,각반현상
월보,C48-S00-I00-N01,C48,표현
월보,C48-S00-I00-N01,C48,비행
월보,C48-S00-I00-N01,C48,산해
월보,C48-S00-I00-N01,C48,장애
월보,C48-S00-I00-N01,C48,수화
월보,C48-S00-I00-N01,C48,방해
월보,C48-S00-I00-N01,C48,풍우
월보,C48-S00-I00-N01,C48,침습
월보,C48-S00-I00-N01,C48,一切
월보,C48-S00-I00-N01,C48,승천입지
월보,C48-S00-I00-N01,C48,난경
월보,C48-S00-I00-N01,C48,동륙
월보,C48-S00-I00-N01,C48,누진통
월보,C48-S00-I00-N01,C48,누진즉세계
월보,C48-S00-I00-N01,C48,견사혹
월보,C48-S00-I00-N01,C48,대철저대오혹
월보,C48-S00-I00-N01,C48,실개멸
월보,C48-S00-I00-N01,C48,삼계
월보,C48-S00-I00-N01,C48,생사
월보,C48-S00-I00-N01,C48,불수
월보,C48-S00-I00-N01,C48,대신통
월보,C48-S00-I00-N01,C48,유가
월보,C48-S00-I00-N01,C48,윤리
월보,C48-S00-I00-N01,C48,대가
월보,C48-S00-I00-N01,C48,영통적대근저
월보,C48-S00-I00-N01,C48,상설
월보,C48-S00-I00-N01,C48,일조활연관통
월보,C48-S00-I00-N01,C48,조양
월보,C48-S00-I00-N01,C48,변화
월보,C48-S00-I00-N01,C48,귀신
월보,C48-S00-I00-N01,C48,성덕
월보,C48-S00-I00-N01,C48,초목조수
월보,C48-S00-I00-N01,C48,영력
월보,C48-S00-I00-N01,C48,성통
월보,C48-S00-I00-N01,C48,천지
월보,C48-S00-I00-N01,C48,대능력
월보,C48-S00-I00-N01,C48,통용
월보,C48-S00-I00-N01,C48,유교
월보,C48-S00-I00-N01,C48,극치
월보,C48-S00-I00-N01,C48,본래
월보,C48-S00-I00-N01,C48,자연현상
월보,C48-S00-I00-N01,C48,지중
월보,C48-S00-I00-N01,C48,자연
월보,C48-S00-I00-N01,C48,근본적리회
월보,C48-S00-I00-N01,C48,수련
월보,C48-S00-I00-N01,C48,운용
월보,C48-S00-I00-N01,C48,사생
월보,C48-S00-I00-N01,C48,초월
월보,C48-S00-I00-N01,C48,대자연
월보,C48-S00-I00-N01,C48,운명중
월보,C48-S00-I00-N01,C48,영세무궁
월보,C48-S00-I00-N01,C48,변화이외
월보,C48-S00-I00-N01,C48,정신현상
월보,C48-S00-I00-N01,C48,심리
월보,C48-S00-I00-N01,C48,인정
월보,C48-S00-I00-N01,C48,하등
월보,C48-S00-I00-N01,C48,자재
월보,C48-S00-I00-N01,C48,기기독
월보,C48-S00-I00-N01,C48,대천
월보,C48-S00-I00-N01,C48,造化
월보,C48-S00-I00-N01,C48,맹인
월보,C48-S00-I00-N01,C48,명안
월보,C48-S00-I00-N01,C48,아자
월보,C48-S00-I00-N01,C48,능언
월보,C48-S00-I00-N01,C48,파자
월보,C48-S00-I00-N01,C48,능보등제반편증
월보,C48-S00-I00-N01,C48,영력
월보,C48-S00-I00-N01,C48,치료
월보,C48-S00-I00-N01,C48,필경자실
월보,C48-S00-I00-N01,C48,자연
월보,C48-S00-I00-N01,C48,이치
월보,C48-S00-I00-N01,C48,교리부
월보,C48-S00-I00-N01,C48,야수
월보,C48-S00-I00-N01,C48,하단
월보,C48-S00-I00-N01,C48,기타락반의상이외
월보,C48-S00-I00-N01,C48,비상현상
월보,C48-S00-I00-N01,C48,매거
월보,C48-S00-I00-N01,C48,불황
월보,C48-S00-I00-N01,C48,총언
월보,C48-S00-I00-N01,C48,영통
월보,C48-S00-I00-N01,C48,각반현상
월보,C48-S00-I00-N01,C48,표현
월보,C48-S00-I00-N01,C48,금일오교
월보,C48-S00-I00-N01,C48,영원
월보,C48-S00-I00-N01,C48,공전절후
월보,C48-S00-I00-N01,C48,대신사
월보,C48-S00-I00-N01,C48,영원
월보,C48-S00-I00-N01,C48,발견
월보,C48-S00-I00-N01,C48,이후
월보,C48-S00-I00-N01,C48,해월신사
월보,C48-S00-I00-N01,C48,우장래
월보,C48-S00-I00-N01,C48,영통자
월보,C48-S00-I00-N01,C48,육속출래
월보,C48-S00-I00-N01,C48,세계
월보,C48-S00-I00-N01,C48,주목
월보,C48-S00-I00-N01,C48,영통
월보,C48-S00-I00-N01,C48,상유
월보,C48-S00-I00-N01,C48,사실
월보,C48-S00-I00-N01,C48,인정
월보,C48-S00-I00-N01,C48,우령통력
월보,C48-S00-I00-N01,C48,인간호유
월보,C48-S00-I00-N01,C48,사실
월보,C48-S00-I00-N01,C48,사실
월보,C48-S00-I00-N01,C48,변명
월보,C48-S00-I00-N01,C48,역불난
월보,C48-S00-I00-N01,C48,변설인성
월보,C48-S00-I00-N01,C48,본래
월보,C48-S00-I00-N01,C48,정신
월보,C48-S00-I00-N01,C48,비상현상
월보,C48-S00-I00-N01,C48,일인이인내지학자
월보,C48-S00-I00-N01,C48,불가사의
월보,C48-S00-I00-N01,C48,현재
월보,C48-S00-I00-N01,C48,심리학
월보,C48-S00-I00-N01,C48,설명
월보,C48-S00-I00-N01,C48,불능
월보,C48-S00-I00-N01,C48,유래정신현상
월보,C48-S00-I00-N01,C48,연구
월보,C48-S00-I00-N01,C48,오인
월보,C48-S00-I00-N01,C48,평생운
월보,C48-S00-I00-N01,C48,정신
월보,C48-S00-I00-N01,C48,본체
월보,C48-S00-I00-N01,C48,종래
월보,C48-S00-I00-N01,C48,심리학
월보,C48-S00-I00-N01,C48,심혹
월보,C48-S00-I00-N01,C48,정신
월보,C48-S00-I00-N01,C48,유표상적
월보,C48-S00-I00-N01,C48,실험우경험상
월보,C48-S00-I00-N01,C48,일호
월보,C48-S00-I00-N01,C48,이대
월보,C48-S00-I00-N01,C48,출입
월보,C48-S00-I00-N01,C48,실험이외
월보,C48-S00-I00-N01,C48,정신현상
월보,C48-S00-I00-N01,C48,심리
월보,C48-S00-I00-N01,C48,인정
월보,C48-S00-I00-N01,C48,기리
월보,C48-S00-I00-N01,C48,영통력즉정신비상현상
월보,C48-S00-I00-N01,C48,심리
월보,C48-S00-I00-N01,C48,하등
월보,C48-S00-I00-N01,C48,능리치
월보,C48-S00-I00-N01,C48,이오
월보,C48-S00-I00-N01,C48,교리부오인
월보,C48-S00-I00-N01,C48,차일종래심리학
월보,C48-S00-I00-N01,C48,의심
월보,C48-S00-I00-N01,C48,즉심리학
월보,C48-S00-I00-N01,C48,범위
월보,C48-S00-I00-N01,C48,확장
월보,C48-S00-I00-N01,C48,영통력
월보,C48-S00-I00-N01,C48,여하
월보,C48-S00-I00-N01,C48,강구
월보,C48-S00-I00-N01,C48,以上
월보,C48-S00-I00-N01,C48,정신비상현상
월보,C48-S00-I00-N01,C48,동서고금
월보,C48-S00-I00-N01,C48,일반인
월보,C48-S00-I00-N01,C48,진기
월보,C48-S00-I00-N01,C48,불가사의
월보,C48-S00-I00-N01,C48,불심
월보,C48-S00-I00-N01,C48,세인
월보,C48-S00-I00-N01,C48,불심
월보,C48-S00-I00-N01,C48,일면
월보,C48-S00-I00-N01,C48,타일면
월보,C48-S00-I00-N01,C48,역시기연
월보,C48-S00-I00-N01,C48,불무
월보,C48-S00-I00-N01,C48,하자
월보,C48-S00-I00-N01,C48,유래
월보,C48-S00-I00-N01,C48,학자등
월보,C48-S00-I00-N01,C48,과학
월보,C48-S00-I00-N01,C48,일방면
월보,C48-S00-I00-N01,C48,자국자존
월보,C48-S00-I00-N01,C48,일보
월보,C48-S00-I00-N01,C48,기범위외
월보,C48-S00-I00-N01,C48,오인
월보,C48-S00-I00-N01,C48,구연
월보,C48-S00-I00-N01,C48,영통력
월보,C48-S00-I00-N01,C48,학술적방면
월보,C48-S00-I00-N01,C48,불사의
월보,C48-S00-I00-N01,C48,불가해
월보,C48-S00-I00-N01,C48,이해력
월보,C48-S00-I00-N01,C48,확유
월보,C48-S00-I00-N01,C48,당현재
월보,C48-S00-I00-N01,C48,생리학물리학심리학
월보,C48-S00-I00-N01,C48,造化
월보,C48-S00-I00-N01,C48,외일일면즉최소
월보,C48-S00-I00-N01,C48,편부분
월보,C48-S00-I00-N01,C48,불대
월보,C48-S00-I00-N02,C48,同樣
월보,C48-S00-I00-N02,C48,현재오인
월보,C48-S00-I00-N02,C48,발현
월보,C48-S00-I00-N02,C48,인격
월보,C48-S00-I00-N02,C48,역인간본성
월보,C48-S00-I00-N02,C48,총현
월보,C48-S00-I00-N02,C48,인성
월보,C48-S00-I00-N02,C48,전부
월보,C48-S00-I00-N02,C48,명백
월보,C48-S00-I00-N02,C48,즉보통인
월보,C48-S00-I00-N02,C48,감각
월보,C48-S00-I00-N02,C48,육체
월보,C48-S00-I00-N02,C48,인격이외
월보,C48-S00-I00-N02,C48,무한
월보,C48-S00-I00-N02,C48,가능성적잠세력
월보,C48-S00-I00-N02,C48,인격
월보,C48-S00-I00-N02,C48,복재
월보,C48-S00-I00-N02,C48,원시시대
월보,C48-S00-I00-N02,C48,인류감각인류
월보,C48-S00-I00-N02,C48,하고
월보,C48-S00-I00-N02,C48,영통력발현
월보,C48-S00-I00-N02,C48,설명
월보,C48-S00-I00-N02,C48,오인
월보,C48-S00-I00-N02,C48,인류원시시대인류감각태초
월보,C48-S00-I00-N02,C48,연구
월보,C48-S00-I00-N02,C48,필요
월보,C48-S00-I00-N02,C48,인류
월보,C48-S00-I00-N02,C48,원시시대
월보,C48-S00-I00-N02,C48,타동물
월보,C48-S00-I00-N02,C48,무이
월보,C48-S00-I00-N02,C48,용역
월보,C48-S00-I00-N02,C48,해득
월보,C48-S00-I00-N02,C48,감각
월보,C48-S00-I00-N02,C48,현재심리학상기재
월보,C48-S00-I00-N02,C48,작용
월보,C48-S00-I00-N02,C48,불유
월보,C48-S00-I00-N02,C48,진화학상
월보,C48-S00-I00-N02,C48,연구
월보,C48-S00-I00-N02,C48,설명
월보,C48-S00-I00-N02,C48,인류태초
월보,C48-S00-I00-N02,C48,일개세포차세포
월보,C48-S00-I00-N02,C48,차제
월보,C48-S00-I00-N02,C48,세포
월보,C48-S00-I00-N02,C48,발달
월보,C48-S00-I00-N02,C48,미균
월보,C48-S00-I00-N02,C48,조수
월보,C48-S00-I00-N02,C48,인류
월보,C48-S00-I00-N02,C48,인류
월보,C48-S00-I00-N02,C48,祖先
월보,C48-S00-I00-N02,C48,기원시시대
월보,C48-S00-I00-N02,C48,역시징세
월보,C48-S00-I00-N02,C48,일개
월보,C48-S00-I00-N02,C48,생물
월보,C48-S00-I00-N02,C48,물론금일
월보,C48-S00-I00-N02,C48,형체
월보,C48-S00-I00-N02,C48,감각
월보,C48-S00-I00-N02,C48,불대
월보,C48-S00-I00-N02,C48,차시대
월보,C48-S00-I00-N02,C48,인류
월보,C48-S00-I00-N02,C48,인류
월보,C48-S00-I00-N02,C48,동물
월보,C48-S00-I00-N02,C48,감각
월보,C48-S00-I00-N02,C48,여하
월보,C48-S00-I00-N02,C48,도저
월보,C48-S00-I00-N02,C48,추측
월보,C48-S00-I00-N02,C48,불능
월보,C48-S00-I00-N02,C48,여하
월보,C48-S00-I00-N02,C48,일절감각
월보,C48-S00-I00-N02,C48,금일
월보,C48-S00-I00-N02,C48,심리조직
월보,C48-S00-I00-N02,C48,생물
월보,C48-S00-I00-N02,C48,정신작용
월보,C48-S00-I00-N02,C48,운동
월보,C48-S00-I00-N02,C48,교리부
월보,C48-S00-I00-N02,C48,불구
월보,C48-S00-I00-N02,C48,자운자동
월보,C48-S00-I00-N02,C48,필요
월보,C48-S00-I00-N02,C48,방면
월보,C48-S00-I00-N02,C48,자체
월보,C48-S00-I00-N02,C48,운동
월보,C48-S00-I00-N02,C48,계속
월보,C48-S00-I00-N02,C48,필경
월보,C48-S00-I00-N02,C48,인류
월보,C48-S00-I00-N02,C48,감각
월보,C48-S00-I00-N02,C48,필요
월보,C48-S00-I00-N02,C48,방향
월보,C48-S00-I00-N02,C48,필요
월보,C48-S00-I00-N02,C48,차제
월보,C48-S00-I00-N02,C48,발달
월보,C48-S00-I00-N02,C48,태양
월보,C48-S00-I00-N02,C48,광선
월보,C48-S00-I00-N02,C48,작성
월보,C48-S00-I00-N02,C48,작성
월보,C48-S00-I00-N02,C48,수십만년광선
월보,C48-S00-I00-N02,C48,불지불식간
월보,C48-S00-I00-N02,C48,금일
월보,C48-S00-I00-N02,C48,감각
월보,C48-S00-I00-N02,C48,발달
월보,C48-S00-I00-N02,C48,인류
월보,C48-S00-I00-N02,C48,불능
월보,C48-S00-I00-N02,C48,동물
월보,C48-S00-I00-N02,C48,사위
월보,C48-S00-I00-N02,C48,기일례
월보,C48-S00-I00-N02,C48,북미합중국
월보,C48-S00-I00-N02,C48,종십리
월보,C48-S00-I00-N02,C48,대혈
월보,C48-S00-I00-N02,C48,차중
월보,C48-S00-I00-N02,C48,대하
월보,C48-S00-I00-N02,C48,어하
월보,C48-S00-I00-N02,C48,차중
월보,C48-S00-I00-N02,C48,생성
월보,C48-S00-I00-N02,C48,주소
월보,C48-S00-I00-N02,C48,차혈
월보,C48-S00-I00-N02,C48,하시
월보,C48-S00-I00-N02,C48,광선
월보,C48-S00-I00-N02,C48,불입
월보,C48-S00-I00-N02,C48,암흑
월보,C48-S00-I00-N02,C48,전연
월보,C48-S00-I00-N02,C48,철도수도
월보,C48-S00-I00-N02,C48,상태
월보,C48-S00-I00-N02,C48,기중
월보,C48-S00-I00-N02,C48,동물
월보,C48-S00-I00-N02,C48,맹목
월보,C48-S00-I00-N02,C48,중요부분
월보,C48-S00-I00-N02,C48,유기형적
월보,C48-S00-I00-N02,C48,사실
월보,C48-S00-I00-N02,C48,동물
월보,C48-S00-I00-N02,C48,同樣
월보,C48-S00-I00-N02,C48,시등어류
월보,C48-S00-I00-N02,C48,실지
월보,C48-S00-I00-N02,C48,조사
월보,C48-S00-I00-N02,C48,일종
월보,C48-S00-I00-N02,C48,타소
월보,C48-S00-I00-N02,C48,어류
월보,C48-S00-I00-N02,C48,동종류
월보,C48-S00-I00-N02,C48,어류
월보,C48-S00-I00-N02,C48,존재
월보,C48-S00-I00-N02,C48,발견
월보,C48-S00-I00-N02,C48,암흑
월보,C48-S00-I00-N02,C48,시등
월보,C48-S00-I00-N02,C48,동물
월보,C48-S00-I00-N02,C48,당초
월보,C48-S00-I00-N02,C48,기명외
월보,C48-S00-I00-N02,C48,장재
월보,C48-S00-I00-N02,C48,광선
월보,C48-S00-I00-N02,C48,보통안
월보,C48-S00-I00-N02,C48,필요
월보,C48-S00-I00-N02,C48,감각
월보,C48-S00-I00-N02,C48,광선중물
월보,C48-S00-I00-N02,C48,금일광선
월보,C48-S00-I00-N02,C48,작용
월보,C48-S00-I00-N02,C48,하생활
월보,C48-S00-I00-N02,C48,오인류
월보,C48-S00-I00-N02,C48,금일광선
월보,C48-S00-I00-N02,C48,작용하
월보,C48-S00-I00-N02,C48,필요
월보,C48-S00-I00-N02,C48,육안
월보,C48-S00-I00-N02,C48,약광선
월보,C48-S00-I00-N02,C48,전무
월보,C48-S00-I00-N02,C48,생활
월보,C48-S00-I00-N02,C48,고도
월보,C48-S00-I00-N02,C48,고도
월보,C48-S00-I00-N02,C48,무리
월보,C48-S00-I00-N02,C48,시등사실
월보,C48-S00-I00-N03,C48,인류
월보,C48-S00-I00-N03,C48,감각
월보,C48-S00-I00-N03,C48,원시시대
월보,C48-S00-I00-N03,C48,하등조직
월보,C48-S00-I00-N03,C48,필요
월보,C48-S00-I00-N03,C48,부분
월보,C48-S00-I00-N03,C48,발달
월보,C48-S00-I00-N03,C48,자인류
월보,C48-S00-I00-N03,C48,생존적요건
월보,C48-S00-I00-N03,C48,감각
월보,C48-S00-I00-N03,C48,상태
월보,C48-S00-I00-N03,C48,필요
월보,C48-S00-I00-N03,C48,감각
월보,C48-S00-I00-N03,C48,발달
월보,C48-S00-I00-N03,C48,불지
월보,C48-S00-I00-N03,C48,현재감각이외
월보,C48-S00-I00-N03,C48,무한
월보,C48-S00-I00-N03,C48,잠감각
월보,C48-S00-I00-N03,C48,오인
월보,C48-S00-I00-N03,C48,심리
월보,C48-S00-I00-N03,C48,신비
월보,C48-S00-I00-N03,C48,명백
월보,C48-S00-I00-N03,C48,지도
월보,C48-S00-I00-N03,C48,감각이외
월보,C48-S00-I00-N03,C48,영감작용고고학
월보,C48-S00-I00-N03,C48,역사전인류
월보,C48-S00-I00-N03,C48,뇌수
월보,C48-S00-I00-N03,C48,현금인류
월보,C48-S00-I00-N03,C48,비상
월보,C48-S00-I00-N03,C48,차이
월보,C48-S00-I00-N03,C48,즉언어
월보,C48-S00-I00-N03,C48,기관
월보,C48-S00-I00-N03,C48,부분
월보,C48-S00-I00-N03,C48,대부분
월보,C48-S00-I00-N03,C48,인류
월보,C48-S00-I00-N03,C48,차제진화
월보,C48-S00-I00-N03,C48,기형
월보,C48-S00-I00-N03,C48,칙차시대
월보,C48-S00-I00-N03,C48,상차언
월보,C48-S00-I00-N03,C48,인류
월보,C48-S00-I00-N03,C48,명백
월보,C48-S00-I00-N03,C48,차시대
월보,C48-S00-I00-N03,C48,인류
월보,C48-S00-I00-N03,C48,즉동물
월보,C48-S00-I00-N03,C48,시등
월보,C48-S00-I00-N03,C48,동물
월보,C48-S00-I00-N03,C48,당초
월보,C48-S00-I00-N03,C48,기명성
월보,C48-S00-I00-N03,C48,하자
월보,C48-S00-I00-N03,C48,불무
월보,C48-S00-I00-N03,C48,차시대
월보,C48-S00-I00-N03,C48,교리부수
월보,C48-S00-I00-N03,C48,오상의지
월보,C48-S00-I00-N03,C48,유일
월보,C48-S00-I00-N03,C48,부호
월보,C48-S00-I00-N03,C48,기이전
월보,C48-S00-I00-N03,C48,미지
월보,C48-S00-I00-N03,C48,기의사
월보,C48-S00-I00-N03,C48,통지표정
월보,C48-S00-I00-N03,C48,불과
월보,C48-S00-I00-N03,C48,필요
월보,C48-S00-I00-N03,C48,차제발달
월보,C48-S00-I00-N03,C48,금일
월보,C48-S00-I00-N03,C48,미지
월보,C48-S00-I00-N03,C48,명성
월보,C48-S00-I00-N03,C48,즉언어
월보,C48-S00-I00-N03,C48,여차
월보,C48-S00-I00-N03,C48,사고
월보,C48-S00-I00-N03,C48,인류
월보,C48-S00-I00-N03,C48,혹시대
월보,C48-S00-I00-N03,C48,언어
월보,C48-S00-I00-N03,C48,불용
월보,C48-S00-I00-N03,C48,자심
월보,C48-S00-I00-N03,C48,능력
월보,C48-S00-I00-N03,C48,단오인
월보,C48-S00-I00-N03,C48,언어우
월보,C48-S00-I00-N03,C48,문장
월보,C48-S00-I00-N03,C48,기의사
월보,C48-S00-I00-N03,C48,타도리
월보,C48-S00-I00-N03,C48,기사상
월보,C48-S00-I00-N03,C48,불사의
월보,C48-S00-I00-N03,C48,인류
월보,C48-S00-I00-N03,C48,현유감각
월보,C48-S00-I00-N03,C48,타도
월보,C48-S00-I00-N03,C48,여하
월보,C48-S00-I00-N03,C48,감각
월보,C48-S00-I00-N03,C48,사고
월보,C48-S00-I00-N03,C48,비상외
월보,C48-S00-I00-N03,C48,불지
월보,C48-S00-I00-N03,C48,고도
월보,C48-S00-I00-N03,C48,동물
월보,C48-S00-I00-N03,C48,실험적
월보,C48-S00-I00-N03,C48,비평
월보,C48-S00-I00-N03,C48,오인류
월보,C48-S00-I00-N03,C48,감각
월보,C48-S00-I00-N03,C48,감각
월보,C48-S00-I00-N03,C48,경탄
월보,C48-S00-I00-N03,C48,불소
월보,C48-S00-I00-N03,C48,오인
월보,C48-S00-I00-N03,C48,현재오감적감각이외
월보,C48-S00-I00-N03,C48,가능성
월보,C48-S00-I00-N03,C48,무한
월보,C48-S00-I00-N03,C48,잠정신적령감작용
월보,C48-S00-I00-N03,C48,신비
월보,C48-S00-I00-N03,C48,가인
월보,C48-S00-I00-N03,C48,오인
월보,C48-S00-I00-N03,C48,영통력
월보,C48-S00-I00-N03,C48,즉오인
월보,C48-S00-I00-N03,C48,내용
월보,C48-S00-I00-N03,C48,포용
월보,C48-S00-I00-N03,C48,잠세
월보,C48-S00-I00-N03,C48,역적령감즉신통
월보,C48-S00-I00-N03,C48,사실
월보,C48-S00-I00-N03,C48,표현
월보,C48-S00-I00-N03,C48,허무망상
월보,C48-S00-I00-N03,C48,가지
월보,C48-S00-I00-N03,C48,미완
월보,C49-S00-I00-N01,C49,교리부묵념론
월보,C49-S00-I00-N01,C49,이교화묵념
월보,C49-S00-I00-N01,C49,수양묵념
월보,C49-S00-I00-N01,C49,윤리적가치
월보,C49-S00-I00-N01,C49,전호
월보,C49-S00-I00-N01,C49,기술
월보,C49-S00-I00-N01,C49,고래수덕
월보,C49-S00-I00-N01,C49,일인
월보,C49-S00-I00-N01,C49,나마무사
월보,C49-S00-I00-N01,C49,정신
월보,C49-S00-I00-N01,C49,도야
월보,C49-S00-I00-N01,C49,학파
월보,C49-S00-I00-N01,C49,오인
월보,C49-S00-I00-N01,C49,도덕
월보,C49-S00-I00-N01,C49,사소
월보,C49-S00-I00-N01,C49,외계외물
월보,C49-S00-I00-N01,C49,불동심
월보,C49-S00-I00-N01,C49,우왈아
월보,C49-S00-I00-N01,C49,주인공
월보,C49-S00-I00-N01,C49,주인공
월보,C49-S00-I00-N01,C49,수양
월보,C49-S00-I00-N01,C49,필요
월보,C49-S00-I00-N01,C49,맹가
월보,C49-S00-I00-N01,C49,학문
월보,C49-S00-I00-N01,C49,기방심
월보,C49-S00-I00-N01,C49,기방심
월보,C49-S00-I00-N01,C49,야기설
월보,C49-S00-I00-N01,C49,주창
월보,C49-S00-I00-N01,C49,개방심
월보,C49-S00-I00-N01,C49,양심
월보,C49-S00-I00-N01,C49,자방자폭
월보,C49-S00-I00-N01,C49,원래
월보,C49-S00-I00-N01,C49,양심
월보,C49-S00-I00-N01,C49,초목
월보,C49-S00-I00-N01,C49,맹아
월보,C49-S00-I00-N01,C49,일상백반
월보,C49-S00-I00-N01,C49,행동
월보,C49-S00-I00-N01,C49,전휴
월보,C49-S00-I00-N01,C49,일절악사
월보,C49-S00-I00-N01,C49,망각
월보,C49-S00-I00-N01,C49,자유
월보,C49-S00-I00-N01,C49,호연
월보,C49-S00-I00-N01,C49,우왈만물
월보,C49-S00-I00-N01,C49,송유
월보,C49-S00-I00-N01,C49,천인합일
월보,C49-S00-I00-N01,C49,사상
월보,C49-S00-I00-N02,C49,수덕
월보,C49-S00-I00-N02,C49,공부
월보,C49-S00-I00-N02,C49,본래차
월보,C49-S00-I00-N02,C49,원만구족
월보,C49-S00-I00-N02,C49,맹자
월보,C49-S00-I00-N02,C49,만물
월보,C49-S00-I00-N02,C49,실연
월보,C49-S00-I00-N02,C49,인욕
월보,C49-S00-I00-N02,C49,기본래
월보,C49-S00-I00-N02,C49,발휘
월보,C49-S00-I00-N02,C49,불능
월보,C49-S00-I00-N02,C49,수덕
월보,C49-S00-I00-N02,C49,제일
월보,C49-S00-I00-N02,C49,공부
월보,C49-S00-I00-N02,C49,인욕
월보,C49-S00-I00-N02,C49,공공
월보,C49-S00-I00-N02,C49,도심
월보,C49-S00-I00-N02,C49,기인욕
월보,C49-S00-I00-N02,C49,야간
월보,C49-S00-I00-N02,C49,인성
월보,C49-S00-I00-N02,C49,자연
월보,C49-S00-I00-N02,C49,양심
월보,C49-S00-I00-N02,C49,교리부치심
월보,C49-S00-I00-N02,C49,주일무적이경직내
월보,C49-S00-I00-N02,C49,편시호연지기
월보,C49-S00-I00-N02,C49,이천
월보,C49-S00-I00-N02,C49,천지
월보,C49-S00-I00-N02,C49,상통
월보,C49-S00-I00-N02,C49,분란
월보,C49-S00-I00-N02,C49,즉경
월보,C49-S00-I00-N02,C49,무적
월보,C49-S00-I00-N02,C49,무적
월보,C49-S00-I00-N02,C49,칙사려분란
월보,C49-S00-I00-N02,C49,자소멸
월보,C49-S00-I00-N02,C49,사려분란
월보,C49-S00-I00-N02,C49,정좌혹
월보,C49-S00-I00-N02,C49,좌선인정
월보,C49-S00-I00-N02,C49,필요
월보,C49-S00-I00-N02,C49,주자
월보,C49-S00-I00-N02,C49,역좌
월보,C49-S00-I00-N02,C49,필요
월보,C49-S00-I00-N02,C49,차심
월보,C49-S00-I00-N02,C49,수렴
월보,C49-S00-I00-N02,C49,번극
월보,C49-S00-I00-N02,C49,사려
월보,C49-S00-I00-N02,C49,차심
월보,C49-S00-I00-N02,C49,담연
월보,C49-S00-I00-N02,C49,무사
월보,C49-S00-I00-N02,C49,왈륙상산
월보,C49-S00-I00-N02,C49,관심
월보,C49-S00-I00-N02,C49,기법
월보,C49-S00-I00-N02,C49,선악
월보,C49-S00-I00-N02,C49,일모
월보,C49-S00-I00-N02,C49,불사
월보,C49-S00-I00-N02,C49,안초목
월보,C49-S00-I00-N02,C49,소이
월보,C49-S00-I00-N02,C49,불가
월보,C49-S00-I00-N02,C49,본문
월보,C49-S00-I00-N02,C49,위치
월보,C49-S00-I00-N02,C49,기지
월보,C49-S00-I00-N02,C49,왕양명
월보,C49-S00-I00-N02,C49,즉차
월보,C49-S00-I00-N02,C49,차등학설
월보,C49-S00-I00-N02,C49,일층비근
월보,C49-S00-I00-N02,C49,차통속적
월보,C49-S00-I00-N02,C49,설명
월보,C49-S00-I00-N02,C49,기관심법제
월보,C49-S00-I00-N02,C49,심중
월보,C49-S00-I00-N02,C49,심중
월보,C49-S00-I00-N02,C49,허명무착
월보,C49-S00-I00-N02,C49,일점
월보,C49-S00-I00-N02,C49,일념
월보,C49-S00-I00-N02,C49,목전
월보,C49-S00-I00-N02,C49,역력
월보,C49-S00-I00-N02,C49,징청
월보,C49-S00-I00-N02,C49,심담
월보,C49-S00-I00-N02,C49,만영
월보,C49-S00-I00-N02,C49,내침
월보,C49-S00-I00-N02,C49,고인
월보,C49-S00-I00-N02,C49,차취
월보,C49-S00-I00-N02,C49,지선
월보,C49-S00-I00-N02,C49,오심
월보,C49-S00-I00-N02,C49,불지
월보,C49-S00-I00-N02,C49,즉일용
월보,C49-S00-I00-N02,C49,종용망동
월보,C49-S00-I00-N02,C49,안정
월보,C49-S00-I00-N02,C49,종용가
월보,C49-S00-I00-N02,C49,범일념
월보,C49-S00-I00-N02,C49,발사
월보,C49-S00-I00-N02,C49,개지선
월보,C49-S00-I00-N02,C49,운사
월보,C49-S00-I00-N02,C49,개지선
월보,C49-S00-I00-N03,C49,증사숙려
월보,C49-S00-I00-N03,C49,일간
월보,C49-S00-I00-N03,C49,공부
월보,C49-S00-I00-N03,C49,분요
월보,C49-S00-I00-N03,C49,정좌품성
월보,C49-S00-I00-N03,C49,필요
월보,C49-S00-I00-N03,C49,지선
월보,C49-S00-I00-N03,C49,오심
월보,C49-S00-I00-N03,C49,불지
월보,C49-S00-I00-N03,C49,일정
월보,C49-S00-I00-N03,C49,방향
월보,C49-S00-I00-N03,C49,분운분영
월보,C49-S00-I00-N03,C49,오심
월보,C49-S00-I00-N03,C49,일정
월보,C49-S00-I00-N03,C49,방향
월보,C49-S00-I00-N03,C49,지리결렬착오분운
월보,C49-S00-I00-N03,C49,오심
월보,C49-S00-I00-N03,C49,일정
월보,C49-S00-I00-N03,C49,방향
월보,C49-S00-I00-N03,C49,일지만사물물
월보,C49-S00-I00-N03,C49,지리결렬착오분운
월보,C49-S00-I00-N03,C49,오심
월보,C49-S00-I00-N03,C49,일정
월보,C49-S00-I00-N03,C49,방향
월보,C49-S00-I00-N03,C49,선념
월보,C49-S00-I00-N03,C49,즉발
월보,C49-S00-I00-N03,C49,악념
월보,C49-S00-I00-N03,C49,즉발
월보,C49-S00-I00-N03,C49,혼연
월보,C49-S00-I00-N03,C49,대장
월보,C49-S00-I00-N03,C49,기기
월보,C49-S00-I00-N03,C49,천하
월보,C49-S00-I00-N03,C49,장상
월보,C49-S00-I00-N03,C49,차시
월보,C49-S00-I00-N03,C49,심중
월보,C49-S00-I00-N03,C49,무악무선
월보,C49-S00-I00-N03,C49,동시
월보,C49-S00-I00-N03,C49,역능용악
월보,C49-S00-I00-N03,C49,차선
월보,C49-S00-I00-N03,C49,즉차
월보,C49-S00-I00-N03,C49,순선
월보,C49-S00-I00-N03,C49,대학
월보,C49-S00-I00-N03,C49,지선
월보,C49-S00-I00-N03,C49,맹자
월보,C49-S00-I00-N03,C49,성선
월보,C49-S00-I00-N03,C49,노자
월보,C49-S00-I00-N03,C49,장자
월보,C49-S00-I00-N03,C49,허실생백
월보,C49-S00-I00-N03,C49,불가
월보,C49-S00-I00-N03,C49,진여진상열반불성
월보,C49-S00-I00-N03,C49,개차
월보,C49-S00-I00-N03,C49,윤리적학설
월보,C49-S00-I00-N03,C49,수덕
월보,C49-S00-I00-N03,C49,공부
월보,C49-S00-I00-N03,C49,침사명상
월보,C49-S00-I00-N03,C49,품성도야인격양성
월보,C49-S00-I00-N03,C49,필요
월보,C49-S00-I00-N03,C49,정사서고
월보,C49-S00-I00-N03,C49,천하
월보,C49-S00-I00-N03,C49,천하
월보,C49-S00-I00-N03,C49,자개자헌
월보,C49-S00-I00-N03,C49,선념
월보,C49-S00-I00-N03,C49,즉발
월보,C49-S00-I00-N03,C49,차우주
월보,C49-S00-I00-N03,C49,일원
월보,C49-S00-I00-N03,C49,행동
월보,C49-S00-I00-N03,C49,무진
월보,C49-S00-I00-N03,C49,건곤
월보,C49-S00-I00-N03,C49,영향
월보,C49-S00-I00-N03,C49,심리
월보,C49-S00-I00-N03,C49,우주
월보,C49-S00-I00-N03,C49,정신
월보,C49-S00-I00-N03,C49,하업
월보,C49-S00-I00-N03,C49,불능
월보,C49-S00-I00-N03,C49,하선
월보,C49-S00-I00-N03,C49,불능
월보,C49-S00-I00-N04,C49,윤리적수양
월보,C49-S00-I00-N04,C49,묵념
월보,C49-S00-I00-N04,C49,시미봉훈
월보,C49-S00-I00-N04,C49,이인구묵념
월보,C49-S00-I00-N04,C49,진리직관
월보,C49-S00-I00-N04,C49,방법
월보,C49-S00-I00-N04,C49,윤리적수양
월보,C49-S00-I00-N04,C49,호수단
월보,C49-S00-I00-N04,C49,묵념
월보,C49-S00-I00-N04,C49,오인
월보,C49-S00-I00-N04,C49,진선미
월보,C49-S00-I00-N04,C49,오인
월보,C49-S00-I00-N04,C49,미상
월보,C49-S00-I00-N04,C49,묵념황홀
월보,C49-S00-I00-N04,C49,시경
월보,C49-S00-I00-N04,C49,용연
월보,C49-S00-I00-N04,C49,뇌두
월보,C49-S00-I00-N04,C49,기시
월보,C49-S00-I00-N04,C49,기도시도
월보,C49-S00-I00-N04,C49,본의
월보,C49-S00-I00-N04,C49,묵념
월보,C49-S00-I00-N04,C49,가경
월보,C49-S00-I00-N04,C49,체재
월보,C49-S00-I00-N04,C49,격도
월보,C49-S00-I00-N04,C49,정신
월보,C49-S00-I00-N04,C49,정신
월보,C49-S00-I00-N04,C49,기삼물
월보,C49-S00-I00-N04,C49,총요
월보,C49-S00-I00-N04,C49,개정신
월보,C49-S00-I00-N04,C49,격조
월보,C49-S00-I00-N04,C49,체격
월보,C49-S00-I00-N04,C49,노당
월보,C49-S00-I00-N04,C49,대개흥취
월보,C49-S00-I00-N04,C49,교리부흥취
월보,C49-S00-I00-N04,C49,차정신
월보,C49-S00-I00-N04,C49,소재
월보,C49-S00-I00-N04,C49,명상
월보,C49-S00-I00-N04,C49,명상
월보,C49-S00-I00-N04,C49,고인
월보,C49-S00-I00-N04,C49,기의
월보,C49-S00-I00-N04,C49,묵회
월보,C49-S00-I00-N04,C49,술작
월보,C49-S00-I00-N04,C49,기지
월보,C49-S00-I00-N04,C49,잠리
월보,C49-S00-I00-N04,C49,차점리잠회
월보,C49-S00-I00-N04,C49,묵념
월보,C49-S00-I00-N04,C49,여하
월보,C49-S00-I00-N04,C49,정신
월보,C49-S00-I00-N04,C49,차중
월보,C49-S00-I00-N04,C49,대개
월보,C49-S00-I00-N04,C49,묵념황홀
월보,C49-S00-I00-N04,C49,천지
월보,C49-S00-I00-N04,C49,만물
월보,C49-S00-I00-N04,C49,불변
월보,C49-S00-I00-N04,C49,차감응
월보,C49-S00-I00-N04,C49,즉소위정신
월보,C49-S00-I00-N04,C49,기물
월보,C49-S00-I00-N04,C49,정찰체관
월보,C49-S00-I00-N04,C49,대개평생
월보,C49-S00-I00-N04,C49,작용
월보,C49-S00-I00-N04,C49,불동
월보,C49-S00-I00-N04,C49,작용
월보,C49-S00-I00-N04,C49,선전선역
월보,C49-S00-I00-N04,C49,동지무상
월보,C49-S00-I00-N04,C49,묵념중
월보,C49-S00-I00-N04,C49,정신
월보,C49-S00-I00-N04,C49,만불연
월보,C49-S00-I00-N04,C49,기감현
월보,C49-S00-I00-N04,C49,작용
월보,C49-S00-I00-N04,C49,집지
월보,C49-S00-I00-N04,C49,도완
월보,C49-S00-I00-N04,C49,지집의
월보,C49-S00-I00-N04,C49,집지
월보,C49-S00-I00-N04,C49,기존
월보,C49-S00-I00-N04,C49,편편상속
월보,C49-S00-I00-N04,C49,고탕
월보,C49-S00-I00-N04,C49,대개자자
월보,C49-S00-I00-N04,C49,차경
월보,C49-S00-I00-N04,C49,불리
월보,C49-S00-I00-N04,C49,구구
월보,C49-S00-I00-N04,C49,차계
월보,C49-S00-I00-N04,C49,불리
월보,C49-S00-I00-N04,C49,최존
월보,C49-S00-I00-N04,C49,명가
월보,C49-S00-I00-N04,C49,유상
월보,C49-S00-I00-N04,C49,가시
월보,C49-S00-I00-N04,C49,유상
월보,C49-S00-I00-N04,C49,유리
월보,C49-S00-I00-N04,C49,가념황홀
월보,C49-S00-I00-N04,C49,신래
월보,C49-S00-I00-N04,C49,묵념황홀
월보,C49-S00-I00-N04,C49,신래
월보,C49-S00-I00-N04,C49,차묵념
월보,C49-S00-I00-N04,C49,신래
월보,C49-S00-I00-N05,C49,시인
월보,C49-S00-I00-N05,C49,진실
월보,C49-S00-I00-N05,C49,담원시화
월보,C49-S00-I00-N05,C49,소위
월보,C49-S00-I00-N05,C49,시인
월보,C49-S00-I00-N05,C49,불재
월보,C49-S00-I00-N05,C49,과능
월보,C49-S00-I00-N05,C49,하경초절
월보,C49-S00-I00-N05,C49,상대온아
월보,C49-S00-I00-N05,C49,일자
월보,C49-S00-I00-N05,C49,불식
월보,C49-S00-I00-N05,C49,시인
월보,C49-S00-I00-N05,C49,시인
월보,C49-S00-I00-N05,C49,차신래
월보,C49-S00-I00-N05,C49,포착
월보,C49-S00-I00-N05,C49,오교인중
월보,C49-S00-I00-N05,C49,일정불식
월보,C49-S00-I00-N05,C49,신자
월보,C49-S00-I00-N05,C49,귀신
월보,C49-S00-I00-N05,C49,명구
월보,C49-S00-I00-N05,C49,개기고
월보,C49-S00-I00-N05,C49,대신사
월보,C49-S00-I00-N05,C49,개구창운수불복권부지전
월보,C49-S00-I00-N05,C49,저리
월보,C49-S00-I00-N05,C49,소식언
월보,C49-S00-I00-N05,C49,모도인
월보,C49-S00-I00-N05,C49,만물
월보,C49-S00-I00-N05,C49,불생불멸
월보,C49-S00-I00-N05,C49,차불생불멸
월보,C49-S00-I00-N05,C49,만리
월보,C49-S00-I00-N05,C49,구시
월보,C49-S00-I00-N05,C49,차일성
월보,C49-S00-I00-N05,C49,천지
월보,C49-S00-I00-N05,C49,기존
월보,C49-S00-I00-N05,C49,천지후
월보,C49-S00-I00-N05,C49,역연
월보,C49-S00-I00-N05,C49,만물
월보,C49-S00-I00-N05,C49,근원
월보,C49-S00-I00-N05,C49,천지
월보,C49-S00-I00-N05,C49,분판후
월보,C49-S00-I00-N05,C49,관계
월보,C49-S00-I00-N05,C49,천지
월보,C49-S00-I00-N05,C49,상분
월보,C49-S00-I00-N05,C49,음양
월보,C49-S00-I00-N05,C49,분배
월보,C49-S00-I00-N05,C49,일월성진
월보,C49-S00-I00-N05,C49,산천초목
월보,C49-S00-I00-N05,C49,오인
월보,C49-S00-I00-N05,C49,기간
월보,C49-S00-I00-N05,C49,일천사해
월보,C49-S00-I00-N05,C49,묘법
월보,C49-S00-I00-N05,C49,음매
월보,C49-S00-I00-N05,C49,정취
월보,C49-S00-I00-N05,C49,오인
월보,C49-S00-I00-N05,C49,대도
월보,C49-S00-I00-N05,C49,운운연
월보,C49-S00-I00-N05,C49,시인
월보,C49-S00-I00-N05,C49,불가
월보,C49-S00-I00-N05,C49,의의
월보,C49-S00-I00-N05,C49,도인
월보,C49-S00-I00-N05,C49,차묵념
월보,C49-S00-I00-N05,C49,취미
월보,C49-S00-I00-N05,C49,묵념
월보,C49-S00-I00-N05,C49,방법봉훈
월보,C49-S00-I00-N05,C49,금창석로화
월보,C49-S00-I00-N05,C49,심두
월보,C49-S00-I00-N05,C49,타인
월보,C49-S00-I00-N05,C49,역차
월보,C49-S00-I00-N05,C49,악성
월보,C49-S00-I00-N05,C49,익익
월보,C49-S00-I00-N05,C49,매성
월보,C49-S00-I00-N05,C49,유유
월보,C49-S00-I00-N05,C49,차시
월보,C49-S00-I00-N05,C49,권좌
월보,C49-S00-I00-N05,C49,서서
월보,C49-S00-I00-N05,C49,기리해
월보,C49-S00-I00-N05,C49,심화
월보,C49-S00-I00-N05,C49,점점소
월보,C49-S00-I00-N05,C49,지리
월보,C49-S00-I00-N05,C49,차실
월보,C49-S00-I00-N05,C49,심신상호
월보,C49-S00-I00-N05,C49,관계
월보,C49-S00-I00-N05,C49,오인
월보,C49-S00-I00-N05,C49,일상목도
월보,C49-S00-I00-N05,C49,사실
월보,C49-S00-I00-N05,C49,묵념
월보,C49-S00-I00-N05,C49,우주
월보,C49-S00-I00-N05,C49,진리
월보,C49-S00-I00-N05,C49,직관
월보,C49-S00-I00-N05,C49,천지
월보,C49-S00-I00-N05,C49,포착
월보,C49-S00-I00-N05,C49,우능
월보,C49-S00-I00-N05,C49,반기자계
월보,C49-S00-I00-N05,C49,기방법
월보,C49-S00-I00-N05,C49,역시일정
월보,C49-S00-I00-N05,C49,형식
월보,C49-S00-I00-N05,C49,행주좌와하시
월보,C49-S00-I00-N05,C49,한처망처하처
월보,C49-S00-I00-N05,C49,기심신
월보,C49-S00-I00-N05,C49,안정
월보,C49-S00-I00-N05,C49,정좌
월보,C49-S00-I00-N05,C49,오교
월보,C49-S00-I00-N05,C49,묵념방법
월보,C49-S00-I00-N05,C49,오교인
월보,C49-S00-I00-N05,C49,자기
월보,C49-S00-I00-N05,C49,단련
월보,C49-S00-I00-N05,C49,묵념
월보,C49-S00-I00-N05,C49,흡사
월보,C49-S00-I00-N05,C49,방법
월보,C49-S00-I00-N05,C49,오교대각자
월보,C49-S00-I00-N05,C49,참고
월보,C49-S00-I00-N05,C49,선가
월보,C49-S00-I00-N05,C49,소위선정
월보,C49-S00-I00-N05,C49,청한
월보,C49-S00-I00-N05,C49,수하석상인적희도처
월보,C49-S00-I00-N05,C49,좌물
월보,C49-S00-I00-N05,C49,의대
월보,C49-S00-I00-N05,C49,우족
월보,C49-S00-I00-N05,C49,좌퇴
월보,C49-S00-I00-N05,C49,좌족
월보,C49-S00-I00-N05,C49,우퇴
월보,C49-S00-I00-N05,C49,우수
월보,C49-S00-I00-N05,C49,좌장
월보,C49-S00-I00-N05,C49,좌수
월보,C49-S00-I00-N05,C49,우장
월보,C49-S00-I00-N05,C49,치후
월보,C49-S00-I00-N05,C49,우수
월보,C49-S00-I00-N05,C49,대무지
월보,C49-S00-I00-N05,C49,상괘
월보,C49-S00-I00-N05,C49,정신단좌
월보,C49-S00-I00-N05,C49,상대
월보,C49-S00-I00-N05,C49,상대
월보,C49-S00-I00-N05,C49,상악
월보,C49-S00-I00-N05,C49,순치상착
월보,C49-S00-I00-N05,C49,상개
월보,C49-S00-I00-N05,C49,비식
월보,C49-S00-I00-N05,C49,후흠신일식
월보,C49-S00-I00-N05,C49,요진
월보,C49-S00-I00-N05,C49,궤궤
월보,C49-S00-I00-N05,C49,좌정
월보,C49-S00-I00-N06,C49,우좌선용심기
월보,C49-S00-I00-N06,C49,기주의
월보,C49-S00-I00-N06,C49,왈물론
월보,C49-S00-I00-N06,C49,의복
월보,C49-S00-I00-N06,C49,청결
월보,C49-S00-I00-N06,C49,착용
월보,C49-S00-I00-N06,C49,구니
월보,C49-S00-I00-N06,C49,우장도
월보,C49-S00-I00-N06,C49,인연
월보,C49-S00-I00-N06,C49,신명
월보,C49-S00-I00-N06,C49,불관
월보,C49-S00-I00-N06,C49,의불족식불족면불족
월보,C49-S00-I00-N06,C49,삼불족
월보,C49-S00-I00-N06,C49,오교인
월보,C49-S00-I00-N06,C49,자기
월보,C49-S00-I00-N06,C49,단련
월보,C49-S00-I00-N06,C49,고개타태
월보,C49-S00-I00-N06,C49,원인
월보,C49-S00-I00-N06,C49,교리부
월보,C49-S00-I00-N06,C49,一切
월보,C49-S00-I00-N06,C49,생물견물내지손물불정
월보,C49-S00-I00-N06,C49,개식
월보,C49-S00-I00-N06,C49,불가
월보,C49-S00-I00-N06,C49,복중
월보,C49-S00-I00-N06,C49,명동
월보,C49-S00-I00-N06,C49,신심
월보,C49-S00-I00-N06,C49,열뇌
월보,C49-S00-I00-N06,C49,타좌
월보,C49-S00-I00-N06,C49,유해
월보,C49-S00-I00-N06,C49,一切
월보,C49-S00-I00-N06,C49,미식
월보,C49-S00-I00-N06,C49,탐착
월보,C49-S00-I00-N06,C49,불가
월보,C49-S00-I00-N06,C49,신심
월보,C49-S00-I00-N06,C49,탐욕
월보,C49-S00-I00-N06,C49,소이
월보,C49-S00-I00-N06,C49,사치
월보,C49-S00-I00-N06,C49,불가
월보,C49-S00-I00-N06,C49,포식
월보,C49-S00-I00-N06,C49,타좌
월보,C49-S00-I00-N06,C49,시발병
월보,C49-S00-I00-N06,C49,인연
월보,C49-S00-I00-N06,C49,정좌
월보,C49-S00-I00-N06,C49,용심
월보,C49-S00-I00-N06,C49,억하사
월보,C49-S00-I00-N06,C49,사량
월보,C49-S00-I00-N06,C49,기수련도사
월보,C49-S00-I00-N06,C49,비사량시내명상
월보,C49-S00-I00-N06,C49,요술
월보,C49-S00-I00-N06,C49,불사량저
월보,C49-S00-I00-N06,C49,사량
월보,C49-S00-I00-N06,C49,불사량저
월보,C49-S00-I00-N06,C49,여하
월보,C49-S00-I00-N06,C49,사량이상
월보,C49-S00-I00-N06,C49,타가
월보,C49-S00-I00-N06,C49,소언
월보,C49-S00-I00-N06,C49,일언
월보,C49-S00-I00-N06,C49,불외
월보,C49-S00-I00-N06,C49,오교
월보,C49-S00-I00-N06,C49,항상사십구일신체
월보,C49-S00-I00-N06,C49,묵념
월보,C49-S00-I00-N06,C49,공부
월보,C49-S00-I00-N06,C49,불의
월보,C49-S00-I00-N06,C49,무상
월보,C49-S00-I00-N06,C49,수련
월보,C49-S00-I00-N07,C49,사십구일혹
월보,C49-S00-I00-N07,C49,백오일
월보,C49-S00-I00-N07,C49,속속수련
월보,C49-S00-I00-N07,C49,시전문가
월보,C49-S00-I00-N07,C49,보통
월보,C49-S00-I00-N07,C49,하인
월보,C49-S00-I00-N07,C49,정도
월보,C49-S00-I00-N07,C49,응용
월보,C49-S00-I00-N07,C49,상략약일학교
월보,C49-S00-I00-N07,C49,청년
월보,C49-S00-I00-N07,C49,서생
월보,C49-S00-I00-N07,C49,하숙옥
월보,C49-S00-I00-N07,C49,일우
월보,C49-S00-I00-N07,C49,실내
월보,C49-S00-I00-N07,C49,일주
월보,C49-S00-I00-N07,C49,향연시발병
월보,C49-S00-I00-N07,C49,인연
월보,C49-S00-I00-N07,C49,음정좌
월보,C49-S00-I00-N07,C49,단망연
월보,C49-S00-I00-N07,C49,정좌
월보,C49-S00-I00-N07,C49,망념번뇌
월보,C49-S00-I00-N07,C49,십분시
월보,C49-S00-I00-N07,C49,칙하인
월보,C49-S00-I00-N07,C49,공안
월보,C49-S00-I00-N07,C49,하인
월보,C49-S00-I00-N07,C49,철학자
월보,C49-S00-I00-N07,C49,불능
월보,C49-S00-I00-N07,C49,종교가
월보,C49-S00-I00-N07,C49,불능
월보,C49-S00-I00-N07,C49,以上
월보,C49-S00-I00-N07,C49,전문
월보,C49-S00-I00-N07,C49,불능
월보,C49-S00-I00-N07,C49,자가
월보,C49-S00-I00-N07,C49,소신
월보,C49-S00-I00-N07,C49,선철
월보,C49-S00-I00-N07,C49,격언
월보,C49-S00-I00-N07,C49,안출
월보,C49-S00-I00-N07,C49,만신
월보,C49-S00-I00-N07,C49,주의력
월보,C49-S00-I00-N07,C49,백방
월보,C49-S00-I00-N07,C49,공부
월보,C49-S00-I00-N07,C49,운주자
월보,C49-S00-I00-N07,C49,차등
월보,C49-S00-I00-N07,C49,매일반일정좌독서차
월보,C49-S00-I00-N07,C49,수년
월보,C49-S00-I00-N07,C49,장진
월보,C49-S00-I00-N07,C49,당표
월보,C49-S00-I00-N07,C49,세인
월보,C49-S00-I00-N07,C49,종일독서
월보,C49-S00-I00-N07,C49,일시
월보,C49-S00-I00-N07,C49,정좌
월보,C49-S00-I00-N07,C49,불지
월보,C49-S00-I00-N07,C49,독서
월보,C49-S00-I00-N07,C49,정좌
월보,C49-S00-I00-N07,C49,불지
월보,C49-S00-I00-N07,C49,여하
월보,C49-S00-I00-N07,C49,자고선철
월보,C49-S00-I00-N07,C49,정좌명상
월보,C49-S00-I00-N07,C49,공부
월보,C49-S00-I00-N07,C49,자일태희
월보,C49-S00-I00-N07,C49,세계소위위인
월보,C49-S00-I00-N07,C49,기초인간적대신력
월보,C49-S00-I00-N07,C49,대개일차
월보,C49-S00-I00-N07,C49,묵념
월보,C49-S00-I00-N07,C49,오교수련
월보,C49-S00-I00-N07,C49,신방법
월보,C49-S00-I00-N07,C49,고금이래일명상묵념
월보,C49-S00-I00-N07,C49,구구
월보,C49-S00-I00-N07,C49,방법
월보,C49-S00-I00-N07,C49,일괄
월보,C49-S00-I00-N07,C49,수일대성
월보,C49-S00-I00-N07,C49,하인
월보,C49-S00-I00-N07,C49,오교
월보,C49-S00-I00-N07,C49,차묵념
월보,C49-S00-I00-N07,C49,방법
월보,C49-S00-I00-N07,C49,초인간적대신력
월보,C49-S00-I00-N07,C49,계속
월보,C49-S00-I00-N07,C49,진실
월보,C49-S00-I00-N07,C49,기방법
월보,C49-S00-I00-N07,C49,기묵념
월보,C49-S00-I00-N07,C49,선구미
월보,C49-S00-I00-N07,C49,경계
월보,C49-S00-I00-N07,C49,일어
월보,C49-S00-I00-N07,C49,후호
월보,C49-S00-I00-N07,C49,직답
월보,C49-S00-I00-N07,C49,상수
월보,C49-S00-I00-N07,C49,상수
월보,C49-S00-I00-N07,C49,상수
월보,C49-S00-I00-N07,C49,아성
월보,C49-S00-I00-N07,C49,족불족
월보,C49-S00-I00-N07,C49,석인
월보,C49-S00-I00-N07,C49,안광
월보,C49-S00-I00-N07,C49,평등차별량법칙
월보,C49-S00-I00-N07,C49,일방
월보,C49-S00-I00-N07,C49,차법칙
월보,C49-S00-I00-N07,C49,대소
월보,C49-S00-I00-N08,C49,차량법칙
월보,C49-S00-I00-N08,C49,존재
월보,C49-S00-I00-N08,C49,불능
월보,C49-S00-I00-N08,C49,기심
월보,C49-S00-I00-N08,C49,심자신
월보,C49-S00-I00-N08,C49,지옥
월보,C49-S00-I00-N08,C49,천당
월보,C49-S00-I00-N08,C49,천당
월보,C49-S00-I00-N08,C49,지옥
월보,C49-S00-I00-N08,C49,능력
월보,C49-S00-I00-N08,C49,수심
월보,C49-S00-I00-N08,C49,근신
월보,C49-S00-I00-N08,C49,일수춘풍유량반
월보,C49-S00-I00-N08,C49,남지향난북지한오
월보,C49-S00-I00-N08,C49,점경화성금옥역
월보,C49-S00-I00-N08,C49,권인제각시비난
월보,C49-S00-I00-N08,C49,미완
월보,C49-S00-I00-N08,C49,우주
월보,C49-S00-I00-N08,C49,우주
월보,C49-S00-I00-N08,C49,대각자
월보,C49-S00-I00-N08,C49,소유지
월보,C49-S00-I00-N08,C49,천지
월보,C49-S00-I00-N08,C49,주인
월보,C49-S00-I00-N08,C49,대신
월보,C49-S00-I00-N08,C49,결정
월보,C50-S00-I00-N01,C50,교문정의진실
월보,C50-S00-I00-N01,C50,신앙생활리교화오인
월보,C50-S00-I00-N01,C50,여하
월보,C50-S00-I00-N01,C50,차처세
월보,C50-S00-I00-N01,C50,오인
월보,C50-S00-I00-N01,C50,여하
월보,C50-S00-I00-N01,C50,자기
월보,C50-S00-I00-N01,C50,일생
월보,C50-S00-I00-N01,C50,조처
월보,C50-S00-I00-N01,C50,시실
월보,C50-S00-I00-N01,C50,고금
월보,C50-S00-I00-N01,C50,대문제
월보,C50-S00-I00-N01,C50,동서만리
월보,C50-S00-I00-N01,C50,상하천재
월보,C50-S00-I00-N01,C50,각시대
월보,C50-S00-I00-N01,C50,현철
월보,C50-S00-I00-N01,C50,필생
월보,C50-S00-I00-N01,C50,뇌수
월보,C50-S00-I00-N01,C50,오인
월보,C50-S00-I00-N01,C50,교훈
월보,C50-S00-I00-N01,C50,오인
월보,C50-S00-I00-N01,C50,적공
월보,C50-S00-I00-N01,C50,다대
월보,C50-S00-I00-N01,C50,지도
월보,C50-S00-I00-N01,C50,파래
월보,C50-S00-I00-N01,C50,오인생활
월보,C50-S00-I00-N01,C50,재료
월보,C50-S00-I00-N01,C50,오인심리
월보,C50-S00-I00-N01,C50,위안
월보,C50-S00-I00-N01,C50,조리
월보,C50-S00-I00-N01,C50,오인
월보,C50-S00-I00-N01,C50,항상
월보,C50-S00-I00-N01,C50,고금대성
월보,C50-S00-I00-N01,C50,교훈유훈
월보,C50-S00-I00-N01,C50,핍리
월보,C50-S00-I00-N01,C50,미진
월보,C50-S00-I00-N01,C50,청설
월보,C50-S00-I00-N01,C50,미결
월보,C50-S00-I00-N01,C50,복재
월보,C50-S00-I00-N01,C50,발견
월보,C50-S00-I00-N01,C50,우기
월보,C50-S00-I00-N01,C50,자체
월보,C50-S00-I00-N01,C50,차미진미결
월보,C50-S00-I00-N01,C50,대우주
월보,C50-S00-I00-N01,C50,대우울대우주
월보,C50-S00-I00-N01,C50,대비토
월보,C50-S00-I00-N01,C50,자기
월보,C50-S00-I00-N01,C50,소신일부
월보,C50-S00-I00-N01,C50,필설
월보,C50-S00-I00-N01,C50,표현
월보,C50-S00-I00-N01,C50,인생
월보,C50-S00-I00-N01,C50,오저
월보,C50-S00-I00-N01,C50,여하
월보,C50-S00-I00-N01,C50,신비
월보,C50-S00-I00-N01,C50,심리
월보,C50-S00-I00-N01,C50,복재
월보,C50-S00-I00-N01,C50,오인
월보,C50-S00-I00-N01,C50,선천적부채
월보,C50-S00-I00-N01,C50,오호
월보,C50-S00-I00-N01,C50,동서
월보,C50-S00-I00-N01,C50,오인
월보,C50-S00-I00-N01,C50,시선
월보,C50-S00-I00-N01,C50,암흑
월보,C50-S00-I00-N01,C50,오인
월보,C50-S00-I00-N01,C50,원력
월보,C50-S00-I00-N01,C50,타수
월보,C50-S00-I00-N01,C50,차락담실망
월보,C50-S00-I00-N01,C50,오인이타
월보,C50-S00-I00-N01,C50,타격
월보,C50-S00-I00-N01,C50,하인
월보,C50-S00-I00-N01,C50,이교문정의
월보,C50-S00-I00-N01,C50,교문정의경험
월보,C50-S00-I00-N01,C50,만일차우주
월보,C50-S00-I00-N01,C50,진실
월보,C50-S00-I00-N01,C50,우약일영원
월보,C50-S00-I00-N01,C50,정리
월보,C50-S00-I00-N01,C50,차세계
월보,C50-S00-I00-N01,C50,지배자
월보,C50-S00-I00-N01,C50,하고
월보,C50-S00-I00-N01,C50,인간
월보,C50-S00-I00-N01,C50,공도
월보,C50-S00-I00-N01,C50,상위
월보,C50-S00-I00-N01,C50,세계
월보,C50-S00-I00-N01,C50,사리
월보,C50-S00-I00-N01,C50,모간
월보,C50-S00-I00-N01,C50,동일
월보,C50-S00-I00-N01,C50,하고
월보,C50-S00-I00-N01,C50,금마옥당
월보,C50-S00-I00-N01,C50,교해
월보,C50-S00-I00-N01,C50,누항구학
월보,C50-S00-I00-N01,C50,전걸
월보,C50-S00-I00-N01,C50,불면
월보,C50-S00-I00-N01,C50,하고
월보,C50-S00-I00-N01,C50,사악무도
월보,C50-S00-I00-N01,C50,광명
월보,C50-S00-I00-N01,C50,일월하
월보,C50-S00-I00-N01,C50,불의불덕
월보,C50-S00-I00-N01,C50,권리
월보,C50-S00-I00-N01,C50,과장
월보,C50-S00-I00-N01,C50,정심수덕
월보,C50-S00-I00-N01,C50,풍풍우우
월보,C50-S00-I00-N01,C50,암영
월보,C50-S00-I00-N01,C50,매몰
월보,C50-S00-I00-N01,C50,조위불진
월보,C50-S00-I00-N01,C50,하고
월보,C50-S00-I00-N01,C50,휼사불의
월보,C50-S00-I00-N01,C50,성공
월보,C50-S00-I00-N01,C50,일대
월보,C50-S00-I00-N01,C50,실찬
월보,C50-S00-I00-N01,C50,박득
월보,C50-S00-I00-N01,C50,정직근면
월보,C50-S00-I00-N01,C50,실패
월보,C50-S00-I00-N01,C50,악영
월보,C50-S00-I00-N01,C50,부전축축
월보,C50-S00-I00-N01,C50,우하고
월보,C50-S00-I00-N01,C50,무치무덕
월보,C50-S00-I00-N01,C50,도생
월보,C50-S00-I00-N01,C50,일세
월보,C50-S00-I00-N01,C50,혜족
월보,C50-S00-I00-N01,C50,사신
월보,C50-S00-I00-N01,C50,억우하고
월보,C50-S00-I00-N01,C50,무용
월보,C50-S00-I00-N01,C50,고통
월보,C50-S00-I00-N01,C50,비창곤비
월보,C50-S00-I00-N01,C50,차등의문
월보,C50-S00-I00-N01,C50,오인
월보,C50-S00-I00-N01,C50,만족
월보,C50-S00-I00-N01,C50,기다
월보,C50-S00-I00-N01,C50,오인
월보,C50-S00-I00-N01,C50,자가
월보,C50-S00-I00-N01,C50,의견
월보,C50-S00-I00-N01,C50,첩첩약간
월보,C50-S00-I00-N01,C50,지견
월보,C50-S00-I00-N01,C50,자가
월보,C50-S00-I00-N01,C50,의견
월보,C50-S00-I00-N01,C50,첩첩
월보,C50-S00-I00-N01,C50,유훈
월보,C50-S00-I00-N01,C50,한우충동
월보,C50-S00-I00-N01,C50,유훈
월보,C50-S00-I00-N01,C50,한우충동
월보,C50-S00-I00-N01,C50,우기다
월보,C50-S00-I00-N01,C50,종교기다
월보,C50-S00-I00-N01,C50,철학
월보,C50-S00-I00-N01,C50,과학
월보,C50-S00-I00-N01,C50,억단격설
월보,C50-S00-I00-N01,C50,실망
월보,C50-S00-I00-N01,C50,오인
월보,C50-S00-I00-N01,C50,자극
월보,C50-S00-I00-N01,C50,시등최고
월보,C50-S00-I00-N01,C50,설명
월보,C50-S00-I00-N01,C50,불가해
월보,C50-S00-I00-N01,C50,삽체
월보,C50-S00-I00-N01,C50,기오처
월보,C50-S00-I00-N01,C50,잔재
월보,C50-S00-I00-N02,C50,요언
월보,C50-S00-I00-N02,C50,오인
월보,C50-S00-I00-N02,C50,우주문제인생문제
월보,C50-S00-I00-N02,C50,오인
월보,C50-S00-I00-N02,C50,지력
월보,C50-S00-I00-N02,C50,해답
월보,C50-S00-I00-N02,C50,불능
월보,C50-S00-I00-N02,C50,홍구
월보,C50-S00-I00-N02,C50,저간
월보,C50-S00-I00-N02,C50,복재
월보,C50-S00-I00-N02,C50,오인
월보,C50-S00-I00-N02,C50,최종
월보,C50-S00-I00-N02,C50,판단
월보,C50-S00-I00-N02,C50,일언
월보,C50-S00-I00-N02,C50,고백
월보,C50-S00-I00-N02,C50,즉오인
월보,C50-S00-I00-N02,C50,행복
월보,C50-S00-I00-N02,C50,획득
월보,C50-S00-I00-N02,C50,일조광명
월보,C50-S00-I00-N02,C50,우울
월보,C50-S00-I00-N02,C50,연구성
월보,C50-S00-I00-N02,C50,복잡
월보,C50-S00-I00-N02,C50,관념론
월보,C50-S00-I00-N02,C50,단순
월보,C50-S00-I00-N02,C50,신앙
월보,C50-S00-I00-N02,C50,오인
월보,C50-S00-I00-N02,C50,탄불이
월보,C50-S00-I00-N02,C50,종교
월보,C50-S00-I00-N02,C50,견실
월보,C50-S00-I00-N02,C50,신앙
월보,C50-S00-I00-N02,C50,성루
월보,C50-S00-I00-N02,C50,자기
월보,C50-S00-I00-N02,C50,자기
월보,C50-S00-I00-N02,C50,해결
월보,C50-S00-I00-N02,C50,불가
월보,C50-S00-I00-N02,C50,오인
월보,C50-S00-I00-N02,C50,우울
월보,C50-S00-I00-N02,C50,집착
월보,C50-S00-I00-N02,C50,회의
월보,C50-S00-I00-N02,C50,침혹
월보,C50-S00-I00-N02,C50,오인
월보,C50-S00-I00-N02,C50,일생
월보,C50-S00-I00-N02,C50,도연
월보,C50-S00-I00-N02,C50,애매모호
월보,C50-S00-I00-N02,C50,매장
월보,C50-S00-I00-N02,C50,인생
월보,C50-S00-I00-N02,C50,불행
월보,C50-S00-I00-N02,C50,우주
월보,C50-S00-I00-N02,C50,일절신비
월보,C50-S00-I00-N02,C50,해석
월보,C50-S00-I00-N03,C50,시인생
월보,C50-S00-I00-N03,C50,과분
월보,C50-S00-I00-N03,C50,요구
월보,C50-S00-I00-N03,C50,오인
월보,C50-S00-I00-N03,C50,이하
월보,C50-S00-I00-N03,C50,간단
월보,C50-S00-I00-N03,C50,근본적진리
월보,C50-S00-I00-N03,C50,대반석상
월보,C50-S00-I00-N03,C50,오인
월보,C50-S00-I00-N03,C50,일생
월보,C50-S00-I00-N03,C50,안도
월보,C50-S00-I00-N03,C50,하자
월보,C50-S00-I00-N03,C50,차경탄
월보,C50-S00-I00-N03,C50,무량수
월보,C50-S00-I00-N03,C50,現象
월보,C50-S00-I00-N03,C50,영원
월보,C50-S00-I00-N03,C50,법칙
월보,C50-S00-I00-N03,C50,차절대
월보,C50-S00-I00-N03,C50,세계
월보,C50-S00-I00-N03,C50,지배
월보,C50-S00-I00-N03,C50,창화
월보,C50-S00-I00-N03,C50,대신
월보,C50-S00-I00-N03,C50,연이기대신
월보,C50-S00-I00-N03,C50,전지전능
월보,C50-S00-I00-N03,C50,대신
월보,C50-S00-I00-N03,C50,전지전능
월보,C50-S00-I00-N03,C50,신작용
월보,C50-S00-I00-N03,C50,일치행위
월보,C50-S00-I00-N03,C50,즉오인
월보,C50-S00-I00-N03,C50,정신
월보,C50-S00-I00-N03,C50,대신
월보,C50-S00-I00-N03,C50,대정신반사
월보,C50-S00-I00-N03,C50,오인
월보,C50-S00-I00-N03,C50,행위
월보,C50-S00-I00-N03,C50,대신
월보,C50-S00-I00-N03,C50,대행위
월보,C50-S00-I00-N03,C50,반능
월보,C50-S00-I00-N03,C50,소분천
월보,C50-S00-I00-N03,C50,자격
월보,C50-S00-I00-N03,C50,특유
월보,C50-S00-I00-N03,C50,차의미
월보,C50-S00-I00-N03,C50,오인
월보,C50-S00-I00-N03,C50,정신
월보,C50-S00-I00-N03,C50,행위
월보,C50-S00-I00-N03,C50,대표실행
월보,C50-S00-I00-N03,C50,오인
월보,C50-S00-I00-N03,C50,일단락적결심
월보,C50-S00-I00-N03,C50,판단
월보,C50-S00-I00-N03,C50,왈오인
월보,C50-S00-I00-N03,C50,찰나찰나
월보,C50-S00-I00-N03,C50,오인제반
월보,C50-S00-I00-N03,C50,지력
월보,C50-S00-I00-N03,C50,오인
월보,C50-S00-I00-N03,C50,천직
월보,C50-S00-I00-N03,C50,익익
월보,C50-S00-I00-N03,C50,유유
월보,C50-S00-I00-N03,C50,진리
월보,C50-S00-I00-N03,C50,최선
월보,C50-S00-I00-N03,C50,생애
월보,C50-S00-I00-N03,C50,과도
월보,C50-S00-I00-N03,C50,진리신앙
월보,C50-S00-I00-N03,C50,광명
월보,C50-S00-I00-N03,C50,동경
월보,C50-S00-I00-N03,C50,기노력
월보,C50-S00-I00-N03,C50,실패
월보,C50-S00-I00-N03,C50,만일
월보,C50-S00-I00-N04,C50,천연
월보,C50-S00-I00-N04,C50,불억불규
월보,C50-S00-I00-N04,C50,유연
월보,C50-S00-I00-N04,C50,교문정의
월보,C50-S00-I00-N04,C50,자적자이
월보,C50-S00-I00-N04,C50,용감
월보,C50-S00-I00-N04,C50,차역운
월보,C50-S00-I00-N04,C50,금일
월보,C50-S00-I00-N04,C50,비난재고
월보,C50-S00-I00-N04,C50,전력
월보,C50-S00-I00-N04,C50,분투
월보,C50-S00-I00-N04,C50,우과거
월보,C50-S00-I00-N04,C50,회상
월보,C50-S00-I00-N04,C50,비관
월보,C50-S00-I00-N04,C50,억우여하
월보,C50-S00-I00-N04,C50,결과
월보,C50-S00-I00-N04,C50,출래
월보,C50-S00-I00-N04,C50,여하
월보,C50-S00-I00-N04,C50,불능
월보,C50-S00-I00-N04,C50,태연
월보,C50-S00-I00-N04,C50,대덕자
월보,C50-S00-I00-N04,C50,차경우
월보,C50-S00-I00-N04,C50,여사
월보,C50-S00-I00-N04,C50,오인
월보,C50-S00-I00-N04,C50,평화
월보,C50-S00-I00-N04,C50,도력
월보,C50-S00-I00-N04,C50,견지
월보,C50-S00-I00-N04,C50,경동
월보,C50-S00-I00-N04,C50,오인
월보,C50-S00-I00-N04,C50,以上
월보,C50-S00-I00-N04,C50,용의
월보,C50-S00-I00-N04,C50,각오
월보,C50-S00-I00-N04,C50,以上
월보,C50-S00-I00-N04,C50,기초
월보,C50-S00-I00-N04,C50,양심
월보,C50-S00-I00-N04,C50,범위내
월보,C50-S00-I00-N04,C50,진리
월보,C50-S00-I00-N04,C50,사실
월보,C50-S00-I00-N04,C50,건축
월보,C50-S00-I00-N04,C50,가득
월보,C50-S00-I00-N04,C50,차생활
월보,C50-S00-I00-N04,C50,재료
월보,C50-S00-I00-N04,C50,가급
월보,C50-S00-I00-N04,C50,한도
월보,C50-S00-I00-N04,C50,도덕상심령상우
월보,C50-S00-I00-N04,C50,정신상
월보,C50-S00-I00-N04,C50,감응
월보,C50-S00-I00-N04,C50,차간단
월보,C50-S00-I00-N04,C50,실제생활
월보,C50-S00-I00-N04,C50,신앙
월보,C50-S00-I00-N04,C50,하등
월보,C50-S00-I00-N04,C50,진리
월보,C50-S00-I00-N04,C50,저촉
월보,C50-S00-I00-N04,C50,우하등
월보,C50-S00-I00-N04,C50,사실
월보,C50-S00-I00-N04,C50,모순
월보,C50-S00-I00-N04,C50,오인
월보,C50-S00-I00-N04,C50,차간단
월보,C50-S00-I00-N04,C50,진리
월보,C50-S00-I00-N04,C50,인생노력상제일보
월보,C50-S00-I00-N04,C50,신앙
월보,C50-S00-I00-N04,C50,인생
월보,C50-S00-I00-N04,C50,고전
월보,C50-S00-I00-N04,C50,차처
월보,C50-S00-I00-N04,C50,단언
월보,C50-S00-I00-N04,C50,인생
월보,C50-S00-I00-N04,C50,이론
월보,C50-S00-I00-N04,C50,고금
월보,C50-S00-I00-N04,C50,동서
월보,C50-S00-I00-N04,C50,다대
월보,C50-S00-I00-N05,C50,태양
월보,C50-S00-I00-N05,C50,표류
월보,C50-S00-I00-N05,C50,수부
월보,C50-S00-I00-N05,C50,미장
월보,C50-S00-I00-N05,C50,헌립표
월보,C50-S00-I00-N05,C50,도망
월보,C50-S00-I00-N05,C50,이론기자
월보,C50-S00-I00-N05,C50,미장헌립표
월보,C50-S00-I00-N05,C50,불과
월보,C50-S00-I00-N05,C50,오인
월보,C50-S00-I00-N05,C50,인생
월보,C50-S00-I00-N05,C50,이론기자
월보,C50-S00-I00-N05,C50,오인
월보,C50-S00-I00-N05,C50,종익
월보,C50-S00-I00-N05,C50,불연
월보,C50-S00-I00-N05,C50,미장헌립표
월보,C50-S00-I00-N05,C50,불과
월보,C50-S00-I00-N05,C50,오인
월보,C50-S00-I00-N05,C50,수고원
월보,C50-S00-I00-N05,C50,생활상규칙
월보,C50-S00-I00-N05,C50,오인
월보,C50-S00-I00-N05,C50,도덕상심령상우
월보,C50-S00-I00-N05,C50,정신상
월보,C50-S00-I00-N05,C50,감응
월보,C50-S00-I00-N05,C50,우차
월보,C50-S00-I00-N05,C50,오인일상생활
월보,C50-S00-I00-N05,C50,실현
월보,C50-S00-I00-N05,C50,실현
월보,C50-S00-I00-N05,C50,억우심상원리
월보,C50-S00-I00-N05,C50,종자
월보,C50-S00-I00-N05,C50,오인직접
월보,C50-S00-I00-N05,C50,언어사상행위
월보,C50-S00-I00-N05,C50,미화
월보,C50-S00-I00-N05,C50,오사
월보,C50-S00-I00-N05,C50,제군
월보,C50-S00-I00-N05,C50,제군
월보,C50-S00-I00-N05,C50,간경만전
월보,C50-S00-I00-N05,C50,암론
월보,C50-S00-I00-N05,C50,지식
월보,C50-S00-I00-N05,C50,아자신
월보,C50-S00-I00-N05,C50,체득응용
월보,C50-S00-I00-N05,C50,실행상피목불식정
월보,C50-S00-I00-N05,C50,하등구별
월보,C50-S00-I00-N05,C50,체현
월보,C50-S00-I00-N05,C50,대전소위천지무궁지수
월보,C50-S00-I00-N05,C50,도수일조일건
월보,C50-S00-I00-N05,C50,체득실행
월보,C50-S00-I00-N05,C50,천지간대학문
월보,C50-S00-I00-N05,C50,제군
월보,C50-S00-I00-N05,C50,오교
월보,C50-S00-I00-N05,C50,오결
월보,C50-S00-I00-N05,C50,성지무극지리
월보,C50-S00-I00-N05,C50,어시호자각래
월보,C50-S00-I00-N05,C50,하등진실적교훈
월보,C50-S00-I00-N05,C50,하등굉장
월보,C50-S00-I00-N05,C50,신념
월보,C50-S00-I00-N05,C50,차정신력
월보,C50-S00-I00-N05,C50,반조
월보,C50-S00-I00-N05,C50,태양
월보,C50-S00-I00-N05,C50,희마랍산절정
월보,C50-S00-I00-N05,C50,동시
월보,C50-S00-I00-N05,C50,수로방
월보,C50-S00-I00-N05,C50,낙엽
월보,C50-S00-I00-N05,C50,기광
월보,C50-S00-I00-N05,C50,태양
월보,C50-S00-I00-N05,C50,수력
월보,C50-S00-I00-N05,C50,일적
월보,C50-S00-I00-N05,C50,묘망팽배
월보,C50-S00-I00-N05,C50,면영
월보,C50-S00-I00-N05,C50,기일적
월보,C50-S00-I00-N05,C50,지배
월보,C50-S00-I00-N05,C50,법칙
월보,C50-S00-I00-N05,C50,기조기억
월보,C50-S00-I00-N05,C50,무한
월보,C50-S00-I00-N05,C50,점적
월보,C50-S00-I00-N05,C50,상집
월보,C50-S00-I00-N05,C50,광대무변
월보,C50-S00-I00-N05,C50,창해
월보,C50-S00-I00-N05,C50,진리
월보,C50-S00-I00-N05,C50,대삼천만유대소
월보,C50-S00-I00-N05,C50,지배
월보,C50-S00-I00-N05,C50,一切
월보,C50-S00-I00-N05,C50,一切
월보,C50-S00-I00-N05,C50,간섭
월보,C50-S00-I00-N05,C50,오인
월보,C50-S00-I00-N05,C50,오인
월보,C50-S00-I00-N05,C50,직업
월보,C50-S00-I00-N05,C50,여하
월보,C50-S00-I00-N05,C50,비천
월보,C50-S00-I00-N05,C50,업무
월보,C50-S00-I00-N05,C50,여하
월보,C50-S00-I00-N05,C50,몰취미
월보,C50-S00-I00-N05,C50,차번쇄
월보,C50-S00-I00-N05,C50,시등
월보,C50-S00-I00-N05,C50,돈착
월보,C50-S00-I00-N05,C50,오인
월보,C50-S00-I00-N05,C50,인내천적진신인
월보,C50-S00-I00-N05,C50,여사
월보,C50-S00-I00-N05,C50,신앙력
월보,C50-S00-I00-N05,C50,차세
월보,C50-S00-I00-N05,C50,적대신력
월보,C50-S00-I00-N05,C50,원동
월보,C50-S00-I00-N05,C50,활동
월보,C50-S00-I00-N05,C50,오인금일
월보,C50-S00-I00-N05,C50,천직
월보,C50-S00-I00-N05,C50,一切
월보,C50-S00-I00-N05,C50,활동
월보,C50-S00-I00-N05,C50,차각오
월보,C50-S00-I00-N05,C50,一切
월보,C50-S00-I00-N05,C50,활동
월보,C50-S00-I00-N05,C50,차각오
월보,C50-S00-I00-N05,C50,표현
월보,C50-S00-I00-N05,C50,현소
월보,C50-S00-I00-N05,C50,분초간차소사
월보,C50-S00-I00-N05,C50,차정신
월보,C50-S00-I00-N05,C50,방도
월보,C50-S00-I00-N05,C50,즉오인일상생활간소시등천직
월보,C50-S00-I00-N05,C50,정신
월보,C50-S00-I00-N05,C50,집주
월보,C50-S00-I00-N05,C50,신위
월보,C50-S00-I00-N05,C50,교문정의
월보,C50-S00-I00-N05,C50,교문정의가
월보,C50-S00-I00-N05,C50,노력
월보,C50-S00-I00-N05,C50,현저
월보,C50-S00-I00-N05,C50,재능
월보,C50-S00-I00-N05,C50,근기
월보,C50-S00-I00-N05,C50,기회
월보,C50-S00-I00-N05,C50,활용
월보,C50-S00-I00-N05,C50,대덕업
월보,C50-S00-I00-N05,C50,장차부담
월보,C50-S00-I00-N05,C50,준비
월보,C50-S00-I00-N05,C50,시등신앙적인물
월보,C50-S00-I00-N05,C50,장래최선
월보,C50-S00-I00-N05,C50,수취
월보,C50-S00-I00-N05,C50,일종신성
월보,C50-S00-I00-N05,C50,활동력
월보,C50-S00-I00-N05,C50,부여
월보,C50-S00-I00-N05,C50,무신앙적인물
월보,C50-S00-I00-N05,C50,비열
월보,C50-S00-I00-N05,C50,행위
월보,C50-S00-I00-N05,C50,피행운
월보,C50-S00-I00-N05,C50,숭배
월보,C50-S00-I00-N05,C50,사배
월보,C50-S00-I00-N05,C50,내천
월보,C50-S00-I00-N05,C50,자조
월보,C50-S00-I00-N05,C50,천조
월보,C50-S00-I00-N05,C50,불지
월보,C50-S00-I00-N06,C50,피등
월보,C50-S00-I00-N06,C50,항상
월보,C50-S00-I00-N06,C50,타인
월보,C50-S00-I00-N06,C50,행복
월보,C50-S00-I00-N06,C50,사업
월보,C50-S00-I00-N06,C50,하자
월보,C50-S00-I00-N06,C50,물론
월보,C50-S00-I00-N06,C50,실패
월보,C50-S00-I00-N06,C50,불요
월보,C50-S00-I00-N06,C50,신앙
월보,C50-S00-I00-N06,C50,불이
월보,C50-S00-I00-N06,C50,열심
월보,C50-S00-I00-N06,C50,불굴
월보,C50-S00-I00-N06,C50,성력
월보,C50-S00-I00-N06,C50,타인
월보,C50-S00-I00-N06,C50,성도비결
월보,C50-S00-I00-N06,C50,요해
월보,C50-S00-I00-N06,C50,시등
월보,C50-S00-I00-N06,C50,비밀
월보,C50-S00-I00-N06,C50,천계
월보,C50-S00-I00-N06,C50,대저행운
월보,C50-S00-I00-N06,C50,시등
월보,C50-S00-I00-N06,C50,비밀
월보,C50-S00-I00-N06,C50,천계
월보,C50-S00-I00-N06,C50,일상
월보,C50-S00-I00-N06,C50,준비
월보,C50-S00-I00-N06,C50,호기회
월보,C50-S00-I00-N06,C50,착득
월보,C50-S00-I00-N06,C50,결과
월보,C50-S00-I00-N06,C50,불과
월보,C50-S00-I00-N06,C50,피행운숭배자
월보,C50-S00-I00-N06,C50,타면
월보,C50-S00-I00-N06,C50,불의
월보,C50-S00-I00-N06,C50,부귀
월보,C50-S00-I00-N06,C50,돌연
월보,C50-S00-I00-N06,C50,회중
월보,C50-S00-I00-N06,C50,입래
월보,C50-S00-I00-N06,C50,기회
월보,C50-S00-I00-N06,C50,피등
월보,C50-S00-I00-N06,C50,실망
월보,C50-S00-I00-N06,C50,낙담
월보,C50-S00-I00-N06,C50,자기
월보,C50-S00-I00-N06,C50,일생
월보,C50-S00-I00-N06,C50,취생몽사
월보,C50-S00-I00-N06,C50,매송
월보,C50-S00-I00-N06,C50,대신사
월보,C50-S00-I00-N06,C50,상왈
월보,C50-S00-I00-N06,C50,제군
월보,C50-S00-I00-N06,C50,인사
월보,C50-S00-I00-N06,C50,천명
월보,C50-S00-I00-N06,C50,一節
월보,C50-S00-I00-N06,C50,오인
월보,C50-S00-I00-N06,C50,생활상진리
월보,C50-S00-I00-N06,C50,오인신앙상노력
월보,C50-S00-I00-N06,C50,즉년령
월보,C50-S00-I00-N06,C50,굴복
월보,C50-S00-I00-N06,C50,연로
월보,C50-S00-I00-N06,C50,점차기인내천적자신
월보,C50-S00-I00-N06,C50,감삭
월보,C50-S00-I00-N06,C50,연로
월보,C50-S00-I00-N06,C50,만사
월보,C50-S00-I00-N06,C50,연로
월보,C50-S00-I00-N06,C50,가탁
월보,C50-S00-I00-N06,C50,위대
월보,C50-S00-I00-N06,C50,능력
월보,C50-S00-I00-N06,C50,발달
월보,C50-S00-I00-N06,C50,생애
월보,C50-S00-I00-N06,C50,단거
월보,C50-S00-I00-N06,C50,대저
월보,C50-S00-I00-N06,C50,행복
월보,C50-S00-I00-N06,C50,불래
월보,C50-S00-I00-N06,C50,통지
월보,C50-S00-I00-N06,C50,차세
월보,C50-S00-I00-N06,C50,오인
월보,C50-S00-I00-N06,C50,진리
월보,C50-S00-I00-N06,C50,실행
월보,C50-S00-I00-N07,C50,유소요
월보,C50-S00-I00-N07,C50,신앙
월보,C50-S00-I00-N07,C50,분투
월보,C50-S00-I00-N07,C50,번연
월보,C50-S00-I00-N07,C50,패심
월보,C50-S00-I00-N07,C50,자기
월보,C50-S00-I00-N07,C50,자기
월보,C50-S00-I00-N07,C50,신뢰
월보,C50-S00-I00-N07,C50,일생
월보,C50-S00-I00-N07,C50,천직
월보,C50-S00-I00-N07,C50,일편정신적신앙
월보,C50-S00-I00-N07,C50,하도
월보,C50-S00-I00-N07,C50,하사
월보,C50-S00-I00-N07,C50,위대
월보,C50-S00-I00-N07,C50,신앙
월보,C50-S00-I00-N07,C50,자신력
월보,C50-S00-I00-N07,C50,지식
월보,C50-S00-I00-N07,C50,활동
월보,C50-S00-I00-N07,C50,홍안백발
월보,C50-S00-I00-N07,C50,풍전
월보,C50-S00-I00-N07,C50,유류
월보,C50-S00-I00-N07,C50,가상
월보,C50-S00-I00-N07,C50,우사
월보,C50-S00-I00-N07,C50,인생
월보,C50-S00-I00-N07,C50,생활
월보,C50-S00-I00-N07,C50,고상
월보,C50-S00-I00-N07,C50,유망
월보,C50-S00-I00-N07,C50,진리
월보,C50-S00-I00-N07,C50,피자신
월보,C50-S00-I00-N07,C50,자새
월보,C50-S00-I00-N07,C50,오인
월보,C50-S00-I00-N07,C50,차리
월보,C50-S00-I00-N07,C50,감득확신
월보,C50-S00-I00-N07,C50,시적신앙
월보,C50-S00-I00-N07,C50,자기
월보,C50-S00-I00-N07,C50,생애
월보,C50-S00-I00-N07,C50,진요소
월보,C50-S00-I00-N07,C50,오인
월보,C50-S00-I00-N07,C50,전력
월보,C50-S00-I00-N07,C50,여하
월보,C50-S00-I00-N07,C50,결과
월보,C50-S00-I00-N07,C50,기래
월보,C50-S00-I00-N07,C50,정연
월보,C50-S00-I00-N07,C50,온연
월보,C50-S00-I00-N07,C50,수양
월보,C50-S00-I00-N07,C50,과거
월보,C50-S00-I00-N07,C50,몽화
월보,C50-S00-I00-N07,C50,도연
월보,C50-S00-I00-N07,C50,회고
월보,C50-S00-I00-N07,C50,현재
월보,C50-S00-I00-N07,C50,실지
월보,C50-S00-I00-N07,C50,비관
월보,C50-S00-I00-N07,C50,최오인
월보,C50-S00-I00-N07,C50,자신력
월보,C50-S00-I00-N07,C50,과거사
월보,C50-S00-I00-N07,C50,통탄
월보,C50-S00-I00-N07,C50,설회복
월보,C50-S00-I00-N07,C50,불능
월보,C50-S00-I00-N07,C50,정력
월보,C50-S00-I00-N07,C50,예기
월보,C50-S00-I00-N07,C50,좌거
월보,C50-S00-I00-N07,C50,의의
월보,C50-S00-I00-N07,C50,지도
월보,C50-S00-I00-N08,C50,종교적덕성
월보,C50-S00-I00-N08,C50,발휘
월보,C50-S00-I00-N08,C50,불능
월보,C50-S00-I00-N08,C50,자기
월보,C50-S00-I00-N08,C50,점차자신
월보,C50-S00-I00-N08,C50,역여하
월보,C50-S00-I00-N08,C50,심통번민내지절망
월보,C50-S00-I00-N08,C50,고통
월보,C50-S00-I00-N08,C50,과거
월보,C50-S00-I00-N08,C50,행위
월보,C50-S00-I00-N08,C50,불능
월보,C50-S00-I00-N08,C50,시흡연
월보,C50-S00-I00-N08,C50,오인
월보,C50-S00-I00-N08,C50,배후
월보,C50-S00-I00-N08,C50,기만년
월보,C50-S00-I00-N08,C50,세월
월보,C50-S00-I00-N08,C50,오인
월보,C50-S00-I00-N08,C50,불능
월보,C50-S00-I00-N08,C50,오인
월보,C50-S00-I00-N08,C50,흡연
월보,C50-S00-I00-N08,C50,오인
월보,C50-S00-I00-N08,C50,과거
월보,C50-S00-I00-N08,C50,비적회상
월보,C50-S00-I00-N08,C50,굴적약점
월보,C50-S00-I00-N08,C50,회적죄화
월보,C50-S00-I00-N08,C50,一切
월보,C50-S00-I00-N08,C50,지식
월보,C50-S00-I00-N08,C50,신뢰
월보,C50-S00-I00-N08,C50,미래
월보,C50-S00-I00-N08,C50,교문정의
월보,C50-S00-I00-N08,C50,우차
월보,C50-S00-I00-N08,C50,진리
월보,C50-S00-I00-N08,C50,광명
월보,C50-S00-I00-N08,C50,현재사소
월보,C50-S00-I00-N08,C50,행위
월보,C50-S00-I00-N08,C50,시등
월보,C50-S00-I00-N08,C50,사사
월보,C50-S00-I00-N08,C50,웅대
월보,C50-S00-I00-N08,C50,존엄
월보,C50-S00-I00-N08,C50,장래
월보,C50-S00-I00-N08,C50,준비
월보,C50-S00-I00-N08,C50,완성
월보,C50-S00-I00-N08,C50,현재
월보,C50-S00-I00-N08,C50,장래
월보,C50-S00-I00-N08,C50,오인
월보,C50-S00-I00-N08,C50,여하
월보,C50-S00-I00-N08,C50,처리
월보,C50-S00-I00-N08,C50,현재장래
월보,C50-S00-I00-N08,C50,이자
월보,C50-S00-I00-N08,C50,신앙
월보,C50-S00-I00-N08,C50,오인
월보,C50-S00-I00-N08,C50,소유
월보,C50-S00-I00-N08,C50,오인
월보,C50-S00-I00-N08,C50,종교생활
월보,C50-S00-I00-N08,C50,견실
월보,C50-S00-I00-N08,C50,각득
월보,C50-S00-I00-N08,C50,신앙생활
월보,C50-S00-I00-N08,C50,안전
월보,C50-S00-I00-N08,C50,인생
월보,C50-S00-I00-N08,C50,전의미
월보,C50-S00-I00-N08,C50,단순
월보,C50-S00-I00-N08,C50,신앙각오
월보,C50-S00-I00-N08,C50,아최후종교
월보,C50-S00-I00-N08,C50,인내천신앙
월보,C50-S00-I00-N08,C50,사후생활일
월보,C50-S00-I00-N08,C50,대신사
월보,C50-S00-I00-N08,C50,독신자
월보,C50-S00-I00-N08,C50,정신적신사
월보,C50-S00-I00-N08,C50,어림
월보,C50-S00-I00-N08,C50,육안
월보,C50-S00-I00-N08,C50,신안
월보,C50-S00-I00-N08,C50,자기
월보,C50-S00-I00-N08,C50,정신
월보,C50-S00-I00-N08,C50,관찰
월보,C50-S00-I00-N08,C50,오인
월보,C50-S00-I00-N08,C50,대신사
월보,C50-S00-I00-N08,C50,면알
월보,C50-S00-I00-N08,C50,가득
월보,C50-S00-I00-N08,C50,오인
월보,C50-S00-I00-N08,C50,사후문제
월보,C50-S00-I00-N08,C50,해결
월보,C50-S00-I00-N08,C50,만약
월보,C50-S00-I00-N08,C50,즉독신자
월보,C50-S00-I00-N08,C50,정령
월보,C50-S00-I00-N08,C50,대신사
월보,C50-S00-I00-N08,C50,정령
월보,C50-S00-I00-N08,C50,미래신도
월보,C50-S00-I00-N08,C50,정신
월보,C50-S00-I00-N08,C50,영원
월보,C50-S00-I00-N08,C50,생존
월보,C51-S00-I00-N01,C51,교문정의애
월보,C51-S00-I00-N01,C51,개방리돈화오교
월보,C51-S00-I00-N01,C51,목적
월보,C51-S00-I00-N01,C51,천하
월보,C51-S00-I00-N01,C51,대신사
월보,C51-S00-I00-N01,C51,관념
월보,C51-S00-I00-N01,C51,왈도칙천도덕칙천덕명기도이수기덕
월보,C51-S00-I00-N01,C51,기덕
월보,C51-S00-I00-N01,C51,천덕
월보,C51-S00-I00-N01,C51,천덕
월보,C51-S00-I00-N01,C51,하덕
월보,C51-S00-I00-N01,C51,망막
월보,C51-S00-I00-N01,C51,대주문해석장
월보,C51-S00-I00-N01,C51,극궁
월보,C51-S00-I00-N01,C51,허령
월보,C51-S00-I00-N01,C51,혼원
월보,C51-S00-I00-N01,C51,일기
월보,C51-S00-I00-N01,C51,금지
월보,C51-S00-I00-N01,C51,기기
월보,C51-S00-I00-N01,C51,원위
월보,C51-S00-I00-N01,C51,청축
월보,C51-S00-I00-N01,C51,대강
월보,C51-S00-I00-N01,C51,기화
월보,C51-S00-I00-N01,C51,신령
월보,C51-S00-I00-N01,C51,기화
월보,C51-S00-I00-N01,C51,일세
월보,C51-S00-I00-N01,C51,불이
월보,C51-S00-I00-N01,C51,기존
월보,C51-S00-I00-N01,C51,부모
월보,C51-S00-I00-N01,C51,동사
월보,C51-S00-I00-N01,C51,造化
월보,C51-S00-I00-N01,C51,무위이화
월보,C51-S00-I00-N01,C51,기덕
월보,C51-S00-I00-N01,C51,기심
월보,C51-S00-I00-N01,C51,영세
월보,C51-S00-I00-N01,C51,평생
월보,C51-S00-I00-N01,C51,불망
월보,C51-S00-I00-N01,C51,존상
월보,C51-S00-I00-N01,C51,만사
월보,C51-S00-I00-N01,C51,기도
월보,C51-S00-I00-N01,C51,기지
월보,C51-S00-I00-N01,C51,기덕
월보,C51-S00-I00-N01,C51,지화지기
월보,C51-S00-I00-N01,C51,지성
월보,C51-S00-I00-N01,C51,연칙차의의즉주문
월보,C51-S00-I00-N01,C51,본의하
월보,C51-S00-I00-N01,C51,천덕
월보,C51-S00-I00-N01,C51,소재
월보,C51-S00-I00-N01,C51,탐구
월보,C51-S00-I00-N01,C51,천덕
월보,C51-S00-I00-N01,C51,차래
월보,C51-S00-I00-N01,C51,자기
월보,C51-S00-I00-N01,C51,심령
월보,C51-S00-I00-N01,C51,본원
월보,C51-S00-I00-N01,C51,지칭
월보,C51-S00-I00-N01,C51,이시
월보,C51-S00-I00-N01,C51,즉각
월보,C51-S00-I00-N01,C51,자기
월보,C51-S00-I00-N01,C51,자천
월보,C51-S00-I00-N01,C51,기천령
월보,C51-S00-I00-N01,C51,감화
월보,C51-S00-I00-N01,C51,일세
월보,C51-S00-I00-N01,C51,즉일포덕
월보,C51-S00-I00-N01,C51,원리
월보,C51-S00-I00-N01,C51,포덕
월보,C51-S00-I00-N01,C51,자기
월보,C51-S00-I00-N01,C51,심령
월보,C51-S00-I00-N01,C51,본원
월보,C51-S00-I00-N01,C51,기심령
월보,C51-S00-I00-N01,C51,감화
월보,C51-S00-I00-N01,C51,타인심령
월보,C51-S00-I00-N01,C51,본원
월보,C51-S00-I00-N01,C51,융일
월보,C51-S00-I00-N01,C51,일세
월보,C51-S00-I00-N01,C51,동일
월보,C51-S00-I00-N01,C51,덕택하
월보,C51-S00-I00-N01,C51,귀개
월보,C51-S00-I00-N01,C51,시대신사
월보,C51-S00-I00-N01,C51,본목적
월보,C51-S00-I00-N01,C51,우자기
월보,C51-S00-I00-N01,C51,심령적본원
월보,C51-S00-I00-N01,C51,대신사
월보,C51-S00-I00-N01,C51,천지역시귀신
월보,C51-S00-I00-N01,C51,귀신역시음양
월보,C51-S00-I00-N01,C51,대신사
월보,C51-S00-I00-N01,C51,천시귀신
월보,C51-S00-I00-N01,C51,귀신역시음양
월보,C51-S00-I00-N01,C51,역시귀신
월보,C51-S00-I00-N01,C51,사지백체
월보,C51-S00-I00-N01,C51,수족동정
월보,C51-S00-I00-N01,C51,역시음양
월보,C51-S00-I00-N01,C51,오인
월보,C51-S00-I00-N01,C51,심령
월보,C51-S00-I00-N01,C51,본원
월보,C51-S00-I00-N01,C51,귀신
월보,C51-S00-I00-N01,C51,천지
월보,C51-S00-I00-N01,C51,음양
월보,C51-S00-I00-N01,C51,차의미
월보,C51-S00-I00-N01,C51,오인
월보,C51-S00-I00-N01,C51,심령
월보,C51-S00-I00-N01,C51,즉천
월보,C51-S00-I00-N01,C51,造化
월보,C51-S00-I00-N01,C51,오인
월보,C51-S00-I00-N01,C51,자기
월보,C51-S00-I00-N01,C51,천주
월보,C51-S00-I00-N01,C51,각득
월보,C51-S00-I00-N01,C51,즉심령
월보,C51-S00-I00-N01,C51,본원
월보,C51-S00-I00-N01,C51,여하
월보,C51-S00-I00-N01,C51,오인
월보,C51-S00-I00-N01,C51,직접인내천
월보,C51-S00-I00-N01,C51,정리
월보,C51-S00-I00-N01,C51,직각
월보,C51-S00-I00-N01,C51,대전
월보,C51-S00-I00-N01,C51,군자지덕
월보,C51-S00-I00-N01,C51,기유정이심유정고여천지합기덕
월보,C51-S00-I00-N01,C51,소인지덕
월보,C51-S00-I00-N01,C51,기불정이심유이고
월보,C51-S00-I00-N01,C51,여천지위기명
월보,C51-S00-I00-N01,C51,오인
월보,C51-S00-I00-N01,C51,심령
월보,C51-S00-I00-N01,C51,본원
월보,C51-S00-I00-N01,C51,오인
월보,C51-S00-I00-N01,C51,소위정심정기
월보,C51-S00-I00-N01,C51,언어문장
월보,C51-S00-I00-N01,C51,상당
월보,C51-S00-I00-N01,C51,수양
월보,C51-S00-I00-N01,C51,기경애
월보,C51-S00-I00-N01,C51,기수련방법
월보,C51-S00-I00-N01,C51,소위
월보,C51-S00-I00-N01,C51,묵념
월보,C51-S00-I00-N01,C51,오탄
월보,C51-S00-I00-N01,C51,지성
월보,C51-S00-I00-N01,C51,실행
월보,C51-S00-I00-N01,C51,서기
월보,C51-S00-I00-N01,C51,오교
월보,C51-S00-I00-N01,C51,現象
월보,C51-S00-I00-N01,C51,최선급무
월보,C51-S00-I00-N01,C51,본론
월보,C51-S00-I00-N01,C51,지나
월보,C51-S00-I00-N01,C51,모시일체청
월보,C51-S00-I00-N01,C51,모강사
월보,C51-S00-I00-N01,C51,개방
월보,C51-S00-I00-N01,C51,설명
월보,C51-S00-I00-N01,C51,개방
월보,C51-S00-I00-N01,C51,오교금일
월보,C51-S00-I00-N01,C51,최급무
월보,C51-S00-I00-N01,C51,자선
월보,C51-S00-I00-N01,C51,자선
월보,C51-S00-I00-N01,C51,도덕
월보,C51-S00-I00-N01,C51,도덕
월보,C51-S00-I00-N01,C51,소회
월보,C51-S00-I00-N01,C51,발휘
월보,C51-S00-I00-N01,C51,미덕
월보,C51-S00-I00-N01,C51,오인
월보,C51-S00-I00-N01,C51,내부관념상
월보,C51-S00-I00-N01,C51,포덕
월보,C51-S00-I00-N01,C51,발표
월보,C51-S00-I00-N01,C51,심령
월보,C51-S00-I00-N01,C51,수련
월보,C51-S00-I00-N01,C51,극치
월보,C51-S00-I00-N02,C51,발표
월보,C51-S00-I00-N02,C51,천정의
월보,C51-S00-I00-N02,C51,원만
월보,C51-S00-I00-N02,C51,오인
월보,C51-S00-I00-N02,C51,내부타인
월보,C51-S00-I00-N02,C51,감화
월보,C51-S00-I00-N02,C51,능력
월보,C51-S00-I00-N02,C51,천금
월보,C51-S00-I00-N02,C51,시장
월보,C51-S00-I00-N02,C51,전걸
월보,C51-S00-I00-N02,C51,하이
월보,C51-S00-I00-N02,C51,오사
월보,C51-S00-I00-N02,C51,아애중생
월보,C51-S00-I00-N02,C51,애아
월보,C51-S00-I00-N02,C51,영교필성
월보,C51-S00-I00-N02,C51,즉자기심적덕화
월보,C51-S00-I00-N02,C51,타인
월보,C51-S00-I00-N02,C51,시여
월보,C51-S00-I00-N02,C51,명사
월보,C51-S00-I00-N02,C51,오인
월보,C51-S00-I00-N02,C51,사회
월보,C51-S00-I00-N02,C51,발전
월보,C51-S00-I00-N02,C51,오인
월보,C51-S00-I00-N02,C51,세계
월보,C51-S00-I00-N02,C51,성장
월보,C51-S00-I00-N02,C51,본원
월보,C51-S00-I00-N02,C51,아자체
월보,C51-S00-I00-N02,C51,심령
월보,C51-S00-I00-N02,C51,기심령
월보,C51-S00-I00-N02,C51,원결
월보,C51-S00-I00-N02,C51,오인
월보,C51-S00-I00-N02,C51,종교
월보,C51-S00-I00-N02,C51,종교가
월보,C51-S00-I00-N02,C51,직접활용
월보,C51-S00-I00-N02,C51,환언
월보,C51-S00-I00-N02,C51,종교가
월보,C51-S00-I00-N02,C51,천직
월보,C51-S00-I00-N02,C51,종교가
월보,C51-S00-I00-N02,C51,활용
월보,C51-S00-I00-N02,C51,기관차
월보,C51-S00-I00-N02,C51,증기
월보,C51-S00-I00-N02,C51,동일
월보,C51-S00-I00-N02,C51,오인
월보,C51-S00-I00-N02,C51,개방
월보,C51-S00-I00-N02,C51,하등
월보,C51-S00-I00-N02,C51,방식
월보,C51-S00-I00-N02,C51,기최초목적
월보,C51-S00-I00-N02,C51,교문정의
월보,C51-S00-I00-N02,C51,오인
월보,C51-S00-I00-N02,C51,자존심
월보,C51-S00-I00-N02,C51,파괴
월보,C51-S00-I00-N02,C51,제일보
월보,C51-S00-I00-N02,C51,해월신사
월보,C51-S00-I00-N02,C51,도유
월보,C51-S00-I00-N02,C51,왈오
월보,C51-S00-I00-N02,C51,혈괴
월보,C51-S00-I00-N02,C51,시비
월보,C51-S00-I00-N02,C51,혈기
월보,C51-S00-I00-N03,C51,육체
월보,C51-S00-I00-N03,C51,불지
월보,C51-S00-I00-N03,C51,부녀소아
월보,C51-S00-I00-N03,C51,제군
월보,C51-S00-I00-N03,C51,자존
월보,C51-S00-I00-N03,C51,자다
월보,C51-S00-I00-N03,C51,자존심
월보,C51-S00-I00-N03,C51,차심
월보,C51-S00-I00-N03,C51,휴타수폐
월보,C51-S00-I00-N03,C51,기종
월보,C51-S00-I00-N03,C51,여하
월보,C51-S00-I00-N03,C51,외식자
월보,C51-S00-I00-N03,C51,직실자
월보,C51-S00-I00-N03,C51,성인
월보,C51-S00-I00-N03,C51,덕화
월보,C51-S00-I00-N03,C51,춘풍화기
월보,C51-S00-I00-N03,C51,원기
월보,C51-S00-I00-N03,C51,초목군생
월보,C51-S00-I00-N03,C51,만화
월보,C51-S00-I00-N03,C51,무위
월보,C51-S00-I00-N03,C51,군자
월보,C51-S00-I00-N03,C51,대인
월보,C51-S00-I00-N03,C51,풍화
월보,C51-S00-I00-N03,C51,무위
월보,C51-S00-I00-N03,C51,화육
월보,C51-S00-I00-N03,C51,자기
월보,C51-S00-I00-N03,C51,타인
월보,C51-S00-I00-N03,C51,인인
월보,C51-S00-I00-N03,C51,성인
월보,C51-S00-I00-N03,C51,대저대인접물
월보,C51-S00-I00-N03,C51,은악양선
월보,C51-S00-I00-N03,C51,폭로
월보,C51-S00-I00-N03,C51,인서
월보,C51-S00-I00-N03,C51,교사
월보,C51-S00-I00-N03,C51,진실
월보,C51-S00-I00-N03,C51,순애
월보,C51-S00-I00-N03,C51,수천하
월보,C51-S00-I00-N03,C51,자연
월보,C51-S00-I00-N03,C51,만사
월보,C51-S00-I00-N03,C51,차지두
월보,C51-S00-I00-N03,C51,도력
월보,C51-S00-I00-N03,C51,수비인
월보,C51-S00-I00-N03,C51,비인
월보,C51-S00-I00-N03,C51,기기상
월보,C51-S00-I00-N03,C51,춘풍화기
월보,C51-S00-I00-N03,C51,천하
월보,C51-S00-I00-N03,C51,성인
월보,C51-S00-I00-N03,C51,초목
월보,C51-S00-I00-N03,C51,군자
월보,C51-S00-I00-N03,C51,부월
월보,C51-S00-I00-N03,C51,시고
월보,C51-S00-I00-N03,C51,군자
월보,C51-S00-I00-N03,C51,불출
월보,C51-S00-I00-N03,C51,타고
월보,C51-S00-I00-N03,C51,일인
월보,C51-S00-I00-N03,C51,천하
월보,C51-S00-I00-N03,C51,이기치기
월보,C51-S00-I00-N03,C51,이기식기
월보,C51-S00-I00-N03,C51,이천식천
월보,C51-S00-I00-N03,C51,이천봉천
월보,C51-S00-I00-N03,C51,이심치심
월보,C51-S00-I00-N03,C51,이선화불선
월보,C51-S00-I00-N03,C51,오교
월보,C51-S00-I00-N03,C51,대화
월보,C51-S00-I00-N03,C51,인이래
월보,C51-S00-I00-N03,C51,기심적
월보,C51-S00-I00-N04,C51,용사
월보,C51-S00-I00-N04,C51,재상풍임
월보,C51-S00-I00-N04,C51,용심
월보,C51-S00-I00-N04,C51,인의례지
월보,C51-S00-I00-N04,C51,원형리정
월보,C51-S00-I00-N04,C51,인의례지
월보,C51-S00-I00-N04,C51,왈물
월보,C51-S00-I00-N04,C51,동포
월보,C51-S00-I00-N04,C51,동행
월보,C51-S00-I00-N04,C51,천지신명
월보,C51-S00-I00-N04,C51,추이
월보,C51-S00-I00-N04,C51,왈지성
월보,C51-S00-I00-N04,C51,성성
월보,C51-S00-I00-N04,C51,고왈청명
월보,C51-S00-I00-N04,C51,재궁
월보,C51-S00-I00-N04,C51,기지여신
월보,C51-S00-I00-N04,C51,왈재성재인
월보,C51-S00-I00-N04,C51,운이상
월보,C51-S00-I00-N04,C51,해월신사
월보,C51-S00-I00-N04,C51,실행
월보,C51-S00-I00-N04,C51,교화
월보,C51-S00-I00-N04,C51,해월신사
월보,C51-S00-I00-N04,C51,개방주의
월보,C51-S00-I00-N04,C51,일세
월보,C51-S00-I00-N04,C51,풍미
월보,C51-S00-I00-N04,C51,오위
월보,C51-S00-I00-N04,C51,개방
월보,C51-S00-I00-N04,C51,위대
월보,C51-S00-I00-N04,C51,오인
월보,C51-S00-I00-N04,C51,부모
월보,C51-S00-I00-N04,C51,차생명
월보,C51-S00-I00-N04,C51,보존
월보,C51-S00-I00-N04,C51,가족
월보,C51-S00-I00-N04,C51,사회
월보,C51-S00-I00-N04,C51,국가
월보,C51-S00-I00-N04,C51,유점
월보,C51-S00-I00-N04,C51,육체
월보,C51-S00-I00-N04,C51,철두철미
월보,C51-S00-I00-N04,C51,결정
월보,C51-S00-I00-N04,C51,물론오인
월보,C51-S00-I00-N04,C51,의의
월보,C51-S00-I00-N04,C51,씨훈봉열정상도
월보,C51-S00-I00-N04,C51,오인
월보,C51-S00-I00-N04,C51,자기
월보,C51-S00-I00-N04,C51,본위
월보,C51-S00-I00-N04,C51,회고
월보,C51-S00-I00-N04,C51,불망
월보,C51-S00-I00-N04,C51,기덕
월보,C51-S00-I00-N04,C51,하고
월보,C51-S00-I00-N04,C51,시개오인
월보,C51-S00-I00-N04,C51,심중
월보,C51-S00-I00-N04,C51,자존자대
월보,C51-S00-I00-N04,C51,악덕
월보,C51-S00-I00-N04,C51,발섭
월보,C51-S00-I00-N04,C51,오인
월보,C51-S00-I00-N04,C51,본위
월보,C51-S00-I00-N04,C51,망각
월보,C51-S00-I00-N04,C51,산록
월보,C51-S00-I00-N04,C51,함정
월보,C51-S00-I00-N04,C51,불무
월보,C51-S00-I00-N04,C51,개자존자대
월보,C51-S00-I00-N04,C51,원래
월보,C51-S00-I00-N04,C51,의뢰
월보,C51-S00-I00-N04,C51,자기
월보,C51-S00-I00-N04,C51,직무자기가치
월보,C51-S00-I00-N04,C51,사고
월보,C51-S00-I00-N04,C51,종교가
월보,C51-S00-I00-N04,C51,지위덕
월보,C51-S00-I00-N04,C51,직무덕
월보,C51-S00-I00-N04,C51,가치
월보,C51-S00-I00-N04,C51,직접포용
월보,C51-S00-I00-N04,C51,일각
월보,C51-S00-I00-N04,C51,불가
월보,C51-S00-I00-N04,C51,즉애
월보,C51-S00-I00-N04,C51,지위
월보,C51-S00-I00-N04,C51,직무
월보,C51-S00-I00-N04,C51,가치
월보,C51-S00-I00-N04,C51,일시
월보,C51-S00-I00-N04,C51,자기
월보,C51-S00-I00-N04,C51,자기
월보,C51-S00-I00-N04,C51,파괴
월보,C51-S00-I00-N04,C51,교문정의즉부자
월보,C51-S00-I00-N04,C51,자존
월보,C51-S00-I00-N04,C51,귀자
월보,C51-S00-I00-N04,C51,자존
월보,C51-S00-I00-N04,C51,식자
월보,C51-S00-I00-N04,C51,자존
월보,C51-S00-I00-N04,C51,고어
월보,C51-S00-I00-N04,C51,왈국군
월보,C51-S00-I00-N04,C51,교인
월보,C51-S00-I00-N04,C51,필망국
월보,C51-S00-I00-N04,C51,자존
월보,C51-S00-I00-N04,C51,해독
월보,C51-S00-I00-N04,C51,지칭
월보,C51-S00-I00-N04,C51,발휘
월보,C51-S00-I00-N04,C51,발휘
월보,C51-S00-I00-N04,C51,발휘
월보,C51-S00-I00-N04,C51,유일
월보,C51-S00-I00-N04,C51,덕망
월보,C51-S00-I00-N04,C51,숭배
월보,C51-S00-I00-N04,C51,기인야
월보,C51-S00-I00-N04,C51,기덕망
월보,C51-S00-I00-N04,C51,자존심
월보,C51-S00-I00-N04,C51,해독
월보,C51-S00-I00-N04,C51,부귀자
월보,C51-S00-I00-N04,C51,교성
월보,C51-S00-I00-N04,C51,맹자소위습
월보,C51-S00-I00-N04,C51,하이
월보,C51-S00-I00-N04,C51,자기
월보,C51-S00-I00-N04,C51,본위
월보,C51-S00-I00-N04,C51,운예
월보,C51-S00-I00-N04,C51,건물
월보,C51-S00-I00-N04,C51,기기초
월보,C51-S00-I00-N04,C51,전도
월보,C51-S00-I00-N04,C51,출운
월보,C51-S00-I00-N04,C51,고대목
월보,C51-S00-I00-N04,C51,기근
월보,C51-S00-I00-N04,C51,부패
월보,C51-S00-I00-N04,C51,후확
월보,C51-S00-I00-N04,C51,수마
월보,C51-S00-I00-N04,C51,고도
월보,C51-S00-I00-N04,C51,교만사치
월보,C51-S00-I00-N04,C51,해독
월보,C51-S00-I00-N04,C51,전률
월보,C51-S00-I00-N04,C51,만천하동덕
월보,C51-S00-I00-N04,C51,일언
월보,C51-S00-I00-N04,C51,오인
월보,C51-S00-I00-N04,C51,오인
월보,C51-S00-I00-N04,C51,본위
월보,C51-S00-I00-N04,C51,오인
월보,C51-S00-I00-N04,C51,즉종교적견지
월보,C51-S00-I00-N04,C51,사인여천
월보,C51-S00-I00-N04,C51,개방
월보,C51-S00-I00-N04,C51,시문
월보,C51-S00-I00-N04,C51,오인
월보,C51-S00-I00-N04,C51,여하
월보,C51-S00-I00-N04,C51,금일
월보,C51-S00-I00-N04,C51,오해월신사
월보,C51-S00-I00-N04,C51,기덕
월보,C51-S00-I00-N04,C51,비견
월보,C51-S00-I00-N04,C51,신사
월보,C51-S00-I00-N04,C51,여사
월보,C51-S00-I00-N04,C51,덕망
월보,C51-S00-I00-N04,C51,포부
월보,C51-S00-I00-N04,C51,상왈사인여천
월보,C51-S00-I00-N04,C51,오인
월보,C51-S00-I00-N04,C51,차일언
월보,C51-S00-I00-N04,C51,영수물혼
월보,C51-S00-I00-N04,C51,개방
월보,C51-S00-I00-N04,C51,원만
월보,C51-S00-I00-N04,C51,실행
월보,C51-S00-I00-N04,C51,고도
월보,C52-S00-I00-N01,C52,교문정의자각
월보,C52-S00-I00-N01,C52,기근
월보,C52-S00-I00-N01,C52,이교화오인
월보,C52-S00-I00-N01,C52,교인
월보,C52-S00-I00-N01,C52,입장
월보,C52-S00-I00-N01,C52,충분
월보,C52-S00-I00-N01,C52,자기
월보,C52-S00-I00-N01,C52,자각
월보,C52-S00-I00-N01,C52,확실
월보,C52-S00-I00-N01,C52,자기
월보,C52-S00-I00-N01,C52,自信
월보,C52-S00-I00-N01,C52,자각
월보,C52-S00-I00-N01,C52,自信
월보,C52-S00-I00-N01,C52,만인
월보,C52-S00-I00-N01,C52,입장
월보,C52-S00-I00-N01,C52,동일
월보,C52-S00-I00-N01,C52,동일
월보,C52-S00-I00-N01,C52,직선상
월보,C52-S00-I00-N01,C52,귀착
월보,C52-S00-I00-N01,C52,오인
월보,C52-S00-I00-N01,C52,상당
월보,C52-S00-I00-N01,C52,천직
월보,C52-S00-I00-N01,C52,오인
월보,C52-S00-I00-N01,C52,일번대오
월보,C52-S00-I00-N01,C52,일사
월보,C52-S00-I00-N01,C52,자각
월보,C52-S00-I00-N01,C52,自信
월보,C52-S00-I00-N01,C52,추상
월보,C52-S00-I00-N01,C52,사고
월보,C52-S00-I00-N01,C52,불가
월보,C52-S00-I00-N01,C52,상언
월보,C52-S00-I00-N01,C52,오인
월보,C52-S00-I00-N01,C52,신조중
월보,C52-S00-I00-N01,C52,자각
월보,C52-S00-I00-N01,C52,이상내
월보,C52-S00-I00-N01,C52,자각
월보,C52-S00-I00-N01,C52,혹물
월보,C52-S00-I00-N01,C52,自信
월보,C52-S00-I00-N01,C52,기초내
월보,C52-S00-I00-N01,C52,自信
월보,C52-S00-I00-N01,C52,혹물
월보,C52-S00-I00-N01,C52,오인
월보,C52-S00-I00-N01,C52,광대
월보,C52-S00-I00-N01,C52,이상복잡
월보,C52-S00-I00-N01,C52,사실
월보,C52-S00-I00-N01,C52,기혹물
월보,C52-S00-I00-N01,C52,묘출
월보,C52-S00-I00-N01,C52,체시
월보,C52-S00-I00-N01,C52,이해
월보,C52-S00-I00-N01,C52,음미
월보,C52-S00-I00-N01,C52,찬탄
월보,C52-S00-I00-N01,C52,우진
월보,C52-S00-I00-N01,C52,이상화
월보,C52-S00-I00-N01,C52,오인
월보,C52-S00-I00-N01,C52,자각
월보,C52-S00-I00-N01,C52,자각
월보,C52-S00-I00-N01,C52,自信
월보,C52-S00-I00-N01,C52,自信
월보,C52-S00-I00-N01,C52,오인
월보,C52-S00-I00-N01,C52,자각
월보,C52-S00-I00-N01,C52,自信
월보,C52-S00-I00-N01,C52,혹물
월보,C52-S00-I00-N01,C52,억하자
월보,C52-S00-I00-N01,C52,석자
월보,C52-S00-I00-N01,C52,대신사
월보,C52-S00-I00-N01,C52,대각교문정의
월보,C52-S00-I00-N01,C52,교문정의
월보,C52-S00-I00-N01,C52,천하만고
월보,C52-S00-I00-N01,C52,자각
월보,C52-S00-I00-N01,C52,自信
월보,C52-S00-I00-N01,C52,즉왈덕
월보,C52-S00-I00-N01,C52,천하
월보,C52-S00-I00-N01,C52,대신사
월보,C52-S00-I00-N01,C52,즉덕
월보,C52-S00-I00-N01,C52,천하
월보,C52-S00-I00-N01,C52,광제
월보,C52-S00-I00-N01,C52,선고
월보,C52-S00-I00-N01,C52,오인
월보,C52-S00-I00-N01,C52,소위대신사
월보,C52-S00-I00-N01,C52,자신자각
월보,C52-S00-I00-N01,C52,파래
월보,C52-S00-I00-N01,C52,理想
월보,C52-S00-I00-N01,C52,요리
월보,C52-S00-I00-N01,C52,사실
월보,C52-S00-I00-N01,C52,해부
월보,C52-S00-I00-N01,C52,대신사
월보,C52-S00-I00-N01,C52,상왈
월보,C52-S00-I00-N01,C52,도인칙천도
월보,C52-S00-I00-N01,C52,칙천덕
월보,C52-S00-I00-N01,C52,천덕
월보,C52-S00-I00-N01,C52,즉하덕
월보,C52-S00-I00-N01,C52,자의상의미
월보,C52-S00-I00-N01,C52,취간
월보,C52-S00-I00-N01,C52,기의
월보,C52-S00-I00-N01,C52,심범람
월보,C52-S00-I00-N01,C52,기지
월보,C52-S00-I00-N01,C52,광활
월보,C52-S00-I00-N01,C52,하등포착
월보,C52-S00-I00-N01,C52,중추
월보,C52-S00-I00-N02,C52,오인
월보,C52-S00-I00-N02,C52,즉사당
월보,C52-S00-I00-N02,C52,즉세신
월보,C52-S00-I00-N02,C52,즉산
월보,C52-S00-I00-N02,C52,즉수
월보,C52-S00-I00-N02,C52,여사
월보,C52-S00-I00-N02,C52,사실
월보,C52-S00-I00-N02,C52,여사
월보,C52-S00-I00-N02,C52,경험
월보,C52-S00-I00-N02,C52,차칠척
월보,C52-S00-I00-N02,C52,육구
월보,C52-S00-I00-N02,C52,차방촌
월보,C52-S00-I00-N02,C52,지식
월보,C52-S00-I00-N02,C52,저개
월보,C52-S00-I00-N02,C52,육체
월보,C52-S00-I00-N02,C52,저개
월보,C52-S00-I00-N02,C52,지식
월보,C52-S00-I00-N02,C52,포부
월보,C52-S00-I00-N02,C52,저개
월보,C52-S00-I00-N02,C52,인물
월보,C52-S00-I00-N02,C52,오인
월보,C52-S00-I00-N02,C52,즉교
월보,C52-S00-I00-N02,C52,천덕
월보,C52-S00-I00-N02,C52,천덕
월보,C52-S00-I00-N02,C52,기과연
월보,C52-S00-I00-N02,C52,상세
월보,C52-S00-I00-N02,C52,설명
월보,C52-S00-I00-N02,C52,적절
월보,C52-S00-I00-N02,C52,교훈
월보,C52-S00-I00-N02,C52,천덕
월보,C52-S00-I00-N02,C52,무형
월보,C52-S00-I00-N02,C52,무형
월보,C52-S00-I00-N02,C52,무형
월보,C52-S00-I00-N02,C52,감각
월보,C52-S00-I00-N02,C52,원래
월보,C52-S00-I00-N02,C52,미각자
월보,C52-S00-I00-N02,C52,하등
월보,C52-S00-I00-N02,C52,방식
월보,C52-S00-I00-N02,C52,기요지
월보,C52-S00-I00-N02,C52,파래
월보,C52-S00-I00-N02,C52,황무형
월보,C52-S00-I00-N02,C52,광대무량
월보,C52-S00-I00-N02,C52,빙실표적
월보,C52-S00-I00-N02,C52,기지
월보,C52-S00-I00-N02,C52,어시
월보,C52-S00-I00-N02,C52,오인
월보,C52-S00-I00-N02,C52,기요점
월보,C52-S00-I00-N02,C52,모사
월보,C52-S00-I00-N02,C52,천하
월보,C52-S00-I00-N02,C52,천민
월보,C52-S00-I00-N02,C52,기중심
월보,C52-S00-I00-N02,C52,소재
월보,C52-S00-I00-N02,C52,요해
월보,C52-S00-I00-N02,C52,행심
월보,C52-S00-I00-N02,C52,기요점
월보,C52-S00-I00-N02,C52,지금명총정범
월보,C52-S00-I00-N02,C52,일승
월보,C52-S00-I00-N02,C52,고상
월보,C52-S00-I00-N02,C52,교문정의
월보,C52-S00-I00-N03,C52,지금
월보,C52-S00-I00-N03,C52,우루정원
월보,C52-S00-I00-N03,C52,일묘
월보,C52-S00-I00-N03,C52,추지
월보,C52-S00-I00-N03,C52,지금
월보,C52-S00-I00-N03,C52,고봉준령
월보,C52-S00-I00-N03,C52,한운
월보,C52-S00-I00-N03,C52,출수
월보,C52-S00-I00-N03,C52,지금
월보,C52-S00-I00-N03,C52,석간절벽
월보,C52-S00-I00-N03,C52,원천
월보,C52-S00-I00-N03,C52,지금
월보,C52-S00-I00-N03,C52,무월청야
월보,C52-S00-I00-N03,C52,억만성숙
월보,C52-S00-I00-N03,C52,오호
월보,C52-S00-I00-N03,C52,개자대
월보,C52-S00-I00-N03,C52,우취
월보,C52-S00-I00-N03,C52,고거
월보,C52-S00-I00-N03,C52,공중
월보,C52-S00-I00-N03,C52,활비
월보,C52-S00-I00-N03,C52,기능
월보,C52-S00-I00-N03,C52,배회
월보,C52-S00-I00-N03,C52,오호
월보,C52-S00-I00-N03,C52,일립
월보,C52-S00-I00-N03,C52,종자
월보,C52-S00-I00-N03,C52,황묘
월보,C52-S00-I00-N03,C52,우진
월보,C52-S00-I00-N03,C52,난만
월보,C52-S00-I00-N03,C52,오호
월보,C52-S00-I00-N03,C52,무심
월보,C52-S00-I00-N03,C52,운무의
월보,C52-S00-I00-N03,C52,천무적
월보,C52-S00-I00-N03,C52,성진
월보,C52-S00-I00-N03,C52,출몰
월보,C52-S00-I00-N03,C52,활류
월보,C52-S00-I00-N03,C52,자명
월보,C52-S00-I00-N03,C52,수과수
월보,C52-S00-I00-N03,C52,신사
월보,C52-S00-I00-N03,C52,도제
월보,C52-S00-I00-N03,C52,조성
월보,C52-S00-I00-N03,C52,일시역천주
월보,C52-S00-I00-N03,C52,신사
월보,C52-S00-I00-N03,C52,묵연
월보,C52-S00-I00-N03,C52,일여
월보,C52-S00-I00-N03,C52,서기
월보,C52-S00-I00-N03,C52,가가
월보,C52-S00-I00-N03,C52,차일어
월보,C52-S00-I00-N03,C52,우주만상
월보,C52-S00-I00-N03,C52,진리
월보,C52-S00-I00-N03,C52,벽파
월보,C52-S00-I00-N04,C52,중심
월보,C52-S00-I00-N04,C52,혹물
월보,C52-S00-I00-N04,C52,기능
월보,C52-S00-I00-N04,C52,자동
월보,C52-S00-I00-N04,C52,종자
월보,C52-S00-I00-N04,C52,중심
월보,C52-S00-I00-N04,C52,혹물
월보,C52-S00-I00-N04,C52,기능
월보,C52-S00-I00-N04,C52,자동
월보,C52-S00-I00-N04,C52,자천
월보,C52-S00-I00-N04,C52,자성
월보,C52-S00-I00-N04,C52,자혹물
월보,C52-S00-I00-N04,C52,기능
월보,C52-S00-I00-N04,C52,자동
월보,C52-S00-I00-N04,C52,교문정체연
월보,C52-S00-I00-N04,C52,기혹물
월보,C52-S00-I00-N04,C52,하물
월보,C52-S00-I00-N04,C52,오인
월보,C52-S00-I00-N04,C52,대성
월보,C52-S00-I00-N04,C52,본래심
월보,C52-S00-I00-N04,C52,우주만상
월보,C52-S00-I00-N04,C52,기혹물
월보,C52-S00-I00-N04,C52,대천
월보,C52-S00-I00-N04,C52,조직
월보,C52-S00-I00-N04,C52,대지
월보,C52-S00-I00-N04,C52,기복
월보,C52-S00-I00-N04,C52,명호
월보,C52-S00-I00-N04,C52,혹물
월보,C52-S00-I00-N04,C52,우주만상
월보,C52-S00-I00-N04,C52,우주만상
월보,C52-S00-I00-N04,C52,혹물
월보,C52-S00-I00-N04,C52,혹물
월보,C52-S00-I00-N04,C52,오인
월보,C52-S00-I00-N04,C52,기혹물
월보,C52-S00-I00-N04,C52,도덕가
월보,C52-S00-I00-N04,C52,一節
월보,C52-S00-I00-N04,C52,무지
월보,C52-S00-I00-N04,C52,세상
월보,C52-S00-I00-N04,C52,천지
월보,C52-S00-I00-N04,C52,경외지심
월보,C52-S00-I00-N04,C52,천상
월보,C52-S00-I00-N04,C52,상제
월보,C52-S00-I00-N04,C52,옥경대
월보,C52-S00-I00-N04,C52,음양리치고사
월보,C52-S00-I00-N04,C52,허무지설
월보,C52-S00-I00-N04,C52,명색
월보,C52-S00-I00-N04,C52,귀신
월보,C52-S00-I00-N04,C52,지각구경
월보,C52-S00-I00-N04,C52,천지역시귀신
월보,C52-S00-I00-N04,C52,귀신역시음양
월보,C52-S00-I00-N04,C52,경전
월보,C52-S00-I00-N04,C52,중략
월보,C52-S00-I00-N04,C52,사십평생포의한사
월보,C52-S00-I00-N04,C52,천지
월보,C52-S00-I00-N04,C52,수족동정
월보,C52-S00-I00-N04,C52,역시귀신
월보,C52-S00-I00-N04,C52,선악간
월보,C52-S00-I00-N04,C52,용사
월보,C52-S00-I00-N04,C52,역시기운
월보,C52-S00-I00-N04,C52,역시조화
월보,C52-S00-I00-N04,C52,대신사
월보,C52-S00-I00-N04,C52,훈사중일
월보,C52-S00-I00-N04,C52,대신사
월보,C52-S00-I00-N04,C52,도접아
월보,C52-S00-I00-N04,C52,일혹물
월보,C52-S00-I00-N04,C52,귀신
월보,C52-S00-I00-N04,C52,일혹제
월보,C52-S00-I00-N04,C52,일혹물
월보,C52-S00-I00-N04,C52,전래
월보,C52-S00-I00-N04,C52,무체법
월보,C52-S00-I00-N04,C52,왈아
월보,C52-S00-I00-N04,C52,기점
월보,C52-S00-I00-N04,C52,성천
월보,C52-S00-I00-N04,C52,성천
월보,C52-S00-I00-N04,C52,근본
월보,C52-S00-I00-N04,C52,천지미판
월보,C52-S00-I00-N04,C52,시시억
월보,C52-S00-I00-N04,C52,만년
월보,C52-S00-I00-N04,C52,천지
월보,C52-S00-I00-N04,C52,시시억
월보,C52-S00-I00-N04,C52,만년
월보,C52-S00-I00-N04,C52,우왈아
월보,C52-S00-I00-N04,C52,일물
월보,C52-S00-I00-N04,C52,일물
월보,C52-S00-I00-N04,C52,본래아
월보,C52-S00-I00-N04,C52,차물
월보,C52-S00-I00-N04,C52,기동정
월보,C52-S00-I00-N04,C52,만법
월보,C52-S00-I00-N04,C52,자연구체
월보,C52-S00-I00-N04,C52,만물
월보,C52-S00-I00-N04,C52,자연
월보,C52-S00-I00-N04,C52,천지위성출
월보,C52-S00-I00-N04,C52,천지
월보,C52-S00-I00-N04,C52,본체
월보,C52-S00-I00-N04,C52,환거
월보,C52-S00-I00-N04,C52,만물위생성
월보,C52-S00-I00-N04,C52,만물
월보,C52-S00-I00-N04,C52,자체
월보,C52-S00-I00-N04,C52,안거
월보,C52-S00-I00-N04,C52,불생불멸
월보,C52-S00-I00-N04,C52,본래아
월보,C52-S00-I00-N04,C52,운연
월보,C52-S00-I00-N04,C52,일혹물
월보,C52-S00-I00-N04,C52,천지말판이전
월보,C52-S00-I00-N04,C52,천지멸망이후
월보,C52-S00-I00-N04,C52,차일혹물
월보,C52-S00-I00-N04,C52,천지
월보,C52-S00-I00-N04,C52,조직
월보,C52-S00-I00-N04,C52,차일혹물
월보,C52-S00-I00-N04,C52,만물
월보,C52-S00-I00-N04,C52,생성
월보,C52-S00-I00-N04,C52,천지
월보,C52-S00-I00-N04,C52,천지
월보,C52-S00-I00-N04,C52,기인만상
월보,C52-S00-I00-N04,C52,만상
월보,C52-S00-I00-N04,C52,기인
월보,C52-S00-I00-N04,C52,기인
월보,C52-S00-I00-N04,C52,차일혹물
월보,C52-S00-I00-N04,C52,소원
월보,C52-S00-I00-N04,C52,오인
월보,C52-S00-I00-N04,C52,생활
월보,C52-S00-I00-N04,C52,간단
월보,C52-S00-I00-N04,C52,변화
월보,C52-S00-I00-N04,C52,오인
월보,C52-S00-I00-N04,C52,생명
월보,C52-S00-I00-N04,C52,차일혹물
월보,C52-S00-I00-N04,C52,귀신
월보,C52-S00-I00-N04,C52,불변
월보,C52-S00-I00-N04,C52,협착
월보,C52-S00-I00-N04,C52,차일혹물
월보,C52-S00-I00-N04,C52,영구
월보,C52-S00-I00-N04,C52,불멸
월보,C52-S00-I00-N04,C52,오인
월보,C52-S00-I00-N04,C52,오인지식
월보,C52-S00-I00-N04,C52,착착
월보,C52-S00-I00-N04,C52,천지
월보,C52-S00-I00-N04,C52,造化
월보,C52-S00-I00-N04,C52,영구
월보,C52-S00-I00-N04,C52,활연
월보,C52-S00-I00-N04,C52,우주
월보,C52-S00-I00-N04,C52,활연
월보,C52-S00-I00-N04,C52,차일혹물
월보,C52-S00-I00-N04,C52,기인격
월보,C52-S00-I00-N04,C52,위대
월보,C52-S00-I00-N04,C52,차일혹물
월보,C52-S00-I00-N04,C52,진락
월보,C52-S00-I00-N05,C52,오인
월보,C52-S00-I00-N05,C52,차일혹물
월보,C52-S00-I00-N05,C52,위대
월보,C52-S00-I00-N05,C52,보고
월보,C52-S00-I00-N05,C52,수련
월보,C52-S00-I00-N05,C52,각득
월보,C52-S00-I00-N05,C52,천금
월보,C52-S00-I00-N05,C52,교문정의시정
월보,C52-S00-I00-N05,C52,전걸
월보,C52-S00-I00-N05,C52,무이
월보,C52-S00-I00-N05,C52,덕일자
월보,C52-S00-I00-N05,C52,定義
월보,C52-S00-I00-N05,C52,표현
월보,C52-S00-I00-N05,C52,일언
월보,C52-S00-I00-N05,C52,차일혹물
월보,C52-S00-I00-N05,C52,자아
월보,C52-S00-I00-N05,C52,기본
월보,C52-S00-I00-N05,C52,자각
월보,C52-S00-I00-N05,C52,수련
월보,C52-S00-I00-N05,C52,융화
월보,C52-S00-I00-N05,C52,기일혹물
월보,C52-S00-I00-N05,C52,생활
월보,C52-S00-I00-N05,C52,활동
월보,C52-S00-I00-N05,C52,대통
월보,C52-S00-I00-N05,C52,대자연
월보,C52-S00-I00-N05,C52,본체
월보,C52-S00-I00-N05,C52,융합
월보,C52-S00-I00-N05,C52,시오교인
월보,C52-S00-I00-N05,C52,천덕
월보,C52-S00-I00-N05,C52,차일혹물
월보,C52-S00-I00-N05,C52,각득
월보,C52-S00-I00-N05,C52,각기
월보,C52-S00-I00-N05,C52,하등
월보,C52-S00-I00-N05,C52,방식
월보,C52-S00-I00-N05,C52,시오교
월보,C52-S00-I00-N05,C52,주문
월보,C52-S00-I00-N05,C52,소이
월보,C52-S00-I00-N05,C52,대신사
월보,C52-S00-I00-N05,C52,대각후
월보,C52-S00-I00-N05,C52,주문
월보,C52-S00-I00-N05,C52,일삼칠자지칭
월보,C52-S00-I00-N05,C52,만권시서
월보,C52-S00-I00-N05,C52,훈사
월보,C52-S00-I00-N05,C52,주문
월보,C52-S00-I00-N05,C52,효력
월보,C52-S00-I00-N05,C52,여하
월보,C52-S00-I00-N05,C52,위대
월보,C52-S00-I00-N05,C52,가지
월보,C52-S00-I00-N05,C52,주문
월보,C52-S00-I00-N05,C52,즉자천
월보,C52-S00-I00-N05,C52,자각
월보,C52-S00-I00-N05,C52,기근
월보,C52-S00-I00-N05,C52,각기
월보,C52-S00-I00-N05,C52,즉오도
월보,C52-S00-I00-N05,C52,천하
월보,C53-S00-I00-N01,C53,교문정의금일이후
월보,C53-S00-I00-N01,C53,종교리돈화일세계
월보,C53-S00-I00-N01,C53,구경리상
월보,C53-S00-I00-N01,C53,인간
월보,C53-S00-I00-N01,C53,구경목적
월보,C53-S00-I00-N01,C53,억하
월보,C53-S00-I00-N01,C53,오인
월보,C53-S00-I00-N01,C53,실증
월보,C53-S00-I00-N01,C53,모호
월보,C53-S00-I00-N01,C53,해결
월보,C53-S00-I00-N01,C53,미혹
월보,C53-S00-I00-N01,C53,경언
월보,C53-S00-I00-N01,C53,하고
월보,C53-S00-I00-N01,C53,여사
월보,C53-S00-I00-N01,C53,조직
월보,C53-S00-I00-N01,C53,세계
월보,C53-S00-I00-N01,C53,하고
월보,C53-S00-I00-N01,C53,여사
월보,C53-S00-I00-N01,C53,성정
월보,C53-S00-I00-N01,C53,인생
월보,C53-S00-I00-N01,C53,오인
월보,C53-S00-I00-N01,C53,지력
월보,C53-S00-I00-N01,C53,문제
월보,C53-S00-I00-N01,C53,오인
월보,C53-S00-I00-N01,C53,사실
월보,C53-S00-I00-N01,C53,이해
월보,C53-S00-I00-N01,C53,증거
월보,C53-S00-I00-N01,C53,거론
월보,C53-S00-I00-N01,C53,실상
월보,C53-S00-I00-N01,C53,오인
월보,C53-S00-I00-N01,C53,배후
월보,C53-S00-I00-N01,C53,역사
월보,C53-S00-I00-N01,C53,오인
월보,C53-S00-I00-N01,C53,안전
월보,C53-S00-I00-N01,C53,실재
월보,C53-S00-I00-N01,C53,요연
월보,C53-S00-I00-N01,C53,일작
월보,C53-S00-I00-N01,C53,환언
월보,C53-S00-I00-N01,C53,오인
월보,C53-S00-I00-N01,C53,배후
월보,C53-S00-I00-N01,C53,근소
월보,C53-S00-I00-N01,C53,역사
월보,C53-S00-I00-N01,C53,안전
월보,C53-S00-I00-N01,C53,찰나적실재
월보,C53-S00-I00-N01,C53,해부
월보,C53-S00-I00-N01,C53,연구
월보,C53-S00-I00-N01,C53,단서
월보,C53-S00-I00-N01,C53,고금천재
월보,C53-S00-I00-N01,C53,오인
월보,C53-S00-I00-N01,C53,철두철미
월보,C53-S00-I00-N01,C53,세계
월보,C53-S00-I00-N01,C53,理想
월보,C53-S00-I00-N01,C53,부합
월보,C53-S00-I00-N01,C53,인간
월보,C53-S00-I00-N01,C53,목적
월보,C53-S00-I00-N01,C53,귀결
월보,C53-S00-I00-N01,C53,경험
월보,C53-S00-I00-N01,C53,충분
월보,C53-S00-I00-N01,C53,증거
월보,C53-S00-I00-N01,C53,오인
월보,C53-S00-I00-N01,C53,금일실현
월보,C53-S00-I00-N01,C53,도덕륜리신앙등제행위
월보,C53-S00-I00-N01,C53,관념
월보,C53-S00-I00-N01,C53,물론
월보,C53-S00-I00-N01,C53,역사적배태
월보,C53-S00-I00-N01,C53,발생
월보,C53-S00-I00-N01,C53,소이
월보,C53-S00-I00-N01,C53,혁연
월보,C53-S00-I00-N01,C53,이연
월보,C53-S00-I00-N01,C53,변화무궁
월보,C53-S00-I00-N01,C53,세계
월보,C53-S00-I00-N01,C53,理想
월보,C53-S00-I00-N01,C53,인간
월보,C53-S00-I00-N01,C53,방편
월보,C53-S00-I00-N01,C53,세계
월보,C53-S00-I00-N01,C53,理想
월보,C53-S00-I00-N01,C53,하고
월보,C53-S00-I00-N01,C53,조미
월보,C53-S00-I00-N01,C53,시대시대
월보,C53-S00-I00-N01,C53,가미
월보,C53-S00-I00-N01,C53,조화력
월보,C53-S00-I00-N01,C53,현대
월보,C53-S00-I00-N01,C53,특저
월보,C53-S00-I00-N01,C53,사상
월보,C53-S00-I00-N01,C53,융화
월보,C53-S00-I00-N01,C53,표현
월보,C53-S00-I00-N01,C53,오인
월보,C53-S00-I00-N01,C53,금일
월보,C53-S00-I00-N01,C53,수천년이전
월보,C53-S00-I00-N01,C53,철인
월보,C53-S00-I00-N01,C53,훈사성현
월보,C53-S00-I00-N01,C53,고행
월보,C53-S00-I00-N01,C53,숭모
월보,C53-S00-I00-N01,C53,흠앙
월보,C53-S00-I00-N01,C53,기시대
월보,C53-S00-I00-N01,C53,인격상숭배
월보,C53-S00-I00-N01,C53,불과
월보,C53-S00-I00-N01,C53,사실
월보,C53-S00-I00-N01,C53,표현
월보,C53-S00-I00-N01,C53,오인
월보,C53-S00-I00-N01,C53,실행조건
월보,C53-S00-I00-N01,C53,표현
월보,C53-S00-I00-N01,C53,오인
월보,C53-S00-I00-N01,C53,오인
월보,C53-S00-I00-N01,C53,실행조건
월보,C53-S00-I00-N01,C53,사배
월보,C53-S00-I00-N01,C53,공자기인
월보,C53-S00-I00-N01,C53,당시
월보,C53-S00-I00-N01,C53,사상
월보,C53-S00-I00-N01,C53,오인
월보,C53-S00-I00-N01,C53,원격
월보,C53-S00-I00-N01,C53,석가기인
월보,C53-S00-I00-N01,C53,당시
월보,C53-S00-I00-N01,C53,사상
월보,C53-S00-I00-N01,C53,오인
월보,C53-S00-I00-N01,C53,당시리상
월보,C53-S00-I00-N01,C53,오인
월보,C53-S00-I00-N01,C53,소격
월보,C53-S00-I00-N01,C53,일시대
월보,C53-S00-I00-N01,C53,시대
월보,C53-S00-I00-N01,C53,거리
월보,C53-S00-I00-N01,C53,오인
월보,C53-S00-I00-N01,C53,사상
월보,C53-S00-I00-N01,C53,금일
월보,C53-S00-I00-N01,C53,변천
월보,C53-S00-I00-N01,C53,물론
월보,C53-S00-I00-N01,C53,역사적
월보,C53-S00-I00-N01,C53,발생
월보,C53-S00-I00-N01,C53,변화
월보,C53-S00-I00-N01,C53,인간
월보,C53-S00-I00-N01,C53,방편
월보,C53-S00-I00-N01,C53,하고
월보,C53-S00-I00-N01,C53,여사
월보,C53-S00-I00-N01,C53,전류불식
월보,C53-S00-I00-N01,C53,변화
월보,C53-S00-I00-N01,C53,목표
월보,C53-S00-I00-N01,C53,전류
월보,C53-S00-I00-N01,C53,전류기자
월보,C53-S00-I00-N01,C53,목표
월보,C53-S00-I00-N01,C53,혹물
월보,C53-S00-I00-N01,C53,환언
월보,C53-S00-I00-N01,C53,차인간사회
월보,C53-S00-I00-N01,C53,변화전류
월보,C53-S00-I00-N01,C53,혹물
월보,C53-S00-I00-N01,C53,범진진
월보,C53-S00-I00-N01,C53,불과
월보,C53-S00-I00-N01,C53,기목표
월보,C53-S00-I00-N01,C53,억하물
월보,C53-S00-I00-N01,C53,구각
월보,C53-S00-I00-N01,C53,인간사회
월보,C53-S00-I00-N01,C53,필연
월보,C53-S00-I00-N01,C53,도달
월보,C53-S00-I00-N02,C53,즉인간사회
월보,C53-S00-I00-N02,C53,목실시대
월보,C53-S00-I00-N02,C53,금일
월보,C53-S00-I00-N02,C53,수단
월보,C53-S00-I00-N02,C53,방편
월보,C53-S00-I00-N02,C53,이상적일혹물즉
월보,C53-S00-I00-N02,C53,최고선
월보,C53-S00-I00-N02,C53,경애
월보,C53-S00-I00-N02,C53,진화
월보,C53-S00-I00-N02,C53,최고선
월보,C53-S00-I00-N02,C53,철학상일대난문
월보,C53-S00-I00-N02,C53,충분고삽
월보,C53-S00-I00-N02,C53,난제
월보,C53-S00-I00-N02,C53,물론
월보,C53-S00-I00-N02,C53,오인
월보,C53-S00-I00-N02,C53,명상황홀
월보,C53-S00-I00-N02,C53,억억
월보,C53-S00-I00-N02,C53,방불
월보,C53-S00-I00-N02,C53,기중추
월보,C53-S00-I00-N02,C53,모사
월보,C53-S00-I00-N02,C53,소위만인
월보,C53-S00-I00-N02,C53,만인
월보,C53-S00-I00-N02,C53,공통
월보,C53-S00-I00-N02,C53,理想
월보,C53-S00-I00-N02,C53,경애
월보,C53-S00-I00-N02,C53,나마
월보,C53-S00-I00-N02,C53,재료
월보,C53-S00-I00-N02,C53,여하
월보,C53-S00-I00-N02,C53,고치
월보,C53-S00-I00-N02,C53,만일만인
월보,C53-S00-I00-N02,C53,만인
월보,C53-S00-I00-N02,C53,개왈최가
월보,C53-S00-I00-N02,C53,혹재료
월보,C53-S00-I00-N02,C53,최고선
월보,C53-S00-I00-N02,C53,기최고선
월보,C53-S00-I00-N02,C53,인간사회
월보,C53-S00-I00-N02,C53,도달
월보,C53-S00-I00-N02,C53,최후목표
월보,C53-S00-I00-N02,C53,최고선
월보,C53-S00-I00-N02,C53,문제중
월보,C53-S00-I00-N02,C53,고래
월보,C53-S00-I00-N02,C53,표본
월보,C53-S00-I00-N02,C53,왈행복
월보,C53-S00-I00-N02,C53,왈평화
월보,C53-S00-I00-N02,C53,왈자기실현
월보,C53-S00-I00-N02,C53,왈생명개발
월보,C53-S00-I00-N02,C53,오인
월보,C53-S00-I00-N02,C53,공통
월보,C53-S00-I00-N02,C53,여하
월보,C53-S00-I00-N02,C53,최고선
월보,C53-S00-I00-N02,C53,개괄
월보,C53-S00-I00-N02,C53,명사
월보,C53-S00-I00-N02,C53,불과
월보,C53-S00-I00-N02,C53,오인
월보,C53-S00-I00-N02,C53,만인
월보,C53-S00-I00-N02,C53,공통
월보,C53-S00-I00-N02,C53,최고선
월보,C53-S00-I00-N02,C53,등일적
월보,C53-S00-I00-N02,C53,오인
월보,C53-S00-I00-N02,C53,만인공통
월보,C53-S00-I00-N02,C53,만인
월보,C53-S00-I00-N02,C53,석가
월보,C53-S00-I00-N02,C53,만인
월보,C53-S00-I00-N02,C53,공자
월보,C53-S00-I00-N03,C53,만인
월보,C53-S00-I00-N03,C53,공통
월보,C53-S00-I00-N03,C53,석가
월보,C53-S00-I00-N03,C53,도저불능
월보,C53-S00-I00-N03,C53,삼오인
월보,C53-S00-I00-N03,C53,理想
월보,C53-S00-I00-N03,C53,사회
월보,C53-S00-I00-N03,C53,일언
월보,C53-S00-I00-N03,C53,각기천부
월보,C53-S00-I00-N03,C53,천성
월보,C53-S00-I00-N03,C53,각기
월보,C53-S00-I00-N03,C53,최고선
월보,C53-S00-I00-N03,C53,도달
월보,C53-S00-I00-N03,C53,석가
월보,C53-S00-I00-N03,C53,석가
월보,C53-S00-I00-N03,C53,천성
월보,C53-S00-I00-N03,C53,석가
월보,C53-S00-I00-N03,C53,공자
월보,C53-S00-I00-N03,C53,공자
월보,C53-S00-I00-N03,C53,천성
월보,C53-S00-I00-N03,C53,공자
월보,C53-S00-I00-N03,C53,사회
월보,C53-S00-I00-N03,C53,즉오인
월보,C53-S00-I00-N03,C53,일인일인
월보,C53-S00-I00-N03,C53,개성
월보,C53-S00-I00-N03,C53,십이분
월보,C53-S00-I00-N03,C53,특징
월보,C53-S00-I00-N03,C53,발전
월보,C53-S00-I00-N03,C53,사회
월보,C53-S00-I00-N03,C53,여사
월보,C53-S00-I00-N03,C53,관래
월보,C53-S00-I00-N03,C53,인류
월보,C53-S00-I00-N03,C53,최고선
월보,C53-S00-I00-N03,C53,기경향
월보,C53-S00-I00-N03,C53,보편적
월보,C53-S00-I00-N03,C53,기현
월보,C53-S00-I00-N03,C53,개인적
월보,C53-S00-I00-N03,C53,불가
월보,C53-S00-I00-N03,C53,개만인
월보,C53-S00-I00-N03,C53,기리상
월보,C53-S00-I00-N03,C53,수동
월보,C53-S00-I00-N03,C53,방면
월보,C53-S00-I00-N03,C53,지침
월보,C53-S00-I00-N03,C53,기기
월보,C53-S00-I00-N03,C53,인간사회
월보,C53-S00-I00-N03,C53,도달
월보,C53-S00-I00-N03,C53,최후목표
월보,C53-S00-I00-N03,C53,상이
월보,C53-S00-I00-N03,C53,초목
월보,C53-S00-I00-N03,C53,일양
월보,C53-S00-I00-N03,C53,교문정의
월보,C53-S00-I00-N03,C53,일광
월보,C53-S00-I00-N03,C53,신장
월보,C53-S00-I00-N03,C53,기예
월보,C53-S00-I00-N03,C53,일초일목
월보,C53-S00-I00-N03,C53,기일색
월보,C53-S00-I00-N03,C53,각이
월보,C53-S00-I00-N03,C53,동일
월보,C53-S00-I00-N03,C53,사회
월보,C53-S00-I00-N03,C53,일체
월보,C53-S00-I00-N03,C53,혹일정
월보,C53-S00-I00-N03,C53,방향
월보,C53-S00-I00-N03,C53,충동
월보,C53-S00-I00-N03,C53,기구극
월보,C53-S00-I00-N03,C53,목적
월보,C53-S00-I00-N03,C53,개개
월보,C53-S00-I00-N03,C53,생명
월보,C53-S00-I00-N03,C53,원만
월보,C53-S00-I00-N03,C53,구형
월보,C53-S00-I00-N03,C53,환언
월보,C53-S00-I00-N03,C53,인류
월보,C53-S00-I00-N03,C53,목적
월보,C53-S00-I00-N03,C53,각기
월보,C53-S00-I00-N03,C53,개성
월보,C53-S00-I00-N03,C53,자기계발
월보,C53-S00-I00-N03,C53,불가
월보,C53-S00-I00-N03,C53,시점
월보,C53-S00-I00-N03,C53,인간사회
월보,C53-S00-I00-N03,C53,방편
월보,C53-S00-I00-N03,C53,개인
월보,C53-S00-I00-N03,C53,안목
월보,C53-S00-I00-N04,C53,사연
월보,C53-S00-I00-N04,C53,개개성
월보,C53-S00-I00-N04,C53,계발
월보,C53-S00-I00-N04,C53,강제적수단
월보,C53-S00-I00-N04,C53,자발적
월보,C53-S00-I00-N04,C53,하인
월보,C53-S00-I00-N04,C53,사실
월보,C53-S00-I00-N04,C53,차견지
월보,C53-S00-I00-N04,C53,사회
월보,C53-S00-I00-N04,C53,임무
월보,C53-S00-I00-N04,C53,사고
월보,C53-S00-I00-N04,C53,기성원각자
월보,C53-S00-I00-N04,C53,개성
월보,C53-S00-I00-N04,C53,원만
월보,C53-S00-I00-N04,C53,발달
월보,C53-S00-I00-N04,C53,조직선
월보,C53-S00-I00-N04,C53,신앙
월보,C53-S00-I00-N04,C53,불가
월보,C53-S00-I00-N04,C53,오인
월보,C53-S00-I00-N04,C53,종교적립장
월보,C53-S00-I00-N04,C53,以上
월보,C53-S00-I00-N04,C53,만인
월보,C53-S00-I00-N04,C53,공통
월보,C53-S00-I00-N04,C53,최고선
월보,C53-S00-I00-N04,C53,각자개성계발
월보,C53-S00-I00-N04,C53,만종교
월보,C53-S00-I00-N04,C53,당하
월보,C53-S00-I00-N04,C53,공평
월보,C53-S00-I00-N04,C53,안목
월보,C53-S00-I00-N04,C53,비판
월보,C53-S00-I00-N04,C53,금일
월보,C53-S00-I00-N04,C53,종교
월보,C53-S00-I00-N04,C53,개인
월보,C53-S00-I00-N04,C53,개성계발
월보,C53-S00-I00-N04,C53,신조
월보,C53-S00-I00-N04,C53,자최다
월보,C53-S00-I00-N04,C53,왈여
월보,C53-S00-I00-N04,C53,왈불
월보,C53-S00-I00-N04,C53,죄악
월보,C53-S00-I00-N04,C53,불타
월보,C53-S00-I00-N04,C53,자원력
월보,C53-S00-I00-N04,C53,열반
월보,C53-S00-I00-N04,C53,왈여
월보,C53-S00-I00-N04,C53,반문
월보,C53-S00-I00-N04,C53,왈성
월보,C53-S00-I00-N04,C53,언행
월보,C53-S00-I00-N04,C53,대성
월보,C53-S00-I00-N04,C53,도덕
월보,C53-S00-I00-N04,C53,모범
월보,C53-S00-I00-N04,C53,입신양명
월보,C53-S00-I00-N04,C53,以上
월보,C53-S00-I00-N04,C53,대개
월보,C53-S00-I00-N04,C53,세계
월보,C53-S00-I00-N04,C53,대종교취지
월보,C53-S00-I00-N04,C53,통속적표어
월보,C53-S00-I00-N04,C53,예거
월보,C53-S00-I00-N04,C53,세계
월보,C53-S00-I00-N04,C53,종교
월보,C53-S00-I00-N04,C53,자력
월보,C53-S00-I00-N04,C53,실행
월보,C53-S00-I00-N04,C53,타력
월보,C53-S00-I00-N04,C53,의뢰
월보,C53-S00-I00-N04,C53,역기연
월보,C53-S00-I00-N05,C53,금일
월보,C53-S00-I00-N05,C53,소위종교
월보,C53-S00-I00-N05,C53,태무
월보,C53-S00-I00-N05,C53,기설
월보,C53-S00-I00-N05,C53,전부의타적
월보,C53-S00-I00-N05,C53,타력적
월보,C53-S00-I00-N05,C53,물론
월보,C53-S00-I00-N05,C53,이천년이상
월보,C53-S00-I00-N05,C53,수명
월보,C53-S00-I00-N05,C53,태무
월보,C53-S00-I00-N05,C53,기설
월보,C53-S00-I00-N05,C53,전부의타적
월보,C53-S00-I00-N05,C53,타력적
월보,C53-S00-I00-N05,C53,유치
월보,C53-S00-I00-N05,C53,당시
월보,C53-S00-I00-N05,C53,인민
월보,C53-S00-I00-N05,C53,위언비사
월보,C53-S00-I00-N05,C53,지도
월보,C53-S00-I00-N05,C53,미신
월보,C53-S00-I00-N05,C53,불과
월보,C53-S00-I00-N05,C53,진보
월보,C53-S00-I00-N05,C53,금일
월보,C53-S00-I00-N05,C53,사상
월보,C53-S00-I00-N05,C53,합연
월보,C53-S00-I00-N05,C53,천년고탑
월보,C53-S00-I00-N05,C53,왈두골녀
월보,C53-S00-I00-N05,C53,고재
월보,C53-S00-I00-N05,C53,반문
월보,C53-S00-I00-N05,C53,왈여
월보,C53-S00-I00-N05,C53,반문
월보,C53-S00-I00-N05,C53,언신
월보,C53-S00-I00-N05,C53,반문
월보,C53-S00-I00-N05,C53,구취부란
월보,C53-S00-I00-N05,C53,구종교
월보,C53-S00-I00-N05,C53,진풍류
월보,C53-S00-I00-N05,C53,교문정의비사
월보,C53-S00-I00-N05,C53,쾌담
월보,C53-S00-I00-N05,C53,무이
월보,C53-S00-I00-N05,C53,원래시대
월보,C53-S00-I00-N05,C53,변천
월보,C53-S00-I00-N05,C53,즉진화
월보,C53-S00-I00-N05,C53,노정
월보,C53-S00-I00-N05,C53,의미
월보,C53-S00-I00-N05,C53,일절물
월보,C53-S00-I00-N05,C53,진화
월보,C53-S00-I00-N05,C53,일절세계
월보,C53-S00-I00-N05,C53,개진화
월보,C53-S00-I00-N05,C53,노정
월보,C53-S00-I00-N05,C53,의미
월보,C53-S00-I00-N05,C53,개진화
월보,C53-S00-I00-N05,C53,진화
월보,C53-S00-I00-N05,C53,진화
월보,C53-S00-I00-N05,C53,즉복활
월보,C53-S00-I00-N05,C53,의미
월보,C53-S00-I00-N05,C53,복활
월보,C53-S00-I00-N05,C53,일절물
월보,C53-S00-I00-N05,C53,유치
월보,C53-S00-I00-N05,C53,장성
월보,C53-S00-I00-N05,C53,장성
월보,C53-S00-I00-N05,C53,노쇠
월보,C53-S00-I00-N05,C53,경우
월보,C53-S00-I00-N05,C53,일절물
월보,C53-S00-I00-N05,C53,노쇠
월보,C53-S00-I00-N05,C53,복활
월보,C53-S00-I00-N05,C53,실력
월보,C53-S00-I00-N05,C53,경우
월보,C53-S00-I00-N05,C53,도달
월보,C53-S00-I00-N05,C53,재화
월보,C53-S00-I00-N05,C53,기물
월보,C53-S00-I00-N05,C53,본체
월보,C53-S00-I00-N05,C53,파괴
월보,C53-S00-I00-N05,C53,후일신비
월보,C53-S00-I00-N05,C53,일층불가사의
월보,C53-S00-I00-N05,C53,복활
월보,C53-S00-I00-N05,C53,植物
월보,C53-S00-I00-N05,C53,복활
월보,C53-S00-I00-N05,C53,복활
월보,C53-S00-I00-N05,C53,성장
월보,C53-S00-I00-N05,C53,재화
월보,C53-S00-I00-N05,C53,후일
월보,C53-S00-I00-N05,C53,양춘
월보,C53-S00-I00-N05,C53,복활
월보,C53-S00-I00-N05,C53,자일
월보,C53-S00-I00-N05,C53,차리
월보,C53-S00-I00-N05,C53,연장
월보,C53-S00-I00-N05,C53,인간계
월보,C53-S00-I00-N05,C53,유치
월보,C53-S00-I00-N05,C53,청년
월보,C53-S00-I00-N05,C53,청년
월보,C53-S00-I00-N05,C53,장년
월보,C53-S00-I00-N05,C53,장년
월보,C53-S00-I00-N05,C53,노년
월보,C53-S00-I00-N05,C53,여사
월보,C53-S00-I00-N05,C53,복활
월보,C53-S00-I00-N05,C53,복활
월보,C53-S00-I00-N05,C53,칠십고희
월보,C53-S00-I00-N05,C53,복활
월보,C53-S00-I00-N05,C53,희망
월보,C53-S00-I00-N05,C53,즉대
월보,C53-S00-I00-N05,C53,재화
월보,C53-S00-I00-N05,C53,생명
월보,C53-S00-I00-N05,C53,후일명명
월보,C53-S00-I00-N05,C53,신비적복활
월보,C53-S00-I00-N05,C53,피일라라
월보,C53-S00-I00-N05,C53,홀연고고
월보,C53-S00-I00-N05,C53,개일대
월보,C53-S00-I00-N05,C53,재화
월보,C53-S00-I00-N05,C53,일층일대
월보,C53-S00-I00-N05,C53,복활
월보,C53-S00-I00-N05,C53,기연
월보,C53-S00-I00-N05,C53,일리
월보,C53-S00-I00-N05,C53,만수
월보,C53-S00-I00-N05,C53,일절물
월보,C53-S00-I00-N05,C53,기연
월보,C53-S00-I00-N05,C53,금일일오인
월보,C53-S00-I00-N05,C53,금일일오인
월보,C53-S00-I00-N05,C53,종교
월보,C53-S00-I00-N05,C53,역시차리
월보,C53-S00-I00-N05,C53,태고
월보,C53-S00-I00-N05,C53,다신교
월보,C53-S00-I00-N05,C53,일신교
월보,C53-S00-I00-N05,C53,복활
월보,C53-S00-I00-N05,C53,일신교
월보,C53-S00-I00-N05,C53,調和
월보,C53-S00-I00-N05,C53,복활
월보,C53-S00-I00-N05,C53,금일
월보,C53-S00-I00-N05,C53,재화
월보,C53-S00-I00-N05,C53,본체
월보,C53-S00-I00-N05,C53,파괴
월보,C53-S00-I00-N05,C53,일층대
월보,C53-S00-I00-N05,C53,일층선
월보,C53-S00-I00-N05,C53,복활
월보,C53-S00-I00-N05,C53,종교
월보,C53-S00-I00-N05,C53,오인
월보,C53-S00-I00-N05,C53,이수
월보,C53-S00-I00-N05,C53,요연
월보,C53-S00-I00-N05,C53,대신사일일금일
월보,C53-S00-I00-N05,C53,후천일개벽
월보,C53-S00-I00-N05,C53,시대
월보,C53-S00-I00-N05,C53,즉천
월보,C53-S00-I00-N05,C53,재화
월보,C53-S00-I00-N05,C53,一切
월보,C53-S00-I00-N05,C53,복활
월보,C53-S00-I00-N05,C53,기회
월보,C53-S00-I00-N05,C53,금일
월보,C53-S00-I00-N05,C53,지칭
월보,C53-S00-I00-N05,C53,천인
월보,C53-S00-I00-N05,C53,경도
월보,C53-S00-I00-N05,C53,고금
월보,C53-S00-I00-N05,C53,횡단
월보,C53-S00-I00-N05,C53,세계적대전란
월보,C53-S00-I00-N05,C53,세계적대재화
월보,C53-S00-I00-N05,C53,금일
월보,C53-S00-I00-N05,C53,파정랑온
월보,C53-S00-I00-N05,C53,일절물
월보,C53-S00-I00-N05,C53,세계
월보,C53-S00-I00-N05,C53,신정신
월보,C53-S00-I00-N05,C53,금일
월보,C53-S00-I00-N05,C53,진화
월보,C53-S00-I00-N05,C53,시일개벽
월보,C53-S00-I00-N05,C53,복활
월보,C53-S00-I00-N05,C53,교문정의오인
월보,C53-S00-I00-N05,C53,금일
월보,C53-S00-I00-N05,C53,오인
월보,C53-S00-I00-N05,C53,천도교
월보,C53-S00-I00-N05,C53,복활
월보,C53-S00-I00-N05,C53,종교
월보,C53-S00-I00-N05,C53,단언
월보,C53-S00-I00-N05,C53,자화자찬
월보,C53-S00-I00-N05,C53,국외자
월보,C53-S00-I00-N05,C53,자격
월보,C53-S00-I00-N05,C53,공평
월보,C53-S00-I00-N05,C53,관찰
월보,C53-S00-I00-N05,C53,불과
월보,C53-S00-I00-N05,C53,오교
월보,C53-S00-I00-N05,C53,정신
월보,C53-S00-I00-N05,C53,일관
월보,C53-S00-I00-N05,C53,인내천주의
월보,C53-S00-I00-N05,C53,경애
월보,C53-S00-I00-N05,C53,자기계발주의
월보,C53-S00-I00-N05,C53,포지
월보,C53-S00-I00-N05,C53,대개
월보,C53-S00-I00-N05,C53,인내천
월보,C53-S00-I00-N05,C53,최고선
월보,C53-S00-I00-N05,C53,만종교
월보,C53-S00-I00-N05,C53,理想
월보,C53-S00-I00-N05,C53,총합
월보,C53-S00-I00-N05,C53,복활
월보,C53-S00-I00-N05,C53,최고선
월보,C53-S00-I00-N05,C53,경애
월보,C53-S00-I00-N05,C53,일언
월보,C53-S00-I00-N05,C53,오인
월보,C53-S00-I00-N05,C53,행복
월보,C53-S00-I00-N05,C53,자기계발
월보,C53-S00-I00-N05,C53,목표
월보,C53-S00-I00-N05,C53,오인
월보,C53-S00-I00-N05,C53,인내천주의하
월보,C53-S00-I00-N05,C53,행복
월보,C53-S00-I00-N05,C53,잠술
월보,C53-S00-I00-N05,C53,만일
월보,C53-S00-I00-N05,C53,고인
월보,C53-S00-I00-N05,C53,왈포각자가무진장
월보,C53-S00-I00-N05,C53,지발걸문효빈아
월보,C53-S00-I00-N05,C53,철두철미
월보,C53-S00-I00-N05,C53,자기계발
월보,C53-S00-I00-N05,C53,의미
월보,C53-S00-I00-N05,C53,오인
월보,C53-S00-I00-N05,C53,수만승
월보,C53-S00-I00-N05,C53,존사해
월보,C53-S00-I00-N05,C53,자기
월보,C53-S00-I00-N05,C53,해석
월보,C53-S00-I00-N05,C53,허생
월보,C53-S00-I00-N05,C53,소위공수래공수거
월보,C53-S00-I00-N05,C53,천금
월보,C53-S00-I00-N05,C53,시문
월보,C53-S00-I00-N05,C53,걸식
월보,C53-S00-I00-N05,C53,하이
월보,C53-S00-I00-N05,C53,시점
월보,C53-S00-I00-N05,C53,인내천주의
월보,C53-S00-I00-N05,C53,자기
월보,C53-S00-I00-N05,C53,무한
월보,C53-S00-I00-N05,C53,심령
월보,C53-S00-I00-N05,C53,보고
월보,C53-S00-I00-N05,C53,발휘
월보,C53-S00-I00-N05,C53,자위자락
월보,C53-S00-I00-N05,C53,행복
월보,C53-S00-I00-N05,C53,우자기계발
월보,C53-S00-I00-N05,C53,평화
월보,C53-S00-I00-N05,C53,인내천주의
월보,C53-S00-I00-N05,C53,타인
월보,C53-S00-I00-N05,C53,일절인간
월보,C53-S00-I00-N05,C53,평등
월보,C53-S00-I00-N05,C53,일절물
월보,C53-S00-I00-N05,C53,동포
월보,C53-S00-I00-N05,C53,一切
월보,C53-S00-I00-N05,C53,세계
월보,C53-S00-I00-N05,C53,천국
월보,C53-S00-I00-N05,C53,대성벽
월보,C53-S00-I00-N05,C53,기고
월보,C53-S00-I00-N05,C53,일절물
월보,C53-S00-I00-N05,C53,천주
월보,C53-S00-I00-N05,C53,경애
월보,C53-S00-I00-N05,C53,필연적결과
월보,C53-S00-I00-N05,C53,우자기계발
월보,C53-S00-I00-N05,C53,자기실현
월보,C53-S00-I00-N05,C53,인내천주의
월보,C53-S00-I00-N05,C53,무형
월보,C53-S00-I00-N05,C53,유형
월보,C53-S00-I00-N05,C53,자기
월보,C53-S00-I00-N05,C53,신력
월보,C53-S00-I00-N05,C53,자기
월보,C53-S00-I00-N05,C53,양능
월보,C53-S00-I00-N05,C53,기고
월보,C53-S00-I00-N05,C53,자기
월보,C53-S00-I00-N05,C53,천주
월보,C53-S00-I00-N05,C53,우자기계발
월보,C53-S00-I00-N05,C53,생명개발
월보,C53-S00-I00-N05,C53,인내천주의
월보,C53-S00-I00-N05,C53,자천
월보,C53-S00-I00-N05,C53,수련
월보,C53-S00-I00-N05,C53,영구무긍
월보,C53-S00-I00-N05,C53,영적생명
월보,C53-S00-I00-N05,C53,불멸
월보,C53-S00-I00-N05,C53,영생
월보,C53-S00-I00-N05,C53,기고
월보,C53-S00-I00-N05,C53,천인합일주의
월보,C53-S00-I00-N05,C53,무유
월보,C53-S00-I00-N05,C53,일반주의
월보,C53-S00-I00-N05,C53,以上
월보,C53-S00-I00-N05,C53,수조
월보,C53-S00-I00-N05,C53,인내천
월보,C53-S00-I00-N05,C53,철두철미
월보,C53-S00-I00-N05,C53,자기계발
월보,C53-S00-I00-N05,C53,신앙
월보,C53-S00-I00-N05,C53,오만년
월보,C53-S00-I00-N05,C53,미래
월보,C53-S00-I00-N05,C53,장래천개두
월보,C53-S00-I00-N05,C53,출현
월보,C53-S00-I00-N05,C53,만일금일이후
월보,C53-S00-I00-N05,C53,종교
월보,C53-S00-I00-N05,C53,종교
월보,C53-S00-I00-N05,C53,인심
월보,C53-S00-I00-N05,C53,영지
월보,C53-S00-I00-N05,C53,지배
월보,C53-S00-I00-N05,C53,인내천주의
월보,C53-S00-I00-N05,C53,자기계발
월보,C53-S00-I00-N05,C53,타도
월보,C53-S00-I00-N05,C53,강제적
월보,C53-S00-I00-N05,C53,금일이후
월보,C53-S00-I00-N05,C53,수단
월보,C53-S00-I00-N05,C53,방편
월보,C53-S00-I00-N05,C53,자기계발
월보,C53-S00-I00-N05,C53,평화
월보,C53-S00-I00-N05,C53,인내천주의
월보,C53-S00-I00-N05,C53,필연
월보,C53-S00-I00-N05,C53,도달
월보,C53-S00-I00-N05,C53,심국
월보,C53-S00-I00-N05,C53,평화
월보,C53-S00-I00-N05,C53,자천
월보,C53-S00-I00-N05,C53,금일이후
월보,C53-S00-I00-N05,C53,오인
월보,C53-S00-I00-N05,C53,이상하
월보,C53-S00-I00-N05,C53,귀착
월보,C53-S00-I00-N05,C53,만인
월보,C53-S00-I00-N05,C53,개일가
월보,C54-S00-I00-N01,C54,교문정의십월이십팔일대기도리돈화인생
월보,C54-S00-I00-N01,C54,왈인생
월보,C54-S00-I00-N01,C54,무의미
월보,C54-S00-I00-N01,C54,동물
월보,C54-S00-I00-N01,C54,무의미
월보,C54-S00-I00-N01,C54,무의미
월보,C54-S00-I00-N01,C54,무의미
월보,C54-S00-I00-N01,C54,무의미
월보,C54-S00-I00-N01,C54,인생
월보,C54-S00-I00-N01,C54,희학
월보,C54-S00-I00-N01,C54,오호
월보,C54-S00-I00-N01,C54,하등
월보,C54-S00-I00-N01,C54,소극
월보,C54-S00-I00-N01,C54,하등약통
월보,C54-S00-I00-N01,C54,만일인생
월보,C54-S00-I00-N01,C54,무의미
월보,C54-S00-I00-N01,C54,假定
월보,C54-S00-I00-N01,C54,일절만물
월보,C54-S00-I00-N01,C54,일층무의미
월보,C54-S00-I00-N01,C54,천지우주
월보,C54-S00-I00-N01,C54,무의미
월보,C54-S00-I00-N01,C54,원천
월보,C54-S00-I00-N01,C54,시등
월보,C54-S00-I00-N01,C54,오인
월보,C54-S00-I00-N01,C54,인생
월보,C54-S00-I00-N01,C54,분민
월보,C54-S00-I00-N01,C54,구입
월보,C54-S00-I00-N01,C54,천지우주
월보,C54-S00-I00-N01,C54,대의미대의식
월보,C54-S00-I00-N01,C54,인생
월보,C54-S00-I00-N01,C54,무의미
월보,C54-S00-I00-N01,C54,동물
월보,C54-S00-I00-N01,C54,무한
월보,C54-S00-I00-N01,C54,복능
월보,C54-S00-I00-N01,C54,가지
월보,C54-S00-I00-N01,C54,과연
월보,C54-S00-I00-N01,C54,수주
월보,C54-S00-I00-N01,C54,복능
월보,C54-S00-I00-N01,C54,복능
월보,C54-S00-I00-N01,C54,학자
월보,C54-S00-I00-N01,C54,학리
월보,C54-S00-I00-N01,C54,발명
월보,C54-S00-I00-N01,C54,의장가
월보,C54-S00-I00-N01,C54,의장
월보,C54-S00-I00-N01,C54,제조
월보,C54-S00-I00-N01,C54,만일우주
월보,C54-S00-I00-N01,C54,복능
월보,C54-S00-I00-N01,C54,진화
월보,C54-S00-I00-N01,C54,질새
월보,C54-S00-I00-N01,C54,개조
월보,C54-S00-I00-N01,C54,정체
월보,C54-S00-I00-N01,C54,오인
월보,C54-S00-I00-N01,C54,활동
월보,C54-S00-I00-N01,C54,천지우주
월보,C54-S00-I00-N01,C54,금일
월보,C54-S00-I00-N01,C54,천지우주
월보,C54-S00-I00-N01,C54,복능
월보,C54-S00-I00-N01,C54,전개
월보,C54-S00-I00-N01,C54,박물원
월보,C54-S00-I00-N01,C54,우주
월보,C54-S00-I00-N01,C54,영겁무시이전
월보,C54-S00-I00-N01,C54,무하유
월보,C54-S00-I00-N01,C54,일물
월보,C54-S00-I00-N01,C54,점차복능
월보,C54-S00-I00-N01,C54,전개
월보,C54-S00-I00-N01,C54,시작
월보,C54-S00-I00-N01,C54,금일
월보,C54-S00-I00-N01,C54,우주
월보,C54-S00-I00-N01,C54,위대
월보,C54-S00-I00-N01,C54,복능
월보,C54-S00-I00-N01,C54,멸시
월보,C54-S00-I00-N01,C54,우주
월보,C54-S00-I00-N01,C54,무량무극
월보,C54-S00-I00-N01,C54,복능
월보,C54-S00-I00-N01,C54,거금구십칠년전
월보,C54-S00-I00-N01,C54,갑신십월이십팔일
월보,C54-S00-I00-N01,C54,경주구미산
월보,C54-S00-I00-N01,C54,삼일
월보,C54-S00-I00-N01,C54,서운
월보,C54-S00-I00-N01,C54,가정리최산림공가
월보,C54-S00-I00-N01,C54,기구인
월보,C54-S00-I00-N01,C54,찰나적표현
월보,C54-S00-I00-N01,C54,기적
월보,C54-S00-I00-N01,C54,천만
월보,C54-S00-I00-N01,C54,향기
월보,C54-S00-I00-N01,C54,일출
월보,C54-S00-I00-N01,C54,시즉천도교고
월보,C54-S00-I00-N01,C54,기적
월보,C54-S00-I00-N01,C54,경험
월보,C54-S00-I00-N01,C54,복능적사실
월보,C54-S00-I00-N01,C54,신비
월보,C54-S00-I00-N01,C54,위력
월보,C54-S00-I00-N01,C54,표시
월보,C54-S00-I00-N01,C54,출현
월보,C54-S00-I00-N01,C54,원조수운대신사
월보,C54-S00-I00-N02,C54,세인
월보,C54-S00-I00-N02,C54,기적
월보,C54-S00-I00-N02,C54,기적
월보,C54-S00-I00-N02,C54,우주
월보,C54-S00-I00-N02,C54,간표현
월보,C54-S00-I00-N02,C54,오인
월보,C54-S00-I00-N02,C54,기적
월보,C54-S00-I00-N02,C54,기적
월보,C54-S00-I00-N02,C54,우주
월보,C54-S00-I00-N02,C54,간시점
월보,C54-S00-I00-N02,C54,구미산
월보,C54-S00-I00-N02,C54,서운
월보,C54-S00-I00-N02,C54,신비
월보,C54-S00-I00-N02,C54,발근
월보,C54-S00-I00-N02,C54,대신인
월보,C54-S00-I00-N02,C54,출세
월보,C54-S00-I00-N02,C54,일세
월보,C54-S00-I00-N02,C54,예고
월보,C54-S00-I00-N02,C54,불알
월보,C54-S00-I00-N02,C54,교문정의
월보,C54-S00-I00-N02,C54,神人
월보,C54-S00-I00-N02,C54,출생후기창조력
월보,C54-S00-I00-N02,C54,여하
월보,C54-S00-I00-N02,C54,운수
월보,C54-S00-I00-N02,C54,포태지수
월보,C54-S00-I00-N02,C54,자견시
월보,C54-S00-I00-N02,C54,대신사
월보,C54-S00-I00-N02,C54,우의불멸
월보,C54-S00-I00-N02,C54,회포
월보,C54-S00-I00-N02,C54,간섭
월보,C54-S00-I00-N02,C54,명명
월보,C54-S00-I00-N02,C54,造化
월보,C54-S00-I00-N02,C54,일세
월보,C54-S00-I00-N02,C54,각자위심
월보,C54-S00-I00-N02,C54,천리
월보,C54-S00-I00-N02,C54,불순
월보,C54-S00-I00-N02,C54,만근
월보,C54-S00-I00-N02,C54,백천만사
월보,C54-S00-I00-N02,C54,정심수명
월보,C54-S00-I00-N02,C54,불고
월보,C54-S00-I00-N02,C54,불지
월보,C54-S00-I00-N02,C54,상제
월보,C54-S00-I00-N02,C54,정심수
월보,C54-S00-I00-N02,C54,우왈금세
월보,C54-S00-I00-N02,C54,유도불유과천년
월보,C54-S00-I00-N02,C54,점차수련
월보,C54-S00-I00-N02,C54,무궁조화
월보,C54-S00-I00-N02,C54,포덕천
월보,C54-S00-I00-N02,C54,인심
월보,C54-S00-I00-N02,C54,도심
월보,C54-S00-I00-N02,C54,차세하
월보,C54-S00-I00-N02,C54,차제도법
월보,C54-S00-I00-N02,C54,저리
월보,C54-S00-I00-N02,C54,공맹
월보,C54-S00-I00-N02,C54,요순
월보,C54-S00-I00-N02,C54,입도
월보,C54-S00-I00-N02,C54,세상
월보,C54-S00-I00-N02,C54,무위이화
월보,C54-S00-I00-N02,C54,상해
월보,C54-S00-I00-N02,C54,운명
월보,C54-S00-I00-N02,C54,대혁
월보,C54-S00-I00-N03,C54,군자
월보,C54-S00-I00-N03,C54,지상신선
월보,C54-S00-I00-N03,C54,대신사
월보,C54-S00-I00-N03,C54,초년사상
월보,C54-S00-I00-N03,C54,神人
월보,C54-S00-I00-N03,C54,신안
월보,C54-S00-I00-N03,C54,천하
월보,C54-S00-I00-N03,C54,운대신사
월보,C54-S00-I00-N03,C54,차어
월보,C54-S00-I00-N03,C54,독희자부
월보,C54-S00-I00-N03,C54,神人
월보,C54-S00-I00-N03,C54,신식
월보,C54-S00-I00-N03,C54,귀신
월보,C54-S00-I00-N03,C54,기비
월보,C54-S00-I00-N03,C54,대신사
월보,C54-S00-I00-N03,C54,출생
월보,C54-S00-I00-N03,C54,즉천제
월보,C54-S00-I00-N03,C54,명령
월보,C54-S00-I00-N03,C54,천하
월보,C54-S00-I00-N03,C54,요순
월보,C54-S00-I00-N03,C54,치제
월보,C54-S00-I00-N03,C54,인간
월보,C54-S00-I00-N03,C54,질언
월보,C54-S00-I00-N03,C54,천하
월보,C54-S00-I00-N03,C54,운명
월보,C54-S00-I00-N03,C54,개조
월보,C54-S00-I00-N03,C54,금일명명
월보,C54-S00-I00-N03,C54,造化
월보,C54-S00-I00-N03,C54,요순
월보,C54-S00-I00-N03,C54,치공맹
월보,C54-S00-I00-N03,C54,포태
월보,C54-S00-I00-N03,C54,백천만사
월보,C54-S00-I00-N03,C54,상제
월보,C54-S00-I00-N03,C54,금일
월보,C54-S00-I00-N03,C54,現象
월보,C54-S00-I00-N03,C54,개조
월보,C54-S00-I00-N03,C54,불능
월보,C54-S00-I00-N03,C54,의려
월보,C54-S00-I00-N03,C54,일어
월보,C54-S00-I00-N03,C54,증명
월보,C54-S00-I00-N03,C54,상언
월보,C54-S00-I00-N03,C54,대신사
월보,C54-S00-I00-N03,C54,도리
월보,C54-S00-I00-N03,C54,천지개벽
월보,C54-S00-I00-N03,C54,신의
월보,C54-S00-I00-N03,C54,포용
월보,C54-S00-I00-N03,C54,동시
월보,C54-S00-I00-N03,C54,천지개벽환상
월보,C54-S00-I00-N03,C54,최후진리
월보,C54-S00-I00-N03,C54,차세
월보,C54-S00-I00-N03,C54,잠시인간
월보,C54-S00-I00-N03,C54,신부담
월보,C54-S00-I00-N03,C54,대신사자기
월보,C54-S00-I00-N03,C54,담당
월보,C54-S00-I00-N03,C54,자당
월보,C54-S00-I00-N03,C54,기개
월보,C54-S00-I00-N03,C54,무방
월보,C54-S00-I00-N04,C54,즉대신사
월보,C54-S00-I00-N04,C54,양개
월보,C54-S00-I00-N04,C54,측유
월보,C54-S00-I00-N04,C54,일면
월보,C54-S00-I00-N04,C54,상제
월보,C54-S00-I00-N04,C54,경신사월오일득도
월보,C54-S00-I00-N04,C54,천제
월보,C54-S00-I00-N04,C54,대신사
월보,C54-S00-I00-N04,C54,출생면
월보,C54-S00-I00-N04,C54,대표
월보,C54-S00-I00-N04,C54,정신
월보,C54-S00-I00-N04,C54,측면
월보,C54-S00-I00-N04,C54,상제
월보,C54-S00-I00-N04,C54,대표
월보,C54-S00-I00-N04,C54,우연
월보,C54-S00-I00-N04,C54,一節
월보,C54-S00-I00-N04,C54,측면
월보,C54-S00-I00-N04,C54,우연
월보,C54-S00-I00-N04,C54,一節
월보,C54-S00-I00-N04,C54,왈여
월보,C54-S00-I00-N04,C54,출세
월보,C54-S00-I00-N04,C54,우연
월보,C54-S00-I00-N04,C54,현빈
월보,C54-S00-I00-N04,C54,대신사
월보,C54-S00-I00-N04,C54,득도시
월보,C54-S00-I00-N04,C54,천사문답
월보,C54-S00-I00-N04,C54,자세
월보,C54-S00-I00-N04,C54,교문정의고
월보,C54-S00-I00-N04,C54,차의미
월보,C54-S00-I00-N04,C54,명확
월보,C54-S00-I00-N04,C54,가증
월보,C54-S00-I00-N04,C54,경전
월보,C54-S00-I00-N04,C54,상제
월보,C54-S00-I00-N04,C54,대신사
월보,C54-S00-I00-N04,C54,상제
월보,C54-S00-I00-N04,C54,별개체
월보,C54-S00-I00-N04,C54,상제
월보,C54-S00-I00-N04,C54,호상문답
월보,C54-S00-I00-N04,C54,불과
월보,C54-S00-I00-N04,C54,상제
월보,C54-S00-I00-N04,C54,대신사
월보,C54-S00-I00-N04,C54,정신적측면
월보,C54-S00-I00-N04,C54,대신사
월보,C54-S00-I00-N04,C54,육신적측면
월보,C54-S00-I00-N04,C54,교훈
월보,C54-S00-I00-N04,C54,시점
월보,C54-S00-I00-N04,C54,무궁
월보,C54-S00-I00-N04,C54,진의미
월보,C54-S00-I00-N04,C54,위격
월보,C54-S00-I00-N04,C54,차의
월보,C54-S00-I00-N04,C54,일층
월보,C54-S00-I00-N04,C54,천명
월보,C54-S00-I00-N04,C54,대전급유사중
월보,C54-S00-I00-N04,C54,부연
월보,C54-S00-I00-N04,C54,포덕문중일절
월보,C54-S00-I00-N04,C54,불지야불의사월심한신전질불득집언불득난상지제
월보,C54-S00-I00-N04,C54,유하선어홀입이중경기탐문칙왈물구물공세인위아상제여불지야운차일절
월보,C54-S00-I00-N04,C54,확실
월보,C54-S00-I00-N04,C54,상제
월보,C54-S00-I00-N04,C54,대신사
월보,C54-S00-I00-N04,C54,전연별개체
월보,C54-S00-I00-N04,C54,호상문답수수
월보,C54-S00-I00-N05,C54,즉선어
월보,C54-S00-I00-N05,C54,이중
월보,C54-S00-I00-N05,C54,황연
월보,C54-S00-I00-N05,C54,인격적상제
월보,C54-S00-I00-N05,C54,공중
월보,C54-S00-I00-N05,C54,신언
월보,C54-S00-I00-N05,C54,선포
월보,C54-S00-I00-N05,C54,명백
월보,C54-S00-I00-N05,C54,오교
월보,C54-S00-I00-N05,C54,인내천주의
월보,C54-S00-I00-N05,C54,대신사
월보,C54-S00-I00-N05,C54,전체주의
월보,C54-S00-I00-N05,C54,만일차일절기
월보,C54-S00-I00-N05,C54,모순
월보,C54-S00-I00-N05,C54,언엽
월보,C54-S00-I00-N05,C54,오인
월보,C54-S00-I00-N05,C54,일경
월보,C54-S00-I00-N05,C54,일사
월보,C54-S00-I00-N05,C54,즉론학문중
월보,C54-S00-I00-N05,C54,一節
월보,C54-S00-I00-N05,C54,불이고오역송연지유한생만지제신다전한의
월보,C54-S00-I00-N05,C54,심이원
월보,C54-S00-I00-N05,C54,가지
월보,C54-S00-I00-N05,C54,오인
월보,C54-S00-I00-N05,C54,금일
월보,C54-S00-I00-N05,C54,차대기도식장
월보,C54-S00-I00-N05,C54,여하
월보,C54-S00-I00-N05,C54,감상
월보,C54-S00-I00-N05,C54,수수
월보,C54-S00-I00-N05,C54,대표
월보,C54-S00-I00-N05,C54,대신사
월보,C54-S00-I00-N05,C54,오인
월보,C54-S00-I00-N05,C54,세계
월보,C54-S00-I00-N05,C54,유명
월보,C54-S00-I00-N05,C54,현수
월보,C54-S00-I00-N05,C54,神人
월보,C54-S00-I00-N05,C54,정신
월보,C54-S00-I00-N05,C54,대표
월보,C54-S00-I00-N05,C54,대신사
월보,C54-S00-I00-N05,C54,오인
월보,C54-S00-I00-N05,C54,정신
월보,C54-S00-I00-N05,C54,융합
월보,C54-S00-I00-N05,C54,무언불문
월보,C54-S00-I00-N05,C54,인내천적폐부
월보,C54-S00-I00-N05,C54,이중
월보,C54-S00-I00-N05,C54,황연
월보,C54-S00-I00-N05,C54,강화
월보,C54-S00-I00-N05,C54,오인
월보,C54-S00-I00-N05,C54,지시
월보,C54-S00-I00-N05,C54,해월신사
월보,C54-S00-I00-N05,C54,향아설위법
월보,C54-S00-I00-N05,C54,대신사
월보,C54-S00-I00-N05,C54,영혼불멸설
월보,C54-S00-I00-N05,C54,信徒
월보,C54-S00-I00-N05,C54,一節
월보,C54-S00-I00-N05,C54,왈여등
월보,C54-S00-I00-N05,C54,선사
월보,C54-S00-I00-N05,C54,정령
월보,C54-S00-I00-N05,C54,지금하처
월보,C54-S00-I00-N05,C54,부연
월보,C54-S00-I00-N06,C54,포덕문중일절
월보,C54-S00-I00-N06,C54,神人
월보,C54-S00-I00-N06,C54,거후
월보,C54-S00-I00-N06,C54,어언오십유여년
월보,C54-S00-I00-N06,C54,神人
월보,C54-S00-I00-N06,C54,육신
월보,C54-S00-I00-N06,C54,神人
월보,C54-S00-I00-N06,C54,위대
월보,C54-S00-I00-N06,C54,탄강
월보,C54-S00-I00-N06,C54,외유접령지기내유강화지교시지불견청지불문심심괴아수심정기이문왈하위약연야인하지지지천지이무지귀신자오야
월보,C54-S00-I00-N06,C54,운시
월보,C54-S00-I00-N06,C54,하등위대
월보,C54-S00-I00-N06,C54,차일절
월보,C54-S00-I00-N06,C54,전자
월보,C54-S00-I00-N06,C54,즉대신사
월보,C54-S00-I00-N06,C54,즉대신사
월보,C54-S00-I00-N06,C54,자기
월보,C54-S00-I00-N06,C54,가지
월보,C54-S00-I00-N06,C54,왈내유강화지교
월보,C54-S00-I00-N06,C54,상제
월보,C54-S00-I00-N06,C54,불재
월보,C54-S00-I00-N06,C54,증명
월보,C54-S00-I00-N06,C54,왈오심즉여심
월보,C54-S00-I00-N06,C54,상제즉대신사
월보,C54-S00-I00-N06,C54,가지
월보,C54-S00-I00-N06,C54,神人
월보,C54-S00-I00-N06,C54,신화
월보,C54-S00-I00-N06,C54,지의진
월보,C54-S00-I00-N06,C54,교문정의여
월보,C54-S00-I00-N06,C54,선사
월보,C54-S00-I00-N06,C54,정령
월보,C54-S00-I00-N06,C54,오인
월보,C54-S00-I00-N06,C54,정신
월보,C54-S00-I00-N06,C54,융합일치
월보,C54-S00-I00-N06,C54,사후정령
월보,C54-S00-I00-N06,C54,후인
월보,C54-S00-I00-N06,C54,도제
월보,C54-S00-I00-N06,C54,활정신
월보,C54-S00-I00-N06,C54,하처
월보,C54-S00-I00-N06,C54,의거
월보,C54-S00-I00-N06,C54,오인
월보,C54-S00-I00-N06,C54,선사
월보,C54-S00-I00-N06,C54,정령
월보,C54-S00-I00-N06,C54,자기
월보,C54-S00-I00-N06,C54,정령
월보,C54-S00-I00-N06,C54,필사
월보,C54-S00-I00-N06,C54,대신사
월보,C54-S00-I00-N06,C54,성령출세설
월보,C54-S00-I00-N06,C54,오인
월보,C54-S00-I00-N06,C54,一節
월보,C54-S00-I00-N06,C54,왈여
월보,C54-S00-I00-N06,C54,수련
월보,C54-S00-I00-N06,C54,시차지견금일우간
월보,C54-S00-I00-N06,C54,대신사
월보,C54-S00-I00-N06,C54,석시
월보,C54-S00-I00-N06,C54,금일
월보,C54-S00-I00-N06,C54,성령상동일심법상
월보,C54-S00-I00-N06,C54,대신사
월보,C54-S00-I00-N06,C54,성령
월보,C54-S00-I00-N06,C54,출세
월보,C54-S00-I00-N06,C54,우주
월보,C54-S00-I00-N06,C54,대정령
월보,C54-S00-I00-N06,C54,대신사
월보,C54-S00-I00-N06,C54,성령
월보,C54-S00-I00-N06,C54,출세
월보,C54-S00-I00-N06,C54,대신사
월보,C54-S00-I00-N06,C54,성령
월보,C54-S00-I00-N06,C54,억조
월보,C54-S00-I00-N06,C54,성령
월보,C54-S00-I00-N06,C54,출세
월보,C54-S00-I00-N06,C54,우주묘법
월보,C54-S00-I00-N06,C54,전륜
월보,C54-S00-I00-N06,C54,일절만물
월보,C54-S00-I00-N06,C54,개대신사
월보,C54-S00-I00-N06,C54,영성적교순
월보,C54-S00-I00-N06,C54,오인
월보,C54-S00-I00-N06,C54,각득
월보,C54-S00-I00-N06,C54,각득
월보,C54-S00-I00-N06,C54,자기성령
월보,C54-S00-I00-N06,C54,수련불수련
월보,C54-S00-I00-N06,C54,관계
월보,C54-S00-I00-N06,C54,만일
월보,C54-S00-I00-N06,C54,오인
월보,C54-S00-I00-N06,C54,대신사
월보,C54-S00-I00-N06,C54,심법
월보,C54-S00-I00-N06,C54,성령수련
월보,C54-S00-I00-N06,C54,결과
월보,C54-S00-I00-N06,C54,일조번연
월보,C54-S00-I00-N06,C54,도달
월보,C54-S00-I00-N06,C54,대신사
월보,C54-S00-I00-N06,C54,심법
월보,C54-S00-I00-N06,C54,일절우주
월보,C54-S00-I00-N06,C54,심법
월보,C54-S00-I00-N06,C54,자기
월보,C54-S00-I00-N06,C54,성령
월보,C54-S00-I00-N06,C54,즉대신사
월보,C54-S00-I00-N06,C54,영성
월보,C54-S00-I00-N06,C54,불생불멸무루무증
월보,C54-S00-I00-N06,C54,대성령
월보,C54-S00-I00-N06,C54,근본적출세
월보,C54-S00-I00-N06,C54,오인
월보,C54-S00-I00-N06,C54,어시
월보,C54-S00-I00-N06,C54,기도
월보,C54-S00-I00-N06,C54,관념
월보,C54-S00-I00-N06,C54,나변
월보,C54-S00-I00-N06,C54,치중
월보,C54-S00-I00-N06,C54,확지
월보,C54-S00-I00-N06,C54,오인
월보,C54-S00-I00-N06,C54,인습적종교
월보,C54-S00-I00-N06,C54,조사
월보,C54-S00-I00-N06,C54,정령
월보,C54-S00-I00-N06,C54,자기이외출세적별구
월보,C54-S00-I00-N06,C54,미신적신앙
월보,C54-S00-I00-N06,C54,모방
월보,C54-S00-I00-N06,C54,오인
월보,C54-S00-I00-N06,C54,진리
월보,C54-S00-I00-N06,C54,신조
월보,C54-S00-I00-N06,C54,오인
월보,C54-S00-I00-N06,C54,진리
월보,C54-S00-I00-N06,C54,신조
월보,C54-S00-I00-N06,C54,금일차위대
월보,C54-S00-I00-N06,C54,가진
월보,C54-S00-I00-N06,C54,즉대신사
월보,C54-S00-I00-N06,C54,정령
월보,C54-S00-I00-N06,C54,오인
월보,C54-S00-I00-N06,C54,정령
월보,C54-S00-I00-N06,C54,융합일치
월보,C54-S00-I00-N06,C54,오인
월보,C54-S00-I00-N06,C54,대신사하
월보,C54-S00-I00-N06,C54,자각
월보,C54-S00-I00-N06,C54,자기
월보,C54-S00-I00-N06,C54,숭배
월보,C54-S00-I00-N07,C54,환언
월보,C54-S00-I00-N07,C54,대신사
월보,C54-S00-I00-N07,C54,자기
월보,C54-S00-I00-N07,C54,천지우주
월보,C54-S00-I00-N07,C54,신의미
월보,C54-S00-I00-N07,C54,인간세계
월보,C54-S00-I00-N07,C54,신목적
월보,C54-S00-I00-N07,C54,우주인생
월보,C54-S00-I00-N07,C54,무의미
월보,C54-S00-I00-N07,C54,차신교훈
월보,C54-S00-I00-N07,C54,대신사
월보,C54-S00-I00-N07,C54,항상
월보,C54-S00-I00-N07,C54,장생
월보,C54-S00-I00-N07,C54,천하
월보,C54-S00-I00-N07,C54,장생
월보,C54-S00-I00-N07,C54,불사
월보,C54-S00-I00-N07,C54,오인
월보,C54-S00-I00-N07,C54,차일언
월보,C54-S00-I00-N07,C54,자진
월보,C54-S00-I00-N07,C54,신각성
월보,C54-S00-I00-N07,C54,도발
월보,C54-S00-I00-N07,C54,불가
월보,C54-S00-I00-N07,C54,대신사
월보,C54-S00-I00-N07,C54,소위장생불사
월보,C54-S00-I00-N07,C54,유훈
월보,C54-S00-I00-N07,C54,여하의진리
월보,C54-S00-I00-N07,C54,교문정의하
월보,C54-S00-I00-N07,C54,성립
월보,C54-S00-I00-N07,C54,대신사
월보,C54-S00-I00-N07,C54,육체적영생
월보,C54-S00-I00-N07,C54,의미
월보,C54-S00-I00-N07,C54,정신적불사
월보,C54-S00-I00-N07,C54,의미
월보,C54-S00-I00-N07,C54,대신사
월보,C54-S00-I00-N07,C54,정령
월보,C54-S00-I00-N07,C54,금일여하
월보,C54-S00-I00-N07,C54,천지
월보,C54-S00-I00-N07,C54,유익
월보,C54-S00-I00-N07,C54,대신사
월보,C54-S00-I00-N07,C54,천당
월보,C54-S00-I00-N07,C54,우열반
월보,C54-S00-I00-N07,C54,차세
월보,C54-S00-I00-N07,C54,영생
월보,C54-S00-I00-N07,C54,차세
월보,C54-S00-I00-N07,C54,대신사화
월보,C54-S00-I00-N07,C54,차사회
월보,C54-S00-I00-N07,C54,영생불사
월보,C54-S00-I00-N07,C54,차사회
월보,C54-S00-I00-N07,C54,대신사화
월보,C54-S00-I00-N07,C54,대신사
월보,C54-S00-I00-N07,C54,영세불사
월보,C54-S00-I00-N07,C54,장소
월보,C54-S00-I00-N07,C54,차세
월보,C54-S00-I00-N07,C54,우차사회
월보,C54-S00-I00-N07,C54,대신사
월보,C54-S00-I00-N07,C54,정령
월보,C54-S00-I00-N07,C54,차세
월보,C54-S00-I00-N07,C54,유익
월보,C54-S00-I00-N07,C54,억우명산대천기승별구
월보,C54-S00-I00-N07,C54,대신사
월보,C54-S00-I00-N07,C54,선언
월보,C54-S00-I00-N07,C54,입도
월보,C54-S00-I00-N07,C54,세상
월보,C54-S00-I00-N07,C54,무위이화
월보,C54-S00-I00-N07,C54,군자
월보,C54-S00-I00-N07,C54,지상신선
월보,C54-S00-I00-N07,C54,차일절
월보,C54-S00-I00-N07,C54,반구
월보,C54-S00-I00-N07,C54,대신사
월보,C54-S00-I00-N07,C54,지상
월보,C54-S00-I00-N07,C54,천국
월보,C54-S00-I00-N07,C54,건설
월보,C54-S00-I00-N07,C54,우지상적천국
월보,C54-S00-I00-N07,C54,선인적생활
월보,C54-S00-I00-N08,C54,환언
월보,C54-S00-I00-N08,C54,지상
월보,C54-S00-I00-N08,C54,천국
월보,C54-S00-I00-N08,C54,지상
월보,C54-S00-I00-N08,C54,억조
월보,C54-S00-I00-N08,C54,억조
월보,C54-S00-I00-N08,C54,지상
월보,C54-S00-I00-N08,C54,파괴
월보,C54-S00-I00-N08,C54,以上
월보,C54-S00-I00-N08,C54,영생
월보,C54-S00-I00-N08,C54,대신사
월보,C54-S00-I00-N08,C54,영원무궁
월보,C54-S00-I00-N08,C54,장래
월보,C54-S00-I00-N08,C54,지상
월보,C54-S00-I00-N08,C54,억조
월보,C54-S00-I00-N08,C54,지상
월보,C54-S00-I00-N08,C54,억조
월보,C54-S00-I00-N08,C54,멸망일
월보,C54-S00-I00-N08,C54,영세불망
월보,C54-S00-I00-N08,C54,동덕
월보,C54-S00-I00-N08,C54,차의
월보,C54-S00-I00-N08,C54,영구물체
월보,C54-S00-I00-N08,C54,천하
월보,C54-S00-I00-N08,C54,대신사
월보,C54-S00-I00-N08,C54,대신사
월보,C54-S00-I00-N08,C54,금면
월보,C54-S00-I00-N08,C54,확인
월보,C54-S00-I00-N08,C54,대신사
월보,C54-S00-I00-N08,C54,자비
월보,C54-S00-I00-N08,C54,차연
월보,C54-S00-I00-N08,C54,차식장
월보,C54-S00-I00-N08,C54,차점
월보,C54-S00-I00-N08,C54,대신사
월보,C54-S00-I00-N08,C54,차일부자유친
월보,C54-S00-I00-N08,C54,운수
월보,C54-S00-I00-N08,C54,유친
월보,C54-S00-I00-N08,C54,운수
월보,C54-S00-I00-N08,C54,一身
월보,C54-S00-I00-N08,C54,역시
월보,C54-S00-I00-N08,C54,수도본
월보,C54-S00-I00-N08,C54,우성
월보,C54-S00-I00-N08,C54,유사
월보,C54-S00-I00-N08,C54,이운수
월보,C54-S00-I00-N08,C54,도덕
월보,C54-S00-I00-N08,C54,불로자득
월보,C54-S00-I00-N08,C54,도시
월보,C54-S00-I00-N08,C54,유사
월보,C54-S00-I00-N08,C54,삼십삼자지극
월보,C54-S00-I00-N08,C54,만권시서
월보,C54-S00-I00-N08,C54,심학
월보,C54-S00-I00-N08,C54,불망기본
월보,C54-S00-I00-N08,C54,현인군자
월보,C54-S00-I00-N08,C54,도성덕립
월보,C54-S00-I00-N08,C54,자폭자기
월보,C54-S00-I00-N08,C54,유사
월보,C55-S00-I00-N01,C55,교문정의개조
월보,C55-S00-I00-N01,C55,종교리돈화일개조이자
월보,C55-S00-I00-N01,C55,현대적신구어
월보,C55-S00-I00-N01,C55,비상
월보,C55-S00-I00-N01,C55,오인
월보,C55-S00-I00-N01,C55,이막
월보,C55-S00-I00-N01,C55,타격
월보,C55-S00-I00-N01,C55,개조
월보,C55-S00-I00-N01,C55,정조
월보,C55-S00-I00-N01,C55,삼촌
월보,C55-S00-I00-N01,C55,우동야부
월보,C55-S00-I00-N01,C55,창도
월보,C55-S00-I00-N01,C55,개조
월보,C55-S00-I00-N01,C55,의미
월보,C55-S00-I00-N01,C55,자의상
월보,C55-S00-I00-N01,C55,사고
월보,C55-S00-I00-N01,C55,개조
월보,C55-S00-I00-N01,C55,즉비
월보,C55-S00-I00-N01,C55,개인
월보,C55-S00-I00-N01,C55,고어
월보,C55-S00-I00-N01,C55,소위
월보,C55-S00-I00-N01,C55,개과천선
월보,C55-S00-I00-N01,C55,인수무과
월보,C55-S00-I00-N01,C55,개지위귀
월보,C55-S00-I00-N01,C55,세계상
월보,C55-S00-I00-N01,C55,전사회
월보,C55-S00-I00-N01,C55,오인인세
월보,C55-S00-I00-N01,C55,발전진화
월보,C55-S00-I00-N01,C55,차우주
월보,C55-S00-I00-N01,C55,개조적절대원리
월보,C55-S00-I00-N01,C55,기인
월보,C55-S00-I00-N01,C55,이개우주
월보,C55-S00-I00-N01,C55,개조
월보,C55-S00-I00-N01,C55,개조
월보,C55-S00-I00-N01,C55,복능
월보,C55-S00-I00-N01,C55,전람품
월보,C55-S00-I00-N01,C55,혼돈무일물
월보,C55-S00-I00-N01,C55,무유
월보,C55-S00-I00-N01,C55,엄판
월보,C55-S00-I00-N01,C55,태양계
월보,C55-S00-I00-N01,C55,조직
월보,C55-S00-I00-N01,C55,만유
월보,C55-S00-I00-N01,C55,생성
월보,C55-S00-I00-N01,C55,질서정연
월보,C55-S00-I00-N01,C55,금일
월보,C55-S00-I00-N01,C55,우주
월보,C55-S00-I00-N01,C55,대신령장
월보,C55-S00-I00-N01,C55,인내천
월보,C55-S00-I00-N01,C55,원리
월보,C55-S00-I00-N01,C55,도달
월보,C55-S00-I00-N01,C55,오인
월보,C55-S00-I00-N01,C55,진화
월보,C55-S00-I00-N01,C55,원리
월보,C55-S00-I00-N01,C55,만물
월보,C55-S00-I00-N01,C55,시대
월보,C55-S00-I00-N01,C55,개조
월보,C55-S00-I00-N01,C55,무방
월보,C55-S00-I00-N01,C55,기회
월보,C55-S00-I00-N01,C55,작용
월보,C55-S00-I00-N01,C55,신고
월보,C55-S00-I00-N01,C55,개조
월보,C55-S00-I00-N01,C55,즉진화
월보,C55-S00-I00-N01,C55,연쇄점
월보,C55-S00-I00-N01,C55,혹시대
월보,C55-S00-I00-N01,C55,진화태고
월보,C55-S00-I00-N01,C55,유소
월보,C55-S00-I00-N01,C55,목실시대
월보,C55-S00-I00-N01,C55,일변
월보,C55-S00-I00-N01,C55,화식시대
월보,C55-S00-I00-N01,C55,진화
월보,C55-S00-I00-N01,C55,어렵시대
월보,C55-S00-I00-N01,C55,교문정의체공시대
월보,C55-S00-I00-N01,C55,진화
월보,C55-S00-I00-N01,C55,세력
월보,C55-S00-I00-N01,C55,위대
월보,C55-S00-I00-N01,C55,가증
월보,C55-S00-I00-N01,C55,기세력
월보,C55-S00-I00-N01,C55,정신
월보,C55-S00-I00-N01,C55,원천
월보,C55-S00-I00-N01,C55,시오인인류
월보,C55-S00-I00-N01,C55,정신
월보,C55-S00-I00-N01,C55,우주
월보,C55-S00-I00-N01,C55,원리
월보,C55-S00-I00-N01,C55,직접운용
월보,C55-S00-I00-N01,C55,부신사
월보,C55-S00-I00-N01,C55,대각
월보,C55-S00-I00-N01,C55,우주
월보,C55-S00-I00-N01,C55,진화
월보,C55-S00-I00-N01,C55,발표
월보,C55-S00-I00-N01,C55,개자상고이래
월보,C55-S00-I00-N01,C55,춘추질대사시성쇠불천불역시역천주조화지적소연우천하야
월보,C55-S00-I00-N01,C55,우주
월보,C55-S00-I00-N01,C55,무하유
월보,C55-S00-I00-N01,C55,일물
월보,C55-S00-I00-N01,C55,사시성쇠
월보,C55-S00-I00-N01,C55,금일
월보,C55-S00-I00-N01,C55,진화
월보,C55-S00-I00-N01,C55,우주대신
월보,C55-S00-I00-N01,C55,복능
월보,C55-S00-I00-N01,C55,가지
월보,C55-S00-I00-N01,C55,우왈
월보,C55-S00-I00-N01,C55,자원제지후성인이생일월성진천지도수성출문자이정천체지수연의
월보,C55-S00-I00-N01,C55,인류
월보,C55-S00-I00-N01,C55,직접
월보,C55-S00-I00-N01,C55,우주
월보,C55-S00-I00-N01,C55,원리
월보,C55-S00-I00-N01,C55,응용
월보,C55-S00-I00-N01,C55,오인
월보,C55-S00-I00-N01,C55,진화개조
월보,C55-S00-I00-N01,C55,원리
월보,C55-S00-I00-N01,C55,직접정신적즉종교적발전
월보,C55-S00-I00-N01,C55,일자
월보,C55-S00-I00-N01,C55,정신발전
월보,C55-S00-I00-N01,C55,계제
월보,C55-S00-I00-N01,C55,병연불위
월보,C55-S00-I00-N01,C55,인류
월보,C55-S00-I00-N01,C55,과학
월보,C55-S00-I00-N01,C55,물질발달
월보,C55-S00-I00-N01,C55,동시
월보,C55-S00-I00-N01,C55,회의비애
월보,C55-S00-I00-N01,C55,인류학
월보,C55-S00-I00-N01,C55,불무
월보,C55-S00-I00-N01,C55,경언
월보,C55-S00-I00-N01,C55,과학
월보,C55-S00-I00-N01,C55,인생
월보,C55-S00-I00-N01,C55,득실
월보,C55-S00-I00-N01,C55,주능
월보,C55-S00-I00-N01,C55,우주
월보,C55-S00-I00-N01,C55,무하유
월보,C55-S00-I00-N01,C55,일물
월보,C55-S00-I00-N01,C55,사시성쇠
월보,C55-S00-I00-N01,C55,금리민복
월보,C55-S00-I00-N01,C55,시등제성
월보,C55-S00-I00-N01,C55,개조
월보,C55-S00-I00-N01,C55,십팔세기
월보,C55-S00-I00-N01,C55,과학발흥
월보,C55-S00-I00-N01,C55,정신적혜택
월보,C55-S00-I00-N01,C55,과거이천년간
월보,C55-S00-I00-N01,C55,즉물질발명
월보,C55-S00-I00-N01,C55,극단
월보,C55-S00-I00-N01,C55,결과
월보,C55-S00-I00-N01,C55,종교
월보,C55-S00-I00-N01,C55,대타격
월보,C55-S00-I00-N01,C55,우주
월보,C55-S00-I00-N01,C55,인생
월보,C55-S00-I00-N01,C55,분민
월보,C55-S00-I00-N01,C55,일개기계적물질체
월보,C55-S00-I00-N01,C55,불과
월보,C55-S00-I00-N02,C55,회의비애
월보,C55-S00-I00-N02,C55,과학
월보,C55-S00-I00-N02,C55,대승리
월보,C55-S00-I00-N02,C55,정신적방면
월보,C55-S00-I00-N02,C55,공전
월보,C55-S00-I00-N02,C55,대실패
월보,C55-S00-I00-N02,C55,십구세기
월보,C55-S00-I00-N02,C55,회의비애
월보,C55-S00-I00-N02,C55,인류
월보,C55-S00-I00-N02,C55,과학
월보,C55-S00-I00-N02,C55,물질발달
월보,C55-S00-I00-N02,C55,동시
월보,C55-S00-I00-N02,C55,회의비애
월보,C55-S00-I00-N02,C55,인류
월보,C55-S00-I00-N02,C55,정신
월보,C55-S00-I00-N02,C55,각성
월보,C55-S00-I00-N02,C55,제도
월보,C55-S00-I00-N02,C55,기시대
월보,C55-S00-I00-N02,C55,인민
월보,C55-S00-I00-N02,C55,금일
월보,C55-S00-I00-N02,C55,사실
월보,C55-S00-I00-N02,C55,요연
월보,C55-S00-I00-N02,C55,태고혼돈
월보,C55-S00-I00-N02,C55,인민
월보,C55-S00-I00-N02,C55,신차정신
월보,C55-S00-I00-N02,C55,각성
월보,C55-S00-I00-N02,C55,명용지
월보,C55-S00-I00-N02,C55,괴가
월보,C55-S00-I00-N02,C55,풍교
월보,C55-S00-I00-N02,C55,제도
월보,C55-S00-I00-N02,C55,기시대
월보,C55-S00-I00-N02,C55,인민
월보,C55-S00-I00-N02,C55,교문정의간
월보,C55-S00-I00-N02,C55,대전
월보,C55-S00-I00-N02,C55,기식
월보,C55-S00-I00-N02,C55,인심
월보,C55-S00-I00-N02,C55,변천
월보,C55-S00-I00-N02,C55,상박소추
월보,C55-S00-I00-N02,C55,일월소도
월보,C55-S00-I00-N02,C55,의식
월보,C55-S00-I00-N02,C55,동물
월보,C55-S00-I00-N02,C55,정신적자극
월보,C55-S00-I00-N02,C55,세계적개조
월보,C55-S00-I00-N02,C55,각오
월보,C55-S00-I00-N02,C55,오인
월보,C55-S00-I00-N02,C55,차대전
월보,C55-S00-I00-N02,C55,여하
월보,C55-S00-I00-N02,C55,신리상
월보,C55-S00-I00-N02,C55,여하
월보,C55-S00-I00-N02,C55,신각오
월보,C55-S00-I00-N02,C55,대신사
월보,C55-S00-I00-N02,C55,왈차세
월보,C55-S00-I00-N02,C55,요순지치
월보,C55-S00-I00-N02,C55,불족용
월보,C55-S00-I00-N02,C55,공맹지덕
월보,C55-S00-I00-N02,C55,불족론
월보,C55-S00-I00-N02,C55,왈차세
월보,C55-S00-I00-N02,C55,후천개벽
월보,C55-S00-I00-N02,C55,적절
월보,C55-S00-I00-N02,C55,예언
월보,C55-S00-I00-N02,C55,오인
월보,C55-S00-I00-N02,C55,차개벽
월보,C55-S00-I00-N02,C55,각성
월보,C55-S00-I00-N02,C55,즉차세
월보,C55-S00-I00-N02,C55,개벽
월보,C55-S00-I00-N02,C55,기일
월보,C55-S00-I00-N02,C55,차세
월보,C55-S00-I00-N02,C55,개벽
월보,C55-S00-I00-N02,C55,전쟁
월보,C55-S00-I00-N02,C55,평화
월보,C55-S00-I00-N02,C55,건설
월보,C55-S00-I00-N02,C55,기이
월보,C55-S00-I00-N02,C55,평화
월보,C55-S00-I00-N02,C55,과학
월보,C55-S00-I00-N02,C55,성립
월보,C55-S00-I00-N02,C55,종교
월보,C55-S00-I00-N02,C55,세계
월보,C55-S00-I00-N02,C55,금일이후세계
월보,C55-S00-I00-N02,C55,종교적개조
월보,C55-S00-I00-N02,C55,사여사
월보,C55-S00-I00-N02,C55,종교
월보,C55-S00-I00-N02,C55,운명신
월보,C55-S00-I00-N02,C55,세력
월보,C55-S00-I00-N02,C55,세계무대
월보,C55-S00-I00-N02,C55,활동
월보,C55-S00-I00-N02,C55,개조
월보,C55-S00-I00-N02,C55,착수
월보,C55-S00-I00-N03,C55,기연
월보,C55-S00-I00-N03,C55,기연
월보,C55-S00-I00-N03,C55,기연
월보,C55-S00-I00-N03,C55,억역회회
월보,C55-S00-I00-N03,C55,과학
월보,C55-S00-I00-N03,C55,개조적의미
월보,C55-S00-I00-N03,C55,잠시과도기
월보,C55-S00-I00-N03,C55,경정
월보,C55-S00-I00-N03,C55,상언
월보,C55-S00-I00-N03,C55,과학
월보,C55-S00-I00-N03,C55,인류
월보,C55-S00-I00-N03,C55,정신적개조
월보,C55-S00-I00-N03,C55,체접
월보,C55-S00-I00-N03,C55,실행
월보,C55-S00-I00-N03,C55,능력
월보,C55-S00-I00-N03,C55,정신적개조
월보,C55-S00-I00-N03,C55,건축
월보,C55-S00-I00-N03,C55,파괴
월보,C55-S00-I00-N03,C55,삼득
월보,C55-S00-I00-N03,C55,건축
월보,C55-S00-I00-N03,C55,파괴
월보,C55-S00-I00-N03,C55,건축
월보,C55-S00-I00-N03,C55,당시
월보,C55-S00-I00-N03,C55,인류
월보,C55-S00-I00-N03,C55,현상
월보,C55-S00-I00-N03,C55,비상
월보,C55-S00-I00-N03,C55,태고혼돈무수
월보,C55-S00-I00-N03,C55,이여일세지인각자위심불고천명불순천리심상회연
월보,C55-S00-I00-N03,C55,소향
월보,C55-S00-I00-N03,C55,즉최근인심
월보,C55-S00-I00-N03,C55,혼돈상태
월보,C55-S00-I00-N03,C55,도파
월보,C55-S00-I00-N03,C55,부인사
월보,C55-S00-I00-N03,C55,항상병행
월보,C55-S00-I00-N03,C55,천시
월보,C55-S00-I00-N03,C55,인사
월보,C55-S00-I00-N03,C55,인사
월보,C55-S00-I00-N03,C55,천시
월보,C55-S00-I00-N03,C55,피차
월보,C55-S00-I00-N03,C55,만근인심
월보,C55-S00-I00-N03,C55,혼돈
월보,C55-S00-I00-N03,C55,즉대
월보,C55-S00-I00-N03,C55,재화
월보,C55-S00-I00-N03,C55,발생
월보,C55-S00-I00-N03,C55,동시
월보,C55-S00-I00-N03,C55,개조
월보,C55-S00-I00-N03,C55,상태
월보,C55-S00-I00-N03,C55,불과거년
월보,C55-S00-I00-N03,C55,대전쟁
월보,C55-S00-I00-N03,C55,만근인심
월보,C55-S00-I00-N03,C55,변조
월보,C55-S00-I00-N03,C55,여하
월보,C55-S00-I00-N03,C55,대재화
월보,C55-S00-I00-N03,C55,양출
월보,C55-S00-I00-N03,C55,동시
월보,C55-S00-I00-N03,C55,장래
월보,C55-S00-I00-N03,C55,대개조
월보,C55-S00-I00-N03,C55,교문정의
월보,C55-S00-I00-N03,C55,오인
월보,C55-S00-I00-N03,C55,일대의안
월보,C55-S00-I00-N03,C55,오인
월보,C55-S00-I00-N03,C55,치명상
월보,C55-S00-I00-N03,C55,유래종교
월보,C55-S00-I00-N03,C55,진리
월보,C55-S00-I00-N03,C55,理想
월보,C55-S00-I00-N03,C55,구조
월보,C55-S00-I00-N03,C55,지배력
월보,C55-S00-I00-N03,C55,출두
월보,C55-S00-I00-N03,C55,만일과학
월보,C55-S00-I00-N03,C55,타격
월보,C55-S00-I00-N03,C55,제진리
월보,C55-S00-I00-N03,C55,근본적학기자
월보,C55-S00-I00-N03,C55,오해
월보,C55-S00-I00-N03,C55,종교
월보,C55-S00-I00-N03,C55,여하
월보,C55-S00-I00-N03,C55,변명설
월보,C55-S00-I00-N03,C55,오인
월보,C55-S00-I00-N03,C55,제출
월보,C55-S00-I00-N03,C55,복활
월보,C55-S00-I00-N03,C55,자불연
월보,C55-S00-I00-N03,C55,종교
월보,C55-S00-I00-N03,C55,자가옹착
월보,C55-S00-I00-N03,C55,몰락
월보,C55-S00-I00-N03,C55,경기
월보,C55-S00-I00-N03,C55,여지
월보,C55-S00-I00-N03,C55,과학
월보,C55-S00-I00-N03,C55,理想
월보,C55-S00-I00-N03,C55,심판
월보,C55-S00-I00-N03,C55,증명이외
월보,C55-S00-I00-N03,C55,과학
월보,C55-S00-I00-N03,C55,증명
월보,C55-S00-I00-N03,C55,종교
월보,C55-S00-I00-N03,C55,理想
월보,C55-S00-I00-N03,C55,사실
월보,C55-S00-I00-N03,C55,신앙
월보,C55-S00-I00-N03,C55,종교
월보,C55-S00-I00-N03,C55,미봉
월보,C55-S00-I00-N03,C55,물론과학적사실증명
월보,C55-S00-I00-N03,C55,개개
월보,C55-S00-I00-N03,C55,합리적
월보,C55-S00-I00-N03,C55,종교
월보,C55-S00-I00-N03,C55,신앙
월보,C55-S00-I00-N03,C55,개개
월보,C55-S00-I00-N03,C55,불합리
월보,C55-S00-I00-N03,C55,팔구
월보,C55-S00-I00-N03,C55,경기
월보,C55-S00-I00-N03,C55,교조
월보,C55-S00-I00-N03,C55,식자
월보,C55-S00-I00-N03,C55,불대
월보,C55-S00-I00-N03,C55,추측
월보,C55-S00-I00-N03,C55,사계
월보,C55-S00-I00-N03,C55,연구
월보,C55-S00-I00-N03,C55,금일이후
월보,C55-S00-I00-N03,C55,종교
월보,C55-S00-I00-N03,C55,여하
월보,C55-S00-I00-N03,C55,인심상
월보,C55-S00-I00-N03,C55,제각
월보,C55-S00-I00-N03,C55,왈유유부
월보,C55-S00-I00-N03,C55,인심
월보,C55-S00-I00-N03,C55,종교
월보,C55-S00-I00-N03,C55,인사
월보,C55-S00-I00-N03,C55,신앙적
월보,C55-S00-I00-N03,C55,금일이후
월보,C55-S00-I00-N03,C55,익익발전
월보,C55-S00-I00-N03,C55,동시
월보,C55-S00-I00-N03,C55,금일이후
월보,C55-S00-I00-N03,C55,인심
월보,C55-S00-I00-N03,C55,종교
월보,C55-S00-I00-N03,C55,개조
월보,C55-S00-I00-N03,C55,요구
월보,C55-S00-I00-N04,C55,즉과학
월보,C55-S00-I00-N04,C55,최고리상
월보,C55-S00-I00-N04,C55,신기자
월보,C55-S00-I00-N04,C55,절대관념
월보,C55-S00-I00-N04,C55,신종교
월보,C55-S00-I00-N04,C55,세계
월보,C55-S00-I00-N04,C55,장래
월보,C55-S00-I00-N04,C55,개조
월보,C55-S00-I00-N04,C55,오인
월보,C55-S00-I00-N04,C55,시적종교
월보,C55-S00-I00-N04,C55,理想
월보,C55-S00-I00-N04,C55,오인
월보,C55-S00-I00-N04,C55,理想
월보,C55-S00-I00-N04,C55,추고
월보,C55-S00-I00-N04,C55,제일신종교
월보,C55-S00-I00-N04,C55,유래종교
월보,C55-S00-I00-N04,C55,배척
월보,C55-S00-I00-N04,C55,유래종교
월보,C55-S00-I00-N04,C55,최선
월보,C55-S00-I00-N04,C55,理想
월보,C55-S00-I00-N04,C55,증류
월보,C55-S00-I00-N04,C55,정신
월보,C55-S00-I00-N04,C55,즉유
월보,C55-S00-I00-N04,C55,방면
월보,C55-S00-I00-N04,C55,발전
월보,C55-S00-I00-N04,C55,자불
월보,C55-S00-I00-N04,C55,방면
월보,C55-S00-I00-N04,C55,진화
월보,C55-S00-I00-N04,C55,자야
월보,C55-S00-I00-N04,C55,방면
월보,C55-S00-I00-N04,C55,개선
월보,C55-S00-I00-N04,C55,원만무결
월보,C55-S00-I00-N04,C55,진리
월보,C55-S00-I00-N04,C55,구비
월보,C55-S00-I00-N04,C55,제이신종교
월보,C55-S00-I00-N04,C55,과학
월보,C55-S00-I00-N04,C55,과학
월보,C55-S00-I00-N04,C55,진리
월보,C55-S00-I00-N04,C55,일층천명
월보,C55-S00-I00-N04,C55,일층해석
월보,C55-S00-I00-N04,C55,일층미화
월보,C55-S00-I00-N04,C55,교문정의
월보,C55-S00-I00-N04,C55,일물일질
월보,C55-S00-I00-N04,C55,미려
월보,C55-S00-I00-N04,C55,표현
월보,C55-S00-I00-N04,C55,증명
월보,C55-S00-I00-N04,C55,사실적원리
월보,C55-S00-I00-N04,C55,구비
월보,C55-S00-I00-N04,C55,과학
월보,C55-S00-I00-N04,C55,종교
월보,C55-S00-I00-N04,C55,일분자
월보,C55-S00-I00-N04,C55,종교범위내
월보,C55-S00-I00-N04,C55,물질
월보,C55-S00-I00-N04,C55,일부
월보,C55-S00-I00-N04,C55,해부
월보,C55-S00-I00-N04,C55,존재
월보,C55-S00-I00-N04,C55,천명
월보,C55-S00-I00-N05,C55,제삼신종교
월보,C55-S00-I00-N05,C55,철학
월보,C55-S00-I00-N05,C55,익익포용
월보,C55-S00-I00-N05,C55,종교
월보,C55-S00-I00-N05,C55,즉철학
월보,C55-S00-I00-N05,C55,종교
월보,C55-S00-I00-N05,C55,선구
월보,C55-S00-I00-N05,C55,우주
월보,C55-S00-I00-N05,C55,원리
월보,C55-S00-I00-N05,C55,증명
월보,C55-S00-I00-N05,C55,신종교
월보,C55-S00-I00-N05,C55,신앙
월보,C55-S00-I00-N05,C55,익익기열도
월보,C55-S00-I00-N05,C55,철학
월보,C55-S00-I00-N05,C55,종교
월보,C55-S00-I00-N05,C55,신료
월보,C55-S00-I00-N05,C55,가치
월보,C55-S00-I00-N05,C55,익익기부패
월보,C55-S00-I00-N05,C55,의료
월보,C55-S00-I00-N05,C55,청신
월보,C55-S00-I00-N05,C55,생신
월보,C55-S00-I00-N05,C55,종교
월보,C55-S00-I00-N05,C55,신앙적범위확장
월보,C55-S00-I00-N05,C55,제사신종교
월보,C55-S00-I00-N05,C55,우주
월보,C55-S00-I00-N05,C55,중심
월보,C55-S00-I00-N05,C55,동시
월보,C55-S00-I00-N05,C55,개인
월보,C55-S00-I00-N05,C55,중심
월보,C55-S00-I00-N05,C55,종교
월보,C55-S00-I00-N05,C55,즉인
월보,C55-S00-I00-N05,C55,종교
월보,C55-S00-I00-N05,C55,동일체
월보,C55-S00-I00-N05,C55,제조
월보,C55-S00-I00-N05,C55,직접신
월보,C55-S00-I00-N05,C55,표현
월보,C55-S00-I00-N05,C55,즉인
월보,C55-S00-I00-N05,C55,인내천적진리하
월보,C55-S00-I00-N05,C55,각종
월보,C55-S00-I00-N05,C55,풍화
월보,C55-S00-I00-N05,C55,각종
월보,C55-S00-I00-N05,C55,윤리각종
월보,C55-S00-I00-N05,C55,제도
월보,C55-S00-I00-N05,C55,以上
월보,C55-S00-I00-N05,C55,신종교
월보,C55-S00-I00-N05,C55,유래만교
월보,C55-S00-I00-N05,C55,포용
월보,C55-S00-I00-N05,C55,만과학
월보,C55-S00-I00-N05,C55,調和
월보,C55-S00-I00-N05,C55,만철학
월보,C55-S00-I00-N05,C55,선구
월보,C55-S00-I00-N05,C55,천지우주
월보,C55-S00-I00-N05,C55,대리상
월보,C55-S00-I00-N05,C55,개인
월보,C55-S00-I00-N05,C55,우주
월보,C55-S00-I00-N05,C55,개인무유합일
월보,C55-S00-I00-N05,C55,대진체
월보,C55-S00-I00-N05,C55,우주
월보,C55-S00-I00-N05,C55,개인
월보,C55-S00-I00-N05,C55,무왕불적
월보,C55-S00-I00-N05,C55,팔면령롱체
월보,C55-S00-I00-N05,C55,윤회
월보,C55-S00-I00-N05,C55,운수수원수우
월보,C55-S00-I00-N05,C55,세상
월보,C55-S00-I00-N05,C55,현인군자
월보,C55-S00-I00-N05,C55,진토중
월보,C55-S00-I00-N05,C55,옥석
월보,C55-S00-I00-N05,C55,분간
월보,C55-S00-I00-N05,C55,안빈락도
월보,C55-S00-I00-N05,C55,시운
월보,C55-S00-I00-N05,C55,성운
월보,C55-S00-I00-N05,C55,일성일쇠
월보,C55-S00-I00-N05,C55,쇠운
월보,C55-S00-I00-N05,C55,지극
월보,C55-S00-I00-N05,C55,현숙
월보,C55-S00-I00-N05,C55,제군
월보,C55-S00-I00-N05,C55,동귀일체
월보,C55-S00-I00-N05,C55,삼황오제성현
월보,C55-S00-I00-N05,C55,경천순천
월보,C55-S00-I00-N05,C55,청박
월보,C55-S00-I00-N05,C55,세상
월보,C55-S00-I00-N05,C55,가련
월보,C55-S00-I00-N05,C55,세상
월보,C55-S00-I00-N05,C55,불고천명
월보,C55-S00-I00-N05,C55,각자위심
월보,C55-S00-I00-N05,C55,불망기본
월보,C55-S00-I00-N05,C55,청박
월보,C55-S00-I00-N05,C55,세상
월보,C55-S00-I00-N05,C55,홀연
월보,C55-S00-I00-N05,C55,생각
월보,C55-S00-I00-N05,C55,만고
월보,C55-S00-I00-N05,C55,무극대도시운
월보,C55-S00-I00-N05,C55,세상
월보,C55-S00-I00-N05,C55,창건
월보,C55-S00-I00-N05,C55,역시운수
월보,C56-S00-I00-N01,C56,천도교륙십일세화갑경신
월보,C56-S00-I00-N01,C56,이돈화일
월보,C56-S00-I00-N01,C56,대신사
월보,C56-S00-I00-N01,C56,경신년구미산
월보,C56-S00-I00-N01,C56,용담수
월보,C56-S00-I00-N01,C56,대신사
월보,C56-S00-I00-N01,C56,혈연
월보,C56-S00-I00-N01,C56,목욕재계
월보,C56-S00-I00-N01,C56,묵념량구
월보,C56-S00-I00-N01,C56,심신
월보,C56-S00-I00-N01,C56,전률
월보,C56-S00-I00-N01,C56,질불득언
월보,C56-S00-I00-N01,C56,접령
월보,C56-S00-I00-N01,C56,강화
월보,C56-S00-I00-N01,C56,기성
월보,C56-S00-I00-N01,C56,완연
월보,C56-S00-I00-N01,C56,선어
월보,C56-S00-I00-N01,C56,이중
월보,C56-S00-I00-N01,C56,대신사
월보,C56-S00-I00-N01,C56,경기
월보,C56-S00-I00-N01,C56,왈세인
월보,C56-S00-I00-N01,C56,상제
월보,C56-S00-I00-N01,C56,상제
월보,C56-S00-I00-N01,C56,불지
월보,C56-S00-I00-N01,C56,대신사
월보,C56-S00-I00-N01,C56,기소연
월보,C56-S00-I00-N01,C56,왈개벽후
월보,C56-S00-I00-N01,C56,오만년
월보,C56-S00-I00-N01,C56,세간
월보,C56-S00-I00-N01,C56,차법
월보,C56-S00-I00-N01,C56,대신사
월보,C56-S00-I00-N01,C56,우서도
월보,C56-S00-I00-N01,C56,왈오
월보,C56-S00-I00-N01,C56,즉여
월보,C56-S00-I00-N01,C56,천지
월보,C56-S00-I00-N01,C56,귀신
월보,C56-S00-I00-N01,C56,불지
월보,C56-S00-I00-N01,C56,무궁
월보,C56-S00-I00-N01,C56,기문
월보,C56-S00-I00-N01,C56,기법
월보,C56-S00-I00-N01,C56,천하
월보,C56-S00-I00-N01,C56,장생
월보,C56-S00-I00-N01,C56,천하
월보,C56-S00-I00-N01,C56,소연
월보,C56-S00-I00-N01,C56,우왈여
월보,C56-S00-I00-N01,C56,백지
월보,C56-S00-I00-N01,C56,부도
월보,C56-S00-I00-N01,C56,대신사
월보,C56-S00-I00-N01,C56,백지
월보,C56-S00-I00-N01,C56,부도
월보,C56-S00-I00-N01,C56,완연
월보,C56-S00-I00-N01,C56,지상
월보,C56-S00-I00-N01,C56,부신사
월보,C56-S00-I00-N01,C56,기자
월보,C56-S00-I00-N01,C56,기자
월보,C56-S00-I00-N01,C56,불견
월보,C56-S00-I00-N01,C56,상제왈우매인생
월보,C56-S00-I00-N01,C56,청수
월보,C56-S00-I00-N01,C56,탄복
월보,C56-S00-I00-N01,C56,대신사
월보,C56-S00-I00-N01,C56,일장
월보,C56-S00-I00-N01,C56,탄복
월보,C56-S00-I00-N01,C56,무성무취무미
월보,C56-S00-I00-N01,C56,상제왈차
월보,C56-S00-I00-N01,C56,신중
월보,C56-S00-I00-N01,C56,불사약
월보,C56-S00-I00-N01,C56,탄복
월보,C56-S00-I00-N01,C56,영부
월보,C56-S00-I00-N01,C56,기명
월보,C56-S00-I00-N01,C56,선약
월보,C56-S00-I00-N01,C56,기형
월보,C56-S00-I00-N01,C56,태극
월보,C56-S00-I00-N01,C56,우형
월보,C56-S00-I00-N01,C56,차부
월보,C56-S00-I00-N01,C56,질병
월보,C56-S00-I00-N01,C56,주문
월보,C56-S00-I00-N01,C56,장생
월보,C56-S00-I00-N01,C56,천하
월보,C56-S00-I00-N01,C56,대신사
월보,C56-S00-I00-N01,C56,수심정기
월보,C56-S00-I00-N01,C56,기소이연
월보,C56-S00-I00-N01,C56,왈교문정의칠
월보,C56-S00-I00-N01,C56,교문정의
월보,C56-S00-I00-N01,C56,천부
월보,C56-S00-I00-N01,C56,대신사
월보,C56-S00-I00-N01,C56,수백장
월보,C56-S00-I00-N01,C56,연복
월보,C56-S00-I00-N01,C56,칙점차섬신
월보,C56-S00-I00-N01,C56,부윤
월보,C56-S00-I00-N01,C56,용모
월보,C56-S00-I00-N01,C56,환태
월보,C56-S00-I00-N01,C56,상제
월보,C56-S00-I00-N01,C56,우대신사
월보,C56-S00-I00-N01,C56,왈여
월보,C56-S00-I00-N01,C56,인격
월보,C56-S00-I00-N01,C56,출중
월보,C56-S00-I00-N01,C56,백의재상
월보,C56-S00-I00-N02,C56,대신사
월보,C56-S00-I00-N02,C56,부귀
월보,C56-S00-I00-N02,C56,원래
월보,C56-S00-I00-N02,C56,소욕
월보,C56-S00-I00-N02,C56,왈여
월보,C56-S00-I00-N02,C56,불연
월보,C56-S00-I00-N02,C56,造化
월보,C56-S00-I00-N02,C56,제화
월보,C56-S00-I00-N02,C56,대신사
월보,C56-S00-I00-N02,C56,개시세상통속
월보,C56-S00-I00-N02,C56,造化
월보,C56-S00-I00-N02,C56,상제
월보,C56-S00-I00-N02,C56,특별
월보,C56-S00-I00-N02,C56,造化
월보,C56-S00-I00-N02,C56,왈차
월보,C56-S00-I00-N02,C56,천지간대조화
월보,C56-S00-I00-N02,C56,대신사
월보,C56-S00-I00-N02,C56,세간광제
월보,C56-S00-I00-N02,C56,기후
월보,C56-S00-I00-N02,C56,수상제
월보,C56-S00-I00-N02,C56,음식
월보,C56-S00-I00-N02,C56,십일일
월보,C56-S00-I00-N02,C56,상제왈가상
월보,C56-S00-I00-N02,C56,무궁
월보,C56-S00-I00-N02,C56,천하
월보,C56-S00-I00-N02,C56,대신사
월보,C56-S00-I00-N02,C56,수심정기
월보,C56-S00-I00-N02,C56,以上
월보,C56-S00-I00-N02,C56,과거경신
월보,C56-S00-I00-N02,C56,대신사
월보,C56-S00-I00-N02,C56,천제
월보,C56-S00-I00-N02,C56,문답
월보,C56-S00-I00-N02,C56,一節
월보,C56-S00-I00-N02,C56,대신사
월보,C56-S00-I00-N02,C56,경신
월보,C56-S00-I00-N02,C56,여사
월보,C56-S00-I00-N02,C56,관계
월보,C56-S00-I00-N02,C56,오인
월보,C56-S00-I00-N02,C56,위대
월보,C56-S00-I00-N02,C56,경신
월보,C56-S00-I00-N02,C56,충심
월보,C56-S00-I00-N02,C56,막배
월보,C56-S00-I00-N02,C56,불가
월보,C56-S00-I00-N02,C56,천도
월보,C56-S00-I00-N02,C56,경신년산
월보,C56-S00-I00-N02,C56,시열교
월보,C56-S00-I00-N02,C56,열리
월보,C56-S00-I00-N02,C56,대양
월보,C56-S00-I00-N02,C56,대양
월보,C56-S00-I00-N02,C56,기천도
월보,C56-S00-I00-N02,C56,영찰무시이래
월보,C56-S00-I00-N02,C56,진화
월보,C56-S00-I00-N02,C56,일고
월보,C56-S00-I00-N02,C56,만곡
월보,C56-S00-I00-N02,C56,세류
월보,C56-S00-I00-N02,C56,불식
월보,C56-S00-I00-N02,C56,대해
월보,C56-S00-I00-N02,C56,흡사
월보,C56-S00-I00-N03,C56,일물
월보,C56-S00-I00-N03,C56,만년
월보,C56-S00-I00-N03,C56,만년
월보,C56-S00-I00-N03,C56,불생불멸
월보,C56-S00-I00-N03,C56,무한대
월보,C56-S00-I00-N03,C56,공간
월보,C56-S00-I00-N03,C56,포용
월보,C56-S00-I00-N03,C56,무제한
월보,C56-S00-I00-N03,C56,시간
월보,C56-S00-I00-N03,C56,충전
월보,C56-S00-I00-N03,C56,기동
월보,C56-S00-I00-N03,C56,신전
월보,C56-S00-I00-N03,C56,둔우
월보,C56-S00-I00-N03,C56,기정
월보,C56-S00-I00-N03,C56,수미
월보,C56-S00-I00-N03,C56,초개
월보,C56-S00-I00-N03,C56,일번차
월보,C56-S00-I00-N03,C56,인식
월보,C56-S00-I00-N03,C56,수천년
월보,C56-S00-I00-N03,C56,대의문
월보,C56-S00-I00-N03,C56,홀연
월보,C56-S00-I00-N03,C56,우피
월보,C56-S00-I00-N03,C56,절대
월보,C56-S00-I00-N03,C56,자유
월보,C56-S00-I00-N03,C56,획득
월보,C56-S00-I00-N03,C56,신단
월보,C56-S00-I00-N03,C56,우유자적
월보,C56-S00-I00-N03,C56,공자
월보,C56-S00-I00-N03,C56,일부
월보,C56-S00-I00-N03,C56,석가
월보,C56-S00-I00-N03,C56,일부
월보,C56-S00-I00-N03,C56,자비
월보,C56-S00-I00-N03,C56,야소
월보,C56-S00-I00-N03,C56,일부
월보,C56-S00-I00-N03,C56,기타과학자
월보,C56-S00-I00-N03,C56,세력
월보,C56-S00-I00-N03,C56,철학자
월보,C56-S00-I00-N03,C56,미선진
월보,C56-S00-I00-N03,C56,실재
월보,C56-S00-I00-N03,C56,이성
월보,C56-S00-I00-N03,C56,기등선철
월보,C56-S00-I00-N03,C56,과거유치
월보,C56-S00-I00-N03,C56,시대
월보,C56-S00-I00-N03,C56,교문정의
월보,C56-S00-I00-N03,C56,파득
월보,C56-S00-I00-N03,C56,결과
월보,C56-S00-I00-N03,C56,고금천재
월보,C56-S00-I00-N03,C56,적론
월보,C56-S00-I00-N03,C56,분분
월보,C56-S00-I00-N03,C56,상제
월보,C56-S00-I00-N03,C56,오만년로이무공
월보,C56-S00-I00-N03,C56,오인
월보,C56-S00-I00-N03,C56,차전체원리
월보,C56-S00-I00-N03,C56,직접
월보,C56-S00-I00-N03,C56,멸도
월보,C56-S00-I00-N04,C56,차우주
월보,C56-S00-I00-N04,C56,대근저인생
월보,C56-S00-I00-N04,C56,대극치
월보,C56-S00-I00-N04,C56,경신사월
월보,C56-S00-I00-N04,C56,대신사
월보,C56-S00-I00-N04,C56,각성
월보,C56-S00-I00-N04,C56,발현
월보,C56-S00-I00-N04,C56,대인록
월보,C56-S00-I00-N04,C56,운간
월보,C56-S00-I00-N04,C56,복재
월보,C56-S00-I00-N04,C56,대신사
월보,C56-S00-I00-N04,C56,십만년
월보,C56-S00-I00-N04,C56,선후천변복기
월보,C56-S00-I00-N04,C56,전오만년
월보,C56-S00-I00-N04,C56,선천
월보,C56-S00-I00-N04,C56,후오만년
월보,C56-S00-I00-N04,C56,후천
월보,C56-S00-I00-N04,C56,경신사월오일
월보,C56-S00-I00-N04,C56,즉전후천변복
월보,C56-S00-I00-N04,C56,차십만년
월보,C56-S00-I00-N04,C56,과학상
월보,C56-S00-I00-N04,C56,즉차지구상
월보,C56-S00-I00-N04,C56,십만년
월보,C56-S00-I00-N04,C56,일도
월보,C56-S00-I00-N04,C56,빙기시대
월보,C56-S00-I00-N04,C56,윤회
월보,C56-S00-I00-N04,C56,태양
월보,C56-S00-I00-N04,C56,지구
월보,C56-S00-I00-N04,C56,궤도관계상피
월보,C56-S00-I00-N04,C56,사실
월보,C56-S00-I00-N04,C56,잡조란천도교오만년개벽설
월보,C56-S00-I00-N04,C56,과학상연구
월보,C56-S00-I00-N04,C56,문제
월보,C56-S00-I00-N04,C56,참조
월보,C56-S00-I00-N04,C56,원래대신사
월보,C56-S00-I00-N04,C56,차설
월보,C56-S00-I00-N04,C56,과학상연구
월보,C56-S00-I00-N04,C56,차설
월보,C56-S00-I00-N04,C56,사실적
월보,C56-S00-I00-N04,C56,과학
월보,C56-S00-I00-N04,C56,부합
월보,C56-S00-I00-N04,C56,기이
월보,C56-S00-I00-N04,C56,봉훈
월보,C56-S00-I00-N04,C56,금교경포
월보,C56-S00-I00-N04,C56,인류
월보,C56-S00-I00-N04,C56,원시적발달
월보,C56-S00-I00-N04,C56,기계적상적문명
월보,C56-S00-I00-N04,C56,시간
월보,C56-S00-I00-N04,C56,후천오만년
월보,C56-S00-I00-N04,C56,인류
월보,C56-S00-I00-N04,C56,정신개벽
월보,C56-S00-I00-N04,C56,시초
월보,C56-S00-I00-N04,C56,직접대신
월보,C56-S00-I00-N04,C56,실격
월보,C56-S00-I00-N04,C56,만리만사
월보,C56-S00-I00-N04,C56,신화
월보,C56-S00-I00-N04,C56,발달
월보,C56-S00-I00-N04,C56,시대
월보,C56-S00-I00-N04,C56,경신
월보,C56-S00-I00-N04,C56,즉후천개벽
월보,C56-S00-I00-N04,C56,초두
월보,C56-S00-I00-N04,C56,고불문금불비고불비
월보,C56-S00-I00-N04,C56,천도
월보,C56-S00-I00-N04,C56,발생
월보,C56-S00-I00-N04,C56,만년개벽
월보,C56-S00-I00-N04,C56,지배
월보,C56-S00-I00-N04,C56,우연
월보,C56-S00-I00-N04,C56,오인
월보,C56-S00-I00-N04,C56,차위대
월보,C56-S00-I00-N04,C56,경신
월보,C56-S00-I00-N04,C56,제이막배
월보,C56-S00-I00-N04,C56,불가
월보,C56-S00-I00-N04,C56,信徒
월보,C56-S00-I00-N04,C56,경신년만천하동덕
월보,C56-S00-I00-N04,C56,천도교
월보,C56-S00-I00-N04,C56,금년
월보,C56-S00-I00-N04,C56,육십일세
월보,C56-S00-I00-N04,C56,화갑
월보,C56-S00-I00-N04,C56,오인
월보,C56-S00-I00-N04,C56,과거
월보,C56-S00-I00-N04,C56,장래
월보,C56-S00-I00-N04,C56,전망
월보,C56-S00-I00-N04,C56,강개
월보,C56-S00-I00-N04,C56,희망
월보,C56-S00-I00-N04,C56,호상교차질출
월보,C56-S00-I00-N04,C56,경신사월오일
월보,C56-S00-I00-N04,C56,천어
월보,C56-S00-I00-N04,C56,이래
월보,C56-S00-I00-N04,C56,오인
월보,C56-S00-I00-N04,C56,기다곡절
월보,C56-S00-I00-N04,C56,양로
월보,C56-S00-I00-N04,C56,전걸
월보,C56-S00-I00-N04,C56,기다
월보,C56-S00-I00-N04,C56,교문정의비장
월보,C56-S00-I00-N04,C56,풍우
월보,C56-S00-I00-N04,C56,출몰
월보,C56-S00-I00-N04,C56,갑자
월보,C56-S00-I00-N04,C56,참변
월보,C56-S00-I00-N04,C56,천일
월보,C56-S00-I00-N04,C56,하수
월보,C56-S00-I00-N04,C56,갑오
월보,C56-S00-I00-N04,C56,상설
월보,C56-S00-I00-N04,C56,체해
월보,C56-S00-I00-N04,C56,유현
월보,C56-S00-I00-N04,C56,갑진
월보,C56-S00-I00-N04,C56,풍운
월보,C56-S00-I00-N04,C56,귀신
월보,C56-S00-I00-N04,C56,유경
월보,C56-S00-I00-N04,C56,오인
월보,C56-S00-I00-N04,C56,여사
월보,C56-S00-I00-N04,C56,유오관
월보,C56-S00-I00-N04,C56,답파
월보,C56-S00-I00-N04,C56,금일
월보,C56-S00-I00-N04,C56,행복
월보,C56-S00-I00-N04,C56,획득
월보,C56-S00-I00-N04,C56,소이
월보,C56-S00-I00-N04,C56,기공덕
월보,C56-S00-I00-N04,C56,물론천사
월보,C56-S00-I00-N04,C56,명명
월보,C56-S00-I00-N04,C56,음조하
월보,C56-S00-I00-N04,C56,천생
월보,C56-S00-I00-N04,C56,미질
월보,C56-S00-I00-N04,C56,무의
월보,C56-S00-I00-N04,C56,기실
월보,C56-S00-I00-N04,C56,오인신도
월보,C56-S00-I00-N04,C56,읍신
월보,C56-S00-I00-N04,C56,성력
월보,C56-S00-I00-N04,C56,경천
월보,C56-S00-I00-N04,C56,노력
월보,C56-S00-I00-N04,C56,칠전팔기백절천신
월보,C56-S00-I00-N04,C56,용력
월보,C56-S00-I00-N04,C56,도저불능
월보,C56-S00-I00-N04,C56,만천하동덕
월보,C56-S00-I00-N04,C56,과거
월보,C56-S00-I00-N04,C56,여사
월보,C56-S00-I00-N04,C56,장래
월보,C56-S00-I00-N04,C56,여하
월보,C56-S00-I00-N04,C56,동덕
월보,C56-S00-I00-N04,C56,오인
월보,C56-S00-I00-N04,C56,금일이후
월보,C56-S00-I00-N04,C56,이상성력
월보,C56-S00-I00-N04,C56,불가
월보,C56-S00-I00-N04,C56,금일이후
월보,C56-S00-I00-N04,C56,以上
월보,C56-S00-I00-N04,C56,노력
월보,C56-S00-I00-N04,C56,불가
월보,C56-S00-I00-N05,C56,과거
월보,C56-S00-I00-N05,C56,오배
월보,C56-S00-I00-N05,C56,선진
월보,C56-S00-I00-N05,C56,천성천직
월보,C56-S00-I00-N05,C56,기기초
월보,C56-S00-I00-N05,C56,공고
월보,C56-S00-I00-N05,C56,금일이후
월보,C56-S00-I00-N05,C56,오배
월보,C56-S00-I00-N05,C56,직접
월보,C56-S00-I00-N05,C56,해결
월보,C56-S00-I00-N05,C56,부담
월보,C56-S00-I00-N05,C56,불가
월보,C56-S00-I00-N05,C56,오배
월보,C56-S00-I00-N05,C56,장래
월보,C56-S00-I00-N05,C56,태양
월보,C56-S00-I00-N05,C56,초승
월보,C56-S00-I00-N05,C56,장강
월보,C56-S00-I00-N05,C56,초발원
월보,C56-S00-I00-N05,C56,세계
월보,C56-S00-I00-N05,C56,경신년대신사
월보,C56-S00-I00-N05,C56,선언
월보,C56-S00-I00-N05,C56,세상
월보,C56-S00-I00-N05,C56,요순
월보,C56-S00-I00-N05,C56,공맹
월보,C56-S00-I00-N05,C56,금불문고불문금불비고불비
월보,C56-S00-I00-N05,C56,무극대도
월보,C56-S00-I00-N05,C56,창생
월보,C56-S00-I00-N05,C56,오인
월보,C56-S00-I00-N05,C56,차언
월보,C56-S00-I00-N05,C56,사실화
월보,C56-S00-I00-N05,C56,과거경신
월보,C56-S00-I00-N05,C56,대신사
월보,C56-S00-I00-N05,C56,육십일년
월보,C56-S00-I00-N05,C56,세계
월보,C56-S00-I00-N05,C56,변복
월보,C56-S00-I00-N05,C56,최근세계대전
월보,C56-S00-I00-N05,C56,이후
월보,C56-S00-I00-N05,C56,인세
월보,C56-S00-I00-N05,C56,변천
월보,C56-S00-I00-N05,C56,정신개벽
월보,C56-S00-I00-N05,C56,만족
월보,C56-S00-I00-N05,C56,진리신
월보,C56-S00-I00-N05,C56,신앙
월보,C56-S00-I00-N05,C56,요구
월보,C56-S00-I00-N05,C56,과거
월보,C56-S00-I00-N05,C56,모순
월보,C56-S00-I00-N05,C56,교화편벽
월보,C56-S00-I00-N05,C56,신앙불합리
월보,C56-S00-I00-N05,C56,理想
월보,C56-S00-I00-N05,C56,위안
월보,C56-S00-I00-N05,C56,원만
월보,C56-S00-I00-N05,C56,진리정대
월보,C56-S00-I00-N05,C56,理想
월보,C56-S00-I00-N05,C56,노력
월보,C56-S00-I00-N05,C56,금일
월보,C56-S00-I00-N05,C56,인각각
월보,C56-S00-I00-N05,C56,대신사
월보,C56-S00-I00-N05,C56,경신
월보,C56-S00-I00-N05,C56,차경신
월보,C56-S00-I00-N05,C56,광음
월보,C56-S00-I00-N05,C56,불가
월보,C56-S00-I00-N05,C56,시오인
월보,C56-S00-I00-N05,C56,경신
월보,C56-S00-I00-N05,C56,제삼막배
월보,C56-S00-I00-N05,C56,불가
월보,C56-S00-I00-N05,C56,대신사
월보,C56-S00-I00-N05,C56,선언
월보,C56-S00-I00-N05,C56,기대신사
월보,C56-S00-I00-N05,C56,대각
월보,C56-S00-I00-N05,C56,미래경신
월보,C56-S00-I00-N05,C56,이전
월보,C56-S00-I00-N05,C56,세계
월보,C56-S00-I00-N05,C56,천도교
월보,C56-S00-I00-N05,C56,영지
월보,C56-S00-I00-N05,C56,오배
월보,C56-S00-I00-N05,C56,차경신
월보,C56-S00-I00-N05,C56,경신
월보,C56-S00-I00-N05,C56,요구
월보,C56-S00-I00-N05,C56,정신
월보,C56-S00-I00-N05,C56,일층진화
월보,C56-S00-I00-N05,C56,시운
월보,C56-S00-I00-N05,C56,일층개화
월보,C56-S00-I00-N05,C56,경신년금일
월보,C56-S00-I00-N05,C56,아천도교
월보,C56-S00-I00-N05,C56,발생후제륙십일회화갑
월보,C56-S00-I00-N05,C56,원단
월보,C56-S00-I00-N05,C56,오비토주
월보,C56-S00-I00-N05,C56,오인
월보,C56-S00-I00-N05,C56,헌심불감
월보,C56-S00-I00-N06,C56,오교
월보,C56-S00-I00-N06,C56,수명
월보,C56-S00-I00-N06,C56,사물
월보,C56-S00-I00-N06,C56,하등
월보,C56-S00-I00-N06,C56,발려
월보,C56-S00-I00-N06,C56,향상불진
월보,C56-S00-I00-N06,C56,오천도교
월보,C56-S00-I00-N06,C56,일년
월보,C56-S00-I00-N06,C56,금일
월보,C56-S00-I00-N06,C56,성황
월보,C56-S00-I00-N06,C56,국탄불이
월보,C56-S00-I00-N06,C56,십배천배
월보,C56-S00-I00-N06,C56,발달
월보,C56-S00-I00-N06,C56,차한
월보,C56-S00-I00-N06,C56,시운
월보,C56-S00-I00-N06,C56,신진리
월보,C56-S00-I00-N06,C56,세상
월보,C56-S00-I00-N06,C56,표현
월보,C56-S00-I00-N06,C56,시점
월보,C56-S00-I00-N06,C56,오인
월보,C56-S00-I00-N06,C56,오인
월보,C56-S00-I00-N06,C56,천도교
월보,C56-S00-I00-N06,C56,신진리
월보,C56-S00-I00-N06,C56,천도교
월보,C56-S00-I00-N06,C56,신신앙
월보,C56-S00-I00-N06,C56,종교
월보,C56-S00-I00-N06,C56,적합
월보,C56-S00-I00-N06,C56,기고
월보,C56-S00-I00-N06,C56,천도
월보,C56-S00-I00-N06,C56,개벽
월보,C56-S00-I00-N06,C56,적합
월보,C56-S00-I00-N06,C56,기고
월보,C56-S00-I00-N06,C56,천도
월보,C56-S00-I00-N06,C56,만종교만철학
월보,C56-S00-I00-N06,C56,포용
월보,C56-S00-I00-N06,C56,자기개척
월보,C56-S00-I00-N06,C56,종교
월보,C56-S00-I00-N06,C56,세계
월보,C56-S00-I00-N06,C56,경신년
월보,C56-S00-I00-N06,C56,상향
월보,C56-S00-I00-N06,C56,개벽
월보,C56-S00-I00-N06,C56,시세계
월보,C56-S00-I00-N06,C56,민족
월보,C56-S00-I00-N06,C56,오인
월보,C56-S00-I00-N06,C56,제사차위대
월보,C56-S00-I00-N06,C56,경신
월보,C56-S00-I00-N06,C56,막배
월보,C56-S00-I00-N06,C56,천하
월보,C56-S00-I00-N06,C56,통니참회
월보,C56-S00-I00-N06,C56,불득
월보,C56-S00-I00-N06,C56,만일
월보,C56-S00-I00-N06,C56,차손실
월보,C56-S00-I00-N06,C56,인류일반
월보,C56-S00-I00-N06,C56,공통
월보,C56-S00-I00-N06,C56,기념
월보,C56-S00-I00-N06,C56,수명
월보,C56-S00-I00-N06,C56,손실
월보,C56-S00-I00-N06,C56,일생
월보,C56-S00-I00-N06,C56,사업
월보,C56-S00-I00-N06,C56,수명
월보,C56-S00-I00-N06,C56,우일년
월보,C56-S00-I00-N06,C56,손실
월보,C56-S00-I00-N06,C56,오십년
월보,C56-S00-I00-N06,C56,인생
월보,C56-S00-I00-N06,C56,일장춘몽
월보,C56-S00-I00-N06,C56,불금
월보,C56-S00-I00-N06,C56,우사
월보,C56-S00-I00-N06,C56,불가
월보,C56-S00-I00-N06,C56,일사
월보,C56-S00-I00-N06,C56,인생
월보,C56-S00-I00-N06,C56,이래
월보,C56-S00-I00-N06,C56,기왕
월보,C56-S00-I00-N06,C56,경과
월보,C56-S00-I00-N06,C56,연월
월보,C56-S00-I00-N06,C56,경과
월보,C56-S00-I00-N06,C56,무의미
월보,C56-S00-I00-N06,C56,세속
월보,C56-S00-I00-N06,C56,기도로
월보,C56-S00-I00-N06,C56,상사
월보,C56-S00-I00-N06,C56,불지
월보,C56-S00-I00-N06,C56,뇌살
월보,C56-S00-I00-N06,C56,칙오등
월보,C56-S00-I00-N06,C56,오등
월보,C56-S00-I00-N06,C56,성력
월보,C56-S00-I00-N06,C56,노력
월보,C56-S00-I00-N06,C56,심고
월보,C56-S00-I00-N06,C56,증개
월보,C56-S00-I00-N06,C56,불가
월보,C56-S00-I00-N06,C56,오인
월보,C56-S00-I00-N06,C56,금일이후
월보,C56-S00-I00-N06,C56,불가
월보,C56-S00-I00-N06,C56,금년
월보,C56-S00-I00-N06,C56,명년
월보,C56-S00-I00-N06,C56,명년
월보,C56-S00-I00-N06,C56,명년
월보,C56-S00-I00-N06,C56,명년
월보,C56-S00-I00-N06,C56,오만년
월보,C56-S00-I00-N06,C56,미래
월보,C56-S00-I00-N06,C56,장족진보
월보,C56-S00-I00-N06,C56,단언
월보,C56-S00-I00-N06,C56,만년
월보,C56-S00-I00-N06,C56,오만년
월보,C56-S00-I00-N06,C56,미래
월보,C56-S00-I00-N06,C56,장족진보
월보,C56-S00-I00-N06,C56,단언
월보,C56-S00-I00-N07,C56,단사업
월보,C56-S00-I00-N07,C56,수명
월보,C56-S00-I00-N07,C56,사기
월보,C56-S00-I00-N07,C56,교문정의
월보,C56-S00-I00-N07,C56,과거년령
월보,C56-S00-I00-N07,C56,다소
월보,C56-S00-I00-N07,C56,불족
월보,C56-S00-I00-N07,C56,장래
월보,C56-S00-I00-N07,C56,연세
월보,C56-S00-I00-N07,C56,다소
월보,C56-S00-I00-N07,C56,즉차후
월보,C56-S00-I00-N07,C56,수명
월보,C56-S00-I00-N07,C56,장단
월보,C56-S00-I00-N07,C56,동시
월보,C56-S00-I00-N07,C56,차후
월보,C56-S00-I00-N07,C56,수명
월보,C56-S00-I00-N07,C56,차후
월보,C56-S00-I00-N07,C56,수명
월보,C56-S00-I00-N07,C56,불씨왈
월보,C56-S00-I00-N07,C56,노소불정
월보,C56-S00-I00-N07,C56,차일어
월보,C56-S00-I00-N07,C56,도간
월보,C56-S00-I00-N07,C56,소식
월보,C56-S00-I00-N07,C56,과연로소
월보,C56-S00-I00-N07,C56,불정
월보,C56-S00-I00-N07,C56,노자
월보,C56-S00-I00-N07,C56,소자
월보,C56-S00-I00-N07,C56,무한
월보,C56-S00-I00-N07,C56,희망
월보,C56-S00-I00-N07,C56,백년
월보,C56-S00-I00-N07,C56,사업
월보,C56-S00-I00-N07,C56,수행
월보,C56-S00-I00-N07,C56,불가
월보,C56-S00-I00-N08,C56,소자
월보,C56-S00-I00-N08,C56,노자
월보,C56-S00-I00-N08,C56,하시
월보,C56-S00-I00-N08,C56,용심
월보,C56-S00-I00-N08,C56,차리
월보,C56-S00-I00-N08,C56,완미
월보,C56-S00-I00-N08,C56,노소
월보,C56-S00-I00-N08,C56,대차
월보,C56-S00-I00-N08,C56,건강
월보,C56-S00-I00-N08,C56,금후
월보,C56-S00-I00-N08,C56,수명
월보,C56-S00-I00-N08,C56,통례금후
월보,C56-S00-I00-N08,C56,수명
월보,C56-S00-I00-N08,C56,건강
월보,C56-S00-I00-N08,C56,연령
월보,C56-S00-I00-N08,C56,노소
월보,C56-S00-I00-N08,C56,건강
월보,C56-S00-I00-N08,C56,손약
월보,C56-S00-I00-N08,C56,언엽
월보,C56-S00-I00-N08,C56,원래년령
월보,C56-S00-I00-N08,C56,추회
월보,C56-S00-I00-N08,C56,보지
월보,C56-S00-I00-N08,C56,건강
월보,C56-S00-I00-N08,C56,하등리익
월보,C56-S00-I00-N08,C56,오인
월보,C56-S00-I00-N08,C56,생애
월보,C56-S00-I00-N08,C56,불식
월보,C56-S00-I00-N08,C56,여상
월보,C56-S00-I00-N08,C56,목적
월보,C56-S00-I00-N08,C56,일년
월보,C56-S00-I00-N08,C56,경과
월보,C56-S00-I00-N08,C56,전진
월보,C56-S00-I00-N08,C56,세월
월보,C56-S00-I00-N08,C56,장류
월보,C56-S00-I00-N08,C56,제군
월보,C56-S00-I00-N08,C56,운물
월보,C56-S00-I00-N08,C56,세월
월보,C56-S00-I00-N08,C56,장류
월보,C56-S00-I00-N08,C56,오인
월보,C56-S00-I00-N08,C56,神聖
월보,C56-S00-I00-N08,C56,향상
월보,C56-S00-I00-N08,C56,신비적류파
월보,C56-S00-I00-N08,C56,대신사
월보,C56-S00-I00-N08,C56,항상
월보,C56-S00-I00-N08,C56,장생
월보,C56-S00-I00-N08,C56,만일
월보,C56-S00-I00-N08,C56,불사
월보,C56-S00-I00-N08,C56,오인
월보,C56-S00-I00-N08,C56,대신사
월보,C56-S00-I00-N08,C56,장생불멸
월보,C56-S00-I00-N08,C56,영성
월보,C56-S00-I00-N08,C56,장생불사
월보,C56-S00-I00-N08,C56,神人
월보,C56-S00-I00-N08,C56,거후
월보,C56-S00-I00-N08,C56,육십년
월보,C56-S00-I00-N08,C56,神人
월보,C56-S00-I00-N08,C56,육체
월보,C56-S00-I00-N08,C56,풍치전체
월보,C56-S00-I00-N08,C56,神人
월보,C56-S00-I00-N08,C56,정령
월보,C56-S00-I00-N08,C56,오배신자
월보,C56-S00-I00-N08,C56,정령
월보,C56-S00-I00-N08,C56,융합일치
월보,C56-S00-I00-N08,C56,신자
월보,C56-S00-I00-N08,C56,지도
월보,C56-S00-I00-N08,C56,시점
월보,C56-S00-I00-N08,C56,위대
월보,C56-S00-I00-N08,C56,경신
월보,C56-S00-I00-N08,C56,자희자부
월보,C56-S00-I00-N08,C56,대신사
월보,C56-S00-I00-N08,C56,영성
월보,C56-S00-I00-N08,C56,불멸장생
월보,C56-S00-I00-N08,C56,오인
월보,C56-S00-I00-N08,C56,영성
월보,C56-S00-I00-N08,C56,시리
월보,C56-S00-I00-N08,C56,불유
월보,C56-S00-I00-N08,C56,오인
월보,C56-S00-I00-N08,C56,대신사
월보,C56-S00-I00-N08,C56,영성
월보,C56-S00-I00-N08,C56,즉춘추
월보,C56-S00-I00-N08,C56,금전
월보,C57-S00-I00-N01,C57,교문잉정천도교청년림시교리강습회
월보,C57-S00-I00-N01,C57,이돈화일객월십오일
월보,C57-S00-I00-N01,C57,대도교청년교리강연부간부제씨
월보,C57-S00-I00-N01,C57,협의
월보,C57-S00-I00-N01,C57,중앙총부당국제공
월보,C57-S00-I00-N01,C57,쾌허
월보,C57-S00-I00-N01,C57,임시교리강습회
월보,C57-S00-I00-N01,C57,개최
월보,C57-S00-I00-N01,C57,억본회개최
월보,C57-S00-I00-N01,C57,동기
월보,C57-S00-I00-N01,C57,물론
월보,C57-S00-I00-N01,C57,세계신문화
월보,C57-S00-I00-N01,C57,본교회
월보,C57-S00-I00-N01,C57,발전책
월보,C57-S00-I00-N01,C57,자각
월보,C57-S00-I00-N01,C57,산물
월보,C57-S00-I00-N01,C57,회고
월보,C57-S00-I00-N01,C57,오년
월보,C57-S00-I00-N01,C57,광음
월보,C57-S00-I00-N01,C57,전세계
월보,C57-S00-I00-N01,C57,요동
월보,C57-S00-I00-N01,C57,대전란
월보,C57-S00-I00-N01,C57,대붕
월보,C57-S00-I00-N01,C57,보살
월보,C57-S00-I00-N01,C57,개장
월보,C57-S00-I00-N01,C57,세계
월보,C57-S00-I00-N01,C57,人道
월보,C57-S00-I00-N01,C57,표현
월보,C57-S00-I00-N01,C57,구가
월보,C57-S00-I00-N01,C57,세계
월보,C57-S00-I00-N01,C57,평화
월보,C57-S00-I00-N01,C57,신서광
월보,C57-S00-I00-N01,C57,인류
월보,C57-S00-I00-N01,C57,평화
월보,C57-S00-I00-N01,C57,영구
월보,C57-S00-I00-N01,C57,찬송
월보,C57-S00-I00-N01,C57,금일
월보,C57-S00-I00-N01,C57,구체적실현
월보,C57-S00-I00-N01,C57,각방면
월보,C57-S00-I00-N01,C57,활동
월보,C57-S00-I00-N01,C57,정치
월보,C57-S00-I00-N01,C57,사상
월보,C57-S00-I00-N01,C57,교육
월보,C57-S00-I00-N01,C57,방면
월보,C57-S00-I00-N01,C57,실현
월보,C57-S00-I00-N01,C57,오인
월보,C57-S00-I00-N01,C57,항상
월보,C57-S00-I00-N01,C57,세계금일이후
월보,C57-S00-I00-N01,C57,전란
월보,C57-S00-I00-N01,C57,인류
월보,C57-S00-I00-N01,C57,무대상교문잉정
월보,C57-S00-I00-N01,C57,교문정의
월보,C57-S00-I00-N01,C57,일대활동
월보,C57-S00-I00-N01,C57,종교
월보,C57-S00-I00-N01,C57,종교
월보,C57-S00-I00-N01,C57,전쟁
월보,C57-S00-I00-N01,C57,신산
월보,C57-S00-I00-N01,C57,인류
월보,C57-S00-I00-N01,C57,필연
월보,C57-S00-I00-N01,C57,평화
월보,C57-S00-I00-N01,C57,본체
월보,C57-S00-I00-N01,C57,종교
월보,C57-S00-I00-N01,C57,근본적요구
월보,C57-S00-I00-N01,C57,해결
월보,C57-S00-I00-N01,C57,시일당연
월보,C57-S00-I00-N01,C57,인정
월보,C57-S00-I00-N01,C57,당연
월보,C57-S00-I00-N01,C57,시세
월보,C57-S00-I00-N01,C57,금일이후
월보,C57-S00-I00-N01,C57,종교활동
월보,C57-S00-I00-N01,C57,식자
월보,C57-S00-I00-N01,C57,불대
월보,C57-S00-I00-N01,C57,예기
월보,C57-S00-I00-N01,C57,오인
월보,C57-S00-I00-N01,C57,첩첩
월보,C57-S00-I00-N01,C57,불대
월보,C57-S00-I00-N01,C57,금일이후
월보,C57-S00-I00-N01,C57,세계
월보,C57-S00-I00-N01,C57,필경일종교
월보,C57-S00-I00-N01,C57,세계
월보,C57-S00-I00-N02,C57,경언
월보,C57-S00-I00-N02,C57,전후사상계
월보,C57-S00-I00-N02,C57,활동
월보,C57-S00-I00-N02,C57,종교중흥운동
월보,C57-S00-I00-N02,C57,신앙
월보,C57-S00-I00-N02,C57,진정의의
월보,C57-S00-I00-N02,C57,이해
월보,C57-S00-I00-N02,C57,귀의
월보,C57-S00-I00-N02,C57,직각묘체
월보,C57-S00-I00-N02,C57,해결
월보,C57-S00-I00-N02,C57,문명
월보,C57-S00-I00-N02,C57,대조류
월보,C57-S00-I00-N02,C57,일사천리
월보,C57-S00-I00-N02,C57,종교피안
월보,C57-S00-I00-N02,C57,대해
월보,C57-S00-I00-N02,C57,도도류입
월보,C57-S00-I00-N02,C57,오인
월보,C57-S00-I00-N02,C57,최대주의
월보,C57-S00-I00-N02,C57,일사
월보,C57-S00-I00-N02,C57,종교적활동경쟁
월보,C57-S00-I00-N02,C57,전쟁
월보,C57-S00-I00-N02,C57,반동
월보,C57-S00-I00-N02,C57,종교
월보,C57-S00-I00-N02,C57,세력
월보,C57-S00-I00-N02,C57,교파부식
월보,C57-S00-I00-N02,C57,경쟁
월보,C57-S00-I00-N02,C57,천연신뢰
월보,C57-S00-I00-N02,C57,사야
월보,C57-S00-I00-N02,C57,기경쟁
월보,C57-S00-I00-N02,C57,결과여하
월보,C57-S00-I00-N02,C57,시간
월보,C57-S00-I00-N02,C57,경단
월보,C57-S00-I00-N02,C57,오인
월보,C57-S00-I00-N02,C57,역시진화
월보,C57-S00-I00-N02,C57,법칙
월보,C57-S00-I00-N02,C57,우열승패
월보,C57-S00-I00-N02,C57,정리
월보,C57-S00-I00-N02,C57,단언
월보,C57-S00-I00-N02,C57,즉시대
월보,C57-S00-I00-N02,C57,불적
월보,C57-S00-I00-N02,C57,점차쇠퇴
월보,C57-S00-I00-N02,C57,오인
월보,C57-S00-I00-N02,C57,종교학자
월보,C57-S00-I00-N02,C57,기의류
월보,C57-S00-I00-N02,C57,원인
월보,C57-S00-I00-N02,C57,미개시대
월보,C57-S00-I00-N02,C57,발원
월보,C57-S00-I00-N02,C57,종교
월보,C57-S00-I00-N02,C57,금일인문
월보,C57-S00-I00-N02,C57,진보
월보,C57-S00-I00-N02,C57,도저상용
월보,C57-S00-I00-N02,C57,조건
월보,C57-S00-I00-N02,C57,유래종교
월보,C57-S00-I00-N02,C57,쇠류
월보,C57-S00-I00-N02,C57,세불득이
월보,C57-S00-I00-N02,C57,기원인
월보,C57-S00-I00-N02,C57,삼종
월보,C57-S00-I00-N02,C57,종교
월보,C57-S00-I00-N02,C57,경전
월보,C57-S00-I00-N02,C57,도덕
월보,C57-S00-I00-N02,C57,진보
월보,C57-S00-I00-N02,C57,충돌
월보,C57-S00-I00-N02,C57,개인
월보,C57-S00-I00-N02,C57,신해
월보,C57-S00-I00-N02,C57,교회
월보,C57-S00-I00-N02,C57,신조
월보,C57-S00-I00-N02,C57,충돌
월보,C57-S00-I00-N02,C57,승려
월보,C57-S00-I00-N02,C57,교문정의
월보,C57-S00-I00-N02,C57,세계금일이후
월보,C57-S00-I00-N02,C57,종교운동
월보,C57-S00-I00-N02,C57,경쟁시대
월보,C57-S00-I00-N02,C57,종교적우승렬패
월보,C57-S00-I00-N02,C57,시대
월보,C57-S00-I00-N02,C57,경우
월보,C57-S00-I00-N02,C57,최신대종
월보,C57-S00-I00-N02,C57,信徒
월보,C57-S00-I00-N02,C57,장차여하
월보,C57-S00-I00-N02,C57,각성
월보,C57-S00-I00-N02,C57,여하
월보,C57-S00-I00-N02,C57,自信
월보,C57-S00-I00-N02,C57,환언
월보,C57-S00-I00-N02,C57,오인
월보,C57-S00-I00-N02,C57,자각
월보,C57-S00-I00-N02,C57,自信
월보,C57-S00-I00-N02,C57,종교
월보,C57-S00-I00-N02,C57,경쟁과류중
월보,C57-S00-I00-N02,C57,최후
월보,C57-S00-I00-N02,C57,우승기
월보,C57-S00-I00-N02,C57,오인
월보,C57-S00-I00-N02,C57,물론
월보,C57-S00-I00-N02,C57,희망
월보,C57-S00-I00-N02,C57,원대
월보,C57-S00-I00-N02,C57,포부
월보,C57-S00-I00-N02,C57,진실
월보,C57-S00-I00-N02,C57,범위
월보,C57-S00-I00-N02,C57,광박
월보,C57-S00-I00-N02,C57,진리
월보,C57-S00-I00-N02,C57,원만
월보,C57-S00-I00-N02,C57,교조
월보,C57-S00-I00-N02,C57,정대
월보,C57-S00-I00-N02,C57,최후대종
월보,C57-S00-I00-N02,C57,오인
월보,C57-S00-I00-N02,C57,배후
월보,C57-S00-I00-N02,C57,원만
월보,C57-S00-I00-N02,C57,즉오인
월보,C57-S00-I00-N02,C57,종교
월보,C57-S00-I00-N02,C57,기시대
월보,C57-S00-I00-N02,C57,기진리
월보,C57-S00-I00-N02,C57,기교리
월보,C57-S00-I00-N02,C57,완전
월보,C57-S00-I00-N02,C57,기신앙
월보,C57-S00-I00-N02,C57,정대
월보,C57-S00-I00-N02,C57,오인
월보,C57-S00-I00-N02,C57,항상
월보,C57-S00-I00-N02,C57,일종
월보,C57-S00-I00-N02,C57,유감
월보,C57-S00-I00-N02,C57,소이
월보,C57-S00-I00-N02,C57,오신도
월보,C57-S00-I00-N02,C57,활동
월보,C57-S00-I00-N02,C57,시대
월보,C57-S00-I00-N02,C57,오청년신도
월보,C57-S00-I00-N02,C57,自信
월보,C57-S00-I00-N02,C57,대운
월보,C57-S00-I00-N02,C57,박약
월보,C57-S00-I00-N02,C57,만약
월보,C57-S00-I00-N02,C57,오인
월보,C57-S00-I00-N02,C57,오교리
월보,C57-S00-I00-N02,C57,활동
월보,C57-S00-I00-N02,C57,自信
월보,C57-S00-I00-N02,C57,일반
월보,C57-S00-I00-N02,C57,이강습회원제군
월보,C57-S00-I00-N02,C57,활동
월보,C57-S00-I00-N02,C57,금일
월보,C57-S00-I00-N02,C57,공수앙천
월보,C57-S00-I00-N02,C57,시대
월보,C57-S00-I00-N02,C57,타면무위
월보,C57-S00-I00-N02,C57,시대
월보,C57-S00-I00-N02,C57,발전
월보,C57-S00-I00-N03,C57,성진
월보,C57-S00-I00-N03,C57,섬개
월보,C57-S00-I00-N03,C57,시대
월보,C57-S00-I00-N03,C57,활동
월보,C57-S00-I00-N03,C57,발전
월보,C57-S00-I00-N03,C57,편달
월보,C57-S00-I00-N03,C57,자기
월보,C57-S00-I00-N03,C57,자각
월보,C57-S00-I00-N03,C57,도발
월보,C57-S00-I00-N03,C57,교문정의
월보,C57-S00-I00-N03,C57,자기
월보,C57-S00-I00-N03,C57,自信
월보,C57-S00-I00-N03,C57,독후
월보,C57-S00-I00-N03,C57,금번강습회
월보,C57-S00-I00-N03,C57,개시
월보,C57-S00-I00-N03,C57,오청년신도
월보,C57-S00-I00-N03,C57,자각
월보,C57-S00-I00-N03,C57,自信
월보,C57-S00-I00-N03,C57,만일
월보,C57-S00-I00-N03,C57,보조
월보,C57-S00-I00-N03,C57,시대
월보,C57-S00-I00-N03,C57,적합
월보,C57-S00-I00-N03,C57,교운
월보,C57-S00-I00-N03,C57,병반
월보,C57-S00-I00-N03,C57,일사
월보,C57-S00-I00-N03,C57,필자
월보,C57-S00-I00-N03,C57,불대
월보,C57-S00-I00-N03,C57,가지
월보,C57-S00-I00-N03,C57,금번강습회원
월보,C57-S00-I00-N03,C57,기호
월보,C57-S00-I00-N03,C57,삼남량서일북
월보,C57-S00-I00-N03,C57,조선전도
월보,C57-S00-I00-N03,C57,강라
월보,C57-S00-I00-N03,C57,기인격
월보,C57-S00-I00-N03,C57,기지식
월보,C57-S00-I00-N03,C57,기덕행
월보,C57-S00-I00-N03,C57,조선중등식자계급
월보,C57-S00-I00-N03,C57,오교회청년
월보,C57-S00-I00-N03,C57,중추인물
월보,C57-S00-I00-N03,C57,완전무결
월보,C57-S00-I00-N03,C57,인물
월보,C57-S00-I00-N03,C57,조직
월보,C57-S00-I00-N03,C57,본강습회
월보,C57-S00-I00-N03,C57,조선종교사
월보,C57-S00-I00-N03,C57,이래
월보,C57-S00-I00-N03,C57,희유
월보,C57-S00-I00-N03,C57,진사
월보,C57-S00-I00-N03,C57,교회
월보,C57-S00-I00-N03,C57,이래
월보,C57-S00-I00-N03,C57,한견
월보,C57-S00-I00-N03,C57,호업
월보,C57-S00-I00-N03,C57,물론오교회
월보,C57-S00-I00-N03,C57,증전
월보,C57-S00-I00-N03,C57,교리강습소
월보,C57-S00-I00-N03,C57,청년
월보,C57-S00-I00-N03,C57,배양
월보,C57-S00-I00-N03,C57,사회적교육
월보,C57-S00-I00-N03,C57,일종
월보,C57-S00-I00-N03,C57,강습회
월보,C57-S00-I00-N03,C57,금회
월보,C57-S00-I00-N03,C57,효시
월보,C57-S00-I00-N03,C57,삼강습회원제군제군
월보,C57-S00-I00-N03,C57,본회강습
월보,C57-S00-I00-N03,C57,취지
월보,C57-S00-I00-N03,C57,나변
월보,C57-S00-I00-N03,C57,예상
월보,C57-S00-I00-N03,C57,본회
월보,C57-S00-I00-N03,C57,강습
월보,C57-S00-I00-N03,C57,학교적
월보,C57-S00-I00-N03,C57,강습소적
월보,C57-S00-I00-N03,C57,제군
월보,C57-S00-I00-N03,C57,피교육자
월보,C57-S00-I00-N03,C57,강사
월보,C57-S00-I00-N03,C57,교육자
월보,C57-S00-I00-N03,C57,一切
월보,C57-S00-I00-N03,C57,교과
월보,C57-S00-I00-N03,C57,면유이제
월보,C57-S00-I00-N03,C57,본회
월보,C57-S00-I00-N03,C57,금일
월보,C57-S00-I00-N03,C57,본회개최
월보,C57-S00-I00-N03,C57,주인공
월보,C57-S00-I00-N03,C57,교리강연부일반
월보,C57-S00-I00-N03,C57,회원적자격하
월보,C57-S00-I00-N03,C57,기조
월보,C57-S00-I00-N03,C57,목적
월보,C57-S00-I00-N03,C57,실현
월보,C57-S00-I00-N03,C57,제일
월보,C57-S00-I00-N03,C57,교리
월보,C57-S00-I00-N03,C57,난의문답
월보,C57-S00-I00-N03,C57,오교리발전이래
월보,C57-S00-I00-N03,C57,질의난문
월보,C57-S00-I00-N03,C57,기회
월보,C57-S00-I00-N03,C57,미득
월보,C57-S00-I00-N03,C57,지방적
월보,C57-S00-I00-N03,C57,연구
월보,C57-S00-I00-N03,C57,방치
월보,C57-S00-I00-N03,C57,일경전
월보,C57-S00-I00-N03,C57,오해
월보,C57-S00-I00-N03,C57,진리
월보,C57-S00-I00-N03,C57,본회강습
월보,C57-S00-I00-N03,C57,필요
월보,C57-S00-I00-N03,C57,일건
월보,C57-S00-I00-N03,C57,제이
월보,C57-S00-I00-N03,C57,사회교육적실지견습
월보,C57-S00-I00-N03,C57,오교신도
월보,C57-S00-I00-N03,C57,기신앙
월보,C57-S00-I00-N03,C57,경천
월보,C57-S00-I00-N03,C57,종교적사회적활동
월보,C57-S00-I00-N03,C57,미련
월보,C57-S00-I00-N03,C57,시대진화
월보,C57-S00-I00-N03,C57,칙고
월보,C57-S00-I00-N03,C57,사회
월보,C57-S00-I00-N03,C57,실정
월보,C57-S00-I00-N03,C57,실습
월보,C57-S00-I00-N03,C57,본회강습
월보,C57-S00-I00-N03,C57,필요
월보,C57-S00-I00-N03,C57,일건
월보,C57-S00-I00-N03,C57,제삼
월보,C57-S00-I00-N03,C57,친목
월보,C57-S00-I00-N03,C57,목적
월보,C57-S00-I00-N03,C57,오조선
월보,C57-S00-I00-N03,C57,지방적인습
월보,C57-S00-I00-N03,C57,남인
월보,C57-S00-I00-N03,C57,인습
월보,C57-S00-I00-N03,C57,북인
월보,C57-S00-I00-N03,C57,북인
월보,C57-S00-I00-N03,C57,인습
월보,C57-S00-I00-N03,C57,호상자기
월보,C57-S00-I00-N03,C57,인습
월보,C57-S00-I00-N03,C57,고집
월보,C57-S00-I00-N03,C57,피비
월보,C57-S00-I00-N03,C57,벽견
월보,C57-S00-I00-N03,C57,지방적적국
월보,C57-S00-I00-N03,C57,장해
월보,C57-S00-I00-N03,C57,오교회
월보,C57-S00-I00-N03,C57,시점
월보,C57-S00-I00-N03,C57,타인
월보,C57-S00-I00-N03,C57,일층해탈
월보,C57-S00-I00-N03,C57,지도
월보,C57-S00-I00-N03,C57,일좌
월보,C57-S00-I00-N03,C57,단회
월보,C57-S00-I00-N03,C57,일층
월보,C57-S00-I00-N03,C57,調和
월보,C57-S00-I00-N03,C57,일층통일
월보,C57-S00-I00-N03,C57,팔역유
월보,C57-S00-I00-N03,C57,권유
월보,C57-S00-I00-N03,C57,필요
월보,C57-S00-I00-N03,C57,일층
월보,C57-S00-I00-N03,C57,調和
월보,C57-S00-I00-N03,C57,본회강습
월보,C57-S00-I00-N03,C57,일층기효력
월보,C57-S00-I00-N03,C57,제사
월보,C57-S00-I00-N03,C57,청년종교심
월보,C57-S00-I00-N03,C57,발흥
월보,C57-S00-I00-N03,C57,오교회
월보,C57-S00-I00-N03,C57,청년
월보,C57-S00-I00-N03,C57,종교적신앙
월보,C57-S00-I00-N03,C57,비교적약
월보,C57-S00-I00-N03,C57,일가족내
월보,C57-S00-I00-N03,C57,신앙
월보,C57-S00-I00-N03,C57,사실
월보,C57-S00-I00-N04,C57,여사
월보,C57-S00-I00-N04,C57,노소
월보,C57-S00-I00-N04,C57,신앙
월보,C57-S00-I00-N04,C57,차이
월보,C57-S00-I00-N04,C57,차소
월보,C57-S00-I00-N04,C57,억차교회
월보,C57-S00-I00-N04,C57,과거시대
월보,C57-S00-I00-N04,C57,필연
월보,C57-S00-I00-N04,C57,산출
월보,C57-S00-I00-N04,C57,일괴현상
월보,C57-S00-I00-N04,C57,시대진화
월보,C57-S00-I00-N04,C57,세계적
월보,C57-S00-I00-N04,C57,종교
월보,C57-S00-I00-N04,C57,발흥
월보,C57-S00-I00-N04,C57,동시
월보,C57-S00-I00-N04,C57,청년
월보,C57-S00-I00-N04,C57,자각
월보,C57-S00-I00-N04,C57,일층종교
월보,C57-S00-I00-N04,C57,필요
월보,C57-S00-I00-N04,C57,차시
월보,C57-S00-I00-N04,C57,권장유도
월보,C57-S00-I00-N04,C57,청년
월보,C57-S00-I00-N04,C57,호상적의무
월보,C57-S00-I00-N04,C57,본교회
월보,C57-S00-I00-N04,C57,희망
월보,C57-S00-I00-N04,C57,시점
월보,C57-S00-I00-N04,C57,본회
월보,C57-S00-I00-N04,C57,강습
월보,C57-S00-I00-N04,C57,필요
월보,C57-S00-I00-N04,C57,일건
월보,C57-S00-I00-N04,C57,교문정의사
월보,C57-S00-I00-N04,C57,본회개최
월보,C57-S00-I00-N04,C57,필요
월보,C57-S00-I00-N04,C57,개산
월보,C57-S00-I00-N04,C57,강습회원제군
월보,C57-S00-I00-N04,C57,본회
월보,C57-S00-I00-N04,C57,강습
월보,C57-S00-I00-N04,C57,필요
월보,C57-S00-I00-N04,C57,원인
월보,C57-S00-I00-N04,C57,제군
월보,C57-S00-I00-N04,C57,십분일가의
월보,C57-S00-I00-N04,C57,본회
월보,C57-S00-I00-N04,C57,원만
월보,C57-S00-I00-N04,C57,동시
월보,C57-S00-I00-N04,C57,일언
월보,C57-S00-I00-N04,C57,제군
월보,C57-S00-I00-N04,C57,심탁
월보,C57-S00-I00-N04,C57,세계금일
월보,C57-S00-I00-N04,C57,오종교
월보,C57-S00-I00-N04,C57,발생
월보,C57-S00-I00-N04,C57,우연
월보,C57-S00-I00-N04,C57,각오
월보,C57-S00-I00-N04,C57,일사
월보,C57-S00-I00-N04,C57,以上
월보,C57-S00-I00-N04,C57,금일이후
월보,C57-S00-I00-N04,C57,세계
월보,C57-S00-I00-N04,C57,종교
월보,C57-S00-I00-N04,C57,세계
월보,C57-S00-I00-N04,C57,기종교
월보,C57-S00-I00-N04,C57,원만무결
월보,C57-S00-I00-N04,C57,세계적진리
월보,C57-S00-I00-N04,C57,종교
월보,C57-S00-I00-N04,C57,불가
월보,C57-S00-I00-N04,C57,오교
월보,C57-S00-I00-N04,C57,세계적대종
월보,C57-S00-I00-N04,C57,원만
월보,C57-S00-I00-N04,C57,진리
월보,C57-S00-I00-N04,C57,완전
월보,C57-S00-I00-N04,C57,교조
월보,C57-S00-I00-N04,C57,금일시대문명
월보,C57-S00-I00-N04,C57,최후대각
월보,C57-S00-I00-N04,C57,오인
월보,C57-S00-I00-N04,C57,전도희망
월보,C57-S00-I00-N04,C57,다대
월보,C57-S00-I00-N04,C57,장래기대
월보,C57-S00-I00-N04,C57,유원
월보,C57-S00-I00-N04,C57,기희망
월보,C57-S00-I00-N04,C57,기기대
월보,C57-S00-I00-N04,C57,제군
월보,C57-S00-I00-N04,C57,쌍견
월보,C57-S00-I00-N04,C57,담부
월보,C57-S00-I00-N04,C57,제군
월보,C57-S00-I00-N04,C57,제군
월보,C57-S00-I00-N04,C57,오교
월보,C57-S00-I00-N04,C57,호연
월보,C57-S00-I00-N04,C57,수양
월보,C57-S00-I00-N04,C57,제군
월보,C57-S00-I00-N04,C57,제군
월보,C57-S00-I00-N04,C57,배후
월보,C57-S00-I00-N04,C57,인내천
월보,C57-S00-I00-N04,C57,제군
월보,C57-S00-I00-N04,C57,사업
월보,C57-S00-I00-N04,C57,제군
월보,C57-S00-I00-N04,C57,만리
월보,C57-S00-I00-N04,C57,전도
월보,C57-S00-I00-N04,C57,용왕맹진
월보,C58-S00-I00-N01,C58,경신사월오일리돈화일우주
월보,C58-S00-I00-N01,C58,영구불멸
월보,C58-S00-I00-N01,C58,진리
월보,C58-S00-I00-N01,C58,항구상존
월보,C58-S00-I00-N01,C58,상전
월보,C58-S00-I00-N01,C58,창해
월보,C58-S00-I00-N01,C58,혜성
월보,C58-S00-I00-N01,C58,지구
월보,C58-S00-I00-N01,C58,파쇄
월보,C58-S00-I00-N01,C58,우주
월보,C58-S00-I00-N01,C58,본체
월보,C58-S00-I00-N01,C58,소허
월보,C58-S00-I00-N01,C58,가감
월보,C58-S00-I00-N01,C58,억우대파괴
월보,C58-S00-I00-N01,C58,태양계
월보,C58-S00-I00-N01,C58,해산
월보,C58-S00-I00-N01,C58,진리
월보,C58-S00-I00-N01,C58,본체
월보,C58-S00-I00-N01,C58,하등영향
월보,C58-S00-I00-N01,C58,소동파
월보,C58-S00-I00-N01,C58,수월
월보,C58-S00-I00-N01,C58,영허
월보,C58-S00-I00-N01,C58,소장
월보,C58-S00-I00-N01,C58,기변
월보,C58-S00-I00-N01,C58,천지
월보,C58-S00-I00-N01,C58,기불변
월보,C58-S00-I00-N01,C58,무진
월보,C58-S00-I00-N02,C58,오호
월보,C58-S00-I00-N02,C58,인사
월보,C58-S00-I00-N02,C58,화상사세
월보,C58-S00-I00-N02,C58,인불동
월보,C58-S00-I00-N02,C58,인사
월보,C58-S00-I00-N02,C58,변천
월보,C58-S00-I00-N02,C58,오호만천하독자제위
월보,C58-S00-I00-N02,C58,금일
월보,C58-S00-I00-N02,C58,하일
월보,C58-S00-I00-N02,C58,오천종대신사
월보,C58-S00-I00-N02,C58,무궁무극
월보,C58-S00-I00-N02,C58,천도
월보,C58-S00-I00-N02,C58,대각
월보,C58-S00-I00-N02,C58,일선천
월보,C58-S00-I00-N02,C58,이과
월보,C58-S00-I00-N02,C58,후천
월보,C58-S00-I00-N02,C58,개벽
월보,C58-S00-I00-N02,C58,일오인
월보,C58-S00-I00-N02,C58,차년차월차일차시차분
월보,C58-S00-I00-N02,C58,차일
월보,C58-S00-I00-N02,C58,위대합
월보,C58-S00-I00-N02,C58,찬송
월보,C58-S00-I00-N02,C58,차일
월보,C58-S00-I00-N02,C58,신성합
월보,C58-S00-I00-N02,C58,구가
월보,C58-S00-I00-N02,C58,오인
월보,C58-S00-I00-N02,C58,천하독자
월보,C58-S00-I00-N02,C58,만강
월보,C58-S00-I00-N02,C58,감상
월보,C58-S00-I00-N02,C58,철천
월보,C58-S00-I00-N02,C58,지성
월보,C58-S00-I00-N02,C58,차일
월보,C58-S00-I00-N02,C58,무궁
월보,C58-S00-I00-N02,C58,기념
월보,C58-S00-I00-N02,C58,일종금
월보,C58-S00-I00-N02,C58,불능
월보,C58-S00-I00-N02,C58,회포
월보,C58-S00-I00-N02,C58,즉세운
월보,C58-S00-I00-N02,C58,변천
월보,C58-S00-I00-N02,C58,인사
월보,C58-S00-I00-N02,C58,무상
월보,C58-S00-I00-N02,C58,변천
월보,C58-S00-I00-N02,C58,진화
월보,C58-S00-I00-N02,C58,회감
월보,C58-S00-I00-N02,C58,무상
월보,C58-S00-I00-N02,C58,진리
월보,C58-S00-I00-N02,C58,감격
월보,C58-S00-I00-N02,C58,구미산
월보,C58-S00-I00-N02,C58,효월
월보,C58-S00-I00-N02,C58,의구
월보,C58-S00-I00-N02,C58,천년고도
월보,C58-S00-I00-N02,C58,용담정
월보,C58-S00-I00-N02,C58,고허
월보,C58-S00-I00-N02,C58,창연
월보,C58-S00-I00-N02,C58,미연황초
월보,C58-S00-I00-N02,C58,달성
월보,C58-S00-I00-N02,C58,석조
월보,C58-S00-I00-N02,C58,여전
월보,C58-S00-I00-N02,C58,대구고사
월보,C58-S00-I00-N02,C58,장대
월보,C58-S00-I00-N02,C58,참혈
월보,C58-S00-I00-N02,C58,망연
월보,C58-S00-I00-N02,C58,신풍산우
월보,C58-S00-I00-N02,C58,오천도교회월보삼
월보,C58-S00-I00-N02,C58,천도교회월보
월보,C58-S00-I00-N02,C58,구부
월보,C58-S00-I00-N02,C58,一神
월보,C58-S00-I00-N02,C58,한엄
월보,C58-S00-I00-N02,C58,고목
월보,C58-S00-I00-N02,C58,영구불멸
월보,C58-S00-I00-N02,C58,우주
월보,C58-S00-I00-N02,C58,항구상존
월보,C58-S00-I00-N02,C58,진리
월보,C58-S00-I00-N02,C58,풍전우세오비토주
월보,C58-S00-I00-N02,C58,오인
월보,C58-S00-I00-N02,C58,구사
월보,C58-S00-I00-N02,C58,막연
월보,C58-S00-I00-N02,C58,진적
월보,C58-S00-I00-N02,C58,만고
월보,C58-S00-I00-N02,C58,무진
월보,C58-S00-I00-N02,C58,오천도
월보,C58-S00-I00-N02,C58,진리
월보,C58-S00-I00-N02,C58,오인
월보,C58-S00-I00-N02,C58,神人
월보,C58-S00-I00-N02,C58,고사
월보,C58-S00-I00-N02,C58,이억오교
월보,C58-S00-I00-N02,C58,이래
월보,C58-S00-I00-N02,C58,도산일수
월보,C58-S00-I00-N02,C58,돌파
월보,C58-S00-I00-N02,C58,금년금월금일금시금분금초
월보,C58-S00-I00-N02,C58,어언륙십회환갑
월보,C58-S00-I00-N02,C58,경진
월보,C58-S00-I00-N02,C58,차위
월보,C58-S00-I00-N02,C58,육일
월보,C58-S00-I00-N02,C58,광음오만년
월보,C58-S00-I00-N02,C58,종교사업
월보,C58-S00-I00-N02,C58,전광일순
월보,C58-S00-I00-N02,C58,불과
월보,C58-S00-I00-N02,C58,개인
월보,C58-S00-I00-N02,C58,인생일대
월보,C58-S00-I00-N02,C58,칠전팔기백굴천신유왕유진
월보,C58-S00-I00-N02,C58,차일대
월보,C58-S00-I00-N02,C58,사업
월보,C58-S00-I00-N02,C58,문자
월보,C58-S00-I00-N02,C58,표연
월보,C58-S00-I00-N02,C58,신경
월보,C58-S00-I00-N02,C58,견자
월보,C58-S00-I00-N02,C58,회연
월보,C58-S00-I00-N02,C58,골절
월보,C58-S00-I00-N02,C58,갑자참변
월보,C58-S00-I00-N02,C58,신간
월보,C58-S00-I00-N02,C58,불조
월보,C58-S00-I00-N02,C58,갑오변복
월보,C58-S00-I00-N02,C58,귀신
월보,C58-S00-I00-N02,C58,제망
월보,C58-S00-I00-N02,C58,갑진풍운
월보,C58-S00-I00-N02,C58,세도동한
월보,C58-S00-I00-N02,C58,산외산수외수
월보,C58-S00-I00-N02,C58,기건각
월보,C58-S00-I00-N02,C58,개조
월보,C58-S00-I00-N02,C58,개벽
월보,C58-S00-I00-N02,C58,개조
월보,C58-S00-I00-N02,C58,개벽
월보,C58-S00-I00-N02,C58,우주기자
월보,C58-S00-I00-N02,C58,인물
월보,C58-S00-I00-N02,C58,시대
월보,C58-S00-I00-N02,C58,작용
월보,C58-S00-I00-N02,C58,시대
월보,C58-S00-I00-N02,C58,인물
월보,C58-S00-I00-N02,C58,인물
월보,C58-S00-I00-N02,C58,시대
월보,C58-S00-I00-N02,C58,인물
월보,C58-S00-I00-N02,C58,시대량량상대
월보,C58-S00-I00-N02,C58,천지개벽
월보,C58-S00-I00-N02,C58,신기운
월보,C58-S00-I00-N02,C58,대신사
월보,C58-S00-I00-N02,C58,세계개조
월보,C58-S00-I00-N02,C58,신인물
월보,C58-S00-I00-N02,C58,천지개벽
월보,C58-S00-I00-N02,C58,신주옹
월보,C58-S00-I00-N02,C58,삼금일
월보,C58-S00-I00-N02,C58,세계
월보,C58-S00-I00-N02,C58,現象
월보,C58-S00-I00-N02,C58,사회
월보,C58-S00-I00-N02,C58,인류
월보,C58-S00-I00-N02,C58,불안정
월보,C58-S00-I00-N02,C58,대공포대공황
월보,C58-S00-I00-N02,C58,불안정
월보,C58-S00-I00-N02,C58,개신
월보,C58-S00-I00-N02,C58,대공포대극락
월보,C58-S00-I00-N02,C58,요구
월보,C58-S00-I00-N02,C58,오인
월보,C58-S00-I00-N02,C58,생각
월보,C58-S00-I00-N02,C58,세계금일
월보,C58-S00-I00-N02,C58,희망
월보,C58-S00-I00-N02,C58,요구
월보,C58-S00-I00-N02,C58,필연
월보,C58-S00-I00-N02,C58,종교
월보,C58-S00-I00-N02,C58,해결
월보,C58-S00-I00-N02,C58,종교
월보,C58-S00-I00-N02,C58,원만
월보,C58-S00-I00-N02,C58,신진리
월보,C58-S00-I00-N02,C58,충실
월보,C58-S00-I00-N02,C58,현대적종교
월보,C58-S00-I00-N02,C58,불가
월보,C58-S00-I00-N03,C58,천도교회월보혹
월보,C58-S00-I00-N03,C58,일치
월보,C58-S00-I00-N03,C58,대신사
월보,C58-S00-I00-N03,C58,기도사중
월보,C58-S00-I00-N03,C58,一節
월보,C58-S00-I00-N03,C58,유도불도루천년
월보,C58-S00-I00-N03,C58,세상
월보,C58-S00-I00-N03,C58,공맹
월보,C58-S00-I00-N03,C58,요순
월보,C58-S00-I00-N03,C58,상해
월보,C58-S00-I00-N03,C58,운명
월보,C58-S00-I00-N03,C58,대혁
월보,C58-S00-I00-N03,C58,지중
월보,C58-S00-I00-N03,C58,신포일시
월보,C58-S00-I00-N03,C58,타파
월보,C58-S00-I00-N03,C58,홀연
월보,C58-S00-I00-N03,C58,생각
월보,C58-S00-I00-N03,C58,천운
월보,C58-S00-I00-N03,C58,일천하
월보,C58-S00-I00-N03,C58,변복운수
월보,C58-S00-I00-N03,C58,개벽
월보,C58-S00-I00-N03,C58,태평순대
월보,C58-S00-I00-N03,C58,세태민안
월보,C58-S00-I00-N03,C58,오인
월보,C58-S00-I00-N03,C58,유배
월보,C58-S00-I00-N03,C58,절구
월보,C58-S00-I00-N03,C58,대신사
월보,C58-S00-I00-N03,C58,법언
월보,C58-S00-I00-N03,C58,현대적사조
월보,C58-S00-I00-N03,C58,부절
월보,C58-S00-I00-N03,C58,일재
월보,C58-S00-I00-N03,C58,오인
월보,C58-S00-I00-N03,C58,오인
월보,C58-S00-I00-N03,C58,이막
월보,C58-S00-I00-N03,C58,고동
월보,C58-S00-I00-N03,C58,세상
월보,C58-S00-I00-N03,C58,개벽
월보,C58-S00-I00-N03,C58,세계
월보,C58-S00-I00-N03,C58,변복
월보,C58-S00-I00-N03,C58,증명
월보,C58-S00-I00-N03,C58,경신사월오일경신사월오일
월보,C58-S00-I00-N03,C58,대신사
월보,C58-S00-I00-N03,C58,각도
월보,C58-S00-I00-N03,C58,음미
월보,C58-S00-I00-N03,C58,천하
월보,C58-S00-I00-N03,C58,소개
월보,C58-S00-I00-N03,C58,대신사
월보,C58-S00-I00-N03,C58,강화
월보,C58-S00-I00-N03,C58,기각도
월보,C58-S00-I00-N03,C58,요지
월보,C58-S00-I00-N03,C58,천하
월보,C58-S00-I00-N03,C58,수련
월보,C58-S00-I00-N03,C58,천하
월보,C58-S00-I00-N03,C58,수련
월보,C58-S00-I00-N03,C58,천하
월보,C58-S00-I00-N03,C58,개벽후
월보,C58-S00-I00-N03,C58,오만년
월보,C58-S00-I00-N03,C58,세간
월보,C58-S00-I00-N03,C58,대신사
월보,C58-S00-I00-N03,C58,오만년이래신개벽인물
월보,C58-S00-I00-N03,C58,自信
월보,C58-S00-I00-N03,C58,명백
월보,C58-S00-I00-N03,C58,포덕천하광제창생
월보,C58-S00-I00-N03,C58,우매
월보,C58-S00-I00-N03,C58,인생
월보,C58-S00-I00-N03,C58,천지
월보,C58-S00-I00-N03,C58,귀신
월보,C58-S00-I00-N03,C58,귀신
월보,C58-S00-I00-N03,C58,무궁
월보,C58-S00-I00-N03,C58,대임
월보,C58-S00-I00-N03,C58,一身
월보,C58-S00-I00-N03,C58,대신사
월보,C58-S00-I00-N03,C58,상제
월보,C58-S00-I00-N03,C58,억조
월보,C58-S00-I00-N03,C58,영성
월보,C58-S00-I00-N03,C58,인격적상제
월보,C58-S00-I00-N03,C58,注意
월보,C58-S00-I00-N03,C58,일사
월보,C58-S00-I00-N03,C58,홀연
월보,C58-S00-I00-N03,C58,천지신명
월보,C58-S00-I00-N03,C58,만고
월보,C58-S00-I00-N03,C58,불생불멸
월보,C58-S00-I00-N03,C58,시사
월보,C58-S00-I00-N03,C58,자각
월보,C58-S00-I00-N04,C58,상제
월보,C58-S00-I00-N04,C58,대신사
월보,C58-S00-I00-N04,C58,무지
월보,C58-S00-I00-N04,C58,경외
월보,C58-S00-I00-N04,C58,가련
월보,C58-S00-I00-N04,C58,상제
월보,C58-S00-I00-N04,C58,견상
월보,C58-S00-I00-N04,C58,천도교회월보역
월보,C58-S00-I00-N04,C58,귀신
월보,C58-S00-I00-N04,C58,명색
월보,C58-S00-I00-N04,C58,천지
월보,C58-S00-I00-N04,C58,가련
월보,C58-S00-I00-N04,C58,명색
월보,C58-S00-I00-N04,C58,천지역오
월보,C58-S00-I00-N04,C58,천도교회월보시귀신
월보,C58-S00-I00-N04,C58,귀신역시기운
월보,C58-S00-I00-N04,C58,수족동정
월보,C58-S00-I00-N04,C58,귀신
월보,C58-S00-I00-N04,C58,용사
월보,C58-S00-I00-N04,C58,기운
월보,C58-S00-I00-N04,C58,造化
월보,C58-S00-I00-N04,C58,상제
월보,C58-S00-I00-N04,C58,억조
월보,C58-S00-I00-N04,C58,억조
월보,C58-S00-I00-N04,C58,상제
월보,C58-S00-I00-N04,C58,상제
월보,C58-S00-I00-N04,C58,대신사
월보,C58-S00-I00-N04,C58,인내천주의
월보,C58-S00-I00-N04,C58,신앙
월보,C58-S00-I00-N04,C58,대신사
월보,C58-S00-I00-N04,C58,인내천주의
월보,C58-S00-I00-N04,C58,대도
월보,C58-S00-I00-N04,C58,도제
월보,C58-S00-I00-N04,C58,오도
월보,C58-S00-I00-N04,C58,유불선합일
월보,C58-S00-I00-N04,C58,천도
월보,C58-S00-I00-N04,C58,고불문금불문
월보,C58-S00-I00-N04,C58,고불비금불비
월보,C58-S00-I00-N04,C58,인내천주의
월보,C58-S00-I00-N04,C58,만고미해결
월보,C58-S00-I00-N04,C58,우주문제
월보,C58-S00-I00-N04,C58,인생문제사회문제
월보,C58-S00-I00-N04,C58,해결
월보,C58-S00-I00-N04,C58,대진리
월보,C58-S00-I00-N04,C58,억상제
월보,C58-S00-I00-N04,C58,무시이래
월보,C58-S00-I00-N04,C58,자기
월보,C58-S00-I00-N04,C58,궁전
월보,C58-S00-I00-N04,C58,건설
월보,C58-S00-I00-N04,C58,무수억조년
월보,C58-S00-I00-N04,C58,노력
월보,C58-S00-I00-N04,C58,노력
월보,C58-S00-I00-N04,C58,즉상제
월보,C58-S00-I00-N04,C58,당초
월보,C58-S00-I00-N04,C58,무일물
월보,C58-S00-I00-N04,C58,우주
월보,C58-S00-I00-N04,C58,무유
월보,C58-S00-I00-N04,C58,배출
월보,C58-S00-I00-N04,C58,만유
월보,C58-S00-I00-N04,C58,조성
월보,C58-S00-I00-N04,C58,동물
월보,C58-S00-I00-N04,C58,육체
월보,C58-S00-I00-N04,C58,영묘미려
월보,C58-S00-I00-N04,C58,최고궁전
월보,C58-S00-I00-N04,C58,경영
월보,C58-S00-I00-N04,C58,안식
월보,C58-S00-I00-N04,C58,엄연
월보,C58-S00-I00-N04,C58,어림
월보,C58-S00-I00-N04,C58,만유
월보,C58-S00-I00-N04,C58,상제
월보,C58-S00-I00-N04,C58,진화
월보,C58-S00-I00-N04,C58,만유중동물
월보,C58-S00-I00-N04,C58,만유중
월보,C58-S00-I00-N04,C58,동물중인
월보,C58-S00-I00-N04,C58,동물중
월보,C58-S00-I00-N04,C58,진화
월보,C58-S00-I00-N04,C58,결국
월보,C58-S00-I00-N04,C58,진화
월보,C58-S00-I00-N04,C58,초상
월보,C58-S00-I00-N04,C58,조성
월보,C58-S00-I00-N04,C58,진화적표현
월보,C58-S00-I00-N04,C58,시내인내천주의
월보,C58-S00-I00-N04,C58,우주관
월보,C58-S00-I00-N04,C58,오인
월보,C58-S00-I00-N04,C58,차생사문제
월보,C58-S00-I00-N04,C58,차주의
월보,C58-S00-I00-N04,C58,용역
월보,C58-S00-I00-N04,C58,해결
월보,C58-S00-I00-N04,C58,관무극
월보,C58-S00-I00-N04,C58,영겁최후
월보,C58-S00-I00-N04,C58,목적
월보,C58-S00-I00-N04,C58,진화우진화
월보,C58-S00-I00-N04,C58,개조
월보,C58-S00-I00-N04,C58,변환
월보,C58-S00-I00-N04,C58,생사
월보,C58-S00-I00-N04,C58,조화개조상
월보,C58-S00-I00-N04,C58,희생을
월보,C58-S00-I00-N04,C58,변환
월보,C58-S00-I00-N04,C58,신비적수단
월보,C58-S00-I00-N04,C58,불과
월보,C58-S00-I00-N04,C58,영생
월보,C58-S00-I00-N04,C58,영사
월보,C58-S00-I00-N04,C58,생사
월보,C58-S00-I00-N04,C58,즉동일진리
월보,C58-S00-I00-N04,C58,양측면
월보,C58-S00-I00-N04,C58,개조
월보,C58-S00-I00-N04,C58,수미량단
월보,C58-S00-I00-N04,C58,시내인내천주의
월보,C58-S00-I00-N04,C58,인생관
월보,C58-S00-I00-N04,C58,세계
월보,C58-S00-I00-N04,C58,실행
월보,C58-S00-I00-N04,C58,만사
월보,C58-S00-I00-N04,C58,해결
월보,C58-S00-I00-N04,C58,서기
월보,C58-S00-I00-N04,C58,금일세계
월보,C58-S00-I00-N04,C58,비등
월보,C58-S00-I00-N04,C58,사조
월보,C58-S00-I00-N04,C58,일사생
월보,C58-S00-I00-N04,C58,부대빈자
월보,C58-S00-I00-N04,C58,차별강대약자
월보,C58-S00-I00-N04,C58,차별
월보,C58-S00-I00-N04,C58,일소
월보,C58-S00-I00-N04,C58,調和
월보,C58-S00-I00-N04,C58,인격평등
월보,C58-S00-I00-N04,C58,일사생
월보,C58-S00-I00-N04,C58,만일
월보,C58-S00-I00-N04,C58,세계
월보,C58-S00-I00-N04,C58,인내천
월보,C58-S00-I00-N04,C58,진리
월보,C58-S00-I00-N04,C58,사인여천
월보,C58-S00-I00-N04,C58,도덕
월보,C58-S00-I00-N04,C58,실행
월보,C58-S00-I00-N04,C58,사회
월보,C58-S00-I00-N04,C58,문제
월보,C58-S00-I00-N04,C58,일사천리
월보,C58-S00-I00-N04,C58,불연
월보,C58-S00-I00-N04,C58,순결
월보,C58-S00-I00-N04,C58,치국평천하
월보,C58-S00-I00-N04,C58,대도
월보,C58-S00-I00-N04,C58,하유
월보,C58-S00-I00-N05,C58,대신사
월보,C58-S00-I00-N05,C58,인내천주의
월보,C58-S00-I00-N05,C58,후천
월보,C58-S00-I00-N05,C58,개벽
월보,C58-S00-I00-N05,C58,절만고
월보,C58-S00-I00-N05,C58,대각
월보,C58-S00-I00-N05,C58,오만천하독자제위
월보,C58-S00-I00-N05,C58,진리
월보,C58-S00-I00-N05,C58,육십일년
월보,C58-S00-I00-N05,C58,금일
월보,C58-S00-I00-N05,C58,오인
월보,C58-S00-I00-N05,C58,기백여만
월보,C58-S00-I00-N05,C58,오인
월보,C58-S00-I00-N05,C58,차성대
월보,C58-S00-I00-N05,C58,회갑
월보,C58-S00-I00-N05,C58,절실
월보,C58-S00-I00-N05,C58,심색
월보,C58-S00-I00-N05,C58,공평
월보,C58-S00-I00-N05,C58,자각
월보,C58-S00-I00-N05,C58,과거
월보,C58-S00-I00-N05,C58,반성
월보,C58-S00-I00-N05,C58,미래
월보,C58-S00-I00-N05,C58,노력
월보,C58-S00-I00-N05,C58,역노
월보,C58-S00-I00-N05,C58,자맹
월보,C58-S00-I00-N05,C58,오인
월보,C58-S00-I00-N05,C58,금일
월보,C58-S00-I00-N05,C58,붕익
월보,C58-S00-I00-N05,C58,장천
월보,C58-S00-I00-N05,C58,활비
월보,C58-S00-I00-N05,C58,시대
월보,C58-S00-I00-N05,C58,용두
월보,C58-S00-I00-N05,C58,풍운
월보,C58-S00-I00-N05,C58,탄토
월보,C58-S00-I00-N05,C58,기회
월보,C58-S00-I00-N05,C58,포덕천하
월보,C58-S00-I00-N05,C58,광제창생
월보,C58-S00-I00-N05,C58,내후
월보,C58-S00-I00-N05,C58,오인
월보,C58-S00-I00-N05,C58,자각
월보,C58-S00-I00-N05,C58,천하용자
월보,C58-S00-I00-N05,C58,구단
월보,C58-S00-I00-N05,C58,불가
월보,C58-S00-I00-N05,C58,오인
월보,C58-S00-I00-N05,C58,注意
월보,C58-S00-I00-N05,C58,일사
월보,C58-S00-I00-N05,C58,소위대신사
월보,C58-S00-I00-N05,C58,복활
월보,C58-S00-I00-N05,C58,흥미
월보,C58-S00-I00-N05,C58,문제
월보,C58-S00-I00-N05,C58,대신사
월보,C58-S00-I00-N05,C58,장생
월보,C58-S00-I00-N05,C58,불사
월보,C58-S00-I00-N05,C58,복활
월보,C58-S00-I00-N05,C58,대신사
월보,C58-S00-I00-N05,C58,진실
월보,C58-S00-I00-N05,C58,복활
월보,C58-S00-I00-N05,C58,출세
월보,C58-S00-I00-N05,C58,오인
월보,C58-S00-I00-N05,C58,대신사
월보,C58-S00-I00-N05,C58,복활
월보,C58-S00-I00-N05,C58,진리하
월보,C58-S00-I00-N05,C58,희망
월보,C58-S00-I00-N05,C58,오인
월보,C58-S00-I00-N05,C58,유래미신가
월보,C58-S00-I00-N05,C58,망신
월보,C58-S00-I00-N05,C58,육신복활
월보,C58-S00-I00-N05,C58,대신사
월보,C58-S00-I00-N05,C58,장생불사
월보,C58-S00-I00-N05,C58,증명
월보,C58-S00-I00-N05,C58,우주
월보,C58-S00-I00-N05,C58,차등진리
월보,C58-S00-I00-N05,C58,절무
월보,C58-S00-I00-N05,C58,성사
월보,C58-S00-I00-N05,C58,양산
월보,C58-S00-I00-N05,C58,활연
월보,C58-S00-I00-N05,C58,석시차지견금일우간
월보,C58-S00-I00-N05,C58,인이도제
월보,C58-S00-I00-N05,C58,성령
월보,C58-S00-I00-N05,C58,출세
월보,C58-S00-I00-N05,C58,여등
월보,C58-S00-I00-N05,C58,정신
월보,C58-S00-I00-N05,C58,각기대신사
월보,C58-S00-I00-N06,C58,대신사
월보,C58-S00-I00-N06,C58,복활
월보,C58-S00-I00-N06,C58,문백
월보,C58-S00-I00-N06,C58,과연
월보,C58-S00-I00-N06,C58,대신사
월보,C58-S00-I00-N06,C58,오인
월보,C58-S00-I00-N06,C58,정신리
월보,C58-S00-I00-N06,C58,복활
월보,C58-S00-I00-N06,C58,오인
월보,C58-S00-I00-N06,C58,만일천도교회월보
월보,C58-S00-I00-N06,C58,천도교회월보대신사
월보,C58-S00-I00-N06,C58,복활
월보,C58-S00-I00-N06,C58,희망
월보,C58-S00-I00-N06,C58,자기
월보,C58-S00-I00-N06,C58,복활
월보,C58-S00-I00-N06,C58,자기
월보,C58-S00-I00-N06,C58,복활
월보,C58-S00-I00-N06,C58,정신
월보,C58-S00-I00-N06,C58,개조
월보,C58-S00-I00-N06,C58,영성
월보,C58-S00-I00-N06,C58,일신
월보,C58-S00-I00-N06,C58,복중
월보,C58-S00-I00-N06,C58,항상신인물
월보,C58-S00-I00-N06,C58,태배
월보,C58-S00-I00-N06,C58,오인
월보,C58-S00-I00-N06,C58,차경신
월보,C58-S00-I00-N06,C58,가진
월보,C58-S00-I00-N06,C58,각자
월보,C58-S00-I00-N06,C58,복활
월보,C58-S00-I00-N06,C58,대신사
월보,C58-S00-I00-N06,C58,복활
월보,C58-S00-I00-N06,C58,경신사월오일무극대도발생
월보,C58-S00-I00-N06,C58,원인류재풍기념
월보,C58-S00-I00-N06,C58,축하
월보,C58-S00-I00-N06,C58,경신사월오일
월보,C58-S00-I00-N06,C58,무극대도발생
월보,C58-S00-I00-N06,C58,육십일년회갑
월보,C58-S00-I00-N06,C58,금일
월보,C58-S00-I00-N06,C58,오인
월보,C58-S00-I00-N06,C58,도중
월보,C58-S00-I00-N06,C58,화생
월보,C58-S00-I00-N06,C58,대도중
월보,C58-S00-I00-N06,C58,활동
월보,C58-S00-I00-N06,C58,영천
월보,C58-S00-I00-N06,C58,금일
월보,C58-S00-I00-N06,C58,기념
월보,C58-S00-I00-N06,C58,축하
월보,C58-S00-I00-N07,C58,대도발생
월보,C58-S00-I00-N07,C58,원인
월보,C58-S00-I00-N07,C58,소고
월보,C58-S00-I00-N07,C58,영적정신
월보,C58-S00-I00-N07,C58,소구
월보,C58-S00-I00-N07,C58,후천개벽
월보,C58-S00-I00-N07,C58,즉기원인
월보,C58-S00-I00-N07,C58,후천개벽
월보,C58-S00-I00-N07,C58,정신개벽
월보,C58-S00-I00-N07,C58,동시
월보,C58-S00-I00-N07,C58,주선
월보,C58-S00-I00-N07,C58,유래종교
월보,C58-S00-I00-N07,C58,역사적종교심
월보,C58-S00-I00-N07,C58,진화
월보,C58-S00-I00-N07,C58,약술
월보,C58-S00-I00-N07,C58,심리상지정의삼자
월보,C58-S00-I00-N07,C58,분해
월보,C58-S00-I00-N07,C58,이삼학설
월보,C58-S00-I00-N07,C58,소개
월보,C58-S00-I00-N07,C58,이성작용
월보,C58-S00-I00-N07,C58,완전
월보,C58-S00-I00-N07,C58,종교심
월보,C58-S00-I00-N07,C58,주성
월보,C58-S00-I00-N07,C58,논리적발달
월보,C58-S00-I00-N07,C58,개인
월보,C58-S00-I00-N07,C58,논리고찰
월보,C58-S00-I00-N07,C58,일치
월보,C58-S00-I00-N07,C58,종교심
월보,C58-S00-I00-N08,C58,종교심
월보,C58-S00-I00-N08,C58,순전
월보,C58-S00-I00-N08,C58,감정적절대적
월보,C58-S00-I00-N08,C58,겸속
월보,C58-S00-I00-N08,C58,의뢰
월보,C58-S00-I00-N08,C58,감정적
월보,C58-S00-I00-N08,C58,종교심
월보,C58-S00-I00-N08,C58,공포심
월보,C58-S00-I00-N08,C58,종교심
월보,C58-S00-I00-N08,C58,중심
월보,C58-S00-I00-N08,C58,희망심
월보,C58-S00-I00-N08,C58,종교심
월보,C58-S00-I00-N08,C58,종교심
월보,C58-S00-I00-N08,C58,인류
월보,C58-S00-I00-N08,C58,고유
월보,C58-S00-I00-N08,C58,천성
월보,C58-S00-I00-N08,C58,즉인
월보,C58-S00-I00-N08,C58,자기
월보,C58-S00-I00-N08,C58,유한
월보,C58-S00-I00-N08,C58,생명능력이상
월보,C58-S00-I00-N08,C58,위대
월보,C58-S00-I00-N08,C58,세력
월보,C58-S00-I00-N08,C58,현동
월보,C58-S00-I00-N08,C58,갈망
월보,C58-S00-I00-N08,C58,의지설
월보,C58-S00-I00-N08,C58,주창
월보,C58-S00-I00-N08,C58,양심즉도덕성
월보,C58-S00-I00-N08,C58,무상명
월보,C59-S00-I00-N01,C59,천도교회월보철인주의
월보,C59-S00-I00-N01,C59,장래
월보,C59-S00-I00-N01,C59,신종교
월보,C59-S00-I00-N01,C59,가치리돈화일
월보,C59-S00-I00-N01,C59,사물
월보,C59-S00-I00-N01,C59,변천
월보,C59-S00-I00-N01,C59,一節
월보,C59-S00-I00-N01,C59,종교
월보,C59-S00-I00-N01,C59,종교
월보,C59-S00-I00-N01,C59,발동
월보,C59-S00-I00-N01,C59,유사이래전쟁
월보,C59-S00-I00-N01,C59,인세변복
월보,C59-S00-I00-N01,C59,최대세력
월보,C59-S00-I00-N01,C59,통파
월보,C59-S00-I00-N01,C59,과연
월보,C59-S00-I00-N01,C59,인세오천년
월보,C59-S00-I00-N01,C59,역사
월보,C59-S00-I00-N01,C59,안전
월보,C59-S00-I00-N01,C59,전개
월보,C59-S00-I00-N01,C59,일란일치
월보,C59-S00-I00-N01,C59,사적
월보,C59-S00-I00-N01,C59,소연
월보,C59-S00-I00-N01,C59,난시
월보,C59-S00-I00-N01,C59,전쟁
월보,C59-S00-I00-N01,C59,봉기
월보,C59-S00-I00-N01,C59,치대
월보,C59-S00-I00-N01,C59,종교
월보,C59-S00-I00-N01,C59,발흥
월보,C59-S00-I00-N01,C59,인심
월보,C59-S00-I00-N01,C59,좌우
월보,C59-S00-I00-N01,C59,사증
월보,C59-S00-I00-N01,C59,역연
월보,C59-S00-I00-N01,C59,명백
월보,C59-S00-I00-N01,C59,인심
월보,C59-S00-I00-N01,C59,함합
월보,C59-S00-I00-N01,C59,동시
월보,C59-S00-I00-N01,C59,종자
월보,C59-S00-I00-N01,C59,고래인성
월보,C59-S00-I00-N01,C59,절대선
월보,C59-S00-I00-N01,C59,주장
월보,C59-S00-I00-N01,C59,절대악
월보,C59-S00-I00-N01,C59,설사
월보,C59-S00-I00-N01,C59,저개
월보,C59-S00-I00-N01,C59,소식
월보,C59-S00-I00-N01,C59,맹자
월보,C59-S00-I00-N01,C59,성선
월보,C59-S00-I00-N01,C59,동시
월보,C59-S00-I00-N01,C59,순자
월보,C59-S00-I00-N01,C59,성악
월보,C59-S00-I00-N01,C59,평화
월보,C59-S00-I00-N01,C59,건설
월보,C59-S00-I00-N01,C59,영도
월보,C59-S00-I00-N01,C59,개조
월보,C59-S00-I00-N01,C59,동서
월보,C59-S00-I00-N01,C59,야소
월보,C59-S00-I00-N01,C59,죄악
월보,C59-S00-I00-N01,C59,차세
월보,C59-S00-I00-N01,C59,방황
월보,C59-S00-I00-N01,C59,비상
월보,C59-S00-I00-N01,C59,세력
월보,C59-S00-I00-N01,C59,해탈
월보,C59-S00-I00-N01,C59,반대
월보,C59-S00-I00-N01,C59,만물
월보,C59-S00-I00-N01,C59,개불성
월보,C59-S00-I00-N01,C59,해탈
월보,C59-S00-I00-N01,C59,대각
월보,C59-S00-I00-N01,C59,전쟁
월보,C59-S00-I00-N01,C59,시악
월보,C59-S00-I00-N01,C59,표현
월보,C59-S00-I00-N01,C59,평화
월보,C59-S00-I00-N01,C59,본능
월보,C59-S00-I00-N01,C59,종교
월보,C59-S00-I00-N01,C59,발동
월보,C59-S00-I00-N01,C59,유사이래
월보,C59-S00-I00-N01,C59,금일
월보,C59-S00-I00-N01,C59,대체
월보,C59-S00-I00-N01,C59,일성일패
월보,C59-S00-I00-N01,C59,과거시대
월보,C59-S00-I00-N01,C59,불가피
월보,C59-S00-I00-N01,C59,능률
월보,C59-S00-I00-N01,C59,인심
월보,C59-S00-I00-N01,C59,변복
월보,C59-S00-I00-N01,C59,진화
월보,C59-S00-I00-N01,C59,최고극치
월보,C59-S00-I00-N01,C59,인심
월보,C59-S00-I00-N01,C59,충분
월보,C59-S00-I00-N01,C59,선악
월보,C59-S00-I00-N01,C59,진심의의
월보,C59-S00-I00-N01,C59,이해
월보,C59-S00-I00-N01,C59,장래
월보,C59-S00-I00-N01,C59,대평화
월보,C59-S00-I00-N01,C59,낙국
월보,C59-S00-I00-N01,C59,건설
월보,C59-S00-I00-N01,C59,예언적경험
월보,C59-S00-I00-N01,C59,세계대전
월보,C59-S00-I00-N01,C59,이후
월보,C59-S00-I00-N01,C59,인심
월보,C59-S00-I00-N01,C59,극단
월보,C59-S00-I00-N01,C59,평화
월보,C59-S00-I00-N01,C59,열망
월보,C59-S00-I00-N01,C59,대전
월보,C59-S00-I00-N01,C59,이후
월보,C59-S00-I00-N01,C59,금일
월보,C59-S00-I00-N01,C59,평화
월보,C59-S00-I00-N01,C59,건설
월보,C59-S00-I00-N01,C59,영도
월보,C59-S00-I00-N01,C59,개조
월보,C59-S00-I00-N01,C59,동서
월보,C59-S00-I00-N01,C59,일세
월보,C59-S00-I00-N01,C59,풍미
월보,C59-S00-I00-N01,C59,대개
월보,C59-S00-I00-N01,C59,人道
월보,C59-S00-I00-N01,C59,주관
월보,C59-S00-I00-N01,C59,여사
월보,C59-S00-I00-N01,C59,인심
월보,C59-S00-I00-N01,C59,건달
월보,C59-S00-I00-N01,C59,풍간
월보,C59-S00-I00-N01,C59,기개조
월보,C59-S00-I00-N01,C59,선구
월보,C59-S00-I00-N01,C59,천도교회월보인세적일봉일치
월보,C59-S00-I00-N01,C59,정의하
월보,C59-S00-I00-N01,C59,전쟁
월보,C59-S00-I00-N01,C59,대표
월보,C59-S00-I00-N01,C59,고래일반속인
월보,C59-S00-I00-N01,C59,속견
월보,C59-S00-I00-N01,C59,답습
월보,C59-S00-I00-N01,C59,불과
월보,C59-S00-I00-N01,C59,필연
월보,C59-S00-I00-N01,C59,세계무대
월보,C59-S00-I00-N01,C59,출현
월보,C59-S00-I00-N01,C59,종교이외
월보,C59-S00-I00-N01,C59,경무
월보,C59-S00-I00-N02,C59,단언
월보,C59-S00-I00-N02,C59,물론
월보,C59-S00-I00-N02,C59,현대
월보,C59-S00-I00-N02,C59,선전
월보,C59-S00-I00-N02,C59,철인주의
월보,C59-S00-I00-N02,C59,종교
월보,C59-S00-I00-N02,C59,일절사명상
월보,C59-S00-I00-N02,C59,지배
월보,C59-S00-I00-N02,C59,개전
월보,C59-S00-I00-N02,C59,논기초상
월보,C59-S00-I00-N02,C59,정치
월보,C59-S00-I00-N02,C59,물론철인적정치
월보,C59-S00-I00-N02,C59,교육
월보,C59-S00-I00-N02,C59,철인적교육도덕학술문예
월보,C59-S00-I00-N02,C59,철인적
월보,C59-S00-I00-N02,C59,적언
월보,C59-S00-I00-N02,C59,인세금일이후
월보,C59-S00-I00-N02,C59,활동
월보,C59-S00-I00-N02,C59,철인주의
월보,C59-S00-I00-N02,C59,인주의
월보,C59-S00-I00-N02,C59,신종교주의
월보,C59-S00-I00-N02,C59,미화
월보,C59-S00-I00-N02,C59,오인
월보,C59-S00-I00-N02,C59,단언
월보,C59-S00-I00-N02,C59,삼군신내파륜
월보,C59-S00-I00-N02,C59,세인
월보,C59-S00-I00-N02,C59,정치
월보,C59-S00-I00-N02,C59,피등
월보,C59-S00-I00-N02,C59,철학자
월보,C59-S00-I00-N02,C59,불여
월보,C59-S00-I00-N02,C59,만일
월보,C59-S00-I00-N02,C59,내파륜
월보,C59-S00-I00-N02,C59,여사
월보,C59-S00-I00-N02,C59,회언
월보,C59-S00-I00-N02,C59,감방
월보,C59-S00-I00-N02,C59,철학자
월보,C59-S00-I00-N02,C59,대개
월보,C59-S00-I00-N02,C59,세태
월보,C59-S00-I00-N02,C59,우원
월보,C59-S00-I00-N02,C59,개철인
월보,C59-S00-I00-N02,C59,세인
월보,C59-S00-I00-N02,C59,동첩차
월보,C59-S00-I00-N02,C59,오해
월보,C59-S00-I00-N02,C59,지선
월보,C59-S00-I00-N02,C59,최고관념오인
월보,C59-S00-I00-N02,C59,필연
월보,C59-S00-I00-N02,C59,구비
월보,C59-S00-I00-N02,C59,철인
월보,C59-S00-I00-N02,C59,불가
월보,C59-S00-I00-N02,C59,자격
월보,C59-S00-I00-N02,C59,무시
월보,C59-S00-I00-N02,C59,오인
월보,C59-S00-I00-N02,C59,이론
월보,C59-S00-I00-N02,C59,철인주의
월보,C59-S00-I00-N02,C59,사상
월보,C59-S00-I00-N02,C59,지선
월보,C59-S00-I00-N02,C59,최고관념
월보,C59-S00-I00-N02,C59,명상
월보,C59-S00-I00-N02,C59,일세
월보,C59-S00-I00-N02,C59,일절사상
월보,C59-S00-I00-N02,C59,실습
월보,C59-S00-I00-N02,C59,일절실무
월보,C59-S00-I00-N02,C59,접촉
월보,C59-S00-I00-N02,C59,활동
월보,C59-S00-I00-N02,C59,건설
월보,C59-S00-I00-N02,C59,기본무
월보,C59-S00-I00-N02,C59,환언
월보,C59-S00-I00-N02,C59,오인
월보,C59-S00-I00-N02,C59,이론
월보,C59-S00-I00-N02,C59,철인주의
월보,C59-S00-I00-N02,C59,신쌍전주의
월보,C59-S00-I00-N02,C59,영육일치주시점
월보,C59-S00-I00-N02,C59,오인
월보,C59-S00-I00-N02,C59,철인
월보,C59-S00-I00-N02,C59,태훈안병률의
월보,C59-S00-I00-N02,C59,일철인
월보,C59-S00-I00-N02,C59,현대사상
월보,C59-S00-I00-N02,C59,수립
월보,C59-S00-I00-N02,C59,불절
월보,C59-S00-I00-N02,C59,인사세상
월보,C59-S00-I00-N02,C59,접근
월보,C59-S00-I00-N02,C59,불의
월보,C59-S00-I00-N02,C59,철인
월보,C59-S00-I00-N02,C59,민중
월보,C59-S00-I00-N02,C59,의사
월보,C59-S00-I00-N02,C59,건설
월보,C59-S00-I00-N02,C59,불절
월보,C59-S00-I00-N02,C59,천도교회월보기욕구
월보,C59-S00-I00-N02,C59,필연
월보,C59-S00-I00-N02,C59,불식
월보,C59-S00-I00-N02,C59,이자
월보,C59-S00-I00-N02,C59,기일면
월보,C59-S00-I00-N02,C59,모방
월보,C59-S00-I00-N03,C59,사회생활
월보,C59-S00-I00-N03,C59,조직
월보,C59-S00-I00-N03,C59,민중
월보,C59-S00-I00-N03,C59,이익
월보,C59-S00-I00-N03,C59,행복
월보,C59-S00-I00-N03,C59,철인
월보,C59-S00-I00-N03,C59,기사회
월보,C59-S00-I00-N03,C59,이익
월보,C59-S00-I00-N03,C59,행복
월보,C59-S00-I00-N03,C59,발견
월보,C59-S00-I00-N03,C59,총명
월보,C59-S00-I00-N03,C59,기실탑
월보,C59-S00-I00-N03,C59,역량
월보,C59-S00-I00-N03,C59,명사
월보,C59-S00-I00-N03,C59,오인
월보,C59-S00-I00-N03,C59,철인주의
월보,C59-S00-I00-N03,C59,성신쌍전주의
월보,C59-S00-I00-N03,C59,철인
월보,C59-S00-I00-N03,C59,시등철인
월보,C59-S00-I00-N03,C59,현대교화
월보,C59-S00-I00-N03,C59,건설자
월보,C59-S00-I00-N03,C59,즉현대도덕
월보,C59-S00-I00-N03,C59,지배자
월보,C59-S00-I00-N03,C59,만일
월보,C59-S00-I00-N03,C59,사실상
월보,C59-S00-I00-N03,C59,인류
월보,C59-S00-I00-N03,C59,민중
월보,C59-S00-I00-N03,C59,기선천적품부
월보,C59-S00-I00-N03,C59,기수양상
월보,C59-S00-I00-N03,C59,사회민중
월보,C59-S00-I00-N03,C59,공통
월보,C59-S00-I00-N03,C59,이익
월보,C59-S00-I00-N03,C59,행복
월보,C59-S00-I00-N03,C59,발견
월보,C59-S00-I00-N03,C59,총명
월보,C59-S00-I00-N03,C59,우기
월보,C59-S00-I00-N03,C59,실현
월보,C59-S00-I00-N03,C59,역량
월보,C59-S00-I00-N03,C59,다수
월보,C59-S00-I00-N03,C59,민중
월보,C59-S00-I00-N03,C59,필연
월보,C59-S00-I00-N03,C59,차종
월보,C59-S00-I00-N03,C59,신뢰
월보,C59-S00-I00-N03,C59,기신뢰
월보,C59-S00-I00-N03,C59,사회일반
월보,C59-S00-I00-N03,C59,이익
월보,C59-S00-I00-N03,C59,도득
월보,C59-S00-I00-N03,C59,철인
월보,C59-S00-I00-N03,C59,여사
월보,C59-S00-I00-N03,C59,관래
월보,C59-S00-I00-N03,C59,사회
월보,C59-S00-I00-N03,C59,직업종류
월보,C59-S00-I00-N03,C59,기다
월보,C59-S00-I00-N03,C59,활동중심
월보,C59-S00-I00-N03,C59,지배자
월보,C59-S00-I00-N03,C59,불가
월보,C59-S00-I00-N03,C59,정치적지배
월보,C59-S00-I00-N03,C59,도덕
월보,C59-S00-I00-N03,C59,지배자
월보,C59-S00-I00-N03,C59,교육
월보,C59-S00-I00-N03,C59,교육
월보,C59-S00-I00-N03,C59,지배수
월보,C59-S00-I00-N03,C59,지배자
월보,C59-S00-I00-N03,C59,최대지배자
월보,C59-S00-I00-N03,C59,세계사조
월보,C59-S00-I00-N03,C59,활동
월보,C59-S00-I00-N03,C59,불가
월보,C59-S00-I00-N03,C59,사억현대
월보,C59-S00-I00-N03,C59,지배자
월보,C59-S00-I00-N03,C59,공통
월보,C59-S00-I00-N03,C59,특색
월보,C59-S00-I00-N03,C59,형상
월보,C59-S00-I00-N03,C59,표현
월보,C59-S00-I00-N03,C59,근저
월보,C59-S00-I00-N03,C59,인류
월보,C59-S00-I00-N03,C59,자기
월보,C59-S00-I00-N03,C59,권위
월보,C59-S00-I00-N03,C59,욕망
월보,C59-S00-I00-N03,C59,가치
월보,C59-S00-I00-N03,C59,의식
월보,C59-S00-I00-N03,C59,불과
월보,C59-S00-I00-N03,C59,인류
월보,C59-S00-I00-N03,C59,욕망
월보,C59-S00-I00-N03,C59,가치
월보,C59-S00-I00-N03,C59,의식
월보,C59-S00-I00-N03,C59,자기
월보,C59-S00-I00-N03,C59,권위
월보,C59-S00-I00-N03,C59,의식
월보,C59-S00-I00-N03,C59,인류
월보,C59-S00-I00-N03,C59,자기
월보,C59-S00-I00-N03,C59,개방
월보,C59-S00-I00-N03,C59,방법
월보,C59-S00-I00-N03,C59,견출
월보,C59-S00-I00-N03,C59,필연
월보,C59-S00-I00-N03,C59,결과
월보,C59-S00-I00-N03,C59,원래
월보,C59-S00-I00-N03,C59,자기
월보,C59-S00-I00-N03,C59,해방
월보,C59-S00-I00-N03,C59,기의미
월보,C59-S00-I00-N03,C59,황막
월보,C59-S00-I00-N03,C59,조건
월보,C59-S00-I00-N03,C59,동시
월보,C59-S00-I00-N03,C59,기실행
월보,C59-S00-I00-N03,C59,몽롱
월보,C59-S00-I00-N03,C59,명사
월보,C59-S00-I00-N03,C59,감상
월보,C59-S00-I00-N03,C59,금일
월보,C59-S00-I00-N03,C59,인류사상
월보,C59-S00-I00-N03,C59,점차기몽롱
월보,C59-S00-I00-N03,C59,점차기황막
월보,C59-S00-I00-N03,C59,구획
월보,C59-S00-I00-N03,C59,자기
월보,C59-S00-I00-N03,C59,개성
월보,C59-S00-I00-N03,C59,선점
월보,C59-S00-I00-N03,C59,택선
월보,C59-S00-I00-N03,C59,자기
월보,C59-S00-I00-N03,C59,명백
월보,C59-S00-I00-N03,C59,초점
월보,C59-S00-I00-N03,C59,중심
월보,C59-S00-I00-N03,C59,연장
월보,C59-S00-I00-N03,C59,일종족혹
월보,C59-S00-I00-N03,C59,전사회
월보,C59-S00-I00-N03,C59,표준
월보,C59-S00-I00-N03,C59,피아
월보,C59-S00-I00-N03,C59,공존우열공보주의
월보,C59-S00-I00-N03,C59,기해방
월보,C59-S00-I00-N03,C59,학술문예도덕적
월보,C59-S00-I00-N03,C59,표현
월보,C59-S00-I00-N03,C59,표현
월보,C59-S00-I00-N03,C59,노력
월보,C59-S00-I00-N03,C59,유아즉자아
월보,C59-S00-I00-N03,C59,의식적자유해방
월보,C59-S00-I00-N03,C59,왕양명
월보,C59-S00-I00-N03,C59,산중
월보,C59-S00-I00-N03,C59,심중
월보,C59-S00-I00-N03,C59,도파
월보,C59-S00-I00-N03,C59,명언
월보,C59-S00-I00-N03,C59,개조
월보,C59-S00-I00-N03,C59,개혁
월보,C59-S00-I00-N03,C59,지금기천기백
월보,C59-S00-I00-N03,C59,현금일
월보,C59-S00-I00-N03,C59,인심
월보,C59-S00-I00-N03,C59,개조
월보,C59-S00-I00-N03,C59,필요
월보,C59-S00-I00-N03,C59,취연
월보,C59-S00-I00-N03,C59,진보
월보,C59-S00-I00-N03,C59,現象
월보,C59-S00-I00-N03,C59,소이
월보,C59-S00-I00-N03,C59,억하고
월보,C59-S00-I00-N03,C59,시개자기
월보,C59-S00-I00-N03,C59,개조
월보,C59-S00-I00-N03,C59,사물
월보,C59-S00-I00-N03,C59,개조
월보,C59-S00-I00-N03,C59,유론
월보,C59-S00-I00-N03,C59,물론세
월보,C59-S00-I00-N03,C59,소인
월보,C59-S00-I00-N03,C59,대인
월보,C59-S00-I00-N03,C59,각기한도
월보,C59-S00-I00-N03,C59,범위내
월보,C59-S00-I00-N03,C59,기분
월보,C59-S00-I00-N03,C59,기직
월보,C59-S00-I00-N03,C59,발달
월보,C59-S00-I00-N03,C59,사회
월보,C59-S00-I00-N03,C59,당연
월보,C59-S00-I00-N03,C59,계제
월보,C59-S00-I00-N03,C59,소인
월보,C59-S00-I00-N03,C59,대인
월보,C59-S00-I00-N03,C59,단기사업
월보,C59-S00-I00-N03,C59,성질상
월보,C59-S00-I00-N03,C59,전공적업무
월보,C59-S00-I00-N03,C59,가칭
월보,C59-S00-I00-N03,C59,불과
월보,C59-S00-I00-N03,C59,약기사업상
월보,C59-S00-I00-N03,C59,전정신
월보,C59-S00-I00-N03,C59,원통
월보,C59-S00-I00-N03,C59,일반
월보,C59-S00-I00-N03,C59,보편
월보,C59-S00-I00-N03,C59,수양
월보,C59-S00-I00-N03,C59,즉각자
월보,C59-S00-I00-N03,C59,내부적의식목유
월보,C59-S00-I00-N03,C59,개조
월보,C59-S00-I00-N03,C59,자아
월보,C59-S00-I00-N03,C59,개조
월보,C59-S00-I00-N03,C59,정치
월보,C59-S00-I00-N03,C59,교육
월보,C59-S00-I00-N03,C59,학술문예
월보,C59-S00-I00-N03,C59,종교
월보,C59-S00-I00-N03,C59,도덕
월보,C59-S00-I00-N03,C59,하자
월보,C59-S00-I00-N03,C59,물론
월보,C59-S00-I00-N03,C59,보편필수
월보,C59-S00-I00-N03,C59,법칙
월보,C59-S00-I00-N03,C59,영웅호걸성인군자
월보,C59-S00-I00-N03,C59,상인범부우한천치
월보,C59-S00-I00-N03,C59,공통
월보,C59-S00-I00-N03,C59,진리
월보,C59-S00-I00-N03,C59,자기개방
월보,C59-S00-I00-N03,C59,여사
월보,C59-S00-I00-N03,C59,자기
월보,C59-S00-I00-N03,C59,해방
월보,C59-S00-I00-N03,C59,즉자기
월보,C59-S00-I00-N03,C59,自身
월보,C59-S00-I00-N03,C59,자기
월보,C59-S00-I00-N03,C59,자기
월보,C59-S00-I00-N03,C59,해방
월보,C59-S00-I00-N03,C59,철인주의
월보,C59-S00-I00-N03,C59,불가
월보,C59-S00-I00-N03,C59,오인
월보,C59-S00-I00-N03,C59,자기해방
월보,C59-S00-I00-N03,C59,일절물
월보,C59-S00-I00-N03,C59,해방
월보,C59-S00-I00-N03,C59,자기해방
월보,C59-S00-I00-N03,C59,일절물
월보,C59-S00-I00-N03,C59,해방
월보,C59-S00-I00-N03,C59,철인주의
월보,C59-S00-I00-N03,C59,제일보요
월보,C59-S00-I00-N03,C59,철인주의
월보,C59-S00-I00-N03,C59,제이보
월보,C59-S00-I00-N03,C59,오연
월보,C59-S00-I00-N03,C59,철인주의
월보,C59-S00-I00-N03,C59,과거시대
월보,C59-S00-I00-N03,C59,독전사상
월보,C59-S00-I00-N03,C59,기형적발달
월보,C59-S00-I00-N03,C59,일영웅
월보,C59-S00-I00-N03,C59,만인
월보,C59-S00-I00-N03,C59,전제
월보,C59-S00-I00-N03,C59,일성걸
월보,C59-S00-I00-N03,C59,만민중
월보,C59-S00-I00-N03,C59,독제
월보,C59-S00-I00-N03,C59,일철인
월보,C59-S00-I00-N03,C59,해방
월보,C59-S00-I00-N03,C59,하인
월보,C59-S00-I00-N03,C59,하사
월보,C59-S00-I00-N03,C59,동처필요
월보,C59-S00-I00-N03,C59,고금
월보,C59-S00-I00-N03,C59,불변
월보,C59-S00-I00-N03,C59,법칙
월보,C59-S00-I00-N03,C59,공자
월보,C59-S00-I00-N03,C59,대개
월보,C59-S00-I00-N03,C59,전과
월보,C59-S00-I00-N03,C59,즉자기
월보,C59-S00-I00-N03,C59,물질혹
월보,C59-S00-I00-N03,C59,사욕
월보,C59-S00-I00-N03,C59,노례
월보,C59-S00-I00-N03,C59,의식
월보,C59-S00-I00-N03,C59,해방
월보,C59-S00-I00-N03,C59,정대
월보,C59-S00-I00-N03,C59,理想
월보,C59-S00-I00-N03,C59,진보
월보,C59-S00-I00-N03,C59,색계
월보,C59-S00-I00-N03,C59,침혹
월보,C59-S00-I00-N03,C59,청년
월보,C59-S00-I00-N03,C59,일조서연
월보,C59-S00-I00-N03,C59,각오
월보,C59-S00-I00-N03,C59,기의지
월보,C59-S00-I00-N03,C59,색마
월보,C59-S00-I00-N03,C59,침혹중
월보,C59-S00-I00-N03,C59,증제
월보,C59-S00-I00-N03,C59,목기
월보,C59-S00-I00-N03,C59,해방
월보,C59-S00-I00-N03,C59,우금전
월보,C59-S00-I00-N03,C59,각균
월보,C59-S00-I00-N03,C59,수전노
월보,C59-S00-I00-N03,C59,황연
월보,C59-S00-I00-N03,C59,각오
월보,C59-S00-I00-N03,C59,기신
월보,C59-S00-I00-N03,C59,동취
월보,C59-S00-I00-N03,C59,속박중
월보,C59-S00-I00-N03,C59,해방
월보,C59-S00-I00-N03,C59,자선
월보,C59-S00-I00-N03,C59,종사
월보,C59-S00-I00-N03,C59,천도교회월보
월보,C59-S00-I00-N03,C59,전세계
월보,C59-S00-I00-N03,C59,독보
월보,C59-S00-I00-N03,C59,억조
월보,C59-S00-I00-N03,C59,일철인
월보,C59-S00-I00-N03,C59,비식
월보,C59-S00-I00-N03,C59,기계적
월보,C59-S00-I00-N03,C59,호흡
월보,C59-S00-I00-N03,C59,오인
월보,C59-S00-I00-N03,C59,신철인주의
월보,C59-S00-I00-N03,C59,만인
월보,C59-S00-I00-N03,C59,자기
월보,C59-S00-I00-N03,C59,해방
월보,C59-S00-I00-N03,C59,각자
월보,C59-S00-I00-N03,C59,가치
월보,C59-S00-I00-N03,C59,의식
월보,C59-S00-I00-N03,C59,각자
월보,C59-S00-I00-N03,C59,권위
월보,C59-S00-I00-N03,C59,의식
월보,C59-S00-I00-N03,C59,각자
월보,C59-S00-I00-N03,C59,직업
월보,C59-S00-I00-N03,C59,철저
월보,C59-S00-I00-N03,C59,만인
월보,C59-S00-I00-N03,C59,각자
월보,C59-S00-I00-N03,C59,이해
월보,C59-S00-I00-N03,C59,신종교적의의
월보,C59-S00-I00-N03,C59,출래
월보,C59-S00-I00-N03,C59,종교
월보,C59-S00-I00-N03,C59,각자령성
월보,C59-S00-I00-N03,C59,인내천주의
월보,C59-S00-I00-N03,C59,종교상
월보,C59-S00-I00-N03,C59,도덕상
월보,C59-S00-I00-N03,C59,인주의
월보,C59-S00-I00-N03,C59,신종교
월보,C59-S00-I00-N03,C59,사상
월보,C59-S00-I00-N03,C59,사업상각종방면
월보,C59-S00-I00-N03,C59,발휘
월보,C59-S00-I00-N03,C59,일면
월보,C59-S00-I00-N03,C59,자기
월보,C59-S00-I00-N03,C59,주장
월보,C59-S00-I00-N03,C59,견고
월보,C59-S00-I00-N03,C59,타일면
월보,C59-S00-I00-N03,C59,자연
월보,C59-S00-I00-N03,C59,정복
월보,C59-S00-I00-N03,C59,개척
월보,C59-S00-I00-N03,C59,신인생
월보,C59-S00-I00-N03,C59,신생활
월보,C59-S00-I00-N03,C59,건축
월보,C59-S00-I00-N03,C59,전후금일
월보,C59-S00-I00-N03,C59,부세
월보,C59-S00-I00-N03,C59,장래
월보,C59-S00-I00-N03,C59,예기
월보,C59-S00-I00-N03,C59,신교
월보,C59-S00-I00-N03,C59,신활동
월보,C59-S00-I00-N03,C59,대신사
월보,C59-S00-I00-N03,C59,오교
월보,C59-S00-I00-N03,C59,후천오만년
월보,C59-S00-I00-N03,C59,대종
월보,C59-S00-I00-N03,C59,선언
월보,C59-S00-I00-N03,C59,도리
월보,C59-S00-I00-N03,C59,소식
월보,C59-S00-I00-N03,C59,철인주의
월보,C59-S00-I00-N03,C59,신종교
월보,C59-S00-I00-N03,C59,사상
월보,C59-S00-I00-N03,C59,동경대전
월보,C59-S00-I00-N03,C59,동당거사
월보,C59-S00-I00-N03,C59,논학문
월보,C59-S00-I00-N03,C59,九州
월보,C59-S00-I00-N03,C59,팔방
월보,C59-S00-I00-N03,C59,구성
월보,C60-S00-I00-N01,C60,자기해방
월보,C60-S00-I00-N01,C60,인내천주의리돈화진화론
월보,C60-S00-I00-N01,C60,원조
월보,C60-S00-I00-N01,C60,철학자
월보,C60-S00-I00-N01,C60,일일
월보,C60-S00-I00-N01,C60,적자
월보,C60-S00-I00-N01,C60,생존
월보,C60-S00-I00-N01,C60,불적자
월보,C60-S00-I00-N01,C60,사망
월보,C60-S00-I00-N01,C60,우주보편
월보,C60-S00-I00-N01,C60,법칙
월보,C60-S00-I00-N01,C60,즉적자
월보,C60-S00-I00-N01,C60,생존
월보,C60-S00-I00-N01,C60,불적자
월보,C60-S00-I00-N01,C60,도태
월보,C60-S00-I00-N01,C60,차언일적자
월보,C60-S00-I00-N01,C60,생존보편
월보,C60-S00-I00-N01,C60,법칙
월보,C60-S00-I00-N01,C60,인류
월보,C60-S00-I00-N01,C60,적자
월보,C60-S00-I00-N01,C60,생존
월보,C60-S00-I00-N01,C60,불적자
월보,C60-S00-I00-N01,C60,사망
월보,C60-S00-I00-N01,C60,인류
월보,C60-S00-I00-N01,C60,만약사망시대
월보,C60-S00-I00-N01,C60,기발명
월보,C60-S00-I00-N01,C60,진화적가치
월보,C60-S00-I00-N01,C60,즉소멸
월보,C60-S00-I00-N01,C60,하고
월보,C60-S00-I00-N01,C60,적자
월보,C60-S00-I00-N01,C60,일정불변
월보,C60-S00-I00-N01,C60,법칙
월보,C60-S00-I00-N01,C60,천지만물
월보,C60-S00-I00-N01,C60,기칠
월보,C60-S00-I00-N01,C60,소종
월보,C60-S00-I00-N01,C60,대저시대
월보,C60-S00-I00-N01,C60,세력
월보,C60-S00-I00-N01,C60,만물
월보,C60-S00-I00-N01,C60,적자
월보,C60-S00-I00-N01,C60,창공
월보,C60-S00-I00-N01,C60,대붕
월보,C60-S00-I00-N01,C60,산천
월보,C60-S00-I00-N01,C60,초목화훼
월보,C60-S00-I00-N01,C60,적자
월보,C60-S00-I00-N01,C60,천도교회월보즉신대인류
월보,C60-S00-I00-N01,C60,보통적적자
월보,C60-S00-I00-N01,C60,만리만상일
월보,C60-S00-I00-N01,C60,신발명
월보,C60-S00-I00-N01,C60,타적자
월보,C60-S00-I00-N01,C60,가치
월보,C60-S00-I00-N01,C60,무기적
월보,C60-S00-I00-N01,C60,진화
월보,C60-S00-I00-N01,C60,기발명
월보,C60-S00-I00-N01,C60,기타
월보,C60-S00-I00-N01,C60,무기적
월보,C60-S00-I00-N01,C60,사즉신인류
월보,C60-S00-I00-N01,C60,보통적적자
월보,C60-S00-I00-N01,C60,창조
월보,C60-S00-I00-N01,C60,창조
월보,C60-S00-I00-N01,C60,방법
월보,C60-S00-I00-N01,C60,지도지
월보,C60-S00-I00-N01,C60,오인
월보,C60-S00-I00-N01,C60,오의
월보,C60-S00-I00-N01,C60,무기적
월보,C60-S00-I00-N01,C60,자연계
월보,C60-S00-I00-N01,C60,전개
월보,C60-S00-I00-N01,C60,인류
월보,C60-S00-I00-N01,C60,사업
월보,C60-S00-I00-N01,C60,경신
월보,C60-S00-I00-N01,C60,기전
월보,C60-S00-I00-N01,C60,적자
월보,C60-S00-I00-N01,C60,기전
월보,C60-S00-I00-N01,C60,지자
월보,C60-S00-I00-N01,C60,생존상
월보,C60-S00-I00-N01,C60,적자
월보,C60-S00-I00-N01,C60,기전
월보,C60-S00-I00-N01,C60,각시대
월보,C60-S00-I00-N01,C60,진화
월보,C60-S00-I00-N01,C60,불동
월보,C60-S00-I00-N01,C60,적자
월보,C60-S00-I00-N01,C60,전자
월보,C60-S00-I00-N02,C60,적자
월보,C60-S00-I00-N02,C60,암괴
월보,C60-S00-I00-N02,C60,전자
월보,C60-S00-I00-N02,C60,시대
월보,C60-S00-I00-N02,C60,시대
월보,C60-S00-I00-N02,C60,고사
월보,C60-S00-I00-N02,C60,시대
월보,C60-S00-I00-N02,C60,신진대사
월보,C60-S00-I00-N02,C60,시대
월보,C60-S00-I00-N02,C60,신진대사고사
월보,C60-S00-I00-N02,C60,진보
월보,C60-S00-I00-N02,C60,대개일신
월보,C60-S00-I00-N02,C60,자기해방
월보,C60-S00-I00-N02,C60,인내천주의불적자
월보,C60-S00-I00-N02,C60,사활
월보,C60-S00-I00-N02,C60,의의
월보,C60-S00-I00-N02,C60,의의
월보,C60-S00-I00-N02,C60,의의
월보,C60-S00-I00-N02,C60,의의
월보,C60-S00-I00-N02,C60,연대전
월보,C60-S00-I00-N02,C60,의미
월보,C60-S00-I00-N02,C60,관용어
월보,C60-S00-I00-N02,C60,세계문
월보,C60-S00-I00-N02,C60,역사적세계적세계대전
월보,C60-S00-I00-N02,C60,신시대
월보,C60-S00-I00-N02,C60,분명전개조
월보,C60-S00-I00-N02,C60,신시대
월보,C60-S00-I00-N02,C60,개시
월보,C60-S00-I00-N02,C60,개조
월보,C60-S00-I00-N02,C60,오인
월보,C60-S00-I00-N02,C60,개조
월보,C60-S00-I00-N02,C60,대전
월보,C60-S00-I00-N02,C60,민족
월보,C60-S00-I00-N02,C60,보문문제이계급투쟁
월보,C60-S00-I00-N02,C60,대전이대공포
월보,C60-S00-I00-N02,C60,대전이
월보,C60-S00-I00-N02,C60,대전이
월보,C60-S00-I00-N02,C60,오인
월보,C60-S00-I00-N02,C60,대전이
월보,C60-S00-I00-N02,C60,대전이계급투쟁
월보,C60-S00-I00-N02,C60,대공포
월보,C60-S00-I00-N02,C60,문제등
월보,C60-S00-I00-N02,C60,천도교회월보세계전도세계혁신
월보,C60-S00-I00-N02,C60,세계
월보,C60-S00-I00-N02,C60,과도기
월보,C60-S00-I00-N02,C60,초기
월보,C60-S00-I00-N02,C60,개조
월보,C60-S00-I00-N02,C60,초기
월보,C60-S00-I00-N02,C60,개조
월보,C60-S00-I00-N02,C60,제일보
월보,C60-S00-I00-N02,C60,무론
월보,C60-S00-I00-N02,C60,무론불평
월보,C60-S00-I00-N02,C60,파괴
월보,C60-S00-I00-N02,C60,불가
월보,C60-S00-I00-N02,C60,무론
월보,C60-S00-I00-N02,C60,종래미래
월보,C60-S00-I00-N02,C60,과도기개조
월보,C60-S00-I00-N02,C60,초기
월보,C60-S00-I00-N02,C60,정치개조
월보,C60-S00-I00-N02,C60,경제개조
월보,C60-S00-I00-N02,C60,파괴
월보,C60-S00-I00-N02,C60,신산
월보,C60-S00-I00-N02,C60,파괴
월보,C60-S00-I00-N02,C60,신산
월보,C60-S00-I00-N02,C60,건설
월보,C60-S00-I00-N02,C60,요공
월보,C60-S00-I00-N02,C60,자기해방
월보,C60-S00-I00-N02,C60,인내천주의사인
월보,C60-S00-I00-N02,C60,사회
월보,C60-S00-I00-N02,C60,동물
월보,C60-S00-I00-N02,C60,문제
월보,C60-S00-I00-N02,C60,사회적동물
월보,C60-S00-I00-N02,C60,동물
월보,C60-S00-I00-N02,C60,대부분
월보,C60-S00-I00-N02,C60,동물
월보,C60-S00-I00-N02,C60,구분
월보,C60-S00-I00-N02,C60,동물
월보,C60-S00-I00-N02,C60,대부분
월보,C60-S00-I00-N02,C60,구분
월보,C60-S00-I00-N02,C60,경찰제도
월보,C60-S00-I00-N02,C60,농업회
월보,C60-S00-I00-N02,C60,윤리가
월보,C60-S00-I00-N02,C60,일종
월보,C60-S00-I00-N02,C60,통령
월보,C60-S00-I00-N02,C60,통령
월보,C60-S00-I00-N02,C60,단사회적동물
월보,C60-S00-I00-N02,C60,인류
월보,C60-S00-I00-N02,C60,생활
월보,C60-S00-I00-N02,C60,유합
월보,C60-S00-I00-N02,C60,사회
월보,C60-S00-I00-N02,C60,즉피등
월보,C60-S00-I00-N02,C60,생활
월보,C60-S00-I00-N02,C60,방향
월보,C60-S00-I00-N02,C60,천도교회월보환언
월보,C60-S00-I00-N02,C60,피등
월보,C60-S00-I00-N02,C60,생활
월보,C60-S00-I00-N02,C60,유유
월보,C60-S00-I00-N02,C60,선천
월보,C60-S00-I00-N02,C60,본능
월보,C60-S00-I00-N02,C60,자연
월보,C60-S00-I00-N02,C60,지배
월보,C60-S00-I00-N02,C60,자연
월보,C60-S00-I00-N02,C60,지배
월보,C60-S00-I00-N02,C60,오자기해방자기해방
월보,C60-S00-I00-N02,C60,인류
월보,C60-S00-I00-N02,C60,생활
월보,C60-S00-I00-N02,C60,선천적
월보,C60-S00-I00-N02,C60,본능
월보,C60-S00-I00-N02,C60,지배
월보,C60-S00-I00-N02,C60,자유차
월보,C60-S00-I00-N02,C60,선천본능
월보,C60-S00-I00-N02,C60,월진동
월보,C60-S00-I00-N02,C60,자기해방
월보,C60-S00-I00-N02,C60,선천본능
월보,C60-S00-I00-N02,C60,지배
월보,C60-S00-I00-N02,C60,동물
월보,C60-S00-I00-N02,C60,동물학자
월보,C60-S00-I00-N02,C60,보고
월보,C60-S00-I00-N02,C60,월진동
월보,C60-S00-I00-N02,C60,오자기해방자유의지
월보,C60-S00-I00-N02,C60,자기해방
월보,C60-S00-I00-N02,C60,인류
월보,C60-S00-I00-N02,C60,생활
월보,C60-S00-I00-N02,C60,선천적
월보,C60-S00-I00-N02,C60,본능
월보,C60-S00-I00-N02,C60,지배
월보,C60-S00-I00-N02,C60,자유월진동
월보,C60-S00-I00-N02,C60,자기해방
월보,C60-S00-I00-N02,C60,월진동
월보,C60-S00-I00-N02,C60,자기해방
월보,C60-S00-I00-N02,C60,인내천주의자기해방
월보,C60-S00-I00-N02,C60,제이
월보,C60-S00-I00-N02,C60,자유
월보,C60-S00-I00-N02,C60,해방
월보,C60-S00-I00-N02,C60,제이단
월보,C60-S00-I00-N02,C60,자유
월보,C60-S00-I00-N02,C60,왕양명
월보,C60-S00-I00-N02,C60,학문
월보,C60-S00-I00-N02,C60,무타
월보,C60-S00-I00-N02,C60,오인
월보,C60-S00-I00-N02,C60,의의
월보,C60-S00-I00-N02,C60,해방
월보,C60-S00-I00-N02,C60,맹자
월보,C60-S00-I00-N02,C60,산중
월보,C60-S00-I00-N02,C60,심중
월보,C60-S00-I00-N03,C60,자기
월보,C60-S00-I00-N03,C60,자유
월보,C60-S00-I00-N03,C60,용역
월보,C60-S00-I00-N03,C60,하고
월보,C60-S00-I00-N03,C60,정신
월보,C60-S00-I00-N03,C60,실패
월보,C60-S00-I00-N03,C60,인류
월보,C60-S00-I00-N03,C60,의지
월보,C60-S00-I00-N03,C60,자주자립
월보,C60-S00-I00-N03,C60,경유
월보,C60-S00-I00-N03,C60,실패
월보,C60-S00-I00-N03,C60,인류
월보,C60-S00-I00-N03,C60,의지
월보,C60-S00-I00-N03,C60,자주자립
월보,C60-S00-I00-N03,C60,실패
월보,C60-S00-I00-N03,C60,천도교회월보
월보,C60-S00-I00-N03,C60,학문
월보,C60-S00-I00-N03,C60,노례
월보,C60-S00-I00-N03,C60,자유
월보,C60-S00-I00-N03,C60,주조선
월보,C60-S00-I00-N03,C60,노례
월보,C60-S00-I00-N03,C60,이리
월보,C60-S00-I00-N03,C60,자유의지
월보,C60-S00-I00-N03,C60,노례
월보,C60-S00-I00-N03,C60,자유중
월보,C60-S00-I00-N03,C60,박석수석도영
월보,C60-S00-I00-N03,C60,노례일반
월보,C60-S00-I00-N03,C60,시세계
월보,C60-S00-I00-N03,C60,상식
월보,C60-S00-I00-N03,C60,본교
월보,C60-S00-I00-N03,C60,노례
월보,C60-S00-I00-N03,C60,본교
월보,C60-S00-I00-N03,C60,미완
월보,C60-S00-I00-N03,C60,천도교
월보,C61-S00-I00-N01,C61,자기해방
월보,C61-S00-I00-N01,C61,인내천주의
월보,C61-S00-I00-N01,C61,속리돈화
월보,C61-S00-I00-N01,C61,자기해방
월보,C61-S00-I00-N01,C61,내부
월보,C61-S00-I00-N01,C61,외부
월보,C61-S00-I00-N01,C61,객관적해방
월보,C61-S00-I00-N01,C61,타일
월보,C61-S00-I00-N01,C61,주관적
월보,C61-S00-I00-N01,C61,객관적해방
월보,C61-S00-I00-N01,C61,순수일물질
월보,C61-S00-I00-N01,C61,의식주해방
월보,C61-S00-I00-N01,C61,무방
월보,C61-S00-I00-N01,C61,대개
월보,C61-S00-I00-N01,C61,경제적자유
월보,C61-S00-I00-N01,C61,오인
월보,C61-S00-I00-N01,C61,경제적자유
월보,C61-S00-I00-N01,C61,개인급사회
월보,C61-S00-I00-N01,C61,국가
월보,C61-S00-I00-N01,C61,존재
월보,C61-S00-I00-N01,C61,도득
월보,C61-S00-I00-N01,C61,만일
월보,C61-S00-I00-N01,C61,경제적자유
월보,C61-S00-I00-N01,C61,불완전
월보,C61-S00-I00-N01,C61,천연
월보,C61-S00-I00-N01,C61,물질박
월보,C61-S00-I00-N01,C61,주관적자유
월보,C61-S00-I00-N01,C61,기도
월보,C61-S00-I00-N01,C61,수일의지
월보,C61-S00-I00-N01,C61,해방
월보,C61-S00-I00-N01,C61,인간
월보,C61-S00-I00-N01,C61,역사
월보,C61-S00-I00-N01,C61,안전
월보,C61-S00-I00-N01,C61,전개
월보,C61-S00-I00-N01,C61,소이래
월보,C61-S00-I00-N01,C61,추고
월보,C61-S00-I00-N01,C61,인류
월보,C61-S00-I00-N01,C61,경제
월보,C61-S00-I00-N01,C61,자유
월보,C61-S00-I00-N01,C61,욕구
월보,C61-S00-I00-N01,C61,금일
월보,C61-S00-I00-N01,C61,찬란
월보,C61-S00-I00-N01,C61,문명
월보,C61-S00-I00-N01,C61,각득
월보,C61-S00-I00-N01,C61,과언
월보,C61-S00-I00-N01,C61,자일
월보,C61-S00-I00-N01,C61,이피서양
월보,C61-S00-I00-N01,C61,십팔세기
월보,C61-S00-I00-N01,C61,상공자본계급
월보,C61-S00-I00-N01,C61,봉건시대
월보,C61-S00-I00-N01,C61,전래
월보,C61-S00-I00-N01,C61,전통적특권
월보,C61-S00-I00-N01,C61,귀족급황족
월보,C61-S00-I00-N01,C61,계급적해방
월보,C61-S00-I00-N01,C61,요구
월보,C61-S00-I00-N01,C61,운동
월보,C61-S00-I00-N01,C61,사증일반권세
월보,C61-S00-I00-N01,C61,제삼계급즉상공자본계급
월보,C61-S00-I00-N01,C61,운동
월보,C61-S00-I00-N01,C61,자기해방
월보,C61-S00-I00-N01,C61,인내천주의원
월보,C61-S00-I00-N01,C61,태초원인
월보,C61-S00-I00-N01,C61,목식생활
월보,C61-S00-I00-N01,C61,일보
월보,C61-S00-I00-N01,C61,어렵생활
월보,C61-S00-I00-N01,C61,어렵생활
월보,C61-S00-I00-N01,C61,농업
월보,C61-S00-I00-N01,C61,농업생활
월보,C61-S00-I00-N01,C61,우일층상공
월보,C61-S00-I00-N01,C61,발달
월보,C61-S00-I00-N01,C61,촉진
월보,C61-S00-I00-N01,C61,소이
월보,C61-S00-I00-N01,C61,욕구
월보,C61-S00-I00-N01,C61,충일
월보,C61-S00-I00-N01,C61,경제적자유실구
월보,C61-S00-I00-N01,C61,천도교회월보연
월보,C61-S00-I00-N01,C61,십구세기
월보,C61-S00-I00-N01,C61,형세
월보,C61-S00-I00-N01,C61,일변
월보,C61-S00-I00-N01,C61,석일피지배자
월보,C61-S00-I00-N01,C61,지위
월보,C61-S00-I00-N01,C61,획득
월보,C61-S00-I00-N01,C61,자본주의
월보,C61-S00-I00-N01,C61,세계시장
월보,C61-S00-I00-N01,C61,독점
월보,C61-S00-I00-N01,C61,고의
월보,C61-S00-I00-N01,C61,금일
월보,C61-S00-I00-N01,C61,상공자산
월보,C61-S00-I00-N01,C61,계급
월보,C61-S00-I00-N01,C61,제사계급
월보,C61-S00-I00-N01,C61,즉금일
월보,C61-S00-I00-N01,C61,노동계급
월보,C61-S00-I00-N01,C61,자유
월보,C61-S00-I00-N01,C61,요구
월보,C61-S00-I00-N01,C61,기요구
월보,C61-S00-I00-N01,C61,기로동문제
월보,C61-S00-I00-N01,C61,진시다수인민
월보,C61-S00-I00-N01,C61,경제적자유요구
월보,C61-S00-I00-N01,C61,결과
월보,C61-S00-I00-N01,C61,금일세계
월보,C61-S00-I00-N01,C61,유일
월보,C61-S00-I00-N01,C61,대문제
월보,C61-S00-I00-N01,C61,의식주
월보,C61-S00-I00-N01,C61,해방
월보,C61-S00-I00-N01,C61,철저
월보,C61-S00-I00-N01,C61,불외
월보,C61-S00-I00-N01,C61,석자
월보,C61-S00-I00-N01,C61,야소
월보,C61-S00-I00-N01,C61,인간생활
월보,C61-S00-I00-N01,C61,금수
월보,C61-S00-I00-N01,C61,식욕
월보,C61-S00-I00-N01,C61,생만족
월보,C61-S00-I00-N01,C61,면포이상
월보,C61-S00-I00-N01,C61,혹물
월보,C61-S00-I00-N01,C61,획득
월보,C61-S00-I00-N01,C61,인생
월보,C61-S00-I00-N01,C61,진의미
월보,C61-S00-I00-N01,C61,면포이상
월보,C61-S00-I00-N01,C61,혹물
월보,C61-S00-I00-N01,C61,면포
월보,C61-S00-I00-N01,C61,평균분배
월보,C61-S00-I00-N01,C61,의미
월보,C61-S00-I00-N01,C61,만약
월보,C61-S00-I00-N01,C61,세계
월보,C61-S00-I00-N01,C61,면포
월보,C61-S00-I00-N01,C61,불평균
월보,C61-S00-I00-N01,C61,일방
월보,C61-S00-I00-N01,C61,금의옥식
월보,C61-S00-I00-N01,C61,포사자
월보,C61-S00-I00-N01,C61,동시
월보,C61-S00-I00-N01,C61,타일방
월보,C61-S00-I00-N01,C61,자출래
월보,C61-S00-I00-N01,C61,인인군자
월보,C61-S00-I00-N01,C61,묵시
월보,C61-S00-I00-N01,C61,야소
월보,C61-S00-I00-N01,C61,면포
월보,C61-S00-I00-N01,C61,자기
월보,C61-S00-I00-N01,C61,신화
월보,C61-S00-I00-N01,C61,제조
월보,C61-S00-I00-N01,C61,도제
월보,C61-S00-I00-N01,C61,평균분배
월보,C61-S00-I00-N01,C61,관념
월보,C61-S00-I00-N01,C61,야소
월보,C61-S00-I00-N01,C61,정치
월보,C61-S00-I00-N01,C61,구극목적
월보,C61-S00-I00-N01,C61,윤리
월보,C61-S00-I00-N01,C61,구경목적
월보,C61-S00-I00-N01,C61,해월신사
월보,C61-S00-I00-N01,C61,도제
월보,C61-S00-I00-N01,C61,만사
월보,C61-S00-I00-N01,C61,식일완
월보,C61-S00-I00-N01,C61,야소
월보,C61-S00-I00-N01,C61,비교대조
월보,C61-S00-I00-N01,C61,주니전양
월보,C61-S00-I00-N02,C61,전자
월보,C61-S00-I00-N02,C61,면포
월보,C61-S00-I00-N02,C61,후자
월보,C61-S00-I00-N02,C61,식일완
월보,C61-S00-I00-N02,C61,만사
월보,C61-S00-I00-N02,C61,야소
월보,C61-S00-I00-N02,C61,정신적
월보,C61-S00-I00-N02,C61,신사
월보,C61-S00-I00-N02,C61,식욕적
월보,C61-S00-I00-N02,C61,만사
월보,C61-S00-I00-N02,C61,야소
월보,C61-S00-I00-N02,C61,정신
월보,C61-S00-I00-N02,C61,신사
월보,C61-S00-I00-N02,C61,정신
월보,C61-S00-I00-N02,C61,물질
월보,C61-S00-I00-N02,C61,양자
월보,C61-S00-I00-N02,C61,구극해석
월보,C61-S00-I00-N02,C61,동일
월보,C61-S00-I00-N02,C61,결과
월보,C61-S00-I00-N02,C61,낙착
월보,C61-S00-I00-N02,C61,즉야소
월보,C61-S00-I00-N02,C61,물질
월보,C61-S00-I00-N02,C61,신사
월보,C61-S00-I00-N02,C61,물질
월보,C61-S00-I00-N02,C61,정신
월보,C61-S00-I00-N02,C61,즉신사
월보,C61-S00-I00-N02,C61,영육일치
월보,C61-S00-I00-N02,C61,불천
월보,C61-S00-I00-N02,C61,존귀
월보,C61-S00-I00-N02,C61,정유십월
월보,C61-S00-I00-N02,C61,신사
월보,C61-S00-I00-N02,C61,식고
월보,C61-S00-I00-N02,C61,도제
월보,C61-S00-I00-N02,C61,一節
월보,C61-S00-I00-N02,C61,만물
월보,C61-S00-I00-N02,C61,만물
월보,C61-S00-I00-N02,C61,만물
월보,C61-S00-I00-N02,C61,만물중최령
월보,C61-S00-I00-N02,C61,자기해방
월보,C61-S00-I00-N02,C61,인내천주의
월보,C61-S00-I00-N02,C61,만물
월보,C61-S00-I00-N02,C61,주인
월보,C61-S00-I00-N02,C61,백곡
월보,C61-S00-I00-N02,C61,자양
월보,C61-S00-I00-N02,C61,기령력
월보,C61-S00-I00-N02,C61,발달
월보,C61-S00-I00-N02,C61,백곡
월보,C61-S00-I00-N02,C61,천지
월보,C61-S00-I00-N02,C61,차천지
월보,C61-S00-I00-N02,C61,기체
월보,C61-S00-I00-N02,C61,기정신
월보,C61-S00-I00-N02,C61,건전
월보,C61-S00-I00-N02,C61,고어
월보,C61-S00-I00-N02,C61,과언
월보,C61-S00-I00-N02,C61,이천식천적주의하
월보,C61-S00-I00-N02,C61,오도
월보,C61-S00-I00-N02,C61,기신
월보,C61-S00-I00-N02,C61,적당
월보,C61-S00-I00-N02,C61,자양
월보,C61-S00-I00-N02,C61,동시
월보,C61-S00-I00-N02,C61,만병
월보,C61-S00-I00-N02,C61,화복
월보,C61-S00-I00-N02,C61,오인
월보,C61-S00-I00-N02,C61,영육일치상주의
월보,C61-S00-I00-N02,C61,해방즉의식주
월보,C61-S00-I00-N02,C61,해방
월보,C61-S00-I00-N02,C61,현대인심
월보,C61-S00-I00-N02,C61,인내천주의
월보,C61-S00-I00-N02,C61,우연
월보,C61-S00-I00-N02,C61,삼원래
월보,C61-S00-I00-N02,C61,인내천주의
월보,C61-S00-I00-N02,C61,정신적
월보,C61-S00-I00-N02,C61,동일
월보,C61-S00-I00-N02,C61,의미
월보,C61-S00-I00-N02,C61,평등혹
월보,C61-S00-I00-N02,C61,자유
월보,C61-S00-I00-N02,C61,정의정도
월보,C61-S00-I00-N02,C61,기의의
월보,C61-S00-I00-N02,C61,포용
월보,C61-S00-I00-N02,C61,즉인내천
월보,C61-S00-I00-N02,C61,일절인류
월보,C61-S00-I00-N02,C61,권리
월보,C61-S00-I00-N02,C61,의무
월보,C61-S00-I00-N02,C61,세력
월보,C61-S00-I00-N02,C61,일치
월보,C61-S00-I00-N02,C61,理想
월보,C61-S00-I00-N02,C61,하자
월보,C61-S00-I00-N02,C61,물론
월보,C61-S00-I00-N02,C61,유일도의체충
월보,C61-S00-I00-N02,C61,공애공보
월보,C61-S00-I00-N02,C61,경계
월보,C61-S00-I00-N02,C61,완전
월보,C61-S00-I00-N02,C61,사회
월보,C61-S00-I00-N02,C61,일이혹
월보,C61-S00-I00-N02,C61,일이하
월보,C61-S00-I00-N02,C61,假定
월보,C61-S00-I00-N02,C61,다수
월보,C61-S00-I00-N02,C61,행복
월보,C61-S00-I00-N02,C61,표준
월보,C61-S00-I00-N02,C61,법률
월보,C61-S00-I00-N02,C61,영원
월보,C61-S00-I00-N02,C61,경험
월보,C61-S00-I00-N02,C61,득래
월보,C61-S00-I00-N02,C61,최상
월보,C61-S00-I00-N02,C61,경험
월보,C61-S00-I00-N02,C61,법률
월보,C61-S00-I00-N02,C61,강자건자
월보,C61-S00-I00-N02,C61,以上
월보,C61-S00-I00-N02,C61,약자병자
월보,C61-S00-I00-N02,C61,일이하
월보,C61-S00-I00-N02,C61,천연
월보,C61-S00-I00-N02,C61,원칙
월보,C61-S00-I00-N02,C61,만약
월보,C61-S00-I00-N02,C61,일이상혹
월보,C61-S00-I00-N02,C61,일이하
월보,C61-S00-I00-N02,C61,오인
월보,C61-S00-I00-N02,C61,실제문제
월보,C61-S00-I00-N02,C61,의식주
월보,C61-S00-I00-N02,C61,해방
월보,C61-S00-I00-N02,C61,차주의하
월보,C61-S00-I00-N02,C61,해결
월보,C61-S00-I00-N02,C61,세계인류
월보,C61-S00-I00-N02,C61,공통
월보,C61-S00-I00-N02,C61,인내천주의
월보,C61-S00-I00-N02,C61,신앙
월보,C61-S00-I00-N02,C61,권리
월보,C61-S00-I00-N02,C61,평균
월보,C61-S00-I00-N02,C61,의무
월보,C61-S00-I00-N02,C61,일치
월보,C61-S00-I00-N02,C61,세력
월보,C61-S00-I00-N02,C61,공보
월보,C61-S00-I00-N02,C61,세계
월보,C61-S00-I00-N02,C61,기서기
월보,C61-S00-I00-N02,C61,사연
월보,C61-S00-I00-N02,C61,오인
월보,C61-S00-I00-N02,C61,일대각오
월보,C61-S00-I00-N02,C61,상술
월보,C61-S00-I00-N02,C61,즉객관적해방
월보,C61-S00-I00-N02,C61,원만
월보,C61-S00-I00-N02,C61,각득
월보,C61-S00-I00-N02,C61,주관적해
월보,C61-S00-I00-N02,C61,천도교회월보방기구
월보,C61-S00-I00-N02,C61,불가
월보,C61-S00-I00-N02,C61,시오인
월보,C61-S00-I00-N02,C61,내부수양
월보,C61-S00-I00-N02,C61,절대
월보,C61-S00-I00-N02,C61,소이
월보,C61-S00-I00-N02,C61,대개일개인
월보,C61-S00-I00-N02,C61,사회
월보,C61-S00-I00-N02,C61,물론
월보,C61-S00-I00-N02,C61,개인
월보,C61-S00-I00-N02,C61,자연인즉신체
월보,C61-S00-I00-N02,C61,부속
월보,C61-S00-I00-N02,C61,제반현상
월보,C61-S00-I00-N02,C61,외인
월보,C61-S00-I00-N02,C61,정신적인격즉심법
월보,C61-S00-I00-N02,C61,부속
월보,C61-S00-I00-N02,C61,제반현상
월보,C61-S00-I00-N02,C61,내인
월보,C61-S00-I00-N02,C61,고인
월보,C61-S00-I00-N02,C61,후패
월보,C61-S00-I00-N02,C61,내인
월보,C61-S00-I00-N02,C61,오인
월보,C61-S00-I00-N02,C61,내인
월보,C61-S00-I00-N02,C61,수양
월보,C61-S00-I00-N02,C61,목적
월보,C61-S00-I00-N02,C61,외인
월보,C61-S00-I00-N02,C61,형식
월보,C61-S00-I00-N02,C61,개량
월보,C61-S00-I00-N02,C61,요원
월보,C61-S00-I00-N02,C61,오등
월보,C61-S00-I00-N02,C61,신체즉외인
월보,C61-S00-I00-N02,C61,관계즉질병
월보,C61-S00-I00-N02,C61,침릉성
월보,C61-S00-I00-N02,C61,구속
월보,C61-S00-I00-N02,C61,차속박
월보,C61-S00-I00-N02,C61,증우
월보,C61-S00-I00-N02,C61,자기
월보,C61-S00-I00-N02,C61,구제
월보,C61-S00-I00-N02,C61,불가
월보,C61-S00-I00-N02,C61,원래
월보,C61-S00-I00-N02,C61,내인
월보,C61-S00-I00-N02,C61,무형
월보,C61-S00-I00-N02,C61,속박
월보,C61-S00-I00-N02,C61,무형
월보,C61-S00-I00-N02,C61,구속
월보,C61-S00-I00-N02,C61,약초중
월보,C61-S00-I00-N02,C61,감초중
월보,C61-S00-I00-N02,C61,자기
월보,C61-S00-I00-N02,C61,정신적속박
월보,C61-S00-I00-N02,C61,속박
월보,C61-S00-I00-N02,C61,보통
월보,C61-S00-I00-N02,C61,기속박
월보,C61-S00-I00-N02,C61,불득이
월보,C61-S00-I00-N02,C61,일생
월보,C61-S00-I00-N02,C61,고뇌
월보,C61-S00-I00-N02,C61,생래
월보,C61-S00-I00-N02,C61,구속
월보,C61-S00-I00-N02,C61,자기
월보,C61-S00-I00-N02,C61,정신적속박
월보,C61-S00-I00-N02,C61,시비
월보,C61-S00-I00-N02,C61,변별
월보,C61-S00-I00-N02,C61,곡직
월보,C61-S00-I00-N02,C61,좌우
월보,C61-S00-I00-N02,C61,판단
월보,C61-S00-I00-N02,C61,기인습
월보,C61-S00-I00-N02,C61,습관
월보,C61-S00-I00-N02,C61,일생
월보,C61-S00-I00-N02,C61,해탈
월보,C61-S00-I00-N02,C61,경애
월보,C61-S00-I00-N02,C61,애매
월보,C61-S00-I00-N02,C61,가두
월보,C61-S00-I00-N02,C61,배회방황
월보,C61-S00-I00-N02,C61,영국대철
월보,C61-S00-I00-N02,C61,엄굴우상
월보,C61-S00-I00-N02,C61,최대병통
월보,C61-S00-I00-N02,C61,엄굴우상
월보,C61-S00-I00-N02,C61,즉인
월보,C61-S00-I00-N02,C61,관습
월보,C61-S00-I00-N02,C61,구속
월보,C61-S00-I00-N02,C61,엄굴
월보,C61-S00-I00-N02,C61,피수
월보,C61-S00-I00-N02,C61,선인
월보,C61-S00-I00-N02,C61,외계
월보,C61-S00-I00-N02,C61,애매
월보,C61-S00-I00-N02,C61,해탈
월보,C61-S00-I00-N02,C61,묘경
월보,C61-S00-I00-N02,C61,과연
월보,C61-S00-I00-N02,C61,정신적속박중
월보,C61-S00-I00-N02,C61,구습
월보,C61-S00-I00-N02,C61,구니
월보,C61-S00-I00-N02,C61,비열차고루
월보,C61-S00-I00-N02,C61,종교상신앙
월보,C61-S00-I00-N02,C61,엄굴
월보,C61-S00-I00-N02,C61,피수
월보,C61-S00-I00-N02,C61,선인
월보,C61-S00-I00-N02,C61,종교상신앙
월보,C61-S00-I00-N02,C61,기반
월보,C61-S00-I00-N02,C61,격렬
월보,C61-S00-I00-N02,C61,종교
월보,C61-S00-I00-N02,C61,종교
월보,C61-S00-I00-N02,C61,이단
월보,C61-S00-I00-N02,C61,사교
월보,C61-S00-I00-N02,C61,엄굴우상
월보,C61-S00-I00-N02,C61,소이
월보,C61-S00-I00-N02,C61,아랄백토인
월보,C61-S00-I00-N02,C61,토추
월보,C61-S00-I00-N02,C61,제조
월보,C61-S00-I00-N02,C61,불상
월보,C61-S00-I00-N02,C61,항상
월보,C61-S00-I00-N02,C61,회중
월보,C61-S00-I00-N02,C61,여행중
월보,C61-S00-I00-N02,C61,이교
월보,C61-S00-I00-N02,C61,자기해방
월보,C61-S00-I00-N02,C61,인내천주의도
월보,C61-S00-I00-N02,C61,파희
월보,C61-S00-I00-N02,C61,파괴
월보,C61-S00-I00-N02,C61,인습
월보,C61-S00-I00-N02,C61,이교도
월보,C61-S00-I00-N02,C61,피살
월보,C61-S00-I00-N02,C61,인습
월보,C61-S00-I00-N02,C61,구속
월보,C61-S00-I00-N02,C61,만약기토인
월보,C61-S00-I00-N02,C61,자기
월보,C61-S00-I00-N02,C61,자조
월보,C61-S00-I00-N02,C61,불상
월보,C61-S00-I00-N02,C61,제조
월보,C61-S00-I00-N02,C61,소이
월보,C61-S00-I00-N02,C61,고상
월보,C61-S00-I00-N02,C61,신앙
월보,C61-S00-I00-N02,C61,인습
월보,C61-S00-I00-N02,C61,투습
월보,C61-S00-I00-N02,C61,기희
월보,C61-S00-I00-N02,C61,미국대통령림공
월보,C61-S00-I00-N02,C61,노례해방
월보,C61-S00-I00-N02,C61,단행
월보,C61-S00-I00-N02,C61,공적
월보,C61-S00-I00-N02,C61,세계금일
월보,C61-S00-I00-N02,C61,대공적
월보,C61-S00-I00-N02,C61,오인
월보,C61-S00-I00-N02,C61,항상
월보,C61-S00-I00-N02,C61,찬양불기
월보,C61-S00-I00-N02,C61,가련가석
월보,C61-S00-I00-N02,C61,자기
월보,C61-S00-I00-N02,C61,천부
월보,C61-S00-I00-N02,C61,신체급정신
월보,C61-S00-I00-N02,C61,자용
월보,C61-S00-I00-N02,C61,노례적생활
월보,C61-S00-I00-N03,C61,만일육체
월보,C61-S00-I00-N03,C61,노례
월보,C61-S00-I00-N03,C61,가련
월보,C61-S00-I00-N03,C61,자기
월보,C61-S00-I00-N03,C61,정신
월보,C61-S00-I00-N03,C61,자기
월보,C61-S00-I00-N03,C61,자기
월보,C61-S00-I00-N03,C61,노례
월보,C61-S00-I00-N03,C61,자조
월보,C61-S00-I00-N03,C61,가련
월보,C61-S00-I00-N03,C61,인습
월보,C61-S00-I00-N03,C61,배회
월보,C61-S00-I00-N03,C61,악습
월보,C61-S00-I00-N03,C61,구니
월보,C61-S00-I00-N03,C61,도배
월보,C61-S00-I00-N03,C61,신문화
월보,C61-S00-I00-N03,C61,배척
월보,C61-S00-I00-N03,C61,신각성
월보,C61-S00-I00-N03,C61,몰체
월보,C61-S00-I00-N03,C61,태고
월보,C61-S00-I00-N03,C61,이구
월보,C61-S00-I00-N03,C61,자득
월보,C61-S00-I00-N03,C61,오인
월보,C61-S00-I00-N03,C61,인습
월보,C61-S00-I00-N03,C61,노례
월보,C61-S00-I00-N03,C61,자작
월보,C61-S00-I00-N03,C61,고조
월보,C61-S00-I00-N03,C61,고학
월보,C61-S00-I00-N03,C61,사회
월보,C61-S00-I00-N03,C61,해독
월보,C61-S00-I00-N03,C61,육서철
월보,C61-S00-I00-N03,C61,차세
월보,C61-S00-I00-N03,C61,신앙
월보,C61-S00-I00-N03,C61,노례
월보,C61-S00-I00-N03,C61,과연격언
월보,C61-S00-I00-N03,C61,세인
월보,C61-S00-I00-N03,C61,물질
월보,C61-S00-I00-N03,C61,노례
월보,C61-S00-I00-N03,C61,해탈
월보,C61-S00-I00-N03,C61,노례
월보,C61-S00-I00-N03,C61,의의
월보,C61-S00-I00-N03,C61,노례
월보,C61-S00-I00-N03,C61,자기
월보,C61-S00-I00-N03,C61,피안
월보,C61-S00-I00-N03,C61,피안
월보,C61-S00-I00-N03,C61,주인
월보,C61-S00-I00-N03,C61,자기
월보,C61-S00-I00-N03,C61,주인
월보,C61-S00-I00-N03,C61,자기
월보,C61-S00-I00-N03,C61,자기
월보,C61-S00-I00-N03,C61,사무
월보,C61-S00-I00-N03,C61,처리
월보,C61-S00-I00-N03,C61,피안
월보,C61-S00-I00-N03,C61,실재
월보,C61-S00-I00-N03,C61,진선미
월보,C61-S00-I00-N03,C61,자기
월보,C61-S00-I00-N03,C61,허공
월보,C61-S00-I00-N03,C61,기사무
월보,C61-S00-I00-N03,C61,순성
월보,C61-S00-I00-N03,C61,신앙
월보,C61-S00-I00-N03,C61,피안
월보,C61-S00-I00-N03,C61,실재
월보,C61-S00-I00-N03,C61,진선미
월보,C61-S00-I00-N03,C61,자기
월보,C61-S00-I00-N03,C61,허공
월보,C61-S00-I00-N03,C61,기쾌
월보,C61-S00-I00-N03,C61,자기
월보,C61-S00-I00-N03,C61,신체
월보,C61-S00-I00-N03,C61,하유
월보,C61-S00-I00-N03,C61,진선미
월보,C61-S00-I00-N03,C61,운동
월보,C61-S00-I00-N03,C61,자기
월보,C61-S00-I00-N03,C61,장위
월보,C61-S00-I00-N03,C61,건전
월보,C61-S00-I00-N03,C61,진선미
월보,C61-S00-I00-N03,C61,찬양
월보,C61-S00-I00-N03,C61,주장
월보,C61-S00-I00-N03,C61,기쾌
월보,C61-S00-I00-N03,C61,자기
월보,C61-S00-I00-N03,C61,신체
월보,C61-S00-I00-N03,C61,오인
월보,C61-S00-I00-N03,C61,숭배
월보,C61-S00-I00-N03,C61,자기
월보,C61-S00-I00-N03,C61,정신
월보,C61-S00-I00-N03,C61,직접
월보,C61-S00-I00-N03,C61,오인
월보,C61-S00-I00-N03,C61,진선미
월보,C62-S00-I00-N01,C62,십주년리돈화십주년일본보
월보,C62-S00-I00-N01,C62,금월십오일
월보,C62-S00-I00-N01,C62,본보제십주년일기념
월보,C62-S00-I00-N01,C62,오인
월보,C62-S00-I00-N01,C62,만강
월보,C62-S00-I00-N01,C62,감상
월보,C62-S00-I00-N01,C62,일언
월보,C62-S00-I00-N01,C62,기의
월보,C62-S00-I00-N01,C62,정신
월보,C62-S00-I00-N01,C62,몽롱
월보,C62-S00-I00-N01,C62,의사
월보,C62-S00-I00-N01,C62,혼돈
월보,C62-S00-I00-N01,C62,기술
월보,C62-S00-I00-N01,C62,철인
월보,C62-S00-I00-N01,C62,왈웅변
월보,C62-S00-I00-N01,C62,무언
월보,C62-S00-I00-N01,C62,과연
월보,C62-S00-I00-N01,C62,웅변
월보,C62-S00-I00-N01,C62,극치
월보,C62-S00-I00-N01,C62,무언
월보,C62-S00-I00-N01,C62,종용
월보,C62-S00-I00-N01,C62,도리
월보,C62-S00-I00-N01,C62,무언
월보,C62-S00-I00-N01,C62,혜경
월보,C62-S00-I00-N01,C62,산수
월보,C62-S00-I00-N01,C62,침묵
월보,C62-S00-I00-N01,C62,인지
월보,C62-S00-I00-N01,C62,오호
월보,C62-S00-I00-N01,C62,오인
월보,C62-S00-I00-N01,C62,다언다변
월보,C62-S00-I00-N01,C62,실제
월보,C62-S00-I00-N01,C62,하등
월보,C62-S00-I00-N01,C62,실효
월보,C62-S00-I00-N01,C62,웅변
월보,C62-S00-I00-N01,C62,침묵무언
월보,C62-S00-I00-N01,C62,아자
월보,C62-S00-I00-N01,C62,목석
월보,C62-S00-I00-N01,C62,오인
월보,C62-S00-I00-N01,C62,침묵
월보,C62-S00-I00-N01,C62,무언
월보,C62-S00-I00-N01,C62,침묵기자
월보,C62-S00-I00-N01,C62,본위
월보,C62-S00-I00-N01,C62,찬송
월보,C62-S00-I00-N01,C62,무언기자
월보,C62-S00-I00-N01,C62,본질
월보,C62-S00-I00-N01,C62,흠모
월보,C62-S00-I00-N01,C62,무언
월보,C62-S00-I00-N01,C62,일변
월보,C62-S00-I00-N01,C62,대언
월보,C62-S00-I00-N01,C62,침묵
월보,C62-S00-I00-N01,C62,일변
월보,C62-S00-I00-N01,C62,침묵기자
월보,C62-S00-I00-N01,C62,가치
월보,C62-S00-I00-N01,C62,무묵
월보,C62-S00-I00-N01,C62,무언
월보,C62-S00-I00-N01,C62,일변
월보,C62-S00-I00-N01,C62,침묵기자
월보,C62-S00-I00-N01,C62,권위
월보,C62-S00-I00-N01,C62,감복
월보,C62-S00-I00-N01,C62,맹자
월보,C62-S00-I00-N01,C62,여기호변재
월보,C62-S00-I00-N01,C62,불득이
월보,C62-S00-I00-N01,C62,침묵
월보,C62-S00-I00-N02,C62,침묵
월보,C62-S00-I00-N02,C62,불득이
월보,C62-S00-I00-N02,C62,무묵
월보,C62-S00-I00-N02,C62,무언
월보,C62-S00-I00-N02,C62,불야
월보,C62-S00-I00-N02,C62,성언
월보,C62-S00-I00-N02,C62,침묵
월보,C62-S00-I00-N02,C62,불득이
월보,C62-S00-I00-N02,C62,무묵
월보,C62-S00-I00-N02,C62,무언
월보,C62-S00-I00-N02,C62,천도교회월보득이
월보,C62-S00-I00-N02,C62,대언
월보,C62-S00-I00-N02,C62,웅변
월보,C62-S00-I00-N02,C62,웅변
월보,C62-S00-I00-N02,C62,달자
월보,C62-S00-I00-N02,C62,달자
월보,C62-S00-I00-N02,C62,교훈
월보,C62-S00-I00-N02,C62,교훈
월보,C62-S00-I00-N02,C62,대신사
월보,C62-S00-I00-N02,C62,오도
월보,C62-S00-I00-N02,C62,박이약
월보,C62-S00-I00-N02,C62,불용다언의
월보,C62-S00-I00-N02,C62,침묵
월보,C62-S00-I00-N02,C62,무언
월보,C62-S00-I00-N02,C62,오도수련
월보,C62-S00-I00-N02,C62,본체
월보,C62-S00-I00-N02,C62,대도
월보,C62-S00-I00-N02,C62,대도
월보,C62-S00-I00-N02,C62,본체
월보,C62-S00-I00-N02,C62,부연
월보,C62-S00-I00-N02,C62,오해
월보,C62-S00-I00-N02,C62,오해
월보,C62-S00-I00-N02,C62,대신사
월보,C62-S00-I00-N02,C62,삼칠자
월보,C62-S00-I00-N02,C62,지극
월보,C62-S00-I00-N02,C62,만권시서
월보,C62-S00-I00-N02,C62,교훈
월보,C62-S00-I00-N02,C62,대도
월보,C62-S00-I00-N02,C62,본체
월보,C62-S00-I00-N02,C62,불의
월보,C62-S00-I00-N02,C62,개성
월보,C62-S00-I00-N02,C62,직각적본체
월보,C62-S00-I00-N02,C62,논단
월보,C62-S00-I00-N02,C62,대신사
월보,C62-S00-I00-N02,C62,소위
월보,C62-S00-I00-N02,C62,불용다언의
월보,C62-S00-I00-N02,C62,불용만권시서
월보,C62-S00-I00-N02,C62,대신사
월보,C62-S00-I00-N02,C62,대각
월보,C62-S00-I00-N02,C62,소위직각적본체하
월보,C62-S00-I00-N02,C62,본체기자
월보,C62-S00-I00-N02,C62,근원기자
월보,C62-S00-I00-N02,C62,직거
월보,C62-S00-I00-N02,C62,용기자
월보,C62-S00-I00-N02,C62,번설
월보,C62-S00-I00-N02,C62,오인
월보,C62-S00-I00-N02,C62,범부중생
월보,C62-S00-I00-N02,C62,미진섬개
월보,C62-S00-I00-N02,C62,범부중생
월보,C62-S00-I00-N02,C62,범부중생
월보,C62-S00-I00-N02,C62,본능
월보,C62-S00-I00-N02,C62,발휘
월보,C62-S00-I00-N02,C62,미진섬개
월보,C62-S00-I00-N02,C62,미진섬개
월보,C62-S00-I00-N02,C62,진격
월보,C62-S00-I00-N02,C62,융통
월보,C62-S00-I00-N02,C62,대도기초
월보,C62-S00-I00-N02,C62,대교응용
월보,C62-S00-I00-N03,C62,어시
월보,C62-S00-I00-N03,C62,오교
월보,C62-S00-I00-N03,C62,발생후오십일세경술추팔월십오일
월보,C62-S00-I00-N03,C62,본보
월보,C62-S00-I00-N03,C62,발행
월보,C62-S00-I00-N03,C62,시작
월보,C62-S00-I00-N03,C62,오십일년간
월보,C62-S00-I00-N03,C62,대도
월보,C62-S00-I00-N03,C62,본보
월보,C62-S00-I00-N03,C62,무묵
월보,C62-S00-I00-N03,C62,무묵
월보,C62-S00-I00-N03,C62,과거경술
월보,C62-S00-I00-N03,C62,즉거금만십주년
월보,C62-S00-I00-N03,C62,본보발생
월보,C62-S00-I00-N03,C62,공일
월보,C62-S00-I00-N03,C62,취지
월보,C62-S00-I00-N03,C62,일책세
월보,C62-S00-I00-N03,C62,선고
월보,C62-S00-I00-N03,C62,대언
월보,C62-S00-I00-N03,C62,소이
월보,C62-S00-I00-N03,C62,십주년천도교출세
월보,C62-S00-I00-N03,C62,우자오십일세
월보,C62-S00-I00-N03,C62,천회양지
월보,C62-S00-I00-N03,C62,인궁봉지
월보,C62-S00-I00-N03,C62,수이오만년위도
월보,C62-S00-I00-N03,C62,기고택오만년위도
월보,C62-S00-I00-N03,C62,사륙주상십륙억
월보,C62-S00-I00-N03,C62,편목이유여의
월보,C62-S00-I00-N03,C62,단식하령자
월보,C62-S00-I00-N03,C62,소시다질례의출세후삼세소경험극
월보,C62-S00-I00-N03,C62,풍우처상
월보,C62-S00-I00-N03,C62,설매비
월보,C62-S00-I00-N03,C62,강참비사력이시교지수각구세계동지
월보,C62-S00-I00-N03,C62,오호천이신의
월보,C62-S00-I00-N03,C62,도이신의
월보,C62-S00-I00-N03,C62,대구상오족
월보,C62-S00-I00-N03,C62,유상여차
월보,C62-S00-I00-N03,C62,언이권유
월보,C62-S00-I00-N03,C62,필이경고
월보,C62-S00-I00-N03,C62,영용공지전국능여피미신의도지식제신지술지채학신광성지미령체이룡담수류사해원구악춘회일세화심산응제초
월보,C62-S00-I00-N03,C62,천도교회월보득이년전만세보사행선지유동우담화일현이이천종진적재제간책수만세지돈사작천기지경탁실비역사의자천지소시조력내소이견오교지성덕대혜야혹문천가신호왈가천기인이선후지독불왈신호이명관천시자인천야이리관인본자천인야천인일야천지구이신지기재인야심의오교원조대신사봉상제피잡지조승인문조벽지운이무극지도집신화지기수범래
월보,C62-S00-I00-N03,C62,범천지간비잠동식무불고무일신어차도범위지내차자지이상개천야천이차도수신사신사이차도행제명신사미필불위천천미필불위신사야도기신천지신종가회의범입오교자심어천인지본동일근용대인대비박애등족이개인지천합중보지천동영어오교지권위기달호오교지목적차실금일천도교회월보발행취지지대략야운
월보,C62-S00-I00-N03,C62,오교
월보,C62-S00-I00-N03,C62,무극대도대덕
월보,C62-S00-I00-N03,C62,본보
월보,C62-S00-I00-N03,C62,일세
월보,C62-S00-I00-N03,C62,발휘
월보,C62-S00-I00-N03,C62,목적
월보,C62-S00-I00-N03,C62,대붕
월보,C62-S00-I00-N03,C62,신룡
월보,C62-S00-I00-N03,C62,풍운
월보,C62-S00-I00-N03,C62,본보
월보,C62-S00-I00-N03,C62,대붕
월보,C62-S00-I00-N03,C62,신룡
월보,C62-S00-I00-N03,C62,진감건곤탄토우주
월보,C62-S00-I00-N03,C62,기상
월보,C62-S00-I00-N03,C62,후천
월보,C62-S00-I00-N03,C62,신개벽
월보,C62-S00-I00-N03,C62,기록
월보,C62-S00-I00-N03,C62,이소동파왈
월보,C62-S00-I00-N03,C62,수월
월보,C62-S00-I00-N03,C62,십주년
월보,C62-S00-I00-N03,C62,일순
월보,C62-S00-I00-N03,C62,기불변
월보,C62-S00-I00-N03,C62,무진
월보,C62-S00-I00-N03,C62,과연
월보,C62-S00-I00-N03,C62,불변
월보,C62-S00-I00-N03,C62,자연
월보,C62-S00-I00-N03,C62,항구상존
월보,C62-S00-I00-N03,C62,영겁불멸
월보,C62-S00-I00-N03,C62,만유
월보,C62-S00-I00-N03,C62,본래무일물
월보,C62-S00-I00-N03,C62,대도기자
월보,C62-S00-I00-N03,C62,본체
월보,C62-S00-I00-N03,C62,소허
월보,C62-S00-I00-N03,C62,손익
월보,C62-S00-I00-N03,C62,자체
월보,C62-S00-I00-N03,C62,일순
월보,C62-S00-I00-N03,C62,개벽
월보,C62-S00-I00-N03,C62,사실
월보,C62-S00-I00-N03,C62,일각
월보,C62-S00-I00-N03,C62,고조
월보,C62-S00-I00-N03,C62,변화
월보,C62-S00-I00-N03,C62,불변
월보,C62-S00-I00-N03,C62,체항존
월보,C62-S00-I00-N03,C62,용기자
월보,C62-S00-I00-N03,C62,변화
월보,C62-S00-I00-N03,C62,용기자
월보,C62-S00-I00-N03,C62,변화
월보,C62-S00-I00-N03,C62,체기자
월보,C62-S00-I00-N03,C62,항존
월보,C62-S00-I00-N03,C62,의미
월보,C62-S00-I00-N03,C62,대기
월보,C62-S00-I00-N03,C62,항존
월보,C62-S00-I00-N03,C62,기후
월보,C62-S00-I00-N03,C62,변화
월보,C62-S00-I00-N03,C62,기후
월보,C62-S00-I00-N03,C62,변화
월보,C62-S00-I00-N03,C62,항천
월보,C62-S00-I00-N03,C62,대기
월보,C62-S00-I00-N03,C62,영존
월보,C62-S00-I00-N03,C62,증명
월보,C62-S00-I00-N03,C62,대도
월보,C62-S00-I00-N03,C62,본체
월보,C62-S00-I00-N03,C62,십년이전
월보,C62-S00-I00-N03,C62,백년이전
월보,C62-S00-I00-N03,C62,천년만년수억년이전
월보,C62-S00-I00-N03,C62,불구
월보,C62-S00-I00-N03,C62,항구상존
월보,C62-S00-I00-N03,C62,운용
월보,C62-S00-I00-N03,C62,교화
월보,C62-S00-I00-N03,C62,작용
월보,C62-S00-I00-N03,C62,찰나
월보,C62-S00-I00-N03,C62,찰나간
월보,C62-S00-I00-N03,C62,현격
월보,C62-S00-I00-N03,C62,작일
월보,C62-S00-I00-N03,C62,금일
월보,C62-S00-I00-N03,C62,차이
월보,C62-S00-I00-N03,C62,십년이전
월보,C62-S00-I00-N03,C62,백년이전
월보,C62-S00-I00-N03,C62,억역천년이전
월보,C62-S00-I00-N03,C62,오호
월보,C62-S00-I00-N03,C62,오교발생륙십일년
월보,C62-S00-I00-N03,C62,금일
월보,C62-S00-I00-N03,C62,본체상
월보,C62-S00-I00-N03,C62,대도
월보,C62-S00-I00-N03,C62,본원
월보,C62-S00-I00-N03,C62,고금
월보,C62-S00-I00-N03,C62,여전
월보,C62-S00-I00-N03,C62,본체
월보,C62-S00-I00-N03,C62,작용
월보,C62-S00-I00-N03,C62,교화
월보,C62-S00-I00-N03,C62,변천
월보,C62-S00-I00-N03,C62,소양
월보,C62-S00-I00-N03,C62,현격
월보,C62-S00-I00-N03,C62,경술팔월
월보,C62-S00-I00-N03,C62,본보
월보,C62-S00-I00-N03,C62,이래
월보,C62-S00-I00-N03,C62,제도
월보,C62-S00-I00-N03,C62,방식
월보,C62-S00-I00-N03,C62,문화
월보,C62-S00-I00-N03,C62,찬연
월보,C62-S00-I00-N03,C62,발전
월보,C62-S00-I00-N03,C62,최후종교
월보,C62-S00-I00-N03,C62,진면목
월보,C62-S00-I00-N04,C62,경술
월보,C62-S00-I00-N04,C62,경신
월보,C62-S00-I00-N04,C62,십년
월보,C62-S00-I00-N04,C62,세월
월보,C62-S00-I00-N04,C62,기간
월보,C62-S00-I00-N04,C62,세사변복
월보,C62-S00-I00-N04,C62,금석
월보,C62-S00-I00-N04,C62,천도교회월보대신사
월보,C62-S00-I00-N04,C62,예언
월보,C62-S00-I00-N04,C62,일천하
월보,C62-S00-I00-N04,C62,변복운수
월보,C62-S00-I00-N04,C62,개벽
월보,C62-S00-I00-N04,C62,신어
월보,C62-S00-I00-N04,C62,사실
월보,C62-S00-I00-N04,C62,소위세계
월보,C62-S00-I00-N04,C62,대전
월보,C62-S00-I00-N04,C62,오인
월보,C62-S00-I00-N04,C62,차예언
월보,C62-S00-I00-N04,C62,적절
월보,C62-S00-I00-N04,C62,소위세계개조
월보,C62-S00-I00-N04,C62,오인
월보,C62-S00-I00-N04,C62,차예언
월보,C62-S00-I00-N04,C62,표현
월보,C62-S00-I00-N04,C62,증명
월보,C62-S00-I00-N04,C62,본보
월보,C62-S00-I00-N04,C62,神人
월보,C62-S00-I00-N04,C62,신훈
월보,C62-S00-I00-N04,C62,대운
월보,C62-S00-I00-N04,C62,변복
월보,C62-S00-I00-N04,C62,순연
월보,C62-S00-I00-N04,C62,개조
월보,C62-S00-I00-N04,C62,활동
월보,C62-S00-I00-N04,C62,調和
월보,C62-S00-I00-N04,C62,일각
월보,C62-S00-I00-N04,C62,혁신
월보,C62-S00-I00-N04,C62,불개
월보,C62-S00-I00-N04,C62,일순
월보,C62-S00-I00-N04,C62,개벽
월보,C62-S00-I00-N04,C62,성력
월보,C62-S00-I00-N04,C62,불탄
월보,C62-S00-I00-N04,C62,보보십년
월보,C62-S00-I00-N04,C62,일일
월보,C62-S00-I00-N04,C62,전진전진
월보,C62-S00-I00-N04,C62,사실
월보,C62-S00-I00-N04,C62,朝鮮
월보,C62-S00-I00-N04,C62,사천년이래일실
월보,C62-S00-I00-N04,C62,효시
월보,C62-S00-I00-N04,C62,사업
월보,C62-S00-I00-N04,C62,최종
월보,C62-S00-I00-N04,C62,오인
월보,C62-S00-I00-N04,C62,본보십주년기념
월보,C62-S00-I00-N04,C62,일언
월보,C62-S00-I00-N04,C62,교외동포
월보,C62-S00-I00-N04,C62,특고
월보,C62-S00-I00-N04,C62,소이
월보,C62-S00-I00-N04,C62,오조선인
월보,C62-S00-I00-N04,C62,조선문화건설
월보,C62-S00-I00-N04,C62,감상
월보,C62-S00-I00-N04,C62,오인
월보,C62-S00-I00-N04,C62,차세계대개조
월보,C62-S00-I00-N04,C62,기운
월보,C62-S00-I00-N04,C62,장차여하
월보,C62-S00-I00-N04,C62,문화
월보,C62-S00-I00-N04,C62,건설
월보,C62-S00-I00-N04,C62,학술문예도덕
월보,C62-S00-I00-N04,C62,일조선
월보,C62-S00-I00-N04,C62,현대신문화건설
월보,C62-S00-I00-N04,C62,필요
월보,C62-S00-I00-N04,C62,오인
월보,C62-S00-I00-N04,C62,사고
월보,C62-S00-I00-N04,C62,오인
월보,C62-S00-I00-N04,C62,朝鮮
월보,C62-S00-I00-N04,C62,신종교적문화
월보,C62-S00-I00-N04,C62,건설
월보,C62-S00-I00-N04,C62,필요
월보,C62-S00-I00-N04,C62,신종교적문화
월보,C62-S00-I00-N04,C62,종교
월보,C62-S00-I00-N04,C62,문화
월보,C62-S00-I00-N04,C62,건설
월보,C62-S00-I00-N04,C62,의자
월보,C62-S00-I00-N04,C62,종교
월보,C62-S00-I00-N04,C62,규율적
월보,C62-S00-I00-N04,C62,퇴화적
월보,C62-S00-I00-N04,C62,수구적
월보,C62-S00-I00-N04,C62,종교
월보,C62-S00-I00-N04,C62,문화
월보,C62-S00-I00-N04,C62,건설
월보,C62-S00-I00-N04,C62,의자
월보,C62-S00-I00-N04,C62,종교
월보,C62-S00-I00-N04,C62,규율적
월보,C62-S00-I00-N04,C62,수구적
월보,C62-S00-I00-N04,C62,불무
월보,C62-S00-I00-N05,C62,의자
월보,C62-S00-I00-N05,C62,질의
월보,C62-S00-I00-N05,C62,물론당연
월보,C62-S00-I00-N05,C62,하고
월보,C62-S00-I00-N05,C62,피구주문명
월보,C62-S00-I00-N05,C62,종교즉종교반항
월보,C62-S00-I00-N05,C62,지나혹
월보,C62-S00-I00-N05,C62,타열국
월보,C62-S00-I00-N05,C62,종교
월보,C62-S00-I00-N05,C62,수구
월보,C62-S00-I00-N05,C62,문화
월보,C62-S00-I00-N05,C62,삽체
월보,C62-S00-I00-N05,C62,교문화
월보,C62-S00-I00-N05,C62,구폐
월보,C62-S00-I00-N05,C62,여맥
월보,C62-S00-I00-N05,C62,인습
월보,C62-S00-I00-N05,C62,종교
월보,C62-S00-I00-N05,C62,문화운동
월보,C62-S00-I00-N05,C62,만과만철
월보,C62-S00-I00-N05,C62,調和
월보,C62-S00-I00-N05,C62,신종교
월보,C62-S00-I00-N05,C62,인생
월보,C62-S00-I00-N05,C62,최후신활동
월보,C62-S00-I00-N05,C62,정신
월보,C62-S00-I00-N05,C62,자기
월보,C62-S00-I00-N05,C62,오교
월보,C62-S00-I00-N05,C62,인내천주의
월보,C62-S00-I00-N05,C62,여하
월보,C62-S00-I00-N05,C62,문화건설
월보,C62-S00-I00-N05,C62,하등모순
월보,C62-S00-I00-N05,C62,제군
월보,C62-S00-I00-N05,C62,제군
월보,C62-S00-I00-N05,C62,제군
월보,C62-S00-I00-N05,C62,오인
월보,C62-S00-I00-N05,C62,정신
월보,C62-S00-I00-N05,C62,궁년격지상야가창만고중월일성
월보,C62-S00-I00-N05,C62,정신
월보,C62-S00-I00-N05,C62,외부
월보,C62-S00-I00-N05,C62,시공
월보,C62-S00-I00-N05,C62,누각
월보,C62-S00-I00-N05,C62,건설
월보,C62-S00-I00-N05,C62,제군
월보,C62-S00-I00-N05,C62,진리
월보,C62-S00-I00-N05,C62,구진리
월보,C62-S00-I00-N05,C62,제군
월보,C62-S00-I00-N05,C62,제군
월보,C62-S00-I00-N05,C62,정신유무
월보,C62-S00-I00-N05,C62,一切
월보,C62-S00-I00-N05,C62,만리십주년칠
월보,C62-S00-I00-N05,C62,천도교회월보제군
월보,C62-S00-I00-N05,C62,사업
월보,C62-S00-I00-N05,C62,성공
월보,C62-S00-I00-N05,C62,사업
월보,C62-S00-I00-N05,C62,성공
월보,C62-S00-I00-N05,C62,자기정신
월보,C62-S00-I00-N05,C62,성공
월보,C62-S00-I00-N05,C62,一切
월보,C62-S00-I00-N05,C62,만업
월보,C62-S00-I00-N05,C62,오인
월보,C62-S00-I00-N05,C62,정신적건설
월보,C62-S00-I00-N05,C62,제군
월보,C62-S00-I00-N05,C62,행복
월보,C62-S00-I00-N05,C62,도득
월보,C62-S00-I00-N05,C62,행복
월보,C62-S00-I00-N05,C62,도득
월보,C62-S00-I00-N05,C62,자기
월보,C62-S00-I00-N05,C62,정신적행복
월보,C62-S00-I00-N05,C62,하고
월보,C62-S00-I00-N05,C62,一切
월보,C62-S00-I00-N05,C62,화복
월보,C62-S00-I00-N05,C62,정신적배태
월보,C62-S00-I00-N05,C62,오교
월보,C62-S00-I00-N05,C62,인내천주의
월보,C62-S00-I00-N05,C62,문화
월보,C62-S00-I00-N05,C62,제군
월보,C62-S00-I00-N05,C62,만약
월보,C62-S00-I00-N05,C62,오교
월보,C62-S00-I00-N05,C62,진리
월보,C62-S00-I00-N05,C62,배척
월보,C62-S00-I00-N05,C62,자기
월보,C62-S00-I00-N05,C62,자기
월보,C62-S00-I00-N05,C62,정신
월보,C62-S00-I00-N05,C62,배척
월보,C62-S00-I00-N05,C62,오해
월보,C62-S00-I00-N05,C62,역사
월보,C62-S00-I00-N05,C62,오천년
월보,C62-S00-I00-N05,C62,철두철미아본적정신문화
월보,C62-S00-I00-N05,C62,주창
월보,C62-S00-I00-N05,C62,역사
월보,C62-S00-I00-N05,C62,오천년
월보,C62-S00-I00-N05,C62,철두철미아본적정신문화
월보,C62-S00-I00-N05,C62,주창
월보,C62-S00-I00-N05,C62,설사유
월보,C62-S00-I00-N05,C62,일개학자
월보,C62-S00-I00-N05,C62,자격
월보,C62-S00-I00-N05,C62,일개철인
월보,C62-S00-I00-N05,C62,자격
월보,C62-S00-I00-N05,C62,기력
월보,C62-S00-I00-N05,C62,미소
월보,C62-S00-I00-N05,C62,오교
월보,C62-S00-I00-N05,C62,태연
월보,C62-S00-I00-N05,C62,대종교적자격
월보,C62-S00-I00-N05,C62,표현
월보,C62-S00-I00-N05,C62,개벽이래
월보,C62-S00-I00-N05,C62,초유
월보,C62-S00-I00-N05,C62,기위대
월보,C62-S00-I00-N05,C62,창조
월보,C62-S00-I00-N05,C62,사업
월보,C62-S00-I00-N05,C62,오조선반도
월보,C62-S00-I00-N05,C62,출생
월보,C62-S00-I00-N05,C62,가경가하
월보,C62-S00-I00-N05,C62,제군
월보,C62-S00-I00-N05,C62,미덕
월보,C62-S00-I00-N05,C62,용단
월보,C62-S00-I00-N05,C62,제군
월보,C62-S00-I00-N05,C62,오교
월보,C62-S00-I00-N05,C62,진리
월보,C62-S00-I00-N05,C62,여사
월보,C62-S00-I00-N05,C62,본보
월보,C62-S00-I00-N05,C62,여사
월보,C62-S00-I00-N05,C62,취지
월보,C62-S00-I00-N05,C62,신종교적문화
월보,C62-S00-I00-N05,C62,건설
월보,C62-S00-I00-N05,C62,용맹
월보,C62-S00-I00-N05,C62,자단
월보,C62-S00-I00-N05,C62,朝鮮
월보,C62-S00-I00-N05,C62,심세계
월보,C62-S00-I00-N05,C62,심영원
월보,C62-S00-I00-N05,C62,진리
월보,C62-S00-I00-N05,C62,심자아정신
월보,C62-S00-I00-N05,C62,불합
월보,C62-S00-I00-N05,C62,광대
월보,C62-S00-I00-N05,C62,천도
월보,C62-S00-I00-N05,C62,하등
월보,C62-S00-I00-N05,C62,신조
월보,C62-S00-I00-N05,C62,파래
월보,C62-S00-I00-N05,C62,오인
월보,C62-S00-I00-N05,C62,실제
월보,C62-S00-I00-N05,C62,치개조진보
월보,C62-S00-I00-N05,C62,금일문명인
월보,C62-S00-I00-N05,C62,본색
월보,C62-S00-I00-N05,C62,현대인
월보,C62-S00-I00-N05,C62,본보
월보,C62-S00-I00-N05,C62,신종교문화선포
월보,C62-S00-I00-N05,C62,십년간
월보,C62-S00-I00-N05,C62,회의
월보,C62-S00-I00-N05,C62,태비난
월보,C62-S00-I00-N05,C62,본보
월보,C62-S00-I00-N05,C62,본보
월보,C62-S00-I00-N05,C62,가치
월보,C62-S00-I00-N05,C62,무시
월보,C62-S00-I00-N05,C62,제군
월보,C62-S00-I00-N05,C62,제군
월보,C62-S00-I00-N05,C62,인격
월보,C62-S00-I00-N05,C62,멸시
월보,C62-S00-I00-N05,C62,제군
월보,C62-S00-I00-N05,C62,오인제군
월보,C62-S00-I00-N05,C62,본보
월보,C62-S00-I00-N05,C62,동일시대
월보,C62-S00-I00-N05,C62,동일
월보,C62-S00-I00-N05,C62,조선인
월보,C62-S00-I00-N05,C62,동일
월보,C62-S00-I00-N05,C62,신문화
월보,C62-S00-I00-N05,C62,구가
월보,C62-S00-I00-N05,C62,편견반지아리질투
월보,C62-S00-I00-N05,C62,냉정
월보,C62-S00-I00-N05,C62,두뇌공평
월보,C62-S00-I00-N05,C62,도량원통
월보,C62-S00-I00-N05,C62,식견
월보,C62-S00-I00-N05,C62,시대
월보,C62-S00-I00-N05,C62,양해
월보,C62-S00-I00-N05,C62,사물
월보,C62-S00-I00-N05,C62,진위
월보,C62-S00-I00-N05,C62,판단
월보,C62-S00-I00-N05,C62,이익
월보,C62-S00-I00-N05,C62,피아
월보,C62-S00-I00-N05,C62,선택
월보,C62-S00-I00-N05,C62,천국대민
월보,C62-S00-I00-N05,C62,차십개년기념
월보,C62-S00-I00-N05,C62,간절
월보,C62-S00-I00-N05,C62,보군
월보,C62-S00-I00-N05,C62,십주기념
월보,C62-S00-I00-N05,C62,박달성여
월보,C62-S00-I00-N05,C62,충정
월보,C62-S00-I00-N05,C62,보군
월보,C62-S00-I00-N05,C62,보군
월보,C62-S00-I00-N05,C62,불성실
월보,C62-S00-I00-N05,C62,진사
월보,C62-S00-I00-N05,C62,일층
월보,C62-S00-I00-N05,C62,심중
월보,C62-S00-I00-N05,C62,진퇴
월보,C62-S00-I00-N05,C62,동일
월보,C62-S00-I00-N05,C62,설파
월보,C62-S00-I00-N05,C62,보군
월보,C62-S00-I00-N05,C62,희만족
월보,C62-S00-I00-N05,C62,표백
월보,C62-S00-I00-N05,C62,표백
월보,C62-S00-I00-N05,C62,보군
월보,C62-S00-I00-N05,C62,금년금월
월보,C62-S00-I00-N05,C62,만십수
월보,C62-S00-I00-N05,C62,소개
월보,C62-S00-I00-N05,C62,종래
월보,C62-S00-I00-N05,C62,관계
월보,C62-S00-I00-N05,C62,간십주풍상
월보,C62-S00-I00-N05,C62,당선
월보,C62-S00-I00-N05,C62,이래편답만리
월보,C62-S00-I00-N05,C62,보군
월보,C62-S00-I00-N05,C62,십주기념
월보,C63-S00-I00-N01,C63,법문
월보,C63-S00-I00-N01,C63,의신
월보,C63-S00-I00-N01,C63,이돈화일
월보,C63-S00-I00-N01,C63,유형
월보,C63-S00-I00-N01,C63,결합
월보,C63-S00-I00-N01,C63,무형
월보,C63-S00-I00-N01,C63,결합
월보,C63-S00-I00-N01,C63,우주
월보,C63-S00-I00-N01,C63,세계
월보,C63-S00-I00-N01,C63,만상
월보,C63-S00-I00-N01,C63,결합
월보,C63-S00-I00-N01,C63,천태만형
월보,C63-S00-I00-N01,C63,관계
월보,C63-S00-I00-N01,C63,관계
월보,C63-S00-I00-N01,C63,호상련결운동
월보,C63-S00-I00-N01,C63,상태
월보,C63-S00-I00-N01,C63,일월성진
월보,C63-S00-I00-N01,C63,순환
월보,C63-S00-I00-N01,C63,초목군생
월보,C63-S00-I00-N01,C63,본능
월보,C63-S00-I00-N01,C63,협동
월보,C63-S00-I00-N01,C63,혜성
월보,C63-S00-I00-N01,C63,지구
월보,C63-S00-I00-N01,C63,충돌
월보,C63-S00-I00-N01,C63,시우주
월보,C63-S00-I00-N01,C63,법칙
월보,C63-S00-I00-N01,C63,사시
월보,C63-S00-I00-N01,C63,기서
월보,C63-S00-I00-N01,C63,불실
월보,C63-S00-I00-N01,C63,시지구
월보,C63-S00-I00-N01,C63,법칙
월보,C63-S00-I00-N01,C63,우주
월보,C63-S00-I00-N01,C63,법칙
월보,C63-S00-I00-N01,C63,표현
월보,C63-S00-I00-N01,C63,기도
월보,C63-S00-I00-N01,C63,백체일의지
월보,C63-S00-I00-N01,C63,일혈성
월보,C63-S00-I00-N01,C63,기정
월보,C63-S00-I00-N01,C63,人道
월보,C63-S00-I00-N01,C63,正義
월보,C63-S00-I00-N01,C63,공존
월보,C63-S00-I00-N01,C63,시일우주
월보,C63-S00-I00-N01,C63,대법칙
월보,C63-S00-I00-N01,C63,천지인류만상
월보,C63-S00-I00-N01,C63,유행
월보,C63-S00-I00-N01,C63,무형
월보,C63-S00-I00-N01,C63,결합
월보,C63-S00-I00-N01,C63,우주
월보,C63-S00-I00-N01,C63,무형
월보,C63-S00-I00-N01,C63,결합
월보,C63-S00-I00-N01,C63,피일미일묘
월보,C63-S00-I00-N01,C63,물일하고
월보,C63-S00-I00-N01,C63,일계불란
월보,C63-S00-I00-N01,C63,오인
월보,C63-S00-I00-N01,C63,차무형
월보,C63-S00-I00-N01,C63,결합
월보,C63-S00-I00-N01,C63,오인
월보,C63-S00-I00-N01,C63,육체
월보,C63-S00-I00-N01,C63,백년미만
월보,C63-S00-I00-N01,C63,단기
월보,C63-S00-I00-N01,C63,생활
월보,C63-S00-I00-N01,C63,기법훈
월보,C63-S00-I00-N01,C63,교화
월보,C63-S00-I00-N01,C63,천고
월보,C63-S00-I00-N01,C63,후대억조
월보,C63-S00-I00-N01,C63,정신적생활
월보,C63-S00-I00-N01,C63,시점
월보,C63-S00-I00-N01,C63,오종교가일
월보,C63-S00-I00-N01,C63,차법칙
월보,C63-S00-I00-N01,C63,체득
월보,C63-S00-I00-N01,C63,차법칙
월보,C63-S00-I00-N01,C63,만대
월보,C63-S00-I00-N01,C63,후세
월보,C63-S00-I00-N01,C63,기범
월보,C63-S00-I00-N01,C63,오인금
월보,C63-S00-I00-N01,C63,법문
월보,C63-S00-I00-N01,C63,의신
월보,C63-S00-I00-N01,C63,천도교회월보일
월보,C63-S00-I00-N01,C63,각오
월보,C63-S00-I00-N01,C63,대신사
월보,C63-S00-I00-N01,C63,동경대전
월보,C63-S00-I00-N01,C63,벽두
월보,C63-S00-I00-N01,C63,개자상고이래춘추질대사시성쇠불천불역시역천주조화지적소연우천하야
월보,C63-S00-I00-N01,C63,대신사
월보,C63-S00-I00-N01,C63,우주
월보,C63-S00-I00-N01,C63,造化
월보,C63-S00-I00-N01,C63,즉우주
월보,C63-S00-I00-N01,C63,대법칙
월보,C63-S00-I00-N01,C63,대신사
월보,C63-S00-I00-N01,C63,우주
월보,C63-S00-I00-N01,C63,법칙
월보,C63-S00-I00-N01,C63,체득
월보,C63-S00-I00-N01,C63,법칙
월보,C63-S00-I00-N01,C63,법문
월보,C63-S00-I00-N01,C63,일절중생
월보,C63-S00-I00-N01,C63,기법문
월보,C63-S00-I00-N01,C63,오만년
월보,C63-S00-I00-N01,C63,행복
월보,C63-S00-I00-N01,C63,대신사
월보,C63-S00-I00-N01,C63,대각
월보,C63-S00-I00-N01,C63,신앙
월보,C63-S00-I00-N01,C63,중심만약대신사
월보,C63-S00-I00-N01,C63,우주무형
월보,C63-S00-I00-N01,C63,대종대법
월보,C63-S00-I00-N01,C63,체득
월보,C63-S00-I00-N01,C63,인간계
월보,C63-S00-I00-N01,C63,표현
월보,C63-S00-I00-N01,C63,인간계
월보,C63-S00-I00-N01,C63,원래
월보,C63-S00-I00-N01,C63,우주
월보,C63-S00-I00-N01,C63,관계
월보,C63-S00-I00-N01,C63,목래시천지
월보,C63-S00-I00-N01,C63,우주
월보,C63-S00-I00-N01,C63,우주
월보,C63-S00-I00-N01,C63,법칙
월보,C63-S00-I00-N01,C63,본래시
월보,C63-S00-I00-N01,C63,천지무형
월보,C63-S00-I00-N01,C63,결합
월보,C63-S00-I00-N01,C63,본래물
월보,C63-S00-I00-N01,C63,자기
월보,C63-S00-I00-N01,C63,체현
월보,C63-S00-I00-N01,C63,활용
월보,C63-S00-I00-N01,C63,하사
월보,C63-S00-I00-N01,C63,대신사
월보,C63-S00-I00-N01,C63,불연기연장
월보,C63-S00-I00-N01,C63,형용
월보,C63-S00-I00-N01,C63,천황씨
월보,C63-S00-I00-N01,C63,수위
월보,C63-S00-I00-N01,C63,법강
월보,C63-S00-I00-N01,C63,수훈
월보,C63-S00-I00-N01,C63,기례의
월보,C63-S00-I00-N01,C63,현조
월보,C63-S00-I00-N01,C63,적자
월보,C63-S00-I00-N01,C63,산상
월보,C63-S00-I00-N01,C63,천년
월보,C63-S00-I00-N01,C63,일청
월보,C63-S00-I00-N01,C63,기연
월보,C63-S00-I00-N01,C63,불연
월보,C63-S00-I00-N01,C63,기연
월보,C63-S00-I00-N01,C63,불연
월보,C63-S00-I00-N01,C63,불연
월보,C63-S00-I00-N01,C63,근본
월보,C63-S00-I00-N01,C63,천지
월보,C63-S00-I00-N01,C63,본능
월보,C63-S00-I00-N01,C63,법칙
월보,C63-S00-I00-N01,C63,기연
월보,C63-S00-I00-N01,C63,불연
월보,C63-S00-I00-N01,C63,인여천지만
월보,C63-S00-I00-N01,C63,법문
월보,C63-S00-I00-N01,C63,의신
월보,C63-S00-I00-N01,C63,오교
월보,C63-S00-I00-N01,C63,법문
월보,C63-S00-I00-N01,C63,인위
월보,C63-S00-I00-N01,C63,성립
월보,C63-S00-I00-N01,C63,우주
월보,C63-S00-I00-N01,C63,대도대덕
월보,C63-S00-I00-N01,C63,인간계
월보,C63-S00-I00-N01,C63,표현
월보,C63-S00-I00-N01,C63,오인
월보,C63-S00-I00-N01,C63,법문
월보,C63-S00-I00-N01,C63,사은
월보,C63-S00-I00-N01,C63,불망
월보,C63-S00-I00-N01,C63,기법문
월보,C63-S00-I00-N01,C63,위월
월보,C63-S00-I00-N01,C63,사은
월보,C63-S00-I00-N01,C63,구구
월보,C63-S00-I00-N01,C63,백년육체
월보,C63-S00-I00-N01,C63,신사
월보,C63-S00-I00-N01,C63,준적
월보,C63-S00-I00-N01,C63,삼세신학
월보,C63-S00-I00-N01,C63,대법문이상
월보,C63-S00-I00-N01,C63,대신사
월보,C63-S00-I00-N01,C63,천지
월보,C63-S00-I00-N01,C63,대법칙
월보,C63-S00-I00-N01,C63,대종교
월보,C63-S00-I00-N01,C63,대법문
월보,C63-S00-I00-N01,C63,기초
월보,C63-S00-I00-N01,C63,상제
월보,C63-S00-I00-N01,C63,인용
월보,C63-S00-I00-N01,C63,천지
월보,C63-S00-I00-N01,C63,귀신
월보,C63-S00-I00-N01,C63,불지
월보,C63-S00-I00-N01,C63,귀신
월보,C63-S00-I00-N01,C63,상제
월보,C63-S00-I00-N01,C63,즉인
월보,C63-S00-I00-N01,C63,우주
월보,C63-S00-I00-N01,C63,일관
월보,C63-S00-I00-N01,C63,정신
월보,C63-S00-I00-N01,C63,일언
월보,C63-S00-I00-N01,C63,도파
월보,C63-S00-I00-N01,C63,귀신
월보,C63-S00-I00-N01,C63,즉천지만물
월보,C63-S00-I00-N01,C63,변화
월보,C63-S00-I00-N01,C63,상제
월보,C63-S00-I00-N01,C63,작용
월보,C63-S00-I00-N01,C63,동시
월보,C63-S00-I00-N01,C63,작용
월보,C63-S00-I00-N01,C63,일자
월보,C63-S00-I00-N01,C63,도파
월보,C63-S00-I00-N01,C63,우왈천지역시귀신
월보,C63-S00-I00-N01,C63,귀신역시조화
월보,C63-S00-I00-N01,C63,造化
월보,C63-S00-I00-N01,C63,역시
월보,C63-S00-I00-N01,C63,수족동정
월보,C63-S00-I00-N01,C63,역시귀신
월보,C63-S00-I00-N01,C63,선악간
월보,C63-S00-I00-N01,C63,용사
월보,C63-S00-I00-N01,C63,역시조화
월보,C63-S00-I00-N01,C63,일동일정
월보,C63-S00-I00-N01,C63,造化
월보,C63-S00-I00-N01,C63,귀신
월보,C63-S00-I00-N01,C63,도파
월보,C63-S00-I00-N01,C63,동정
월보,C63-S00-I00-N01,C63,즉천
월보,C63-S00-I00-N01,C63,동정
월보,C63-S00-I00-N01,C63,귀신
월보,C63-S00-I00-N01,C63,造化
월보,C63-S00-I00-N01,C63,일언하
월보,C63-S00-I00-N01,C63,갈파
월보,C63-S00-I00-N01,C63,하사
월보,C63-S00-I00-N01,C63,즉하방
월보,C63-S00-I00-N01,C63,우하방
월보,C63-S00-I00-N01,C63,대신사
월보,C63-S00-I00-N01,C63,간단
월보,C63-S00-I00-N01,C63,주문십삼자
월보,C63-S00-I00-N01,C63,왈시천주조화정영세불망만사지
월보,C63-S00-I00-N01,C63,천도교회월보차주문십삼자
월보,C63-S00-I00-N01,C63,오인
월보,C63-S00-I00-N01,C63,천주
월보,C63-S00-I00-N01,C63,나변
월보,C63-S00-I00-N01,C63,각득
월보,C63-S00-I00-N02,C63,대신사
월보,C63-S00-I00-N02,C63,주문
월보,C63-S00-I00-N02,C63,해석
월보,C63-S00-I00-N02,C63,신령
월보,C63-S00-I00-N02,C63,기화
월보,C63-S00-I00-N02,C63,일세
월보,C63-S00-I00-N02,C63,각각이
월보,C63-S00-I00-N02,C63,내유신령
월보,C63-S00-I00-N02,C63,사자
월보,C63-S00-I00-N02,C63,천주
월보,C63-S00-I00-N02,C63,오인
월보,C63-S00-I00-N02,C63,영성
월보,C63-S00-I00-N02,C63,소이
월보,C63-S00-I00-N02,C63,조화정
월보,C63-S00-I00-N02,C63,즉심령
월보,C63-S00-I00-N02,C63,목체
월보,C63-S00-I00-N02,C63,만사지
월보,C63-S00-I00-N02,C63,즉심령
월보,C63-S00-I00-N02,C63,작용
월보,C63-S00-I00-N02,C63,전자
월보,C63-S00-I00-N02,C63,본체
월보,C63-S00-I00-N02,C63,후자
월보,C63-S00-I00-N02,C63,활용
월보,C63-S00-I00-N02,C63,대신사
월보,C63-S00-I00-N02,C63,만고
월보,C63-S00-I00-N02,C63,법문
월보,C63-S00-I00-N02,C63,도시
월보,C63-S00-I00-N02,C63,사근취원
월보,C63-S00-I00-N02,C63,각기자기
월보,C63-S00-I00-N02,C63,영성
월보,C63-S00-I00-N02,C63,즉천주
월보,C63-S00-I00-N02,C63,각득
월보,C63-S00-I00-N02,C63,기령성
월보,C63-S00-I00-N02,C63,목체
월보,C63-S00-I00-N02,C63,기령성
월보,C63-S00-I00-N02,C63,표제
월보,C63-S00-I00-N02,C63,기령성
월보,C63-S00-I00-N02,C63,활용
월보,C63-S00-I00-N02,C63,체용
월보,C63-S00-I00-N02,C63,대신사
월보,C63-S00-I00-N02,C63,오도
월보,C63-S00-I00-N02,C63,박이약
월보,C63-S00-I00-N02,C63,차의미
월보,C63-S00-I00-N02,C63,차간단
월보,C63-S00-I00-N02,C63,일법문
월보,C63-S00-I00-N02,C63,도제
월보,C63-S00-I00-N02,C63,심법
월보,C63-S00-I00-N02,C63,억조
월보,C63-S00-I00-N02,C63,심법
월보,C63-S00-I00-N02,C63,장차
월보,C63-S00-I00-N02,C63,만고
월보,C63-S00-I00-N02,C63,훈화
월보,C63-S00-I00-N02,C63,대신사
월보,C63-S00-I00-N02,C63,도사
월보,C63-S00-I00-N02,C63,대신사
월보,C63-S00-I00-N02,C63,당시
월보,C63-S00-I00-N02,C63,수천
월보,C63-S00-I00-N02,C63,도제
월보,C63-S00-I00-N02,C63,대신사
월보,C63-S00-I00-N02,C63,숭배
월보,C63-S00-I00-N02,C63,대신사
월보,C63-S00-I00-N02,C63,모앙
월보,C63-S00-I00-N02,C63,시대신사
월보,C63-S00-I00-N02,C63,육체
월보,C63-S00-I00-N02,C63,대신사
월보,C63-S00-I00-N02,C63,법문
월보,C63-S00-I00-N02,C63,감복
월보,C63-S00-I00-N02,C63,대신사
월보,C63-S00-I00-N02,C63,대구참변후
월보,C63-S00-I00-N02,C63,대신사
월보,C63-S00-I00-N02,C63,육체
월보,C63-S00-I00-N02,C63,황토
월보,C63-S00-I00-N02,C63,기문인
월보,C63-S00-I00-N02,C63,신앙
월보,C63-S00-I00-N02,C63,익익견고
월보,C63-S00-I00-N02,C63,대신사
월보,C63-S00-I00-N02,C63,생시
월보,C63-S00-I00-N02,C63,일층
월보,C63-S00-I00-N02,C63,단결
월보,C63-S00-I00-N02,C63,증명
월보,C63-S00-I00-N02,C63,법문
월보,C63-S00-I00-N02,C63,의신
월보,C63-S00-I00-N02,C63,언설풍력
월보,C63-S00-I00-N02,C63,마취
월보,C63-S00-I00-N02,C63,필경일대신사
월보,C63-S00-I00-N02,C63,선화후
월보,C63-S00-I00-N02,C63,개도
월보,C63-S00-I00-N02,C63,명약관화
월보,C63-S00-I00-N02,C63,대신사
월보,C63-S00-I00-N02,C63,법문
월보,C63-S00-I00-N02,C63,해월신사
월보,C63-S00-I00-N02,C63,해월신사
월보,C63-S00-I00-N02,C63,상왈천지만물
월보,C63-S00-I00-N02,C63,시천주
월보,C63-S00-I00-N02,C63,우왈인심
월보,C63-S00-I00-N02,C63,천심
월보,C63-S00-I00-N02,C63,인어
월보,C63-S00-I00-N02,C63,천어
월보,C63-S00-I00-N02,C63,영적근본점
월보,C63-S00-I00-N02,C63,동일리
월보,C63-S00-I00-N02,C63,양측면
월보,C63-S00-I00-N02,C63,무형
월보,C63-S00-I00-N02,C63,유형
월보,C63-S00-I00-N02,C63,우왈군등
월보,C63-S00-I00-N02,C63,천주
월보,C63-S00-I00-N02,C63,강림
월보,C63-S00-I00-N02,C63,일대법문
월보,C63-S00-I00-N02,C63,향아설위법
월보,C63-S00-I00-N02,C63,즉시
월보,C63-S00-I00-N02,C63,개향아설위
월보,C63-S00-I00-N02,C63,의의
월보,C63-S00-I00-N02,C63,제일
월보,C63-S00-I00-N02,C63,천지만물
월보,C63-S00-I00-N02,C63,개아
월보,C63-S00-I00-N02,C63,표시
월보,C63-S00-I00-N02,C63,제이
월보,C63-S00-I00-N02,C63,천지만물
월보,C63-S00-I00-N02,C63,원리
월보,C63-S00-I00-N02,C63,의미
월보,C63-S00-I00-N02,C63,제삼
월보,C63-S00-I00-N02,C63,천사
월보,C63-S00-I00-N02,C63,보답숭배
월보,C63-S00-I00-N02,C63,대신사
월보,C63-S00-I00-N02,C63,시천주
월보,C63-S00-I00-N02,C63,법문
월보,C63-S00-I00-N02,C63,일층
월보,C63-S00-I00-N02,C63,구체적
월보,C63-S00-I00-N02,C63,천도교회월보연
월보,C63-S00-I00-N02,C63,당시
월보,C63-S00-I00-N02,C63,도제
월보,C63-S00-I00-N02,C63,차법문
월보,C63-S00-I00-N02,C63,감화
월보,C63-S00-I00-N02,C63,신사
월보,C63-S00-I00-N02,C63,경사참변
월보,C63-S00-I00-N02,C63,심법
월보,C63-S00-I00-N02,C63,영구불변
월보,C63-S00-I00-N02,C63,금일
월보,C63-S00-I00-N02,C63,성황
월보,C63-S00-I00-N02,C63,당시
월보,C63-S00-I00-N02,C63,도제
월보,C63-S00-I00-N02,C63,기법문
월보,C63-S00-I00-N02,C63,신사
월보,C63-S00-I00-N02,C63,육신
월보,C63-S00-I00-N02,C63,숭배
월보,C63-S00-I00-N02,C63,신사
월보,C63-S00-I00-N02,C63,환원후
월보,C63-S00-I00-N02,C63,의암성사
월보,C63-S00-I00-N02,C63,신사
월보,C63-S00-I00-N02,C63,법문
월보,C63-S00-I00-N02,C63,수십년
월보,C63-S00-I00-N02,C63,심법
월보,C63-S00-I00-N02,C63,차법
월보,C63-S00-I00-N02,C63,창명
월보,C63-S00-I00-N02,C63,자기
월보,C63-S00-I00-N02,C63,만일
월보,C63-S00-I00-N02,C63,성사
월보,C63-S00-I00-N02,C63,양산
월보,C63-S00-I00-N02,C63,수련
월보,C63-S00-I00-N02,C63,우연
월보,C63-S00-I00-N02,C63,석시차지견금일우간
월보,C63-S00-I00-N02,C63,양산
월보,C63-S00-I00-N02,C63,대신사
월보,C63-S00-I00-N02,C63,수도처
월보,C63-S00-I00-N02,C63,대신사
월보,C63-S00-I00-N02,C63,심법
월보,C63-S00-I00-N02,C63,즉성사
월보,C63-S00-I00-N02,C63,심법
월보,C63-S00-I00-N02,C63,소이
월보,C63-S00-I00-N02,C63,차간단
월보,C63-S00-I00-N02,C63,일구
월보,C63-S00-I00-N02,C63,표현
월보,C63-S00-I00-N02,C63,성사
월보,C63-S00-I00-N02,C63,대대법문
월보,C63-S00-I00-N02,C63,대신사
월보,C63-S00-I00-N02,C63,성령출세설
월보,C63-S00-I00-N02,C63,대신사
월보,C63-S00-I00-N02,C63,천인합일
월보,C63-S00-I00-N02,C63,대법칙
월보,C63-S00-I00-N02,C63,오인
월보,C63-S00-I00-N02,C63,정신
월보,C63-S00-I00-N02,C63,융합결치
월보,C63-S00-I00-N02,C63,소이
월보,C63-S00-I00-N02,C63,추상적
월보,C63-S00-I00-N02,C63,도파
월보,C63-S00-I00-N02,C63,만고
월보,C63-S00-I00-N02,C63,생사문제
월보,C63-S00-I00-N02,C63,차법문
월보,C63-S00-I00-N02,C63,지의진의
월보,C63-S00-I00-N02,C63,삼세신성
월보,C63-S00-I00-N02,C63,심법
월보,C63-S00-I00-N02,C63,일관
월보,C63-S00-I00-N02,C63,기대지
월보,C63-S00-I00-N02,C63,일거
월보,C63-S00-I00-N02,C63,제일
월보,C63-S00-I00-N02,C63,대우주
월보,C63-S00-I00-N02,C63,공령공리
월보,C63-S00-I00-N02,C63,결정체
월보,C63-S00-I00-N02,C63,천지만물
월보,C63-S00-I00-N02,C63,일기
월보,C63-S00-I00-N02,C63,소사
월보,C63-S00-I00-N02,C63,일령
월보,C63-S00-I00-N02,C63,소조
월보,C63-S00-I00-N02,C63,천지만물
월보,C63-S00-I00-N02,C63,시천주
월보,C63-S00-I00-N02,C63,즉신
월보,C63-S00-I00-N02,C63,표현
월보,C63-S00-I00-N02,C63,즉신
월보,C63-S00-I00-N02,C63,작용
월보,C63-S00-I00-N02,C63,법문
월보,C63-S00-I00-N02,C63,의신
월보,C63-S00-I00-N02,C63,제이
월보,C63-S00-I00-N02,C63,만물중최령
월보,C63-S00-I00-N02,C63,영능
월보,C63-S00-I00-N02,C63,표현
월보,C63-S00-I00-N02,C63,작용
월보,C63-S00-I00-N02,C63,시점
월보,C63-S00-I00-N02,C63,만물
월보,C63-S00-I00-N02,C63,대표
월보,C63-S00-I00-N02,C63,천주
월보,C63-S00-I00-N02,C63,의식
월보,C63-S00-I00-N02,C63,기심령상
월보,C63-S00-I00-N02,C63,표현
월보,C63-S00-I00-N02,C63,우주
월보,C63-S00-I00-N02,C63,영능
월보,C63-S00-I00-N02,C63,발견
월보,C63-S00-I00-N02,C63,심령
월보,C63-S00-I00-N02,C63,즉천주
월보,C63-S00-I00-N02,C63,궁전
월보,C63-S00-I00-N02,C63,근거
월보,C63-S00-I00-N02,C63,천주
월보,C63-S00-I00-N02,C63,제삼
월보,C63-S00-I00-N02,C63,천주
월보,C63-S00-I00-N02,C63,以上
월보,C63-S00-I00-N02,C63,천주
월보,C63-S00-I00-N02,C63,고원
월보,C63-S00-I00-N02,C63,천주
월보,C63-S00-I00-N02,C63,숭배
월보,C63-S00-I00-N02,C63,아자신
월보,C63-S00-I00-N02,C63,당연
월보,C63-S00-I00-N02,C63,제사
월보,C63-S00-I00-N02,C63,심령
월보,C63-S00-I00-N02,C63,천주
월보,C63-S00-I00-N02,C63,육체
월보,C63-S00-I00-N02,C63,조직
월보,C63-S00-I00-N02,C63,해산
월보,C63-S00-I00-N02,C63,심령
월보,C63-S00-I00-N02,C63,의연
월보,C63-S00-I00-N02,C63,천주
월보,C63-S00-I00-N02,C63,천주
월보,C63-S00-I00-N02,C63,심령
월보,C63-S00-I00-N02,C63,필경귀숙처
월보,C63-S00-I00-N02,C63,천주
월보,C63-S00-I00-N02,C63,본체
월보,C63-S00-I00-N02,C63,오인
월보,C63-S00-I00-N02,C63,심령
월보,C63-S00-I00-N02,C63,영원
월보,C63-S00-I00-N02,C63,차세
월보,C63-S00-I00-N02,C63,차세
월보,C63-S00-I00-N02,C63,기길흉화복
월보,C63-S00-I00-N02,C63,공동
월보,C63-S00-I00-N02,C63,선사
월보,C63-S00-I00-N02,C63,정령
월보,C63-S00-I00-N02,C63,필경차세
월보,C63-S00-I00-N02,C63,오인
월보,C63-S00-I00-N02,C63,정신
월보,C63-S00-I00-N02,C63,융합일치
월보,C63-S00-I00-N02,C63,제오
월보,C63-S00-I00-N02,C63,오인
월보,C63-S00-I00-N02,C63,생사
월보,C63-S00-I00-N02,C63,천주
월보,C63-S00-I00-N02,C63,생사
월보,C63-S00-I00-N02,C63,차세
월보,C63-S00-I00-N02,C63,유과
월보,C63-S00-I00-N02,C63,오인
월보,C63-S00-I00-N02,C63,은서
월보,C63-S00-I00-N02,C63,차세
월보,C63-S00-I00-N02,C63,천국화
월보,C63-S00-I00-N02,C63,경락화
월보,C63-S00-I00-N02,C63,시오인
월보,C63-S00-I00-N02,C63,수도상제일요건
월보,C63-S00-I00-N02,C63,천하만세
월보,C63-S00-I00-N02,C63,차리
월보,C63-S00-I00-N02,C63,진리
월보,C63-S00-I00-N02,C63,삼세신성
월보,C63-S00-I00-N02,C63,숭배
월보,C63-S00-I00-N02,C63,소이
월보,C63-S00-I00-N02,C63,차오인
월보,C63-S00-I00-N02,C63,삼세신성
월보,C63-S00-I00-N02,C63,숭배
월보,C63-S00-I00-N02,C63,소이
월보,C63-S00-I00-N02,C63,천도교회월보법문
월보,C63-S00-I00-N02,C63,백년천년내지오만년
월보,C63-S00-I00-N02,C63,차법문
월보,C63-S00-I00-N02,C63,의연
월보,C63-S00-I00-N02,C63,오인
월보,C63-S00-I00-N02,C63,심법
월보,C63-S00-I00-N02,C63,차세
월보,C63-S00-I00-N02,C63,존재
월보,C63-S00-I00-N02,C63,법문
월보,C63-S00-I00-N02,C63,오인
월보,C63-S00-I00-N02,C63,금일
월보,C63-S00-I00-N02,C63,제일착안주의
월보,C63-S00-I00-N02,C63,일사
월보,C63-S00-I00-N02,C63,오인
월보,C63-S00-I00-N02,C63,법문
월보,C63-S00-I00-N02,C63,활동
월보,C63-S00-I00-N02,C63,의신
월보,C63-S00-I00-N02,C63,삼세
월보,C63-S00-I00-N02,C63,색신
월보,C63-S00-I00-N02,C63,준거귀의
월보,C63-S00-I00-N02,C63,즉삼세
월보,C63-S00-I00-N02,C63,법신
월보,C63-S00-I00-N02,C63,귀의
월보,C63-S00-I00-N02,C63,삼세
월보,C63-S00-I00-N02,C63,색신
월보,C63-S00-I00-N02,C63,신심
월보,C63-S00-I00-N02,C63,돈착
월보,C63-S00-I00-N02,C63,색신
월보,C63-S00-I00-N02,C63,천지만물
월보,C63-S00-I00-N02,C63,동일물질
월보,C63-S00-I00-N02,C63,구조
월보,C63-S00-I00-N02,C63,신학
월보,C63-S00-I00-N02,C63,오인
월보,C63-S00-I00-N02,C63,법신
월보,C63-S00-I00-N02,C63,시진실
월보,C63-S00-I00-N02,C63,결과
월보,C63-S00-I00-N02,C63,색신
월보,C63-S00-I00-N02,C63,노례
월보,C63-S00-I00-N02,C63,제자
월보,C63-S00-I00-N02,C63,노례
월보,C63-S00-I00-N02,C63,기의
월보,C63-S00-I00-N02,C63,천양
월보,C63-S00-I00-N02,C63,제자
월보,C63-S00-I00-N02,C63,법문
월보,C63-S00-I00-N02,C63,자기
월보,C63-S00-I00-N02,C63,의식적
월보,C63-S00-I00-N02,C63,노례
월보,C63-S00-I00-N02,C63,명령
월보,C63-S00-I00-N02,C63,자기
월보,C63-S00-I00-N02,C63,기계적
월보,C63-S00-I00-N02,C63,오인
월보,C63-S00-I00-N02,C63,삼세
월보,C63-S00-I00-N02,C63,제자
월보,C63-S00-I00-N02,C63,삼세
월보,C63-S00-I00-N02,C63,노례
월보,C63-S00-I00-N02,C63,성사
월보,C63-S00-I00-N02,C63,항언
월보,C63-S00-I00-N02,C63,대신사
월보,C63-S00-I00-N02,C63,숭배
월보,C63-S00-I00-N02,C63,의뢰
월보,C63-S00-I00-N02,C63,법문
월보,C63-S00-I00-N02,C63,삼세
월보,C63-S00-I00-N02,C63,심법
월보,C63-S00-I00-N02,C63,체득
월보,C64-S00-I00-N01,C64,인류
월보,C64-S00-I00-N01,C64,입합
월보,C64-S00-I00-N01,C64,완전
월보,C64-S00-I00-N01,C64,천도교
월보,C64-S00-I00-N01,C64,조귀이천만
월보,C64-S00-I00-N01,C64,각기천도교
월보,C64-S00-I00-N01,C64,자기
월보,C64-S00-I00-N01,C64,세계
월보,C64-S00-I00-N01,C64,육억
월보,C64-S00-I00-N01,C64,각기천도교
월보,C64-S00-I00-N01,C64,시대적
월보,C64-S00-I00-N01,C64,가신적
월보,C64-S00-I00-N01,C64,인정
월보,C64-S00-I00-N01,C64,독신자
월보,C64-S00-I00-N01,C64,세계
월보,C64-S00-I00-N01,C64,인족
월보,C64-S00-I00-N01,C64,시점
월보,C64-S00-I00-N01,C64,오인
월보,C64-S00-I00-N01,C64,천도교선전
월보,C64-S00-I00-N01,C64,노력
월보,C64-S00-I00-N01,C64,천도교
월보,C64-S00-I00-N01,C64,자기
월보,C64-S00-I00-N01,C64,생명
월보,C64-S00-I00-N01,C64,신입
월보,C64-S00-I00-N01,C64,수교인제씨
월보,C64-S00-I00-N01,C64,불만족
월보,C64-S00-I00-N01,C64,장래
월보,C64-S00-I00-N01,C64,만족
월보,C64-S00-I00-N01,C64,각방면
월보,C64-S00-I00-N01,C64,천도교세계건설
월보,C64-S00-I00-N01,C64,노력
월보,C64-S00-I00-N01,C64,진직
월보,C64-S00-I00-N01,C64,거세
월보,C64-S00-I00-N01,C64,천도교
월보,C64-S00-I00-N01,C64,천도교
월보,C64-S00-I00-N01,C64,친근
월보,C64-S00-I00-N01,C64,천도교
월보,C64-S00-I00-N01,C64,생사
월보,C64-S00-I00-N01,C64,기미
월보,C64-S00-I00-N01,C64,확실
월보,C64-S00-I00-N01,C64,활동
월보,C64-S00-I00-N01,C64,포덕
월보,C64-S00-I00-N01,C64,세계
월보,C64-S00-I00-N01,C64,이세신사
월보,C64-S00-I00-N01,C64,노력
월보,C64-S00-I00-N01,C64,오인
월보,C64-S00-I00-N01,C64,포덕천하
월보,C64-S00-I00-N01,C64,활성
월보,C64-S00-I00-N01,C64,이돈화일
월보,C64-S00-I00-N01,C64,新人
월보,C64-S00-I00-N01,C64,천지간
월보,C64-S00-I00-N01,C64,활동
월보,C64-S00-I00-N01,C64,이세
월보,C64-S00-I00-N01,C64,고연
월보,C64-S00-I00-N01,C64,전개
월보,C64-S00-I00-N01,C64,자연
월보,C64-S00-I00-N01,C64,필연
월보,C64-S00-I00-N01,C64,인세
월보,C64-S00-I00-N01,C64,연후
월보,C64-S00-I00-N01,C64,자연
월보,C64-S00-I00-N01,C64,이세
월보,C64-S00-I00-N01,C64,불득이동
월보,C64-S00-I00-N01,C64,대천성진소
월보,C64-S00-I00-N01,C64,미진섬개
월보,C64-S00-I00-N01,C64,차리법
월보,C64-S00-I00-N01,C64,원월
월보,C64-S00-I00-N01,C64,하고
월보,C64-S00-I00-N01,C64,우주
월보,C64-S00-I00-N01,C64,하고
월보,C64-S00-I00-N01,C64,천지인생
월보,C64-S00-I00-N01,C64,하고
월보,C64-S00-I00-N01,C64,종교도덕
월보,C64-S00-I00-N01,C64,오인
월보,C64-S00-I00-N01,C64,지력
월보,C64-S00-I00-N01,C64,단오인
월보,C64-S00-I00-N01,C64,확신포덕천하
월보,C64-S00-I00-N01,C64,활성
월보,C64-S00-I00-N01,C64,천도교회월보
월보,C64-S00-I00-N01,C64,기의
월보,C64-S00-I00-N01,C64,여사
월보,C64-S00-I00-N01,C64,조직
월보,C64-S00-I00-N01,C64,우주
월보,C64-S00-I00-N01,C64,여사
월보,C64-S00-I00-N01,C64,성정
월보,C64-S00-I00-N01,C64,인생
월보,C64-S00-I00-N01,C64,필연
월보,C64-S00-I00-N01,C64,이세
월보,C64-S00-I00-N01,C64,이자
월보,C64-S00-I00-N01,C64,불득이
월보,C64-S00-I00-N01,C64,관계
월보,C64-S00-I00-N01,C64,불득이
월보,C64-S00-I00-N01,C64,무형계
월보,C64-S00-I00-N01,C64,유행
월보,C64-S00-I00-N01,C64,천칙
월보,C64-S00-I00-N01,C64,오인
월보,C64-S00-I00-N01,C64,차천칙
월보,C64-S00-I00-N01,C64,동일정
월보,C64-S00-I00-N01,C64,천명
월보,C64-S00-I00-N01,C64,불가
월보,C64-S00-I00-N01,C64,대신사
월보,C64-S00-I00-N01,C64,일오도
월보,C64-S00-I00-N01,C64,무위이화
월보,C64-S00-I00-N01,C64,무위이화
월보,C64-S00-I00-N01,C64,즉천지우주
월보,C64-S00-I00-N01,C64,불득이
월보,C64-S00-I00-N01,C64,천칙
월보,C64-S00-I00-N01,C64,무위이화
월보,C64-S00-I00-N01,C64,오인
월보,C64-S00-I00-N01,C64,휴수무책
월보,C64-S00-I00-N01,C64,희망
월보,C64-S00-I00-N01,C64,불가
월보,C64-S00-I00-N01,C64,불득이
월보,C64-S00-I00-N01,C64,오인
월보,C64-S00-I00-N01,C64,불득이
월보,C64-S00-I00-N01,C64,오인
월보,C64-S00-I00-N01,C64,주저
월보,C64-S00-I00-N01,C64,무위이화
월보,C64-S00-I00-N01,C64,오인
월보,C64-S00-I00-N01,C64,장애
월보,C64-S00-I00-N01,C64,불득이
월보,C64-S00-I00-N01,C64,천지
월보,C64-S00-I00-N01,C64,불득이동
월보,C64-S00-I00-N01,C64,의미
월보,C64-S00-I00-N01,C64,무위이화
월보,C64-S00-I00-N01,C64,불득이
월보,C64-S00-I00-N01,C64,불득이
월보,C64-S00-I00-N01,C64,불득기
월보,C64-S00-I00-N01,C64,불득기
월보,C64-S00-I00-N01,C64,불득이화
월보,C64-S00-I00-N01,C64,오인
월보,C64-S00-I00-N01,C64,지신적도리
월보,C64-S00-I00-N01,C64,新人
월보,C64-S00-I00-N01,C64,新人
월보,C64-S00-I00-N01,C64,원리
월보,C64-S00-I00-N01,C64,과거경신
월보,C64-S00-I00-N01,C64,일인
월보,C64-S00-I00-N01,C64,대신사
월보,C64-S00-I00-N01,C64,현재경신
월보,C64-S00-I00-N01,C64,천백인
월보,C64-S00-I00-N01,C64,대신사
월보,C64-S00-I00-N01,C64,출생
월보,C64-S00-I00-N01,C64,오등신도
월보,C64-S00-I00-N01,C64,경신
월보,C64-S00-I00-N01,C64,회춘
월보,C64-S00-I00-N01,C64,기회
월보,C64-S00-I00-N01,C64,일층신정력
월보,C64-S00-I00-N01,C64,주사
월보,C64-S00-I00-N01,C64,불가
월보,C64-S00-I00-N01,C64,원래
월보,C64-S00-I00-N01,C64,생물
월보,C64-S00-I00-N01,C64,정력적장애
월보,C64-S00-I00-N01,C64,무한
월보,C64-S00-I00-N01,C64,원력
월보,C64-S00-I00-N01,C64,기원동력
월보,C64-S00-I00-N01,C64,정도
월보,C64-S00-I00-N01,C64,타력
월보,C64-S00-I00-N01,C64,기원동력
월보,C64-S00-I00-N01,C64,혼약
월보,C64-S00-I00-N01,C64,타력
월보,C64-S00-I00-N01,C64,시극종
월보,C64-S00-I00-N01,C64,미과
월보,C64-S00-I00-N01,C64,소이
월보,C64-S00-I00-N01,C64,대개
월보,C64-S00-I00-N01,C64,차타력
월보,C64-S00-I00-N01,C64,저애
월보,C64-S00-I00-N01,C64,차원력
월보,C64-S00-I00-N01,C64,쇠모
월보,C64-S00-I00-N01,C64,보충
월보,C64-S00-I00-N01,C64,신정력
월보,C64-S00-I00-N01,C64,주사
월보,C64-S00-I00-N01,C64,불가
월보,C64-S00-I00-N01,C64,신정력
월보,C64-S00-I00-N01,C64,주사
월보,C64-S00-I00-N01,C64,노쇠
월보,C64-S00-I00-N01,C64,청신
월보,C64-S00-I00-N01,C64,환원
월보,C64-S00-I00-N01,C64,묘방
월보,C64-S00-I00-N01,C64,금일
월보,C64-S00-I00-N01,C64,차륙십일세
월보,C64-S00-I00-N01,C64,경신
월보,C64-S00-I00-N01,C64,오만년
월보,C64-S00-I00-N01,C64,장세월
월보,C64-S00-I00-N01,C64,일찰나
월보,C64-S00-I00-N01,C64,불과
월보,C64-S00-I00-N01,C64,인생일대
월보,C64-S00-I00-N01,C64,광명
월보,C64-S00-I00-N01,C64,육십일세
월보,C64-S00-I00-N01,C64,차인생일대
월보,C64-S00-I00-N01,C64,기허간
월보,C64-S00-I00-N01,C64,타력
월보,C64-S00-I00-N01,C64,악마
월보,C64-S00-I00-N01,C64,오인
월보,C64-S00-I00-N01,C64,전도
월보,C64-S00-I00-N01,C64,복재
월보,C64-S00-I00-N01,C64,미지
월보,C64-S00-I00-N01,C64,오인
월보,C64-S00-I00-N01,C64,차제
월보,C64-S00-I00-N01,C64,맹연
월보,C64-S00-I00-N01,C64,경신환갑
월보,C64-S00-I00-N01,C64,기회
월보,C64-S00-I00-N01,C64,일대신정력
월보,C64-S00-I00-N01,C64,주사
월보,C64-S00-I00-N01,C64,포덕천하
월보,C64-S00-I00-N01,C64,활성
월보,C64-S00-I00-N02,C64,오인
월보,C64-S00-I00-N02,C64,금년
월보,C64-S00-I00-N02,C64,일신원
월보,C64-S00-I00-N02,C64,新人
월보,C64-S00-I00-N02,C64,진실성
월보,C64-S00-I00-N02,C64,효과
월보,C64-S00-I00-N02,C64,약무약
월보,C64-S00-I00-N02,C64,만사
월보,C64-S00-I00-N02,C64,일신우신
월보,C64-S00-I00-N02,C64,진행
월보,C64-S00-I00-N02,C64,보편적활용
월보,C64-S00-I00-N02,C64,추락내기
월보,C64-S00-I00-N02,C64,우추상적주관
월보,C64-S00-I00-N02,C64,사성
월보,C64-S00-I00-N02,C64,활성
월보,C64-S00-I00-N02,C64,오인
월보,C64-S00-I00-N02,C64,경신
월보,C64-S00-I00-N02,C64,기회
월보,C64-S00-I00-N02,C64,이세
월보,C64-S00-I00-N02,C64,필연
월보,C64-S00-I00-N02,C64,제군
월보,C64-S00-I00-N02,C64,피북망
월보,C64-S00-I00-N02,C64,수천
월보,C64-S00-I00-N02,C64,고총
월보,C64-S00-I00-N02,C64,新人
월보,C64-S00-I00-N02,C64,新人
월보,C64-S00-I00-N02,C64,활동
월보,C64-S00-I00-N02,C64,향상
월보,C64-S00-I00-N02,C64,여하
월보,C64-S00-I00-N02,C64,방법
월보,C64-S00-I00-N02,C64,一切
월보,C64-S00-I00-N02,C64,구진
월보,C64-S00-I00-N02,C64,제군
월보,C64-S00-I00-N02,C64,해탈
월보,C64-S00-I00-N02,C64,新人
월보,C64-S00-I00-N02,C64,오인
월보,C64-S00-I00-N02,C64,명칭
월보,C64-S00-I00-N02,C64,오인
월보,C64-S00-I00-N02,C64,만약성
월보,C64-S00-I00-N02,C64,진실일여
월보,C64-S00-I00-N02,C64,상태
월보,C64-S00-I00-N02,C64,성일자
월보,C64-S00-I00-N02,C64,해석
월보,C64-S00-I00-N02,C64,피북망
월보,C64-S00-I00-N02,C64,고총
월보,C64-S00-I00-N02,C64,개성
월보,C64-S00-I00-N02,C64,만인
월보,C64-S00-I00-N02,C64,일석
월보,C64-S00-I00-N02,C64,예투화
월보,C64-S00-I00-N02,C64,기대
월보,C64-S00-I00-N02,C64,무한
월보,C64-S00-I00-N02,C64,실제감격
월보,C64-S00-I00-N02,C64,활동
월보,C64-S00-I00-N02,C64,의외
월보,C64-S00-I00-N02,C64,활성
월보,C64-S00-I00-N02,C64,경로
월보,C64-S00-I00-N02,C64,오인
월보,C64-S00-I00-N02,C64,예투화
월보,C64-S00-I00-N02,C64,오인
월보,C64-S00-I00-N02,C64,차등
월보,C64-S00-I00-N02,C64,사성
월보,C64-S00-I00-N02,C64,오인
월보,C64-S00-I00-N02,C64,투화
월보,C64-S00-I00-N02,C64,일반
월보,C64-S00-I00-N02,C64,불가
월보,C64-S00-I00-N02,C64,우일반
월보,C64-S00-I00-N02,C64,실제활용
월보,C64-S00-I00-N02,C64,활성
월보,C64-S00-I00-N02,C64,즉수인사대천명
월보,C64-S00-I00-N02,C64,오인
월보,C64-S00-I00-N02,C64,향상
월보,C64-S00-I00-N02,C64,천명
월보,C64-S00-I00-N02,C64,사성
월보,C64-S00-I00-N02,C64,활성
월보,C64-S00-I00-N02,C64,명의
월보,C64-S00-I00-N02,C64,활동
월보,C64-S00-I00-N02,C64,개시
월보,C64-S00-I00-N02,C64,소이
월보,C64-S00-I00-N02,C64,자고
월보,C64-S00-I00-N02,C64,순실무이
월보,C64-S00-I00-N02,C64,시활성
월보,C64-S00-I00-N02,C64,여시
월보,C64-S00-I00-N02,C64,불득
월보,C64-S00-I00-N02,C64,천도교회월보
월보,C64-S00-I00-N02,C64,천명
월보,C64-S00-I00-N02,C64,불득이
월보,C64-S00-I00-N02,C64,우주
월보,C64-S00-I00-N02,C64,이세
월보,C64-S00-I00-N02,C64,불득이
월보,C64-S00-I00-N02,C64,지배
월보,C64-S00-I00-N02,C64,하등성
월보,C64-S00-I00-N02,C64,불지
월보,C64-S00-I00-N02,C64,풍침공상
월보,C64-S00-I00-N02,C64,북망
월보,C64-S00-I00-N02,C64,고총
월보,C64-S00-I00-N02,C64,복활
월보,C64-S00-I00-N02,C64,하이
월보,C64-S00-I00-N02,C64,오인
월보,C64-S00-I00-N02,C64,수도
월보,C64-S00-I00-N02,C64,방법
월보,C64-S00-I00-N02,C64,여사
월보,C64-S00-I00-N02,C64,자아
월보,C64-S00-I00-N02,C64,활동
월보,C64-S00-I00-N02,C64,농부
월보,C64-S00-I00-N02,C64,경종
월보,C64-S00-I00-N02,C64,무이
월보,C64-S00-I00-N02,C64,천사
월보,C64-S00-I00-N02,C64,감화
월보,C64-S00-I00-N02,C64,오인
월보,C64-S00-I00-N02,C64,천사
월보,C64-S00-I00-N02,C64,감화
월보,C64-S00-I00-N02,C64,일청수일성미
월보,C64-S00-I00-N02,C64,교인
월보,C64-S00-I00-N02,C64,본무
월보,C64-S00-I00-N02,C64,어시
월보,C64-S00-I00-N02,C64,천사
월보,C64-S00-I00-N02,C64,감화
월보,C64-S00-I00-N02,C64,도망
월보,C64-S00-I00-N02,C64,경종
월보,C64-S00-I00-N02,C64,농부
월보,C64-S00-I00-N02,C64,감우
월보,C64-S00-I00-N02,C64,하이
월보,C64-S00-I00-N03,C64,초야
월보,C64-S00-I00-N03,C64,일농부
월보,C64-S00-I00-N03,C64,일돈족
월보,C64-S00-I00-N03,C64,일호주
월보,C64-S00-I00-N03,C64,창름만곡
월보,C64-S00-I00-N03,C64,만일일돈족
월보,C64-S00-I00-N03,C64,일호주
월보,C64-S00-I00-N03,C64,창름
월보,C64-S00-I00-N03,C64,도술
월보,C64-S00-I00-N03,C64,오인
월보,C64-S00-I00-N03,C64,쌍수
월보,C64-S00-I00-N03,C64,차법
월보,C64-S00-I00-N03,C64,선포
월보,C64-S00-I00-N03,C64,노력
월보,C64-S00-I00-N03,C64,인과응보
월보,C64-S00-I00-N03,C64,법칙
월보,C64-S00-I00-N03,C64,정연
월보,C64-S00-I00-N03,C64,대동
월보,C64-S00-I00-N03,C64,대득
월보,C64-S00-I00-N03,C64,소동
월보,C64-S00-I00-N03,C64,소득
월보,C64-S00-I00-N03,C64,내하
월보,C64-S00-I00-N03,C64,오인
월보,C64-S00-I00-N03,C64,차경신
월보,C64-S00-I00-N03,C64,활동기
월보,C64-S00-I00-N03,C64,활성
월보,C64-S00-I00-N03,C64,차간
월보,C64-S00-I00-N03,C64,절망
월보,C64-S00-I00-N03,C64,오인
월보,C64-S00-I00-N03,C64,활용
월보,C64-S00-I00-N03,C64,방법
월보,C64-S00-I00-N03,C64,제일사대계명
월보,C64-S00-I00-N03,C64,하인
월보,C64-S00-I00-N03,C64,하사
월보,C64-S00-I00-N03,C64,착수
월보,C64-S00-I00-N03,C64,시종
월보,C64-S00-I00-N03,C64,기도
월보,C64-S00-I00-N03,C64,영세불망만사지
월보,C64-S00-I00-N03,C64,법훈
월보,C64-S00-I00-N03,C64,진행
월보,C64-S00-I00-N03,C64,선언
월보,C64-S00-I00-N03,C64,복지심
월보,C64-S00-I00-N03,C64,만사
월보,C64-S00-I00-N03,C64,신용
월보,C64-S00-I00-N03,C64,유일
월보,C64-S00-I00-N03,C64,실본
월보,C64-S00-I00-N03,C64,기심
월보,C64-S00-I00-N03,C64,즉기천
월보,C64-S00-I00-N03,C64,허언
월보,C64-S00-I00-N03,C64,만사
월보,C64-S00-I00-N03,C64,양삼
월보,C64-S00-I00-N03,C64,물욕지심
월보,C64-S00-I00-N03,C64,만사
월보,C64-S00-I00-N03,C64,진실무위
월보,C64-S00-I00-N03,C64,활동
월보,C64-S00-I00-N03,C64,불량
월보,C64-S00-I00-N03,C64,외사
월보,C64-S00-I00-N03,C64,선택
월보,C64-S00-I00-N03,C64,개체
월보,C64-S00-I00-N03,C64,최선능력
월보,C64-S00-I00-N03,C64,발휘
월보,C64-S00-I00-N03,C64,본무
월보,C64-S00-I00-N03,C64,즉심신삼
월보,C64-S00-I00-N03,C64,활성
월보,C64-S00-I00-N03,C64,제이보
월보,C64-S00-I00-N03,C64,사인여천
월보,C64-S00-I00-N03,C64,오교
월보,C64-S00-I00-N03,C64,종지
월보,C64-S00-I00-N03,C64,인내천
월보,C64-S00-I00-N03,C64,체질
월보,C64-S00-I00-N03,C64,활용
월보,C64-S00-I00-N03,C64,오인
월보,C64-S00-I00-N03,C64,인내천
월보,C64-S00-I00-N03,C64,기초
월보,C64-S00-I00-N03,C64,사인여천
월보,C64-S00-I00-N03,C64,철저실행
월보,C64-S00-I00-N03,C64,불가
월보,C64-S00-I00-N03,C64,억사인여천주의
월보,C64-S00-I00-N03,C64,즉무차별평등주의
월보,C64-S00-I00-N03,C64,의미
월보,C64-S00-I00-N03,C64,인상
월보,C64-S00-I00-N03,C64,인하
월보,C64-S00-I00-N03,C64,공령공리
월보,C64-S00-I00-N03,C64,차별
월보,C64-S00-I00-N03,C64,동일
월보,C64-S00-I00-N03,C64,오인
월보,C64-S00-I00-N03,C64,신체
월보,C64-S00-I00-N03,C64,유일
월보,C64-S00-I00-N03,C64,혈액
월보,C64-S00-I00-N03,C64,혈액
월보,C64-S00-I00-N03,C64,이십세기
월보,C64-S00-I00-N03,C64,문명
월보,C64-S00-I00-N03,C64,용전
월보,C64-S00-I00-N03,C64,기력
월보,C64-S00-I00-N03,C64,자불
월보,C64-S00-I00-N03,C64,사지백체
월보,C64-S00-I00-N03,C64,순환
월보,C64-S00-I00-N03,C64,사지백체
월보,C64-S00-I00-N03,C64,공평
월보,C64-S00-I00-N03,C64,만초
월보,C64-S00-I00-N03,C64,오인
월보,C64-S00-I00-N03,C64,공평
월보,C64-S00-I00-N03,C64,혈액
월보,C64-S00-I00-N03,C64,一切
월보,C64-S00-I00-N03,C64,중생
월보,C64-S00-I00-N03,C64,조양
월보,C64-S00-I00-N03,C64,만물
월보,C64-S00-I00-N03,C64,유일
월보,C64-S00-I00-N03,C64,감우
월보,C64-S00-I00-N03,C64,감우
월보,C64-S00-I00-N03,C64,공평
월보,C64-S00-I00-N03,C64,만초만목
월보,C64-S00-I00-N03,C64,만초만목
월보,C64-S00-I00-N03,C64,기생
월보,C64-S00-I00-N03,C64,오인
월보,C64-S00-I00-N03,C64,감우
월보,C64-S00-I00-N03,C64,一切
월보,C64-S00-I00-N03,C64,중생
월보,C64-S00-I00-N03,C64,正義
월보,C64-S00-I00-N03,C64,애무
월보,C64-S00-I00-N04,C64,억우신
월보,C64-S00-I00-N04,C64,오인
월보,C64-S00-I00-N04,C64,동정적
월보,C64-S00-I00-N04,C64,사교적
월보,C64-S00-I00-N04,C64,오인
월보,C64-S00-I00-N04,C64,해방
월보,C64-S00-I00-N04,C64,동정
월보,C64-S00-I00-N04,C64,사교
월보,C64-S00-I00-N04,C64,동화귀일
월보,C64-S00-I00-N04,C64,활성
월보,C64-S00-I00-N04,C64,제삼보
월보,C64-S00-I00-N04,C64,경전
월보,C64-S00-I00-N04,C64,연구
월보,C64-S00-I00-N04,C64,경전
월보,C64-S00-I00-N04,C64,신사
월보,C64-S00-I00-N04,C64,법훈
월보,C64-S00-I00-N04,C64,오인
월보,C64-S00-I00-N04,C64,신앙론
월보,C64-S00-I00-N04,C64,재재
월보,C64-S00-I00-N04,C64,오인
월보,C64-S00-I00-N04,C64,만일자기
월보,C64-S00-I00-N04,C64,소신
월보,C64-S00-I00-N04,C64,일세
월보,C64-S00-I00-N04,C64,선포
월보,C64-S00-I00-N04,C64,경전
월보,C64-S00-I00-N04,C64,신유
월보,C64-S00-I00-N04,C64,이회
월보,C64-S00-I00-N04,C64,세계미양
월보,C64-S00-I00-N04,C64,차법문
월보,C64-S00-I00-N04,C64,引導
월보,C64-S00-I00-N04,C64,소양
월보,C64-S00-I00-N04,C64,불가
월보,C64-S00-I00-N04,C64,활성
월보,C64-S00-I00-N04,C64,제사보
월보,C64-S00-I00-N04,C64,상식요구오인
월보,C64-S00-I00-N04,C64,경전
월보,C64-S00-I00-N04,C64,연숙
월보,C64-S00-I00-N04,C64,사회적상식
월보,C64-S00-I00-N04,C64,결핍
월보,C64-S00-I00-N04,C64,영육쌍전
월보,C64-S00-I00-N04,C64,기일
월보,C64-S00-I00-N04,C64,종교가
월보,C64-S00-I00-N04,C64,풍부
월보,C64-S00-I00-N04,C64,상식
월보,C64-S00-I00-N04,C64,금상첨화
월보,C64-S00-I00-N04,C64,미점
월보,C64-S00-I00-N04,C64,구비포덕천하
월보,C64-S00-I00-N04,C64,활성
월보,C64-S00-I00-N04,C64,一切
월보,C64-S00-I00-N04,C64,중생
월보,C64-S00-I00-N04,C64,공평
월보,C64-S00-I00-N04,C64,혈액
월보,C64-S00-I00-N04,C64,종교
월보,C64-S00-I00-N04,C64,도덕
월보,C64-S00-I00-N04,C64,필경
월보,C64-S00-I00-N04,C64,사회
월보,C64-S00-I00-N04,C64,무인고도
월보,C64-S00-I00-N04,C64,독처
월보,C64-S00-I00-N04,C64,종교
월보,C64-S00-I00-N04,C64,하용
월보,C64-S00-I00-N04,C64,도덕
월보,C64-S00-I00-N04,C64,하유
월보,C64-S00-I00-N04,C64,활종교가
월보,C64-S00-I00-N04,C64,항상사회
월보,C64-S00-I00-N04,C64,밀접
월보,C64-S00-I00-N04,C64,사회
월보,C64-S00-I00-N04,C64,희로애락
월보,C64-S00-I00-N04,C64,자기
월보,C64-S00-I00-N04,C64,희로애락
월보,C64-S00-I00-N04,C64,활성
월보,C64-S00-I00-N04,C64,제오보
월보,C64-S00-I00-N04,C64,밀접사회
월보,C64-S00-I00-N04,C64,사회
월보,C64-S00-I00-N04,C64,생존안령
월보,C64-S00-I00-N04,C64,칙오인
월보,C64-S00-I00-N04,C64,독팔
월보,C64-S00-I00-N04,C64,활성
월보,C64-S00-I00-N04,C64,제칠보
월보,C64-S00-I00-N04,C64,포덕종사오교
월보,C64-S00-I00-N04,C64,결국목적
월보,C64-S00-I00-N04,C64,포덕
월보,C64-S00-I00-N04,C64,종사
월보,C64-S00-I00-N04,C64,기결국목적만인
월보,C64-S00-I00-N04,C64,만인
월보,C64-S00-I00-N04,C64,천인
월보,C64-S00-I00-N04,C64,천인
월보,C64-S00-I00-N04,C64,노력
월보,C64-S00-I00-N04,C64,물론
월보,C64-S00-I00-N04,C64,사설
월보,C64-S00-I00-N04,C64,필요
월보,C65-S00-I00-N01,C65,구속
월보,C65-S00-I00-N01,C65,종교
월보,C65-S00-I00-N01,C65,자유
월보,C65-S00-I00-N01,C65,종교리돈화구속
월보,C65-S00-I00-N01,C65,종교
월보,C65-S00-I00-N01,C65,자유
월보,C65-S00-I00-N01,C65,종교대의
월보,C65-S00-I00-N01,C65,대각
월보,C65-S00-I00-N01,C65,고인
월보,C65-S00-I00-N01,C65,대의
월보,C65-S00-I00-N01,C65,대각
월보,C65-S00-I00-N01,C65,수양
월보,C65-S00-I00-N01,C65,일각통로
월보,C65-S00-I00-N01,C65,원시
월보,C65-S00-I00-N01,C65,교훈
월보,C65-S00-I00-N01,C65,대의
월보,C65-S00-I00-N01,C65,대각
월보,C65-S00-I00-N01,C65,의식
월보,C65-S00-I00-N01,C65,자유정신
월보,C65-S00-I00-N01,C65,활동
월보,C65-S00-I00-N01,C65,개시
월보,C65-S00-I00-N01,C65,의식
월보,C65-S00-I00-N01,C65,연구
월보,C65-S00-I00-N01,C65,연구
월보,C65-S00-I00-N01,C65,의심
월보,C65-S00-I00-N01,C65,연구
월보,C65-S00-I00-N01,C65,활동
월보,C65-S00-I00-N01,C65,태고복희씨
월보,C65-S00-I00-N01,C65,목실
월보,C65-S00-I00-N01,C65,목소
월보,C65-S00-I00-N01,C65,점차종교적의식
월보,C65-S00-I00-N01,C65,의심
월보,C65-S00-I00-N01,C65,관념
월보,C65-S00-I00-N01,C65,수화목석
월보,C65-S00-I00-N01,C65,자연현상
월보,C65-S00-I00-N01,C65,공포
월보,C65-S00-I00-N01,C65,숭배
월보,C65-S00-I00-N01,C65,관념
월보,C65-S00-I00-N01,C65,대개의심
월보,C65-S00-I00-N01,C65,원동력
월보,C65-S00-I00-N01,C65,고전
월보,C65-S00-I00-N01,C65,인류
월보,C65-S00-I00-N01,C65,원조
월보,C65-S00-I00-N01,C65,지식
월보,C65-S00-I00-N01,C65,투식
월보,C65-S00-I00-N01,C65,기자손
월보,C65-S00-I00-N01,C65,만세
월보,C65-S00-I00-N01,C65,죄과
월보,C65-S00-I00-N01,C65,무상
월보,C65-S00-I00-N01,C65,우언비사
월보,C65-S00-I00-N01,C65,즉인
월보,C65-S00-I00-N01,C65,지식
월보,C65-S00-I00-N01,C65,고통
월보,C65-S00-I00-N01,C65,증가
월보,C65-S00-I00-N01,C65,우언
월보,C65-S00-I00-N01,C65,발표
월보,C65-S00-I00-N01,C65,소위
월보,C65-S00-I00-N01,C65,인생식자우환시
월보,C65-S00-I00-N01,C65,우언비사일
월보,C65-S00-I00-N01,C65,천도교회월보
월보,C65-S00-I00-N01,C65,가탁
월보,C65-S00-I00-N01,C65,과연지식
월보,C65-S00-I00-N01,C65,고통
월보,C65-S00-I00-N01,C65,사실
월보,C65-S00-I00-N01,C65,지식
월보,C65-S00-I00-N01,C65,고통
월보,C65-S00-I00-N01,C65,지식
월보,C65-S00-I00-N01,C65,태고
월보,C65-S00-I00-N01,C65,생활
월보,C65-S00-I00-N01,C65,도저불가능
월보,C65-S00-I00-N01,C65,음식
월보,C65-S00-I00-N01,C65,목실
월보,C65-S00-I00-N01,C65,고루
월보,C65-S00-I00-N01,C65,목소
월보,C65-S00-I00-N01,C65,지식
월보,C65-S00-I00-N01,C65,불득이
월보,C65-S00-I00-N01,C65,지식
월보,C65-S00-I00-N01,C65,연구
월보,C65-S00-I00-N01,C65,연구
월보,C65-S00-I00-N01,C65,의식
월보,C65-S00-I00-N01,C65,자유
월보,C65-S00-I00-N01,C65,의식
월보,C65-S00-I00-N01,C65,以上
월보,C65-S00-I00-N01,C65,불득이의
월보,C65-S00-I00-N01,C65,以上
월보,C65-S00-I00-N01,C65,연구
월보,C65-S00-I00-N01,C65,도저
월보,C65-S00-I00-N01,C65,가치
월보,C65-S00-I00-N01,C65,불사의
월보,C65-S00-I00-N01,C65,생이지지
월보,C65-S00-I00-N01,C65,以上
월보,C65-S00-I00-N01,C65,절대의심
월보,C65-S00-I00-N01,C65,우주인생
월보,C65-S00-I00-N01,C65,통관
월보,C65-S00-I00-N01,C65,일인
월보,C65-S00-I00-N02,C65,피생이지지
월보,C65-S00-I00-N02,C65,대성
월보,C65-S00-I00-N02,C65,공자
월보,C65-S00-I00-N02,C65,위편
월보,C65-S00-I00-N02,C65,삼절
월보,C65-S00-I00-N02,C65,위선
월보,C65-S00-I00-N02,C65,자자
월보,C65-S00-I00-N02,C65,생평불식
월보,C65-S00-I00-N02,C65,십이불혹
월보,C65-S00-I00-N02,C65,왈오십이지천명
월보,C65-S00-I00-N02,C65,왈칠십
월보,C65-S00-I00-N02,C65,종심소욕
월보,C65-S00-I00-N02,C65,공자
월보,C65-S00-I00-N02,C65,위중
월보,C65-S00-I00-N02,C65,복재
월보,C65-S00-I00-N02,C65,의심
월보,C65-S00-I00-N02,C65,해결
월보,C65-S00-I00-N02,C65,불과
월보,C65-S00-I00-N02,C65,기독
월보,C65-S00-I00-N02,C65,사십일야
월보,C65-S00-I00-N02,C65,광야
월보,C65-S00-I00-N02,C65,명상
월보,C65-S00-I00-N02,C65,해결
월보,C65-S00-I00-N02,C65,천상천하
월보,C65-S00-I00-N02,C65,유아독존
월보,C65-S00-I00-N02,C65,자거
월보,C65-S00-I00-N02,C65,석씨
월보,C65-S00-I00-N02,C65,육년간고행
월보,C65-S00-I00-N02,C65,대각
월보,C65-S00-I00-N02,C65,의심
월보,C65-S00-I00-N02,C65,대각
월보,C65-S00-I00-N02,C65,구속
월보,C65-S00-I00-N02,C65,종교
월보,C65-S00-I00-N02,C65,자유
월보,C65-S00-I00-N02,C65,종교
월보,C65-S00-I00-N02,C65,목능
월보,C65-S00-I00-N02,C65,활동
월보,C65-S00-I00-N02,C65,취생몽사
월보,C65-S00-I00-N02,C65,일대
월보,C65-S00-I00-N02,C65,의심
월보,C65-S00-I00-N02,C65,정도
월보,C65-S00-I00-N02,C65,표준
월보,C65-S00-I00-N02,C65,동시
월보,C65-S00-I00-N02,C65,인격
월보,C65-S00-I00-N02,C65,정도
월보,C65-S00-I00-N02,C65,표준
월보,C65-S00-I00-N02,C65,하고
월보,C65-S00-I00-N02,C65,의심
월보,C65-S00-I00-N02,C65,불사의
월보,C65-S00-I00-N02,C65,소이
월보,C65-S00-I00-N02,C65,불사의
월보,C65-S00-I00-N02,C65,사량
월보,C65-S00-I00-N02,C65,의심
월보,C65-S00-I00-N02,C65,객관세계
월보,C65-S00-I00-N02,C65,불사의
월보,C65-S00-I00-N02,C65,토구
월보,C65-S00-I00-N02,C65,발달
월보,C65-S00-I00-N02,C65,학문
월보,C65-S00-I00-N02,C65,창공
월보,C65-S00-I00-N02,C65,불사의
월보,C65-S00-I00-N02,C65,토구
월보,C65-S00-I00-N02,C65,천문학
월보,C65-S00-I00-N02,C65,지구
월보,C65-S00-I00-N02,C65,불사의
월보,C65-S00-I00-N02,C65,토구
월보,C65-S00-I00-N02,C65,지질학지문학등
월보,C65-S00-I00-N02,C65,기타식물
월보,C65-S00-I00-N02,C65,불사의
월보,C65-S00-I00-N02,C65,식물학동물
월보,C65-S00-I00-N02,C65,불사의
월보,C65-S00-I00-N02,C65,동물학등
월보,C65-S00-I00-N02,C65,일언
월보,C65-S00-I00-N02,C65,불추상
월보,C65-S00-I00-N02,C65,불사의
월보,C65-S00-I00-N02,C65,근원
월보,C65-S00-I00-N02,C65,토구
월보,C65-S00-I00-N02,C65,불사의
월보,C65-S00-I00-N02,C65,해결
월보,C65-S00-I00-N02,C65,즉각
월보,C65-S00-I00-N02,C65,지식
월보,C65-S00-I00-N02,C65,종교
월보,C65-S00-I00-N02,C65,불사의이상
월보,C65-S00-I00-N02,C65,불가의
월보,C65-S00-I00-N02,C65,발전
월보,C65-S00-I00-N02,C65,물론
월보,C65-S00-I00-N02,C65,불사의
월보,C65-S00-I00-N02,C65,역사
월보,C65-S00-I00-N02,C65,발전
월보,C65-S00-I00-N02,C65,종교
월보,C65-S00-I00-N02,C65,골자
월보,C65-S00-I00-N02,C65,종교
월보,C65-S00-I00-N02,C65,민족
월보,C65-S00-I00-N02,C65,학문
월보,C65-S00-I00-N02,C65,존재
월보,C65-S00-I00-N02,C65,학문
월보,C65-S00-I00-N02,C65,요람
월보,C65-S00-I00-N02,C65,다수
월보,C65-S00-I00-N02,C65,종교
월보,C65-S00-I00-N02,C65,발달
월보,C65-S00-I00-N02,C65,전성
월보,C65-S00-I00-N02,C65,태고미개
월보,C65-S00-I00-N02,C65,자연계
월보,C65-S00-I00-N02,C65,제종
월보,C65-S00-I00-N02,C65,세력급법칙
월보,C65-S00-I00-N02,C65,지식
월보,C65-S00-I00-N02,C65,상상
월보,C65-S00-I00-N02,C65,시지식
월보,C65-S00-I00-N02,C65,흠함
월보,C65-S00-I00-N02,C65,기생존급행복
월보,C65-S00-I00-N02,C65,자연계
월보,C65-S00-I00-N02,C65,세력
월보,C65-S00-I00-N02,C65,시뢰
월보,C65-S00-I00-N02,C65,일월천지산해뢰전등
월보,C65-S00-I00-N02,C65,자연력
월보,C65-S00-I00-N02,C65,인격적활물
월보,C65-S00-I00-N02,C65,사유
월보,C65-S00-I00-N02,C65,차인류
월보,C65-S00-I00-N02,C65,모형
월보,C65-S00-I00-N02,C65,천도교회월보의
월보,C65-S00-I00-N02,C65,기형체
월보,C65-S00-I00-N02,C65,상상
월보,C65-S00-I00-N02,C65,태고
월보,C65-S00-I00-N02,C65,다신교
월보,C65-S00-I00-N02,C65,자연
월보,C65-S00-I00-N02,C65,불사의
월보,C65-S00-I00-N02,C65,관념
월보,C65-S00-I00-N02,C65,과언
월보,C65-S00-I00-N02,C65,즉대자연적공포
월보,C65-S00-I00-N02,C65,발원
월보,C65-S00-I00-N02,C65,불가
월보,C65-S00-I00-N02,C65,인문
월보,C65-S00-I00-N02,C65,점개
월보,C65-S00-I00-N02,C65,도덕
월보,C65-S00-I00-N02,C65,점진
월보,C65-S00-I00-N02,C65,자연
월보,C65-S00-I00-N02,C65,다소
월보,C65-S00-I00-N02,C65,도덕적결
월보,C65-S00-I00-N02,C65,행동
월보,C65-S00-I00-N02,C65,자연적
월보,C65-S00-I00-N02,C65,윤리적
월보,C65-S00-I00-N02,C65,시등
월보,C65-S00-I00-N02,C65,일개
월보,C65-S00-I00-N02,C65,도덕
월보,C65-S00-I00-N02,C65,법칙
월보,C65-S00-I00-N02,C65,인류
월보,C65-S00-I00-N02,C65,도덕권리
월보,C65-S00-I00-N02,C65,감시자
월보,C65-S00-I00-N02,C65,권선징악
월보,C65-S00-I00-N02,C65,작업
월보,C65-S00-I00-N02,C65,종교
월보,C65-S00-I00-N02,C65,여사
월보,C65-S00-I00-N02,C65,도덕적
월보,C65-S00-I00-N02,C65,기형
월보,C65-S00-I00-N02,C65,注意
월보,C65-S00-I00-N02,C65,즉기
월보,C65-S00-I00-N02,C65,질서도덕
월보,C65-S00-I00-N02,C65,지지자
월보,C65-S00-I00-N02,C65,민족
월보,C65-S00-I00-N02,C65,세력
월보,C65-S00-I00-N02,C65,법률군주등
월보,C65-S00-I00-N02,C65,현세적권력
월보,C65-S00-I00-N02,C65,우승
월보,C65-S00-I00-N02,C65,피사후생활
월보,C65-S00-I00-N02,C65,관념
월보,C65-S00-I00-N02,C65,즉기일례
월보,C65-S00-I00-N02,C65,파사애급유태등종교
월보,C65-S00-I00-N02,C65,후일현세
월보,C65-S00-I00-N02,C65,사업
월보,C65-S00-I00-N02,C65,심판
월보,C65-S00-I00-N02,C65,사유
월보,C65-S00-I00-N02,C65,여사
월보,C65-S00-I00-N02,C65,도덕적
월보,C65-S00-I00-N02,C65,변태
월보,C65-S00-I00-N02,C65,기전체
월보,C65-S00-I00-N02,C65,성질
월보,C65-S00-I00-N02,C65,일변
월보,C65-S00-I00-N02,C65,자연교
월보,C65-S00-I00-N02,C65,초기
월보,C65-S00-I00-N02,C65,본체
월보,C65-S00-I00-N02,C65,지각
월보,C65-S00-I00-N02,C65,자연력
월보,C65-S00-I00-N02,C65,혼동시
월보,C65-S00-I00-N02,C65,점차시등
월보,C65-S00-I00-N02,C65,자연력
월보,C65-S00-I00-N02,C65,파탈
월보,C65-S00-I00-N02,C65,일종령체
월보,C65-S00-I00-N02,C65,의식
월보,C65-S00-I00-N02,C65,즉자연현상
월보,C65-S00-I00-N02,C65,일종
월보,C65-S00-I00-N02,C65,주처우
월보,C65-S00-I00-N02,C65,형상등
월보,C65-S00-I00-N02,C65,불과
월보,C65-S00-I00-N02,C65,희랍라마
월보,C65-S00-I00-N02,C65,고대종교
월보,C65-S00-I00-N02,C65,개기연
월보,C65-S00-I00-N02,C65,시종교
월보,C65-S00-I00-N02,C65,자연
월보,C65-S00-I00-N02,C65,불사의
월보,C65-S00-I00-N02,C65,증거
월보,C65-S00-I00-N02,C65,구속
월보,C65-S00-I00-N02,C65,종교
월보,C65-S00-I00-N02,C65,자유
월보,C65-S00-I00-N02,C65,종교특수
월보,C65-S00-I00-N02,C65,피등
월보,C65-S00-I00-N02,C65,자연
월보,C65-S00-I00-N02,C65,분리
월보,C65-S00-I00-N02,C65,일층완전
월보,C65-S00-I00-N02,C65,점차다수
월보,C65-S00-I00-N02,C65,합일
월보,C65-S00-I00-N02,C65,일개
월보,C65-S00-I00-N02,C65,전지전능
월보,C65-S00-I00-N02,C65,상상
월보,C65-S00-I00-N02,C65,印度
월보,C65-S00-I00-N02,C65,불타교유태
월보,C65-S00-I00-N02,C65,야소교
월보,C65-S00-I00-N02,C65,일례
월보,C65-S00-I00-N02,C65,시종교
월보,C65-S00-I00-N02,C65,불사의
월보,C65-S00-I00-N02,C65,근거
월보,C65-S00-I00-N02,C65,발생
월보,C65-S00-I00-N02,C65,종교
월보,C65-S00-I00-N02,C65,최불사의
월보,C65-S00-I00-N02,C65,원천
월보,C65-S00-I00-N02,C65,생사문제여사
월보,C65-S00-I00-N02,C65,종교
월보,C65-S00-I00-N02,C65,불사의
월보,C65-S00-I00-N02,C65,근거
월보,C65-S00-I00-N02,C65,발생
월보,C65-S00-I00-N02,C65,현재
월보,C65-S00-I00-N02,C65,다수종교
월보,C65-S00-I00-N02,C65,신급령혼문제등
월보,C65-S00-I00-N02,C65,최후
월보,C65-S00-I00-N02,C65,불사의
월보,C65-S00-I00-N02,C65,영혼
월보,C65-S00-I00-N02,C65,즉현재
월보,C65-S00-I00-N02,C65,다수종교
월보,C65-S00-I00-N02,C65,신급령혼문제
월보,C65-S00-I00-N02,C65,최후불사의
월보,C65-S00-I00-N02,C65,기근거
월보,C65-S00-I00-N02,C65,견고
월보,C65-S00-I00-N02,C65,경험적학술적
월보,C65-S00-I00-N02,C65,신급령혼
월보,C65-S00-I00-N02,C65,문제
월보,C65-S00-I00-N02,C65,유감
월보,C65-S00-I00-N02,C65,판명
월보,C65-S00-I00-N02,C65,현재
월보,C65-S00-I00-N02,C65,종교
월보,C65-S00-I00-N02,C65,파괴
월보,C65-S00-I00-N02,C65,존재
월보,C65-S00-I00-N02,C65,영혼
월보,C65-S00-I00-N02,C65,귀숙
월보,C65-S00-I00-N02,C65,과학혹
월보,C65-S00-I00-N02,C65,철학
월보,C65-S00-I00-N02,C65,도저
월보,C65-S00-I00-N02,C65,기근거
월보,C65-S00-I00-N02,C65,발견
월보,C65-S00-I00-N02,C65,불사의
월보,C65-S00-I00-N02,C65,종교
월보,C65-S00-I00-N02,C65,자기
월보,C65-S00-I00-N02,C65,상상
월보,C65-S00-I00-N02,C65,자격
월보,C65-S00-I00-N02,C65,영혼
월보,C65-S00-I00-N02,C65,귀숙
월보,C65-S00-I00-N02,C65,신급령혼
월보,C65-S00-I00-N02,C65,문제
월보,C65-S00-I00-N02,C65,영원
월보,C65-S00-I00-N02,C65,불사의
월보,C65-S00-I00-N02,C65,종교
월보,C65-S00-I00-N02,C65,영원
월보,C65-S00-I00-N02,C65,지속
월보,C65-S00-I00-N03,C65,종교가
월보,C65-S00-I00-N03,C65,최선
월보,C65-S00-I00-N03,C65,근거
월보,C65-S00-I00-N03,C65,만일유래
월보,C65-S00-I00-N03,C65,종교
월보,C65-S00-I00-N03,C65,시세
월보,C65-S00-I00-N03,C65,진운
월보,C65-S00-I00-N03,C65,종교
월보,C65-S00-I00-N03,C65,반행
월보,C65-S00-I00-N03,C65,하등
월보,C65-S00-I00-N03,C65,연구
월보,C65-S00-I00-N03,C65,시세
월보,C65-S00-I00-N03,C65,진운
월보,C65-S00-I00-N03,C65,종교
월보,C65-S00-I00-N03,C65,반행
월보,C65-S00-I00-N03,C65,현대종교가
월보,C65-S00-I00-N03,C65,통폐
월보,C65-S00-I00-N03,C65,불사의
월보,C65-S00-I00-N03,C65,연구력
월보,C65-S00-I00-N03,C65,소멸
월보,C65-S00-I00-N03,C65,종교가
월보,C65-S00-I00-N03,C65,상태
월보,C65-S00-I00-N03,C65,불사의
월보,C65-S00-I00-N03,C65,신성불가침
월보,C65-S00-I00-N03,C65,노례적신오
월보,C65-S00-I00-N03,C65,천도교회월보앙
월보,C65-S00-I00-N03,C65,불사의
월보,C65-S00-I00-N03,C65,신성불가침
월보,C65-S00-I00-N03,C65,단안
월보,C65-S00-I00-N03,C65,연구
월보,C65-S00-I00-N03,C65,태도
월보,C65-S00-I00-N03,C65,결과
월보,C65-S00-I00-N03,C65,불사의
월보,C65-S00-I00-N03,C65,영원
월보,C65-S00-I00-N03,C65,불사의
월보,C65-S00-I00-N03,C65,신앙
월보,C65-S00-I00-N03,C65,도저
월보,C65-S00-I00-N03,C65,기진보
월보,C65-S00-I00-N03,C65,피기독교
월보,C65-S00-I00-N03,C65,엄중
월보,C65-S00-I00-N03,C65,구속적신앙
월보,C65-S00-I00-N03,C65,결과
월보,C65-S00-I00-N03,C65,인생
월보,C65-S00-I00-N03,C65,일종신
월보,C65-S00-I00-N03,C65,노례
월보,C65-S00-I00-N03,C65,노례
월보,C65-S00-I00-N03,C65,불사의
월보,C65-S00-I00-N03,C65,토구
월보,C65-S00-I00-N03,C65,자유의지
월보,C65-S00-I00-N03,C65,결과
월보,C65-S00-I00-N03,C65,세인
월보,C65-S00-I00-N03,C65,종교
월보,C65-S00-I00-N03,C65,오해
월보,C65-S00-I00-N03,C65,신앙
월보,C65-S00-I00-N03,C65,근저
월보,C65-S00-I00-N03,C65,종교
월보,C65-S00-I00-N03,C65,허위
월보,C65-S00-I00-N03,C65,종교
월보,C65-S00-I00-N03,C65,속박
월보,C65-S00-I00-N03,C65,유물
월보,C65-S00-I00-N03,C65,오인
월보,C65-S00-I00-N03,C65,금후
월보,C65-S00-I00-N03,C65,종교발전
월보,C65-S00-I00-N03,C65,불사의
월보,C65-S00-I00-N03,C65,자유토의
월보,C65-S00-I00-N03,C65,시작
월보,C65-S00-I00-N03,C65,최가
월보,C65-S00-I00-N03,C65,즉인류
월보,C65-S00-I00-N03,C65,탈출
월보,C65-S00-I00-N03,C65,불사의
월보,C65-S00-I00-N03,C65,원천
월보,C65-S00-I00-N03,C65,생사문제
월보,C65-S00-I00-N03,C65,자유
월보,C65-S00-I00-N03,C65,연구
월보,C65-S00-I00-N04,C65,가령기독
월보,C65-S00-I00-N04,C65,신자
월보,C65-S00-I00-N04,C65,기독
월보,C65-S00-I00-N04,C65,교훈
월보,C65-S00-I00-N04,C65,유일
월보,C65-S00-I00-N04,C65,최고진리
월보,C65-S00-I00-N04,C65,단안
월보,C65-S00-I00-N04,C65,노례적신앙
월보,C65-S00-I00-N04,C65,일생
월보,C65-S00-I00-N04,C65,도저
월보,C65-S00-I00-N04,C65,천상
월보,C65-S00-I00-N04,C65,독존자
월보,C65-S00-I00-N04,C65,불사의
월보,C65-S00-I00-N04,C65,숭봉자
월보,C65-S00-I00-N04,C65,취급
월보,C65-S00-I00-N04,C65,노례
월보,C65-S00-I00-N04,C65,불심
월보,C65-S00-I00-N04,C65,철저
월보,C65-S00-I00-N04,C65,결과
월보,C65-S00-I00-N04,C65,노례
월보,C65-S00-I00-N04,C65,자기
월보,C65-S00-I00-N04,C65,간주
월보,C65-S00-I00-N04,C65,오인
월보,C65-S00-I00-N04,C65,종교적해방
월보,C65-S00-I00-N04,C65,주장
월보,C65-S00-I00-N04,C65,종교
월보,C65-S00-I00-N04,C65,불사의
월보,C65-S00-I00-N04,C65,자유
월보,C65-S00-I00-N04,C65,토구
월보,C65-S00-I00-N04,C65,자유의지
월보,C65-S00-I00-N04,C65,즉신앙
월보,C65-S00-I00-N04,C65,중심
월보,C65-S00-I00-N04,C65,절원
월보,C65-S00-I00-N04,C65,구속
월보,C65-S00-I00-N04,C65,종교
월보,C65-S00-I00-N04,C65,자유
월보,C65-S00-I00-N04,C65,종교
월보,C65-S00-I00-N04,C65,구속
월보,C65-S00-I00-N04,C65,종교
월보,C65-S00-I00-N04,C65,자유
월보,C65-S00-I00-N04,C65,종교의
월보,C65-S00-I00-N04,C65,불과
월보,C65-S00-I00-N04,C65,즉종래종교
월보,C65-S00-I00-N04,C65,불사의즉
월보,C65-S00-I00-N04,C65,신혹
월보,C65-S00-I00-N04,C65,영혼문제
월보,C65-S00-I00-N04,C65,이천년혹
월보,C65-S00-I00-N04,C65,삼천년이전
월보,C65-S00-I00-N04,C65,진부
월보,C65-S00-I00-N04,C65,토구
월보,C65-S00-I00-N04,C65,맹종
월보,C65-S00-I00-N04,C65,인자기
월보,C65-S00-I00-N04,C65,神聖
월보,C65-S00-I00-N04,C65,오인
월보,C65-S00-I00-N04,C65,신앙
월보,C65-S00-I00-N04,C65,영혼문제
월보,C65-S00-I00-N04,C65,자기
월보,C65-S00-I00-N04,C65,중심
월보,C65-S00-I00-N04,C65,개체
월보,C65-S00-I00-N04,C65,神聖
월보,C65-S00-I00-N04,C65,인정
월보,C65-S00-I00-N04,C65,자유의지
월보,C65-S00-I00-N04,C65,신앙
월보,C65-S00-I00-N04,C65,자유종교
월보,C65-S00-I00-N04,C65,창건
월보,C65-S00-I00-N04,C65,차세
월보,C65-S00-I00-N04,C65,영원
월보,C65-S00-I00-N04,C65,무의미
월보,C65-S00-I00-N04,C65,세계
월보,C65-S00-I00-N04,C65,인류
월보,C65-S00-I00-N04,C65,영원
월보,C65-S00-I00-N04,C65,무의미
월보,C65-S00-I00-N04,C65,인생
월보,C65-S00-I00-N04,C65,오인
월보,C65-S00-I00-N04,C65,사고
월보,C65-S00-I00-N04,C65,차자유종교
월보,C65-S00-I00-N04,C65,가치
월보,C65-S00-I00-N04,C65,하점
월보,C65-S00-I00-N04,C65,치중
월보,C65-S00-I00-N04,C65,추상적
월보,C65-S00-I00-N04,C65,일언
월보,C65-S00-I00-N04,C65,제일
월보,C65-S00-I00-N04,C65,오인
월보,C65-S00-I00-N04,C65,인세
월보,C65-S00-I00-N04,C65,교훈
월보,C65-S00-I00-N04,C65,활동
월보,C65-S00-I00-N04,C65,방식
월보,C65-S00-I00-N04,C65,현세
월보,C65-S00-I00-N04,C65,생활방침
월보,C65-S00-I00-N04,C65,지속
월보,C65-S00-I00-N04,C65,만족
월보,C65-S00-I00-N04,C65,도득
월보,C65-S00-I00-N04,C65,설정
월보,C65-S00-I00-N04,C65,제이
월보,C65-S00-I00-N04,C65,以上
월보,C65-S00-I00-N04,C65,의의
월보,C65-S00-I00-N04,C65,오인
월보,C65-S00-I00-N04,C65,종교문제
월보,C65-S00-I00-N04,C65,현세
월보,C65-S00-I00-N04,C65,생활방침
월보,C65-S00-I00-N04,C65,지속
월보,C65-S00-I00-N04,C65,만족
월보,C65-S00-I00-N04,C65,도득
월보,C65-S00-I00-N04,C65,위인
월보,C65-S00-I00-N04,C65,교훈
월보,C65-S00-I00-N04,C65,설정
월보,C65-S00-I00-N04,C65,유래종교
월보,C65-S00-I00-N04,C65,내세
월보,C65-S00-I00-N04,C65,영혼문제
월보,C65-S00-I00-N04,C65,주체
월보,C65-S00-I00-N04,C65,교시
월보,C65-S00-I00-N04,C65,구경
월보,C65-S00-I00-N04,C65,목적
월보,C65-S00-I00-N04,C65,기역시현세
월보,C65-S00-I00-N04,C65,생활방침
월보,C65-S00-I00-N04,C65,만족
월보,C65-S00-I00-N04,C65,도득
월보,C65-S00-I00-N04,C65,방편
월보,C65-S00-I00-N04,C65,설정
월보,C65-S00-I00-N04,C65,석가
월보,C65-S00-I00-N04,C65,생로병사
월보,C65-S00-I00-N04,C65,비관
월보,C65-S00-I00-N04,C65,육년
월보,C65-S00-I00-N04,C65,고행
월보,C65-S00-I00-N04,C65,기필경
월보,C65-S00-I00-N04,C65,목적
월보,C65-S00-I00-N04,C65,사고
월보,C65-S00-I00-N04,C65,현세
월보,C65-S00-I00-N04,C65,의식적위안
월보,C65-S00-I00-N04,C65,즉생활
월보,C65-S00-I00-N04,C65,만족
월보,C65-S00-I00-N04,C65,도득
월보,C65-S00-I00-N04,C65,성심
월보,C65-S00-I00-N04,C65,제삼
월보,C65-S00-I00-N04,C65,종교
월보,C65-S00-I00-N04,C65,현세적생활
월보,C65-S00-I00-N04,C65,만족
월보,C65-S00-I00-N04,C65,기근저
월보,C65-S00-I00-N04,C65,종교
월보,C65-S00-I00-N04,C65,천도교회월보상목표
월보,C65-S00-I00-N04,C65,신혹령혼문제
월보,C65-S00-I00-N04,C65,의식적관념
월보,C65-S00-I00-N04,C65,자유
월보,C65-S00-I00-N04,C65,개조
월보,C65-S00-I00-N04,C65,건설
월보,C65-S00-I00-N04,C65,필요
월보,C65-S00-I00-N04,C65,제사
월보,C65-S00-I00-N04,C65,종교
월보,C65-S00-I00-N04,C65,이상적목표
월보,C65-S00-I00-N04,C65,인자기
월보,C65-S00-I00-N04,C65,의지
월보,C65-S00-I00-N04,C65,개조
월보,C65-S00-I00-N04,C65,건설
월보,C65-S00-I00-N04,C65,필요
월보,C65-S00-I00-N04,C65,인자기
월보,C65-S00-I00-N04,C65,자유의지
월보,C65-S00-I00-N04,C65,최고
월보,C65-S00-I00-N04,C65,위치
월보,C65-S00-I00-N04,C65,불가
월보,C65-S00-I00-N04,C65,즉인자기
월보,C65-S00-I00-N04,C65,천지
월보,C65-S00-I00-N04,C65,주인공
월보,C65-S00-I00-N04,C65,만물
월보,C65-S00-I00-N04,C65,영장
월보,C65-S00-I00-N04,C65,자기
월보,C65-S00-I00-N04,C65,생활만족
월보,C65-S00-I00-N04,C65,자기
월보,C65-S00-I00-N04,C65,개조
월보,C65-S00-I00-N04,C65,창조
월보,C65-S00-I00-N04,C65,자기
월보,C65-S00-I00-N04,C65,최고
월보,C65-S00-I00-N04,C65,위치
월보,C65-S00-I00-N04,C65,자기
월보,C65-S00-I00-N04,C65,자기
월보,C65-S00-I00-N04,C65,정신
월보,C65-S00-I00-N04,C65,불가
월보,C65-S00-I00-N04,C65,以上
월보,C65-S00-I00-N04,C65,대개
월보,C65-S00-I00-N04,C65,자유종교
월보,C65-S00-I00-N04,C65,정신
월보,C65-S00-I00-N04,C65,추상적
월보,C65-S00-I00-N04,C65,일언
월보,C65-S00-I00-N04,C65,불과
월보,C65-S00-I00-N04,C65,만약
월보,C65-S00-I00-N04,C65,以上
월보,C65-S00-I00-N04,C65,자유종교
월보,C65-S00-I00-N04,C65,정신
월보,C65-S00-I00-N04,C65,진정
월보,C65-S00-I00-N04,C65,사실
월보,C65-S00-I00-N04,C65,위반
월보,C65-S00-I00-N04,C65,오인
월보,C65-S00-I00-N04,C65,불가불인내천
월보,C65-S00-I00-N04,C65,종교
월보,C65-S00-I00-N04,C65,신앙
월보,C65-S00-I00-N04,C65,인내천
월보,C65-S00-I00-N04,C65,종교
월보,C65-S00-I00-N04,C65,인세
월보,C65-S00-I00-N04,C65,최후진리
월보,C65-S00-I00-N04,C65,하자
월보,C65-S00-I00-N04,C65,인내천
월보,C65-S00-I00-N04,C65,종교
월보,C65-S00-I00-N04,C65,자기
월보,C65-S00-I00-N04,C65,자유의지
월보,C65-S00-I00-N04,C65,절대무상
월보,C65-S00-I00-N04,C65,위치
월보,C65-S00-I00-N04,C65,만약진리
월보,C65-S00-I00-N04,C65,자유
월보,C65-S00-I00-N04,C65,토구
월보,C65-S00-I00-N04,C65,후최선
월보,C65-S00-I00-N04,C65,생활지속방침
월보,C65-S00-I00-N04,C65,만족
월보,C65-S00-I00-N04,C65,자유
월보,C65-S00-I00-N04,C65,지도
월보,C66-S00-I00-N01,C66,포덕천하리돈화제일덕
월보,C66-S00-I00-N01,C66,고래
월보,C66-S00-I00-N01,C66,동양도학
월보,C66-S00-I00-N01,C66,골자
월보,C66-S00-I00-N01,C66,목표
월보,C66-S00-I00-N01,C66,理想
월보,C66-S00-I00-N01,C66,理想
월보,C66-S00-I00-N01,C66,경애
월보,C66-S00-I00-N01,C66,도학상중대
월보,C66-S00-I00-N01,C66,문제
월보,C66-S00-I00-N01,C66,오교원조
월보,C66-S00-I00-N01,C66,수운대신사
월보,C66-S00-I00-N01,C66,천도
월보,C66-S00-I00-N01,C66,대각
월보,C66-S00-I00-N01,C66,위선기도덕
월보,C66-S00-I00-N01,C66,천하
월보,C66-S00-I00-N01,C66,도칙천도
월보,C66-S00-I00-N01,C66,덕칙천덕
월보,C66-S00-I00-N01,C66,관념
월보,C66-S00-I00-N01,C66,직접천
월보,C66-S00-I00-N01,C66,귀납
월보,C66-S00-I00-N01,C66,구체적
월보,C66-S00-I00-N01,C66,해명
월보,C66-S00-I00-N01,C66,불지덕지소재
월보,C66-S00-I00-N01,C66,요오신지화생
월보,C66-S00-I00-N01,C66,경갑
월보,C66-S00-I00-N01,C66,객관적덕
월보,C66-S00-I00-N01,C66,요오신지화생
월보,C66-S00-I00-N01,C66,천덕
월보,C66-S00-I00-N01,C66,관념
월보,C66-S00-I00-N01,C66,철두철미
월보,C66-S00-I00-N01,C66,주체
월보,C66-S00-I00-N01,C66,사고
월보,C66-S00-I00-N01,C66,대개인계
월보,C66-S00-I00-N01,C66,만사
월보,C66-S00-I00-N01,C66,다양다종
월보,C66-S00-I00-N01,C66,주체
월보,C66-S00-I00-N01,C66,활용
월보,C66-S00-I00-N01,C66,개시아
월보,C66-S00-I00-N01,C66,자기
월보,C66-S00-I00-N01,C66,본위
월보,C66-S00-I00-N01,C66,다양다종
월보,C66-S00-I00-N01,C66,주체
월보,C66-S00-I00-N01,C66,활용
월보,C66-S00-I00-N01,C66,개시아
월보,C66-S00-I00-N01,C66,자기
월보,C66-S00-I00-N01,C66,본위
월보,C66-S00-I00-N01,C66,일인계
월보,C66-S00-I00-N01,C66,만사중
월보,C66-S00-I00-N01,C66,자기
월보,C66-S00-I00-N01,C66,제각
월보,C66-S00-I00-N01,C66,만상
월보,C66-S00-I00-N01,C66,우주
월보,C66-S00-I00-N01,C66,하사하물
월보,C66-S00-I00-N01,C66,관련
월보,C66-S00-I00-N01,C66,시무
월보,C66-S00-I00-N01,C66,하법
월보,C66-S00-I00-N01,C66,자기
월보,C66-S00-I00-N01,C66,교섭
월보,C66-S00-I00-N01,C66,언념
월보,C66-S00-I00-N01,C66,소위도덕
월보,C66-S00-I00-N01,C66,본위
월보,C66-S00-I00-N01,C66,사고
월보,C66-S00-I00-N01,C66,진절
월보,C66-S00-I00-N01,C66,착실
월보,C66-S00-I00-N01,C66,대신사
월보,C66-S00-I00-N01,C66,오신
월보,C66-S00-I00-N01,C66,화생
월보,C66-S00-I00-N01,C66,도파
월보,C66-S00-I00-N01,C66,우주생생
월보,C66-S00-I00-N01,C66,대덕덕
월보,C66-S00-I00-N01,C66,관념
월보,C66-S00-I00-N01,C66,본위
월보,C66-S00-I00-N01,C66,오인
월보,C66-S00-I00-N01,C66,우주생생
월보,C66-S00-I00-N01,C66,대덕
월보,C66-S00-I00-N01,C66,연상
월보,C66-S00-I00-N01,C66,하고
월보,C66-S00-I00-N01,C66,오인
월보,C66-S00-I00-N01,C66,차우주
월보,C66-S00-I00-N01,C66,생생
월보,C66-S00-I00-N01,C66,대리
월보,C66-S00-I00-N01,C66,무체법경
월보,C66-S00-I00-N01,C66,운용
월보,C66-S00-I00-N01,C66,최시기점
월보,C66-S00-I00-N01,C66,기점
월보,C66-S00-I00-N01,C66,성천
월보,C66-S00-I00-N01,C66,기인
월보,C66-S00-I00-N01,C66,성천
월보,C66-S00-I00-N01,C66,근본
월보,C66-S00-I00-N01,C66,천지미판
월보,C66-S00-I00-N01,C66,시시억억만년
월보,C66-S00-I00-N01,C66,천지
월보,C66-S00-I00-N01,C66,시시억억만년
월보,C66-S00-I00-N01,C66,운시사
월보,C66-S00-I00-N01,C66,천지우주
월보,C66-S00-I00-N01,C66,억억만년
월보,C66-S00-I00-N01,C66,금일
월보,C66-S00-I00-N01,C66,우연
월보,C66-S00-I00-N01,C66,무하유
월보,C66-S00-I00-N01,C66,일물
월보,C66-S00-I00-N01,C66,양의
월보,C66-S00-I00-N01,C66,조판
월보,C66-S00-I00-N01,C66,태양계
월보,C66-S00-I00-N01,C66,조직
월보,C66-S00-I00-N01,C66,만물
월보,C66-S00-I00-N01,C66,생성
월보,C66-S00-I00-N01,C66,인류
월보,C66-S00-I00-N01,C66,세계
월보,C66-S00-I00-N01,C66,총인류
월보,C66-S00-I00-N01,C66,인류
월보,C66-S00-I00-N01,C66,만물
월보,C66-S00-I00-N01,C66,만물
월보,C66-S00-I00-N01,C66,우주
월보,C66-S00-I00-N01,C66,우주
월보,C66-S00-I00-N01,C66,일계통하
월보,C66-S00-I00-N01,C66,일인
월보,C66-S00-I00-N01,C66,금일존재
월보,C66-S00-I00-N01,C66,천지
월보,C66-S00-I00-N01,C66,우주
월보,C66-S00-I00-N01,C66,만물
월보,C66-S00-I00-N01,C66,거생생
월보,C66-S00-I00-N01,C66,원리
월보,C66-S00-I00-N01,C66,기존재
월보,C66-S00-I00-N01,C66,존재
월보,C66-S00-I00-N01,C66,즉천지우주
월보,C66-S00-I00-N01,C66,존재
월보,C66-S00-I00-N01,C66,천지우주
월보,C66-S00-I00-N01,C66,존재
월보,C66-S00-I00-N01,C66,즉아
월보,C66-S00-I00-N01,C66,존재
월보,C66-S00-I00-N01,C66,금일
월보,C66-S00-I00-N01,C66,존재
월보,C66-S00-I00-N01,C66,감사
월보,C66-S00-I00-N01,C66,천지생생
월보,C66-S00-I00-N01,C66,대덕
월보,C66-S00-I00-N01,C66,감사
월보,C66-S00-I00-N01,C66,어시호덕
월보,C66-S00-I00-N01,C66,순서상
월보,C66-S00-I00-N01,C66,천지생생
월보,C66-S00-I00-N01,C66,대덕
월보,C66-S00-I00-N01,C66,고려
월보,C66-S00-I00-N01,C66,부모
월보,C66-S00-I00-N01,C66,천지우주
월보,C66-S00-I00-N01,C66,차세
월보,C66-S00-I00-N01,C66,以上
월보,C66-S00-I00-N01,C66,경진
월보,C66-S00-I00-N01,C66,부교모육
월보,C66-S00-I00-N01,C66,불가
월보,C66-S00-I00-N01,C66,혈괴
월보,C66-S00-I00-N01,C66,부모양육
월보,C66-S00-I00-N01,C66,금일개체
월보,C66-S00-I00-N01,C66,존재
월보,C66-S00-I00-N01,C66,민멸내이
월보,C66-S00-I00-N01,C66,고인소위천지
월보,C66-S00-I00-N01,C66,부모
월보,C66-S00-I00-N01,C66,저간
월보,C66-S00-I00-N01,C66,소식
월보,C66-S00-I00-N01,C66,고래
월보,C66-S00-I00-N01,C66,부모
월보,C66-S00-I00-N01,C66,천지
월보,C66-S00-I00-N01,C66,병립
월보,C66-S00-I00-N01,C66,부은모혜
월보,C66-S00-I00-N01,C66,귀차중
월보,C66-S00-I00-N01,C66,윤리
월보,C66-S00-I00-N01,C66,대경
월보,C66-S00-I00-N01,C66,우연
월보,C66-S00-I00-N01,C66,사회국가
월보,C66-S00-I00-N01,C66,덕인
월보,C66-S00-I00-N01,C66,천지
월보,C66-S00-I00-N01,C66,부모
월보,C66-S00-I00-N01,C66,자립자존
월보,C66-S00-I00-N01,C66,자격
월보,C66-S00-I00-N01,C66,자아
월보,C66-S00-I00-N01,C66,존재
월보,C66-S00-I00-N01,C66,보호
월보,C66-S00-I00-N01,C66,즉인류
월보,C66-S00-I00-N01,C66,사회국가
월보,C66-S00-I00-N01,C66,조직
월보,C66-S00-I00-N01,C66,인류
월보,C66-S00-I00-N01,C66,인류
월보,C66-S00-I00-N01,C66,권위
월보,C66-S00-I00-N01,C66,발휘
월보,C66-S00-I00-N01,C66,무인절도
월보,C66-S00-I00-N01,C66,독처
월보,C66-S00-I00-N01,C66,오인
월보,C66-S00-I00-N01,C66,기고적
월보,C66-S00-I00-N01,C66,생활
월보,C66-S00-I00-N01,C66,무의미
월보,C66-S00-I00-N01,C66,아생
월보,C66-S00-I00-N01,C66,무가치
월보,C66-S00-I00-N01,C66,자살
월보,C66-S00-I00-N01,C66,하등타
월보,C66-S00-I00-N01,C66,유쾌
월보,C66-S00-I00-N01,C66,세계
월보,C66-S00-I00-N01,C66,인아
월보,C66-S00-I00-N01,C66,공존
월보,C66-S00-I00-N01,C66,피차
월보,C66-S00-I00-N01,C66,상관
월보,C66-S00-I00-N01,C66,취미
월보,C66-S00-I00-N01,C66,가치
월보,C66-S00-I00-N01,C66,사회국가
월보,C66-S00-I00-N01,C66,존재
월보,C66-S00-I00-N01,C66,오생
월보,C66-S00-I00-N01,C66,가치
월보,C66-S00-I00-N01,C66,증진
월보,C66-S00-I00-N01,C66,오생
월보,C66-S00-I00-N01,C66,활미
월보,C66-S00-I00-N01,C66,향상
월보,C66-S00-I00-N01,C66,절실
월보,C66-S00-I00-N01,C66,기사회국가
월보,C66-S00-I00-N01,C66,존재
월보,C66-S00-I00-N01,C66,즉아
월보,C66-S00-I00-N01,C66,존재
월보,C66-S00-I00-N01,C66,존재
월보,C66-S00-I00-N01,C66,즉사회국가
월보,C66-S00-I00-N01,C66,존재
월보,C66-S00-I00-N01,C66,즉사회국가
월보,C66-S00-I00-N01,C66,존재
월보,C66-S00-I00-N01,C66,제삼덕
월보,C66-S00-I00-N01,C66,관념
월보,C66-S00-I00-N01,C66,사회국가
월보,C66-S00-I00-N01,C66,以上
월보,C66-S00-I00-N01,C66,대개일객관적덕
월보,C66-S00-I00-N01,C66,관념
월보,C66-S00-I00-N01,C66,일언
월보,C66-S00-I00-N01,C66,즉아
월보,C66-S00-I00-N01,C66,주체
월보,C66-S00-I00-N01,C66,천지생아
월보,C66-S00-I00-N01,C66,부모양아
월보,C66-S00-I00-N01,C66,사회국가보아
월보,C66-S00-I00-N01,C66,객관적덕
월보,C66-S00-I00-N01,C66,위치
월보,C66-S00-I00-N01,C66,오인
월보,C66-S00-I00-N01,C66,차객관적덕
월보,C66-S00-I00-N01,C66,아생
월보,C66-S00-I00-N01,C66,가치
월보,C66-S00-I00-N01,C66,객관적덕
월보,C66-S00-I00-N01,C66,객관
월보,C66-S00-I00-N01,C66,관계
월보,C66-S00-I00-N01,C66,관념
월보,C66-S00-I00-N01,C66,객관적덕
월보,C66-S00-I00-N01,C66,오인
월보,C66-S00-I00-N01,C66,오인
월보,C66-S00-I00-N01,C66,생가
월보,C66-S00-I00-N01,C66,자력적주세계
월보,C66-S00-I00-N01,C66,존재
월보,C66-S00-I00-N01,C66,차일객관적덕
월보,C66-S00-I00-N01,C66,오인
월보,C66-S00-I00-N01,C66,좌우
월보,C66-S00-I00-N01,C66,천지우
월보,C66-S00-I00-N01,C66,타력적
월보,C66-S00-I00-N01,C66,존재
월보,C66-S00-I00-N01,C66,차세
월보,C66-S00-I00-N01,C66,以上
월보,C66-S00-I00-N01,C66,하인
월보,C66-S00-I00-N01,C66,차객관적덕
월보,C66-S00-I00-N01,C66,자일
월보,C66-S00-I00-N01,C66,불득기
월보,C66-S00-I00-N01,C66,以上
월보,C66-S00-I00-N01,C66,객관적덕
월보,C66-S00-I00-N01,C66,오인
월보,C66-S00-I00-N01,C66,천지우주세계
월보,C66-S00-I00-N01,C66,존재
월보,C66-S00-I00-N01,C66,객관적덕
월보,C66-S00-I00-N01,C66,오인
월보,C66-S00-I00-N01,C66,불득이
월보,C66-S00-I00-N01,C66,감화
월보,C66-S00-I00-N01,C66,하인
월보,C66-S00-I00-N01,C66,불능
월보,C66-S00-I00-N01,C66,운명
월보,C66-S00-I00-N01,C66,분량
월보,C66-S00-I00-N01,C66,다소
월보,C66-S00-I00-N01,C66,개인
월보,C66-S00-I00-N01,C66,주관적노력
월보,C66-S00-I00-N01,C66,오인
월보,C66-S00-I00-N01,C66,차고유
월보,C66-S00-I00-N01,C66,주관적노력
월보,C66-S00-I00-N01,C66,주관적덕
월보,C66-S00-I00-N01,C66,동일
월보,C66-S00-I00-N01,C66,감우
월보,C66-S00-I00-N01,C66,지나
월보,C66-S00-I00-N01,C66,기감우
월보,C66-S00-I00-N01,C66,혜택
월보,C66-S00-I00-N01,C66,다소
월보,C66-S00-I00-N01,C66,분량
월보,C66-S00-I00-N01,C66,각인
월보,C66-S00-I00-N01,C66,노력
월보,C66-S00-I00-N01,C66,기감우
월보,C66-S00-I00-N01,C66,혜택
월보,C66-S00-I00-N01,C66,즉전토
월보,C66-S00-I00-N01,C66,종자
월보,C66-S00-I00-N01,C66,서운
월보,C66-S00-I00-N01,C66,감우
월보,C66-S00-I00-N01,C66,기감우
월보,C66-S00-I00-N01,C66,차위
월보,C66-S00-I00-N01,C66,혜택
월보,C66-S00-I00-N01,C66,절실
월보,C66-S00-I00-N01,C66,준비
월보,C66-S00-I00-N01,C66,노력
월보,C66-S00-I00-N01,C66,감우
월보,C66-S00-I00-N01,C66,이익
월보,C66-S00-I00-N01,C66,준비
월보,C66-S00-I00-N01,C66,노력
월보,C66-S00-I00-N01,C66,오인
월보,C66-S00-I00-N01,C66,객관적덕
월보,C66-S00-I00-N01,C66,원만
월보,C66-S00-I00-N01,C66,향수
월보,C66-S00-I00-N01,C66,주관적덕
월보,C66-S00-I00-N01,C66,원만
월보,C66-S00-I00-N01,C66,발휘
월보,C66-S00-I00-N01,C66,불가
월보,C66-S00-I00-N01,C66,시내객관적덕
월보,C66-S00-I00-N01,C66,상대
월보,C66-S00-I00-N01,C66,주관적
월보,C66-S00-I00-N01,C66,필요
월보,C66-S00-I00-N01,C66,소이
월보,C66-S00-I00-N01,C66,주관적덕
월보,C66-S00-I00-N01,C66,주관적덕일
월보,C66-S00-I00-N01,C66,육체본능
월보,C66-S00-I00-N01,C66,덕오인
월보,C66-S00-I00-N01,C66,주관적덕
월보,C66-S00-I00-N01,C66,사고
월보,C66-S00-I00-N01,C66,육체적본능
월보,C66-S00-I00-N01,C66,일언
월보,C66-S00-I00-N01,C66,위선육체조직
월보,C66-S00-I00-N01,C66,기묘
월보,C66-S00-I00-N01,C66,탄복
월보,C66-S00-I00-N01,C66,이목
월보,C66-S00-I00-N01,C66,시청
월보,C66-S00-I00-N01,C66,민활
월보,C66-S00-I00-N01,C66,구비
월보,C66-S00-I00-N01,C66,감촉
월보,C66-S00-I00-N01,C66,기묘
월보,C66-S00-I00-N01,C66,기타호흡
월보,C66-S00-I00-N01,C66,작용혈액
월보,C66-S00-I00-N01,C66,순환사지
월보,C66-S00-I00-N01,C66,배치백체
월보,C66-S00-I00-N01,C66,조절
월보,C66-S00-I00-N01,C66,造化
월보,C66-S00-I00-N01,C66,절실
월보,C66-S00-I00-N01,C66,자기
월보,C66-S00-I00-N01,C66,위대
월보,C66-S00-I00-N01,C66,천지
월보,C66-S00-I00-N01,C66,부모
월보,C66-S00-I00-N01,C66,제일자체
월보,C66-S00-I00-N01,C66,조직
월보,C66-S00-I00-N01,C66,불완전
월보,C66-S00-I00-N01,C66,시청촉감운동
월보,C66-S00-I00-N01,C66,기의
월보,C66-S00-I00-N01,C66,아생
월보,C66-S00-I00-N01,C66,가치
월보,C66-S00-I00-N01,C66,불편
월보,C66-S00-I00-N01,C66,여사
월보,C66-S00-I00-N01,C66,교묘
월보,C66-S00-I00-N01,C66,조직
월보,C66-S00-I00-N01,C66,천지
월보,C66-S00-I00-N01,C66,부모
월보,C66-S00-I00-N01,C66,육체
월보,C66-S00-I00-N01,C66,기묘
월보,C66-S00-I00-N01,C66,작용
월보,C66-S00-I00-N01,C66,유감
월보,C66-S00-I00-N01,C66,활용
월보,C66-S00-I00-N01,C66,백체
월보,C66-S00-I00-N01,C66,공기
월보,C66-S00-I00-N01,C66,주관적덕
월보,C66-S00-I00-N01,C66,기묘
월보,C66-S00-I00-N01,C66,작용
월보,C66-S00-I00-N01,C66,연후
월보,C66-S00-I00-N01,C66,기덕
월보,C66-S00-I00-N01,C66,실효
월보,C66-S00-I00-N01,C66,즉자기
월보,C66-S00-I00-N01,C66,신체
월보,C66-S00-I00-N01,C66,건강
월보,C66-S00-I00-N01,C66,연후
월보,C66-S00-I00-N01,C66,신체
월보,C66-S00-I00-N01,C66,보지
월보,C66-S00-I00-N01,C66,만일건
월보,C66-S00-I00-N01,C66,불주의
월보,C66-S00-I00-N01,C66,결과신체
월보,C66-S00-I00-N01,C66,병마
월보,C66-S00-I00-N01,C66,천지
월보,C66-S00-I00-N01,C66,대덕
월보,C66-S00-I00-N01,C66,망각
월보,C66-S00-I00-N01,C66,대덕
월보,C66-S00-I00-N01,C66,홀제
월보,C66-S00-I00-N01,C66,사회국가
월보,C66-S00-I00-N01,C66,대덕
월보,C66-S00-I00-N01,C66,경시
월보,C66-S00-I00-N01,C66,아생
월보,C66-S00-I00-N01,C66,가치
월보,C66-S00-I00-N01,C66,공적
월보,C66-S00-I00-N01,C66,육체
월보,C66-S00-I00-N01,C66,건강
월보,C66-S00-I00-N01,C66,기기점
월보,C66-S00-I00-N01,C66,백체고유
월보,C66-S00-I00-N01,C66,기능
월보,C66-S00-I00-N01,C66,원만
월보,C66-S00-I00-N01,C66,발휘
월보,C66-S00-I00-N01,C66,서기
월보,C66-S00-I00-N01,C66,정신
월보,C66-S00-I00-N01,C66,덕정신
월보,C66-S00-I00-N01,C66,주관적덕
월보,C66-S00-I00-N01,C66,중요
월보,C66-S00-I00-N01,C66,오인
월보,C66-S00-I00-N01,C66,주관적덕
월보,C66-S00-I00-N01,C66,육체건강
월보,C66-S00-I00-N01,C66,표준
월보,C66-S00-I00-N01,C66,경진
월보,C66-S00-I00-N01,C66,정신
월보,C66-S00-I00-N01,C66,수양
월보,C66-S00-I00-N01,C66,중요시
월보,C66-S00-I00-N01,C66,불가
월보,C66-S00-I00-N01,C66,즉인격
월보,C66-S00-I00-N01,C66,완성
월보,C66-S00-I00-N01,C66,불가
월보,C66-S00-I00-N01,C66,덕성
월보,C66-S00-I00-N01,C66,학식
월보,C66-S00-I00-N01,C66,지재
월보,C66-S00-I00-N01,C66,지정의
월보,C66-S00-I00-N01,C66,원만조화
월보,C66-S00-I00-N01,C66,불가
월보,C66-S00-I00-N01,C66,억정신적덕
월보,C66-S00-I00-N01,C66,무한
월보,C66-S00-I00-N01,C66,경계
월보,C66-S00-I00-N01,C66,과언
월보,C66-S00-I00-N01,C66,범우
월보,C66-S00-I00-N01,C66,개정신적덕
월보,C66-S00-I00-N01,C66,영향
월보,C66-S00-I00-N01,C66,향상
월보,C66-S00-I00-N01,C66,정신
월보,C66-S00-I00-N01,C66,진보
월보,C66-S00-I00-N01,C66,정신
월보,C66-S00-I00-N01,C66,연구
월보,C66-S00-I00-N01,C66,연구
월보,C66-S00-I00-N01,C66,창조
월보,C66-S00-I00-N01,C66,정신
월보,C66-S00-I00-N01,C66,정신
월보,C66-S00-I00-N01,C66,무한향상
월보,C66-S00-I00-N01,C66,천지
월보,C66-S00-I00-N01,C66,주인공
월보,C66-S00-I00-N01,C66,만물
월보,C66-S00-I00-N01,C66,영장
월보,C66-S00-I00-N01,C66,무덕
월보,C66-S00-I00-N01,C66,인혹
월보,C66-S00-I00-N01,C66,고덕
월보,C66-S00-I00-N01,C66,구별
월보,C66-S00-I00-N01,C66,인격표준
월보,C66-S00-I00-N01,C66,정신능력
월보,C66-S00-I00-N01,C66,응용여하
월보,C66-S00-I00-N01,C66,자비인애
월보,C66-S00-I00-N01,C66,지식재능
월보,C66-S00-I00-N01,C66,일세
월보,C66-S00-I00-N01,C66,모범
월보,C66-S00-I00-N01,C66,천고
월보,C66-S00-I00-N01,C66,방명
월보,C66-S00-I00-N01,C66,오인
월보,C66-S00-I00-N01,C66,고덕
월보,C66-S00-I00-N01,C66,시등
월보,C66-S00-I00-N01,C66,주관적덕
월보,C66-S00-I00-N01,C66,서기
월보,C66-S00-I00-N01,C66,가위
월보,C66-S00-I00-N01,C66,오사
월보,C66-S00-I00-N01,C66,대덕이상
월보,C66-S00-I00-N01,C66,주관객관
월보,C66-S00-I00-N01,C66,양덕
월보,C66-S00-I00-N01,C66,총합
월보,C66-S00-I00-N01,C66,일언
월보,C66-S00-I00-N01,C66,진가치
월보,C66-S00-I00-N01,C66,대신사
월보,C66-S00-I00-N01,C66,소위
월보,C66-S00-I00-N01,C66,불지덕지소재
월보,C66-S00-I00-N01,C66,요오신지화생
월보,C66-S00-I00-N01,C66,일구
월보,C66-S00-I00-N01,C66,귀착
월보,C66-S00-I00-N01,C66,대신사
월보,C66-S00-I00-N01,C66,인내천주의
월보,C66-S00-I00-N01,C66,종지
월보,C66-S00-I00-N01,C66,존재
월보,C66-S00-I00-N01,C66,오신
월보,C66-S00-I00-N01,C66,화생
월보,C66-S00-I00-N01,C66,가치
월보,C66-S00-I00-N01,C66,생활
월보,C66-S00-I00-N01,C66,활기
월보,C66-S00-I00-N01,C66,즉아
월보,C66-S00-I00-N01,C66,진정
월보,C66-S00-I00-N01,C66,존재가치
월보,C66-S00-I00-N01,C66,절실감
월보,C66-S00-I00-N01,C66,화생
월보,C66-S00-I00-N01,C66,근본
월보,C66-S00-I00-N01,C66,존재
월보,C66-S00-I00-N01,C66,오사
월보,C66-S00-I00-N01,C66,대덕
월보,C66-S00-I00-N02,C66,오사
월보,C66-S00-I00-N02,C66,귀신
월보,C66-S00-I00-N02,C66,목석
월보,C66-S00-I00-N02,C66,상제
월보,C66-S00-I00-N02,C66,허공
월보,C66-S00-I00-N02,C66,수족동정
월보,C66-S00-I00-N02,C66,귀신
월보,C66-S00-I00-N02,C66,선악간
월보,C66-S00-I00-N02,C66,용사
월보,C66-S00-I00-N02,C66,기운
월보,C66-S00-I00-N02,C66,造化
월보,C66-S00-I00-N02,C66,상제
월보,C66-S00-I00-N02,C66,억조
월보,C66-S00-I00-N02,C66,억조
월보,C66-S00-I00-N02,C66,상제
월보,C66-S00-I00-N02,C66,상제
월보,C66-S00-I00-N02,C66,영성
월보,C66-S00-I00-N02,C66,상제
월보,C66-S00-I00-N02,C66,면목
월보,C66-S00-I00-N02,C66,우왈
월보,C66-S00-I00-N02,C66,구분
월보,C66-S00-I00-N02,C66,도덕
월보,C66-S00-I00-N02,C66,진리
월보,C66-S00-I00-N02,C66,체현
월보,C66-S00-I00-N02,C66,허위
월보,C66-S00-I00-N02,C66,불합리불평등
월보,C66-S00-I00-N02,C66,만일
월보,C66-S00-I00-N02,C66,진정
월보,C66-S00-I00-N02,C66,우왈
월보,C66-S00-I00-N02,C66,구분
월보,C66-S00-I00-N02,C66,천국
월보,C66-S00-I00-N02,C66,만일
월보,C66-S00-I00-N02,C66,노력
월보,C66-S00-I00-N02,C66,극락
월보,C66-S00-I00-N02,C66,건설
월보,C66-S00-I00-N02,C66,우왈
월보,C66-S00-I00-N02,C66,구분
월보,C66-S00-I00-N02,C66,영생
월보,C66-S00-I00-N02,C66,타계
월보,C66-S00-I00-N02,C66,만일
월보,C66-S00-I00-N02,C66,정신
월보,C66-S00-I00-N02,C66,영생
월보,C66-S00-I00-N02,C66,해결
월보,C66-S00-I00-N02,C66,대신사
월보,C66-S00-I00-N02,C66,차간단
월보,C66-S00-I00-N02,C66,인내천주의
월보,C66-S00-I00-N02,C66,선언
월보,C66-S00-I00-N02,C66,원리
월보,C66-S00-I00-N02,C66,일호
월보,C66-S00-I00-N02,C66,결함
월보,C66-S00-I00-N02,C66,대신사
월보,C66-S00-I00-N02,C66,선언
월보,C66-S00-I00-N02,C66,제일
월보,C66-S00-I00-N02,C66,정신
월보,C66-S00-I00-N02,C66,천지생생
월보,C66-S00-I00-N02,C66,대덕
월보,C66-S00-I00-N02,C66,부모
월보,C66-S00-I00-N02,C66,사회
월보,C66-S00-I00-N02,C66,국가
월보,C66-S00-I00-N02,C66,대덕
월보,C66-S00-I00-N02,C66,주관적대덕
월보,C66-S00-I00-N02,C66,영물
월보,C66-S00-I00-N02,C66,발휘
월보,C66-S00-I00-N02,C66,원만무결
월보,C66-S00-I00-N02,C66,오인
월보,C66-S00-I00-N02,C66,즉포덕
월보,C66-S00-I00-N02,C66,원리
월보,C66-S00-I00-N02,C66,세계
월보,C66-S00-I00-N02,C66,광포
월보,C66-S00-I00-N02,C66,천하
월보,C66-S00-I00-N02,C66,억조
월보,C66-S00-I00-N02,C66,자기고유
월보,C66-S00-I00-N02,C66,대덕
월보,C66-S00-I00-N02,C66,발휘
월보,C66-S00-I00-N02,C66,광제
월보,C67-S00-I00-N01,C67,동귀일체리돈화세사
월보,C67-S00-I00-N01,C67,인사
월보,C67-S00-I00-N01,C67,사물
월보,C67-S00-I00-N01,C67,불완전
월보,C67-S00-I00-N01,C67,완전
월보,C67-S00-I00-N01,C67,향상
월보,C67-S00-I00-N01,C67,형제
월보,C67-S00-I00-N01,C67,세계
월보,C67-S00-I00-N01,C67,비관
월보,C67-S00-I00-N01,C67,인사
월보,C67-S00-I00-N01,C67,부리
월보,C67-S00-I00-N01,C67,세계
월보,C67-S00-I00-N01,C67,무의식적
월보,C67-S00-I00-N01,C67,인사
월보,C67-S00-I00-N01,C67,맹목목적
월보,C67-S00-I00-N01,C67,세계
월보,C67-S00-I00-N01,C67,무의식
월보,C67-S00-I00-N01,C67,대의식
월보,C67-S00-I00-N01,C67,순환
월보,C67-S00-I00-N01,C67,인사
월보,C67-S00-I00-N01,C67,맹목적
월보,C67-S00-I00-N01,C67,대목적
월보,C67-S00-I00-N01,C67,예기
월보,C67-S00-I00-N01,C67,잠재
월보,C67-S00-I00-N01,C67,우주
월보,C67-S00-I00-N01,C67,세계
월보,C67-S00-I00-N01,C67,인생
월보,C67-S00-I00-N01,C67,사물
월보,C67-S00-I00-N01,C67,목적
월보,C67-S00-I00-N01,C67,대경애
월보,C67-S00-I00-N01,C67,무궁무진
월보,C67-S00-I00-N01,C67,오인
월보,C67-S00-I00-N01,C67,종용
월보,C67-S00-I00-N01,C67,동서고금문화사상
월보,C67-S00-I00-N01,C67,인류
월보,C67-S00-I00-N01,C67,역사
월보,C67-S00-I00-N01,C67,통관이래
월보,C67-S00-I00-N01,C67,인류
월보,C67-S00-I00-N01,C67,각시대
월보,C67-S00-I00-N01,C67,속위
월보,C67-S00-I00-N01,C67,층일층
월보,C67-S00-I00-N01,C67,진정해탈
월보,C67-S00-I00-N01,C67,무한
월보,C67-S00-I00-N01,C67,향상
월보,C67-S00-I00-N01,C67,도정
월보,C67-S00-I00-N01,C67,희랍문명
월보,C67-S00-I00-N01,C67,나마
월보,C67-S00-I00-N01,C67,나마
월보,C67-S00-I00-N01,C67,문명
월보,C67-S00-I00-N01,C67,현대
월보,C67-S00-I00-N01,C67,문명
월보,C67-S00-I00-N01,C67,현대
월보,C67-S00-I00-N01,C67,문명
월보,C67-S00-I00-N01,C67,우일층과거대전
월보,C67-S00-I00-N01,C67,영향
월보,C67-S00-I00-N01,C67,참신
월보,C67-S00-I00-N01,C67,문명
월보,C67-S00-I00-N01,C67,산출
월보,C67-S00-I00-N01,C67,노정
월보,C67-S00-I00-N01,C67,여사
월보,C67-S00-I00-N01,C67,세계문명조류
월보,C67-S00-I00-N01,C67,파도하
월보,C67-S00-I00-N01,C67,인류
월보,C67-S00-I00-N01,C67,각시대
월보,C67-S00-I00-N01,C67,진시대
월보,C67-S00-I00-N01,C67,조성
월보,C67-S00-I00-N01,C67,세계금일
월보,C67-S00-I00-N01,C67,대개조운동
월보,C67-S00-I00-N01,C67,인류
월보,C67-S00-I00-N01,C67,과거
월보,C67-S00-I00-N01,C67,허위
월보,C67-S00-I00-N01,C67,以上
월보,C67-S00-I00-N01,C67,대도정
월보,C67-S00-I00-N01,C67,오인
월보,C67-S00-I00-N01,C67,인류개조
월보,C67-S00-I00-N01,C67,해방
월보,C67-S00-I00-N01,C67,향상
월보,C67-S00-I00-N01,C67,오인
월보,C67-S00-I00-N01,C67,차세계대개조운동
월보,C67-S00-I00-N01,C67,전면
월보,C67-S00-I00-N01,C67,횡재
월보,C67-S00-I00-N01,C67,몽롱
월보,C67-S00-I00-N01,C67,일경애
월보,C67-S00-I00-N01,C67,삽출
월보,C67-S00-I00-N01,C67,대세계
월보,C67-S00-I00-N01,C67,대동귀일체
월보,C67-S00-I00-N01,C67,인세
월보,C67-S00-I00-N01,C67,장래
월보,C67-S00-I00-N01,C67,필경동귀일체
월보,C67-S00-I00-N01,C67,理想
월보,C67-S00-I00-N01,C67,귀착내이
월보,C67-S00-I00-N02,C67,천도교월보세계
월보,C67-S00-I00-N02,C67,장래
월보,C67-S00-I00-N02,C67,필경일동귀일체
월보,C67-S00-I00-N02,C67,경애
월보,C67-S00-I00-N02,C67,도착
월보,C67-S00-I00-N02,C67,조짐
월보,C67-S00-I00-N02,C67,오인
월보,C67-S00-I00-N02,C67,각방면
월보,C67-S00-I00-N02,C67,증명
월보,C67-S00-I00-N02,C67,단언
월보,C67-S00-I00-N02,C67,즉물질적방면
월보,C67-S00-I00-N02,C67,사상정신적방면
월보,C67-S00-I00-N02,C67,물론
월보,C67-S00-I00-N02,C67,근대인류
월보,C67-S00-I00-N02,C67,운동
월보,C67-S00-I00-N02,C67,동귀일체
월보,C67-S00-I00-N02,C67,목표
월보,C67-S00-I00-N02,C67,물질적방면
월보,C67-S00-I00-N02,C67,교통
월보,C67-S00-I00-N02,C67,발달
월보,C67-S00-I00-N02,C67,세계인류
월보,C67-S00-I00-N02,C67,단란
월보,C67-S00-I00-N02,C67,기계적방편
월보,C67-S00-I00-N02,C67,철도
월보,C67-S00-I00-N02,C67,발달
월보,C67-S00-I00-N02,C67,동서양
월보,C67-S00-I00-N02,C67,접근
월보,C67-S00-I00-N02,C67,항로
월보,C67-S00-I00-N02,C67,발달
월보,C67-S00-I00-N02,C67,남북일체
월보,C67-S00-I00-N02,C67,형성
월보,C67-S00-I00-N02,C67,항공계
월보,C67-S00-I00-N02,C67,발달
월보,C67-S00-I00-N02,C67,십배
월보,C67-S00-I00-N02,C67,오배이상
월보,C67-S00-I00-N02,C67,진보
월보,C67-S00-I00-N02,C67,상근이십여년간
월보,C67-S00-I00-N02,C67,대전이후
월보,C67-S00-I00-N02,C67,사해
월보,C67-S00-I00-N02,C67,권서
월보,C67-S00-I00-N02,C67,궤상
월보,C67-S00-I00-N02,C67,세계
월보,C67-S00-I00-N02,C67,성적
월보,C67-S00-I00-N02,C67,인류
월보,C67-S00-I00-N02,C67,위력
월보,C67-S00-I00-N02,C67,노현
월보,C67-S00-I00-N02,C67,전신신용
월보,C67-S00-I00-N02,C67,여달
월보,C67-S00-I00-N02,C67,좌상
월보,C67-S00-I00-N02,C67,천하
월보,C67-S00-I00-N02,C67,일별
월보,C67-S00-I00-N02,C67,세계
월보,C67-S00-I00-N02,C67,점차
월보,C67-S00-I00-N02,C67,기범위
월보,C67-S00-I00-N02,C67,기영향
월보,C67-S00-I00-N02,C67,친근
월보,C67-S00-I00-N02,C67,이물질발달
월보,C67-S00-I00-N02,C67,향상
월보,C67-S00-I00-N02,C67,사상발전
월보,C67-S00-I00-N02,C67,향상
월보,C67-S00-I00-N02,C67,인류
월보,C67-S00-I00-N02,C67,기물질발달
월보,C67-S00-I00-N02,C67,향상
월보,C67-S00-I00-N02,C67,교통
월보,C67-S00-I00-N02,C67,빈번
월보,C67-S00-I00-N02,C67,교통
월보,C67-S00-I00-N02,C67,빈번
월보,C67-S00-I00-N02,C67,사상교환
월보,C67-S00-I00-N02,C67,기회
월보,C67-S00-I00-N02,C67,국가
월보,C67-S00-I00-N02,C67,국가사회
월보,C67-S00-I00-N02,C67,사회개인
월보,C67-S00-I00-N02,C67,개인
월보,C67-S00-I00-N02,C67,서양
월보,C67-S00-I00-N02,C67,호상이물시
월보,C67-S00-I00-N02,C67,국가
월보,C67-S00-I00-N02,C67,호상이적시
월보,C67-S00-I00-N02,C67,학파
월보,C67-S00-I00-N02,C67,학파
월보,C67-S00-I00-N02,C67,호상구수시
월보,C67-S00-I00-N02,C67,종교
월보,C67-S00-I00-N02,C67,종교
월보,C67-S00-I00-N02,C67,호상사갈시
월보,C67-S00-I00-N02,C67,상박소
월보,C67-S00-I00-N02,C67,원시성
월보,C67-S00-I00-N02,C67,해탈
월보,C67-S00-I00-N02,C67,편벽
월보,C67-S00-I00-N02,C67,주관
월보,C67-S00-I00-N02,C67,초월
월보,C67-S00-I00-N02,C67,야비
월보,C67-S00-I00-N02,C67,배타관념
월보,C67-S00-I00-N02,C67,제각
월보,C67-S00-I00-N02,C67,점차합리
월보,C67-S00-I00-N02,C67,연구
월보,C67-S00-I00-N02,C67,고등
월보,C67-S00-I00-N02,C67,비판진정
월보,C67-S00-I00-N02,C67,양해
월보,C67-S00-I00-N02,C67,인류백년이전
월보,C67-S00-I00-N02,C67,일별
월보,C67-S00-I00-N02,C67,기시대
월보,C67-S00-I00-N02,C67,세계인류
월보,C67-S00-I00-N02,C67,사상
월보,C67-S00-I00-N02,C67,협착차편벽
월보,C67-S00-I00-N02,C67,우상
월보,C67-S00-I00-N02,C67,피금
월보,C67-S00-I00-N02,C67,동양세계
월보,C67-S00-I00-N02,C67,수화상극
월보,C67-S00-I00-N02,C67,일례
월보,C67-S00-I00-N02,C67,맹자
월보,C67-S00-I00-N02,C67,묵자
월보,C67-S00-I00-N02,C67,무부
월보,C67-S00-I00-N02,C67,배척
월보,C67-S00-I00-N02,C67,양자
월보,C67-S00-I00-N02,C67,무군
월보,C67-S00-I00-N02,C67,폄책
월보,C67-S00-I00-N02,C67,편벽관념
월보,C67-S00-I00-N02,C67,출래사상가
월보,C67-S00-I00-N02,C67,공통
월보,C67-S00-I00-N02,C67,생색
월보,C67-S00-I00-N02,C67,중세기
월보,C67-S00-I00-N02,C67,구라파
월보,C67-S00-I00-N02,C67,교권만능주의
월보,C67-S00-I00-N02,C67,일절학파
월보,C67-S00-I00-N02,C67,노례적사명
월보,C67-S00-I00-N02,C67,모교
월보,C67-S00-I00-N02,C67,이교
월보,C67-S00-I00-N02,C67,사갈시
월보,C67-S00-I00-N02,C67,극편벽
월보,C67-S00-I00-N02,C67,종교전쟁
월보,C67-S00-I00-N02,C67,인류
월보,C67-S00-I00-N02,C67,해독
월보,C67-S00-I00-N02,C67,근대조선인
월보,C67-S00-I00-N02,C67,소위양란혹
월보,C67-S00-I00-N02,C67,서양
월보,C67-S00-I00-N02,C67,유람인
월보,C67-S00-I00-N02,C67,격파
월보,C67-S00-I00-N02,C67,득의자양
월보,C67-S00-I00-N02,C67,사린
월보,C67-S00-I00-N02,C67,이적
월보,C67-S00-I00-N02,C67,망자존대
월보,C67-S00-I00-N02,C67,일본인
월보,C67-S00-I00-N02,C67,양이
월보,C67-S00-I00-N02,C67,유신
월보,C67-S00-I00-N02,C67,공적
월보,C67-S00-I00-N02,C67,시대
월보,C67-S00-I00-N02,C67,교통사상
월보,C67-S00-I00-N02,C67,향상융화
월보,C67-S00-I00-N02,C67,체관이래
월보,C67-S00-I00-N02,C67,소양
월보,C67-S00-I00-N02,C67,현격
월보,C67-S00-I00-N02,C67,물론금일
월보,C67-S00-I00-N02,C67,국가
월보,C67-S00-I00-N02,C67,국가사회
월보,C67-S00-I00-N02,C67,사회
월보,C67-S00-I00-N02,C67,종교
월보,C67-S00-I00-N02,C67,학파
월보,C67-S00-I00-N02,C67,학파
월보,C67-S00-I00-N02,C67,진정
월보,C67-S00-I00-N02,C67,융화십년간세계인류
월보,C67-S00-I00-N02,C67,인도발전
월보,C67-S00-I00-N02,C67,고대인
월보,C67-S00-I00-N02,C67,몽상
월보,C67-S00-I00-N02,C67,실인
월보,C67-S00-I00-N02,C67,묵자양자
월보,C67-S00-I00-N02,C67,무부무군
월보,C67-S00-I00-N02,C67,비도
월보,C67-S00-I00-N02,C67,신의
월보,C67-S00-I00-N02,C67,위반
월보,C67-S00-I00-N02,C67,종지
월보,C67-S00-I00-N02,C67,금일
월보,C67-S00-I00-N02,C67,애타적사회주의
월보,C67-S00-I00-N02,C67,찬성
월보,C67-S00-I00-N02,C67,동시
월보,C67-S00-I00-N02,C67,즉무
월보,C67-S00-I00-N02,C67,용인
월보,C67-S00-I00-N02,C67,양해성
월보,C67-S00-I00-N02,C67,호상간융화
월보,C67-S00-I00-N02,C67,삼이상
월보,C67-S00-I00-N02,C67,세계
월보,C67-S00-I00-N02,C67,장차
월보,C67-S00-I00-N02,C67,동귀이체
월보,C67-S00-I00-N02,C67,조짐
월보,C67-S00-I00-N02,C67,교통사상
월보,C67-S00-I00-N02,C67,방면
월보,C67-S00-I00-N02,C67,일언
월보,C67-S00-I00-N02,C67,불과
월보,C67-S00-I00-N02,C67,여사
월보,C67-S00-I00-N02,C67,세계
월보,C67-S00-I00-N02,C67,각방면
월보,C67-S00-I00-N02,C67,장차동귀일체
월보,C67-S00-I00-N02,C67,조짐
월보,C67-S00-I00-N02,C67,지엽
월보,C67-S00-I00-N02,C67,문제
월보,C67-S00-I00-N02,C67,기계적방편
월보,C67-S00-I00-N02,C67,인류
월보,C67-S00-I00-N02,C67,진정
월보,C67-S00-I00-N02,C67,동귀일체
월보,C67-S00-I00-N02,C67,실현
월보,C67-S00-I00-N02,C67,정신
월보,C67-S00-I00-N02,C67,방면
월보,C67-S00-I00-N02,C67,중대
월보,C67-S00-I00-N02,C67,의미
월보,C67-S00-I00-N02,C67,불가
월보,C67-S00-I00-N02,C67,즉인류
월보,C67-S00-I00-N02,C67,일면물질상
월보,C67-S00-I00-N02,C67,점차동귀일체
월보,C67-S00-I00-N02,C67,도합
월보,C67-S00-I00-N02,C67,동시
월보,C67-S00-I00-N02,C67,일면
월보,C67-S00-I00-N02,C67,정신상동귀일체
월보,C67-S00-I00-N02,C67,정신상
월보,C67-S00-I00-N02,C67,호상접근
월보,C67-S00-I00-N02,C67,형식
월보,C67-S00-I00-N02,C67,세계
월보,C67-S00-I00-N02,C67,분쟁
월보,C67-S00-I00-N02,C67,야기
월보,C67-S00-I00-N02,C67,인류
월보,C67-S00-I00-N02,C67,악경쟁
월보,C67-S00-I00-N02,C67,양성
월보,C67-S00-I00-N02,C67,오인
월보,C67-S00-I00-N02,C67,금세계인류
월보,C67-S00-I00-N02,C67,진일
월보,C67-S00-I00-N02,C67,정신문제
월보,C67-S00-I00-N02,C67,해결
월보,C67-S00-I00-N02,C67,개조운동
월보,C67-S00-I00-N02,C67,착수
월보,C67-S00-I00-N02,C67,간절
월보,C67-S00-I00-N02,C67,희망
월보,C67-S00-I00-N02,C67,정신문제
월보,C67-S00-I00-N02,C67,해결
월보,C67-S00-I00-N02,C67,도저하등
월보,C67-S00-I00-N02,C67,실효
월보,C67-S00-I00-N03,C67,즉세계
월보,C67-S00-I00-N03,C67,동귀일체
월보,C67-S00-I00-N03,C67,귀착
월보,C67-S00-I00-N03,C67,종교
월보,C67-S00-I00-N03,C67,동귀일체
월보,C67-S00-I00-N03,C67,불가
월보,C67-S00-I00-N03,C67,고저
월보,C67-S00-I00-N03,C67,원래종교
월보,C67-S00-I00-N03,C67,인류
월보,C67-S00-I00-N03,C67,인류
월보,C67-S00-I00-N03,C67,친밀
월보,C67-S00-I00-N03,C67,결합
월보,C67-S00-I00-N03,C67,종교
월보,C67-S00-I00-N03,C67,가치
월보,C67-S00-I00-N03,C67,하등진종교
월보,C67-S00-I00-N03,C67,정신상친밀
월보,C67-S00-I00-N03,C67,神聖
월보,C67-S00-I00-N03,C67,결합
월보,C67-S00-I00-N03,C67,종교
월보,C67-S00-I00-N03,C67,인류
월보,C67-S00-I00-N03,C67,친밀
월보,C67-S00-I00-N03,C67,결합
월보,C67-S00-I00-N03,C67,종교
월보,C67-S00-I00-N03,C67,가치
월보,C67-S00-I00-N03,C67,하등진종교
월보,C67-S00-I00-N03,C67,자기
월보,C67-S00-I00-N03,C67,인세최상
월보,C67-S00-I00-N03,C67,종지
월보,C67-S00-I00-N03,C67,기독교국
월보,C67-S00-I00-N03,C67,저반
월보,C67-S00-I00-N03,C67,대전
월보,C67-S00-I00-N03,C67,야기
월보,C67-S00-I00-N03,C67,각성
월보,C67-S00-I00-N03,C67,천도교회월보
월보,C67-S00-I00-N03,C67,즉애
월보,C67-S00-I00-N03,C67,세계
월보,C67-S00-I00-N03,C67,불화
월보,C67-S00-I00-N03,C67,하인
월보,C67-S00-I00-N03,C67,진실
월보,C67-S00-I00-N03,C67,모독교
월보,C67-S00-I00-N03,C67,호상간
월보,C67-S00-I00-N03,C67,인류
월보,C67-S00-I00-N03,C67,평화
월보,C67-S00-I00-N03,C67,파괴
월보,C67-S00-I00-N03,C67,하인
월보,C67-S00-I00-N03,C67,진실
월보,C67-S00-I00-N03,C67,모독교
월보,C67-S00-I00-N03,C67,의미
월보,C67-S00-I00-N03,C67,물론일부
월보,C67-S00-I00-N03,C67,세계
월보,C67-S00-I00-N03,C67,대전
월보,C67-S00-I00-N03,C67,정치적야심
월보,C67-S00-I00-N03,C67,각국정치가
월보,C67-S00-I00-N03,C67,아욕아만
월보,C67-S00-I00-N03,C67,모독교
월보,C67-S00-I00-N03,C67,종교
월보,C67-S00-I00-N03,C67,하등관계
월보,C67-S00-I00-N03,C67,만일
월보,C67-S00-I00-N03,C67,모독교신자
월보,C67-S00-I00-N03,C67,歐洲
월보,C67-S00-I00-N03,C67,인민
월보,C67-S00-I00-N03,C67,정치가
월보,C67-S00-I00-N03,C67,야심
월보,C67-S00-I00-N03,C67,피사
월보,C67-S00-I00-N03,C67,모독교
월보,C67-S00-I00-N03,C67,정신
월보,C67-S00-I00-N03,C67,정치적야심
월보,C67-S00-I00-N03,C67,숭배
월보,C67-S00-I00-N03,C67,정신
월보,C67-S00-I00-N03,C67,박약
월보,C67-S00-I00-N03,C67,세계
월보,C67-S00-I00-N03,C67,모독교신자
월보,C67-S00-I00-N03,C67,세계
월보,C67-S00-I00-N03,C67,전쟁
월보,C67-S00-I00-N03,C67,영원
월보,C67-S00-I00-N03,C67,모독교국
월보,C67-S00-I00-N03,C67,결합
월보,C67-S00-I00-N03,C67,종교
월보,C67-S00-I00-N03,C67,진정신
월보,C67-S00-I00-N03,C67,경우
월보,C67-S00-I00-N03,C67,쟁투
월보,C67-S00-I00-N03,C67,계속
월보,C67-S00-I00-N03,C67,이교
월보,C67-S00-I00-N03,C67,이교국
월보,C67-S00-I00-N03,C67,호상
월보,C67-S00-I00-N03,C67,종교적평화
월보,C67-S00-I00-N03,C67,오인
월보,C67-S00-I00-N03,C67,금일이후일세계
월보,C67-S00-I00-N03,C67,진정
월보,C67-S00-I00-N03,C67,평화
월보,C67-S00-I00-N03,C67,진정
월보,C67-S00-I00-N03,C67,최후종교
월보,C67-S00-I00-N03,C67,차세
월보,C67-S00-I00-N03,C67,창건
월보,C67-S00-I00-N03,C67,세계인류
월보,C67-S00-I00-N03,C67,진종교
월보,C67-S00-I00-N03,C67,진정신하
월보,C67-S00-I00-N03,C67,진정
월보,C67-S00-I00-N03,C67,통일
월보,C67-S00-I00-N03,C67,진정
월보,C67-S00-I00-N03,C67,각오
월보,C67-S00-I00-N03,C67,연후
월보,C67-S00-I00-N03,C67,차세
월보,C67-S00-I00-N03,C67,극락
월보,C67-S00-I00-N03,C67,건설
월보,C67-S00-I00-N03,C67,만일
월보,C67-S00-I00-N04,C67,최후진정
월보,C67-S00-I00-N04,C67,종교
월보,C67-S00-I00-N04,C67,종교
월보,C67-S00-I00-N04,C67,기석
월보,C67-S00-I00-N04,C67,점령
월보,C67-S00-I00-N04,C67,즉여하
월보,C67-S00-I00-N04,C67,종지
월보,C67-S00-I00-N04,C67,종교
월보,C67-S00-I00-N04,C67,인세최후
월보,C67-S00-I00-N04,C67,승리
월보,C67-S00-I00-N04,C67,일세
월보,C67-S00-I00-N04,C67,일체
월보,C67-S00-I00-N04,C67,동귀
월보,C67-S00-I00-N04,C67,종교
월보,C67-S00-I00-N04,C67,편관편신
월보,C67-S00-I00-N04,C67,종교
월보,C67-S00-I00-N04,C67,원관원신
월보,C67-S00-I00-N04,C67,신앙
월보,C67-S00-I00-N04,C67,불가
월보,C67-S00-I00-N04,C67,천진
월보,C67-S00-I00-N04,C67,표현
월보,C67-S00-I00-N04,C67,종교신앙
월보,C67-S00-I00-N04,C67,유래종교
월보,C67-S00-I00-N04,C67,본연
월보,C67-S00-I00-N04,C67,각종교
월보,C67-S00-I00-N04,C67,각기일방
월보,C67-S00-I00-N04,C67,논쟁
월보,C67-S00-I00-N04,C67,전체
월보,C67-S00-I00-N04,C67,발휘
월보,C67-S00-I00-N04,C67,일각교공
월보,C67-S00-I00-N04,C67,진리
월보,C67-S00-I00-N04,C67,일부
월보,C67-S00-I00-N04,C67,타일부망각
월보,C67-S00-I00-N04,C67,오인
월보,C67-S00-I00-N04,C67,세계
월보,C67-S00-I00-N04,C67,대종교
월보,C67-S00-I00-N04,C67,이점
월보,C67-S00-I00-N04,C67,기중
월보,C67-S00-I00-N04,C67,각기일장일단
월보,C67-S00-I00-N04,C67,확유
월보,C67-S00-I00-N04,C67,사실
월보,C67-S00-I00-N04,C67,하고
월보,C67-S00-I00-N04,C67,종교
월보,C67-S00-I00-N04,C67,역시기각종교
월보,C67-S00-I00-N04,C67,각기
월보,C67-S00-I00-N04,C67,차일단
월보,C67-S00-I00-N04,C67,소이
월보,C67-S00-I00-N04,C67,시종교력사상
월보,C67-S00-I00-N04,C67,기각종교
월보,C67-S00-I00-N04,C67,각기일장사
월보,C67-S00-I00-N04,C67,자연
월보,C67-S00-I00-N04,C67,출생당시
월보,C67-S00-I00-N04,C67,시대경우
월보,C67-S00-I00-N04,C67,사상풍속지방영향
월보,C67-S00-I00-N04,C67,우기
월보,C67-S00-I00-N04,C67,시대
월보,C67-S00-I00-N04,C67,민중정도
월보,C67-S00-I00-N04,C67,차이
월보,C67-S00-I00-N04,C67,이천년이전
월보,C67-S00-I00-N04,C67,당시유태민중
월보,C67-S00-I00-N04,C67,사상풍속정도영향
월보,C67-S00-I00-N04,C67,과시
월보,C67-S00-I00-N04,C67,출생
월보,C67-S00-I00-N04,C67,우기당시인도민중
월보,C67-S00-I00-N04,C67,사상풍속정도영향
월보,C67-S00-I00-N04,C67,근저
월보,C67-S00-I00-N04,C67,출생
월보,C67-S00-I00-N04,C67,불교
월보,C67-S00-I00-N04,C67,당시지나민중
월보,C67-S00-I00-N04,C67,사상풍
월보,C67-S00-I00-N04,C67,우기각종교
월보,C67-S00-I00-N04,C67,각기당시
월보,C67-S00-I00-N04,C67,상차상이
월보,C67-S00-I00-N04,C67,교리
월보,C67-S00-I00-N04,C67,금일
월보,C67-S00-I00-N04,C67,진보
월보,C67-S00-I00-N04,C67,민중
월보,C67-S00-I00-N04,C67,지배
월보,C67-S00-I00-N04,C67,불능
월보,C67-S00-I00-N04,C67,당연
월보,C67-S00-I00-N04,C67,만일이천년이전
월보,C67-S00-I00-N04,C67,각종교
월보,C67-S00-I00-N04,C67,각기
월보,C67-S00-I00-N04,C67,지방
월보,C67-S00-I00-N04,C67,풍속사상
월보,C67-S00-I00-N04,C67,각기
월보,C67-S00-I00-N04,C67,시대
월보,C67-S00-I00-N04,C67,정도영향
월보,C67-S00-I00-N04,C67,근거
월보,C67-S00-I00-N04,C67,출생
월보,C67-S00-I00-N04,C67,당연
월보,C67-S00-I00-N04,C67,도일
월보,C67-S00-I00-N04,C67,금일
월보,C67-S00-I00-N04,C67,시대
월보,C67-S00-I00-N04,C67,금일민중
월보,C67-S00-I00-N04,C67,사상
월보,C67-S00-I00-N04,C67,금일시대
월보,C67-S00-I00-N04,C67,정도
월보,C67-S00-I00-N04,C67,표준
월보,C67-S00-I00-N04,C67,종교
월보,C67-S00-I00-N04,C67,출생
월보,C67-S00-I00-N04,C67,당연
월보,C67-S00-I00-N04,C67,즉금일
월보,C67-S00-I00-N04,C67,사상정도
월보,C67-S00-I00-N04,C67,적합
월보,C67-S00-I00-N04,C67,종교
월보,C67-S00-I00-N04,C67,자연
월보,C67-S00-I00-N04,C67,출생
월보,C67-S00-I00-N04,C67,당연
월보,C67-S00-I00-N04,C67,사연
월보,C67-S00-I00-N04,C67,금일
월보,C67-S00-I00-N04,C67,시대
월보,C67-S00-I00-N04,C67,사상정도
월보,C67-S00-I00-N04,C67,범위
월보,C67-S00-I00-N04,C67,표준
월보,C67-S00-I00-N04,C67,목적
월보,C67-S00-I00-N04,C67,오인
월보,C67-S00-I00-N04,C67,추상적
월보,C67-S00-I00-N04,C67,일언
월보,C67-S00-I00-N04,C67,기조
월보,C67-S00-I00-N04,C67,구비
월보,C67-S00-I00-N04,C67,신앙
월보,C67-S00-I00-N04,C67,즉금일
월보,C67-S00-I00-N04,C67,시대
월보,C67-S00-I00-N04,C67,사상정도
월보,C67-S00-I00-N04,C67,적합
월보,C67-S00-I00-N04,C67,종지
월보,C67-S00-I00-N04,C67,제일
월보,C67-S00-I00-N04,C67,세계
월보,C67-S00-I00-N04,C67,일원
월보,C67-S00-I00-N04,C67,세계전폭
월보,C67-S00-I00-N04,C67,범위
월보,C67-S00-I00-N04,C67,종지
월보,C67-S00-I00-N04,C67,불가
월보,C67-S00-I00-N04,C67,즉금일
월보,C67-S00-I00-N04,C67,세계
월보,C67-S00-I00-N04,C67,동포
월보,C67-S00-I00-N04,C67,일시
월보,C67-S00-I00-N04,C67,사해일가
월보,C67-S00-I00-N04,C67,공인
월보,C67-S00-I00-N04,C67,광활
월보,C67-S00-I00-N04,C67,종지
월보,C67-S00-I00-N04,C67,불가
월보,C67-S00-I00-N04,C67,과거시대
월보,C67-S00-I00-N04,C67,각종교
월보,C67-S00-I00-N04,C67,각기
월보,C67-S00-I00-N04,C67,지방
월보,C67-S00-I00-N04,C67,일원
월보,C67-S00-I00-N04,C67,발흥
월보,C67-S00-I00-N04,C67,금일시대
월보,C67-S00-I00-N04,C67,세계전폭
월보,C67-S00-I00-N04,C67,일원
월보,C67-S00-I00-N04,C67,종교
월보,C67-S00-I00-N04,C67,범위
월보,C67-S00-I00-N04,C67,불가
월보,C67-S00-I00-N04,C67,제이
월보,C67-S00-I00-N04,C67,금일이후오인
월보,C67-S00-I00-N04,C67,사상정도
월보,C67-S00-I00-N04,C67,표준
월보,C67-S00-I00-N04,C67,적합
월보,C67-S00-I00-N04,C67,발명
월보,C67-S00-I00-N04,C67,종지
월보,C67-S00-I00-N04,C67,불가
월보,C67-S00-I00-N04,C67,즉금일민중
월보,C67-S00-I00-N04,C67,사상정도
월보,C67-S00-I00-N04,C67,표준
월보,C67-S00-I00-N04,C67,적합
월보,C67-S00-I00-N04,C67,발명
월보,C67-S00-I00-N04,C67,종지
월보,C67-S00-I00-N04,C67,불가
월보,C67-S00-I00-N04,C67,과거시대
월보,C67-S00-I00-N04,C67,각종교
월보,C67-S00-I00-N04,C67,각기
월보,C67-S00-I00-N04,C67,시대
월보,C67-S00-I00-N04,C67,민중사상
월보,C67-S00-I00-N04,C67,진보
월보,C67-S00-I00-N04,C67,사상근저
월보,C67-S00-I00-N04,C67,출생
월보,C67-S00-I00-N04,C67,금일시대
월보,C67-S00-I00-N04,C67,금일시대
월보,C67-S00-I00-N04,C67,민중사상
월보,C67-S00-I00-N04,C67,근저
월보,C67-S00-I00-N04,C67,출래
월보,C67-S00-I00-N04,C67,종교
월보,C67-S00-I00-N04,C67,도저금일이후
월보,C67-S00-I00-N04,C67,인심
월보,C67-S00-I00-N04,C67,지배
월보,C67-S00-I00-N04,C67,불능
월보,C67-S00-I00-N04,C67,제삼
월보,C67-S00-I00-N04,C67,표준
월보,C67-S00-I00-N04,C67,종교
월보,C67-S00-I00-N04,C67,최후
월보,C67-S00-I00-N04,C67,종교
월보,C67-S00-I00-N04,C67,금일
월보,C67-S00-I00-N04,C67,시대
월보,C67-S00-I00-N04,C67,기자즉
월보,C67-S00-I00-N04,C67,천진
월보,C67-S00-I00-N04,C67,본연성
월보,C67-S00-I00-N04,C67,표준
월보,C67-S00-I00-N04,C67,개발
월보,C67-S00-I00-N04,C67,실현
월보,C67-S00-I00-N04,C67,목표
월보,C67-S00-I00-N04,C67,도저최후
월보,C67-S00-I00-N04,C67,천도교회월보리
월보,C67-S00-I00-N04,C67,제사
월보,C67-S00-I00-N04,C67,차세계
월보,C67-S00-I00-N04,C67,천국
월보,C67-S00-I00-N04,C67,차세계
월보,C67-S00-I00-N04,C67,억조
월보,C67-S00-I00-N04,C67,천인
월보,C67-S00-I00-N04,C67,공지
월보,C67-S00-I00-N04,C67,최후완성
월보,C67-S00-I00-N04,C67,천국
월보,C67-S00-I00-N04,C67,실현
월보,C67-S00-I00-N04,C67,체오
월보,C67-S00-I00-N04,C67,천국
월보,C67-S00-I00-N04,C67,영생
월보,C67-S00-I00-N04,C67,불가
월보,C67-S00-I00-N04,C67,즉금일이후
월보,C67-S00-I00-N04,C67,천국
월보,C67-S00-I00-N04,C67,영생주의
월보,C67-S00-I00-N04,C67,철두철미오인
월보,C67-S00-I00-N04,C67,소재오인
월보,C67-S00-I00-N04,C67,체오
월보,C67-S00-I00-N04,C67,직접
월보,C67-S00-I00-N04,C67,천국
월보,C67-S00-I00-N04,C67,영생
월보,C67-S00-I00-N04,C67,확신
월보,C67-S00-I00-N04,C67,불가
월보,C67-S00-I00-N04,C67,오인
월보,C67-S00-I00-N04,C67,이상사조
월보,C67-S00-I00-N04,C67,최후종교
월보,C67-S00-I00-N04,C67,진풍광
월보,C67-S00-I00-N04,C67,기교
월보,C67-S00-I00-N04,C67,여하
월보,C67-S00-I00-N04,C67,자교
월보,C67-S00-I00-N04,C67,진정
월보,C67-S00-I00-N04,C67,신앙
월보,C67-S00-I00-N04,C67,자려
월보,C67-S00-I00-N04,C67,여하
월보,C67-S00-I00-N04,C67,자기
월보,C67-S00-I00-N04,C67,진정
월보,C67-S00-I00-N04,C67,도덕
월보,C67-S00-I00-N04,C67,자인
월보,C67-S00-I00-N04,C67,불교
월보,C67-S00-I00-N04,C67,여하
월보,C67-S00-I00-N04,C67,자기
월보,C67-S00-I00-N04,C67,진정
월보,C67-S00-I00-N04,C67,각오
월보,C67-S00-I00-N04,C67,이상사개조
월보,C67-S00-I00-N04,C67,구비
월보,C67-S00-I00-N04,C67,일편
월보,C67-S00-I00-N04,C67,진리
월보,C67-S00-I00-N04,C67,금일종교가
월보,C67-S00-I00-N04,C67,차점
월보,C67-S00-I00-N04,C67,고려
월보,C67-S00-I00-N04,C67,불가
월보,C67-S00-I00-N04,C67,오만일일절
월보,C67-S00-I00-N04,C67,진리
월보,C67-S00-I00-N04,C67,시대
월보,C67-S00-I00-N04,C67,산물
월보,C67-S00-I00-N04,C67,오인
월보,C67-S00-I00-N04,C67,금일
월보,C67-S00-I00-N04,C67,시대
월보,C67-S00-I00-N04,C67,금일
월보,C67-S00-I00-N04,C67,시대
월보,C67-S00-I00-N04,C67,적합
월보,C67-S00-I00-N04,C67,종교
월보,C67-S00-I00-N04,C67,출생
월보,C67-S00-I00-N04,C67,自信
월보,C67-S00-I00-N04,C67,필연적리법
월보,C67-S00-I00-N04,C67,당연
월보,C67-S00-I00-N04,C67,도리
월보,C67-S00-I00-N04,C67,오인
월보,C67-S00-I00-N04,C67,즉하종교
월보,C67-S00-I00-N04,C67,금일시대
월보,C67-S00-I00-N04,C67,적합
월보,C67-S00-I00-N04,C67,종지
월보,C67-S00-I00-N04,C67,自信
월보,C67-S00-I00-N04,C67,오인
월보,C67-S00-I00-N04,C67,오인
월보,C67-S00-I00-N04,C67,차천도
월보,C67-S00-I00-N04,C67,종지
월보,C67-S00-I00-N04,C67,금일세계
월보,C67-S00-I00-N04,C67,동귀일체
월보,C67-S00-I00-N04,C67,소질
월보,C67-S00-I00-N04,C67,오인
월보,C67-S00-I00-N04,C67,천도
월보,C67-S00-I00-N04,C67,내용
월보,C67-S00-I00-N04,C67,일견
월보,C67-S00-I00-N04,C67,오교원조수운대신사
월보,C67-S00-I00-N04,C67,천도교
월보,C67-S00-I00-N04,C67,진리
월보,C67-S00-I00-N04,C67,선언
월보,C67-S00-I00-N04,C67,왈차세
월보,C67-S00-I00-N04,C67,후천정신개벽
월보,C67-S00-I00-N04,C67,차세
월보,C67-S00-I00-N04,C67,과거
월보,C67-S00-I00-N04,C67,성도성법
월보,C67-S00-I00-N04,C67,광제
월보,C67-S00-I00-N04,C67,천도
월보,C67-S00-I00-N04,C67,차세
월보,C67-S00-I00-N04,C67,광포
월보,C67-S00-I00-N04,C67,우왈천도
월보,C67-S00-I00-N04,C67,유불선기타
월보,C67-S00-I00-N04,C67,원천
월보,C67-S00-I00-N04,C67,천도
월보,C67-S00-I00-N04,C67,불원만
월보,C67-S00-I00-N04,C67,원만
월보,C67-S00-I00-N04,C67,이상이조
월보,C67-S00-I00-N04,C67,차시대
월보,C67-S00-I00-N04,C67,진보
월보,C67-S00-I00-N04,C67,민중
월보,C67-S00-I00-N04,C67,사상
월보,C67-S00-I00-N04,C67,과거
월보,C67-S00-I00-N04,C67,종교
월보,C67-S00-I00-N04,C67,지배
월보,C67-S00-I00-N04,C67,일언
월보,C67-S00-I00-N04,C67,동귀일체거
월보,C67-S00-I00-N04,C67,종교
월보,C67-S00-I00-N04,C67,원천
월보,C67-S00-I00-N04,C67,천도
월보,C67-S00-I00-N04,C67,일세
월보,C67-S00-I00-N04,C67,광제
월보,C67-S00-I00-N04,C67,천도
월보,C67-S00-I00-N04,C67,허위
월보,C67-S00-I00-N04,C67,가분
월보,C67-S00-I00-N04,C67,진정
월보,C67-S00-I00-N04,C67,천진
월보,C67-S00-I00-N04,C67,자연본연
월보,C67-S00-I00-N04,C67,원리
월보,C67-S00-I00-N04,C67,세계
월보,C67-S00-I00-N04,C67,종교
월보,C67-S00-I00-N04,C67,일원
월보,C67-S00-I00-N04,C67,기각종교
월보,C67-S00-I00-N04,C67,초월
월보,C67-S00-I00-N04,C67,대진리
월보,C67-S00-I00-N04,C67,우왈
월보,C67-S00-I00-N04,C67,상제
월보,C67-S00-I00-N04,C67,상제
월보,C67-S00-I00-N04,C67,억조
월보,C67-S00-I00-N04,C67,억조
월보,C67-S00-I00-N04,C67,자기
월보,C67-S00-I00-N04,C67,무궁
월보,C67-S00-I00-N04,C67,상제
월보,C67-S00-I00-N04,C67,천도
월보,C67-S00-I00-N04,C67,우왈
월보,C67-S00-I00-N04,C67,상제
월보,C67-S00-I00-N04,C67,상제
월보,C67-S00-I00-N04,C67,상제
월보,C67-S00-I00-N04,C67,공경
월보,C67-S00-I00-N04,C67,상제
월보,C67-S00-I00-N04,C67,세계
월보,C67-S00-I00-N04,C67,천국
월보,C67-S00-I00-N04,C67,영생
월보,C67-S00-I00-N04,C67,본원
월보,C67-S00-I00-N04,C67,以上
월보,C67-S00-I00-N04,C67,간단
월보,C67-S00-I00-N04,C67,수조
월보,C67-S00-I00-N04,C67,선언
월보,C67-S00-I00-N04,C67,오인
월보,C67-S00-I00-N04,C67,천도
월보,C67-S00-I00-N04,C67,대체
월보,C67-S00-I00-N04,C67,규지
월보,C67-S00-I00-N04,C67,오인
월보,C67-S00-I00-N04,C67,자기
월보,C67-S00-I00-N04,C67,허위
월보,C67-S00-I00-N04,C67,가분
월보,C67-S00-I00-N04,C67,오인
월보,C67-S00-I00-N04,C67,차세계
월보,C67-S00-I00-N04,C67,직접천국
월보,C67-S00-I00-N04,C67,영생
월보,C67-S00-I00-N04,C67,건설
월보,C67-S00-I00-N04,C67,노력
월보,C67-S00-I00-N04,C67,일시가식
월보,C67-S00-I00-N04,C67,진정
월보,C67-S00-I00-N04,C67,활동
월보,C67-S00-I00-N04,C67,진정
월보,C67-S00-I00-N04,C67,각오
월보,C67-S00-I00-N04,C67,출생
월보,C67-S00-I00-N04,C67,세계하인
월보,C67-S00-I00-N04,C67,차진리
월보,C67-S00-I00-N04,C67,비난괴의
월보,C67-S00-I00-N04,C67,오인
월보,C67-S00-I00-N04,C67,천도
월보,C67-S00-I00-N04,C67,진리
월보,C67-S00-I00-N04,C67,세계
월보,C67-S00-I00-N04,C67,동귀일체
월보,C67-S00-I00-N04,C67,조짐
월보,C67-S00-I00-N04,C67,시생
월보,C67-S00-I00-N04,C67,단언
월보,C68-S00-I00-N01,C68,무궁
월보,C68-S00-I00-N01,C68,이돈화
월보,C68-S00-I00-N01,C68,신동덕
월보,C68-S00-I00-N01,C68,오옥
월보,C68-S00-I00-N01,C68,무궁
월보,C68-S00-I00-N01,C68,천도교
월보,C68-S00-I00-N01,C68,신앙
월보,C68-S00-I00-N01,C68,주문십삼자
월보,C68-S00-I00-N01,C68,천도교
월보,C68-S00-I00-N01,C68,중추적신조
월보,C68-S00-I00-N01,C68,교조수운대신사
월보,C68-S00-I00-N01,C68,각도후
월보,C68-S00-I00-N01,C68,포덕
월보,C68-S00-I00-N01,C68,제일요지
월보,C68-S00-I00-N01,C68,즉신앙
월보,C68-S00-I00-N01,C68,제일기초
월보,C68-S00-I00-N01,C68,주문십삼자
월보,C68-S00-I00-N01,C68,십삼자지극
월보,C68-S00-I00-N01,C68,만권시서
월보,C68-S00-I00-N01,C68,一節
월보,C68-S00-I00-N01,C68,주문
월보,C68-S00-I00-N01,C68,증명
월보,C68-S00-I00-N01,C68,천도교
월보,C68-S00-I00-N01,C68,입교
월보,C68-S00-I00-N01,C68,주문
월보,C68-S00-I00-N01,C68,천사
월보,C68-S00-I00-N01,C68,감화
월보,C68-S00-I00-N01,C68,주문
월보,C68-S00-I00-N01,C68,주문
월보,C68-S00-I00-N01,C68,항상묵송
월보,C68-S00-I00-N01,C68,신앙상
월보,C68-S00-I00-N01,C68,효력
월보,C68-S00-I00-N01,C68,반문
월보,C68-S00-I00-N01,C68,진취
월보,C68-S00-I00-N01,C68,자증
월보,C68-S00-I00-N01,C68,대신사
월보,C68-S00-I00-N01,C68,수자
월보,C68-S00-I00-N01,C68,여허이유실
월보,C68-S00-I00-N01,C68,즉주문
월보,C68-S00-I00-N01,C68,효력
월보,C68-S00-I00-N01,C68,자체
월보,C68-S00-I00-N01,C68,위화여하
월보,C68-S00-I00-N01,C68,타인
월보,C68-S00-I00-N01,C68,천도교
월보,C68-S00-I00-N01,C68,의문
월보,C68-S00-I00-N01,C68,주문
월보,C68-S00-I00-N01,C68,묵송
월보,C68-S00-I00-N01,C68,절고
월보,C68-S00-I00-N02,C68,만약주문
월보,C68-S00-I00-N02,C68,천도교신앙
월보,C68-S00-I00-N02,C68,정체
월보,C68-S00-I00-N02,C68,천언만어
월보,C68-S00-I00-N02,C68,변명
월보,C68-S00-I00-N02,C68,천언만어
월보,C68-S00-I00-N02,C68,주문
월보,C68-S00-I00-N02,C68,진정
월보,C68-S00-I00-N02,C68,신앙
월보,C68-S00-I00-N02,C68,동덕
월보,C68-S00-I00-N02,C68,천도교
월보,C68-S00-I00-N02,C68,주문
월보,C68-S00-I00-N02,C68,효과
월보,C68-S00-I00-N02,C68,여하
월보,C68-S00-I00-N02,C68,증명
월보,C68-S00-I00-N02,C68,청수
월보,C68-S00-I00-N02,C68,일가족
월보,C68-S00-I00-N02,C68,단란
월보,C68-S00-I00-N02,C68,일장소
월보,C68-S00-I00-N02,C68,천사
월보,C68-S00-I00-N02,C68,위화
월보,C68-S00-I00-N02,C68,단언
월보,C68-S00-I00-N02,C68,일가족중
월보,C68-S00-I00-N02,C68,남녀로소
월보,C68-S00-I00-N02,C68,다소각기사무
월보,C68-S00-I00-N02,C68,사상지식정도
월보,C68-S00-I00-N02,C68,차위
월보,C68-S00-I00-N02,C68,무궁
월보,C68-S00-I00-N02,C68,천도교회월보사
월보,C68-S00-I00-N02,C68,영감
월보,C68-S00-I00-N02,C68,가족
월보,C68-S00-I00-N02,C68,교화
월보,C68-S00-I00-N02,C68,청수
월보,C68-S00-I00-N02,C68,원만
월보,C68-S00-I00-N02,C68,도득
월보,C68-S00-I00-N02,C68,효력
월보,C68-S00-I00-N02,C68,주문
월보,C68-S00-I00-N02,C68,천도교
월보,C68-S00-I00-N02,C68,신앙
월보,C68-S00-I00-N02,C68,제이신조
월보,C68-S00-I00-N02,C68,청수
월보,C68-S00-I00-N02,C68,홀대
월보,C68-S00-I00-N02,C68,불가
월보,C68-S00-I00-N02,C68,물론
월보,C68-S00-I00-N02,C68,혹자
월보,C68-S00-I00-N02,C68,청수
월보,C68-S00-I00-N02,C68,무용
월보,C68-S00-I00-N02,C68,우상적설비
월보,C68-S00-I00-N02,C68,사유
월보,C68-S00-I00-N02,C68,오해
월보,C68-S00-I00-N02,C68,원래
월보,C68-S00-I00-N02,C68,가족
월보,C68-S00-I00-N02,C68,매일하오구시
월보,C68-S00-I00-N02,C68,일정
월보,C68-S00-I00-N02,C68,장소
월보,C68-S00-I00-N02,C68,일정
월보,C68-S00-I00-N02,C68,가족적
월보,C68-S00-I00-N02,C68,영성
월보,C68-S00-I00-N02,C68,수련즉천사
월보,C68-S00-I00-N02,C68,감화
월보,C68-S00-I00-N02,C68,가정상신앙
월보,C68-S00-I00-N02,C68,교화
월보,C68-S00-I00-N02,C68,신앙
월보,C68-S00-I00-N02,C68,교화
월보,C68-S00-I00-N02,C68,의문
월보,C68-S00-I00-N02,C68,반대
월보,C68-S00-I00-N02,C68,당초자기
월보,C68-S00-I00-N02,C68,평생
월보,C68-S00-I00-N02,C68,시작
월보,C68-S00-I00-N02,C68,생활
월보,C68-S00-I00-N02,C68,무리해
월보,C68-S00-I00-N02,C68,경시
월보,C68-S00-I00-N02,C68,항언
월보,C68-S00-I00-N02,C68,본래
월보,C68-S00-I00-N02,C68,동물
월보,C68-S00-I00-N02,C68,동물
월보,C68-S00-I00-N02,C68,자폭자기
월보,C68-S00-I00-N02,C68,향상
월보,C68-S00-I00-N02,C68,정신
월보,C68-S00-I00-N02,C68,정신적교화
월보,C68-S00-I00-N02,C68,세계
월보,C68-S00-I00-N02,C68,융화
월보,C68-S00-I00-N02,C68,교인자기
월보,C68-S00-I00-N02,C68,교인가정자체
월보,C68-S00-I00-N02,C68,家庭
월보,C68-S00-I00-N02,C68,정신적
월보,C68-S00-I00-N02,C68,교화
월보,C68-S00-I00-N02,C68,주문
월보,C68-S00-I00-N02,C68,개인적정신교화
월보,C68-S00-I00-N02,C68,주체
월보,C68-S00-I00-N02,C68,청수
월보,C68-S00-I00-N02,C68,가정교화
월보,C68-S00-I00-N02,C68,주체
월보,C68-S00-I00-N02,C68,시일
월보,C68-S00-I00-N02,C68,사회교화
월보,C68-S00-I00-N02,C68,주체
월보,C68-S00-I00-N02,C68,주문
월보,C68-S00-I00-N02,C68,청수
월보,C68-S00-I00-N02,C68,시일
월보,C68-S00-I00-N02,C68,성미
월보,C68-S00-I00-N02,C68,기도
월보,C68-S00-I00-N02,C68,오관
월보,C68-S00-I00-N02,C68,신앙기초
월보,C68-S00-I00-N02,C68,성래
월보,C68-S00-I00-N02,C68,만고업
월보,C68-S00-I00-N02,C68,경제적
월보,C68-S00-I00-N02,C68,자선적
월보,C68-S00-I00-N02,C68,사업적
월보,C68-S00-I00-N02,C68,물질교화적
월보,C68-S00-I00-N02,C68,무상
월보,C68-S00-I00-N02,C68,묘법
월보,C68-S00-I00-N02,C68,대개교
월보,C68-S00-I00-N02,C68,정신적교화통일
월보,C68-S00-I00-N02,C68,물질적교화통일
월보,C68-S00-I00-N02,C68,물론
월보,C68-S00-I00-N02,C68,오관중
월보,C68-S00-I00-N02,C68,주문
월보,C68-S00-I00-N02,C68,청수
월보,C68-S00-I00-N02,C68,시일
월보,C68-S00-I00-N02,C68,정신적교화
월보,C68-S00-I00-N02,C68,성미
월보,C68-S00-I00-N02,C68,물질적교화
월보,C68-S00-I00-N02,C68,즉물질적
월보,C68-S00-I00-N02,C68,교화
월보,C68-S00-I00-N02,C68,만반
월보,C68-S00-I00-N02,C68,실시실행
월보,C68-S00-I00-N02,C68,포덕
월보,C68-S00-I00-N02,C68,자선
월보,C68-S00-I00-N02,C68,교육등
월보,C68-S00-I00-N02,C68,만반사회적교화업
월보,C68-S00-I00-N02,C68,신앙기초
월보,C68-S00-I00-N02,C68,평천하
월보,C68-S00-I00-N02,C68,반장
월보,C68-S00-I00-N02,C68,용역
월보,C68-S00-I00-N02,C68,교화사업
월보,C68-S00-I00-N02,C68,초보
월보,C68-S00-I00-N02,C68,광제보시
월보,C68-S00-I00-N02,C68,의무관념공공관념
월보,C68-S00-I00-N02,C68,박약
월보,C68-S00-I00-N02,C68,조선민족
월보,C68-S00-I00-N02,C68,성미
월보,C68-S00-I00-N02,C68,교화
월보,C68-S00-I00-N02,C68,만사천
월보,C68-S00-I00-N02,C68,지성
월보,C68-S00-I00-N02,C68,오관
월보,C68-S00-I00-N02,C68,천도교
월보,C68-S00-I00-N02,C68,표준
월보,C68-S00-I00-N02,C68,표준
월보,C68-S00-I00-N02,C68,천도교화
월보,C68-S00-I00-N02,C68,본원
월보,C68-S00-I00-N02,C68,신자
월보,C68-S00-I00-N02,C68,신자
월보,C68-S00-I00-N02,C68,본위
월보,C68-S00-I00-N02,C68,차세
월보,C68-S00-I00-N02,C68,천국
월보,C68-S00-I00-N02,C68,천민
월보,C68-S00-I00-N02,C68,천도교신앙
월보,C68-S00-I00-N02,C68,관념급리상
월보,C68-S00-I00-N02,C68,성리
월보,C68-S00-I00-N02,C68,무궁천도교신앙
월보,C68-S00-I00-N02,C68,오관
월보,C68-S00-I00-N02,C68,표준
월보,C68-S00-I00-N02,C68,오관
월보,C68-S00-I00-N02,C68,천도교
월보,C68-S00-I00-N02,C68,이상도정
월보,C68-S00-I00-N02,C68,즉오관
월보,C68-S00-I00-N02,C68,천도교
월보,C68-S00-I00-N02,C68,理想
월보,C68-S00-I00-N02,C68,목적
월보,C68-S00-I00-N02,C68,홍구중간
월보,C68-S00-I00-N02,C68,피안
월보,C68-S00-I00-N02,C68,도저
월보,C68-S00-I00-N02,C68,예상
월보,C68-S00-I00-N02,C68,낙토
월보,C68-S00-I00-N02,C68,불능
월보,C68-S00-I00-N02,C68,소위오관
월보,C68-S00-I00-N02,C68,실행
월보,C68-S00-I00-N02,C68,천도교
월보,C68-S00-I00-N02,C68,理想
월보,C68-S00-I00-N02,C68,목적
월보,C68-S00-I00-N02,C68,실행
월보,C68-S00-I00-N02,C68,즉리상
월보,C68-S00-I00-N02,C68,목적
월보,C68-S00-I00-N02,C68,관념
월보,C68-S00-I00-N02,C68,작일
월보,C68-S00-I00-N02,C68,입교
월보,C68-S00-I00-N02,C68,일시적
월보,C68-S00-I00-N02,C68,일시
월보,C68-S00-I00-N02,C68,풍조
월보,C68-S00-I00-N02,C68,신앙
월보,C68-S00-I00-N02,C68,오관실행
월보,C68-S00-I00-N02,C68,전시간
월보,C68-S00-I00-N02,C68,입교
월보,C68-S00-I00-N02,C68,천도교
월보,C68-S00-I00-N02,C68,理想
월보,C68-S00-I00-N02,C68,목적
월보,C68-S00-I00-N02,C68,우능
월보,C68-S00-I00-N02,C68,완신
월보,C68-S00-I00-N02,C68,실력
월보,C68-S00-I00-N02,C68,천도교인
월보,C68-S00-I00-N02,C68,천도교인
월보,C68-S00-I00-N02,C68,오관
월보,C68-S00-I00-N02,C68,실행
월보,C68-S00-I00-N02,C68,장래신자
월보,C68-S00-I00-N02,C68,직분
월보,C68-S00-I00-N02,C68,완기
월보,C68-S00-I00-N02,C68,천도교인
월보,C68-S00-I00-N02,C68,이상급목적
월보,C68-S00-I00-N02,C68,관념
월보,C68-S00-I00-N02,C68,천도교인
월보,C68-S00-I00-N02,C68,이상급목적
월보,C68-S00-I00-N02,C68,관념
월보,C68-S00-I00-N02,C68,동시
월보,C68-S00-I00-N02,C68,천도교
월보,C68-S00-I00-N02,C68,이상급관념
월보,C68-S00-I00-N02,C68,확실
월보,C68-S00-I00-N02,C68,적조직적
월보,C68-S00-I00-N02,C68,답변
월보,C68-S00-I00-N02,C68,신자
월보,C68-S00-I00-N02,C68,다소간
월보,C68-S00-I00-N02,C68,천도교인전체
월보,C68-S00-I00-N02,C68,통일적
월보,C68-S00-I00-N02,C68,반답
월보,C68-S00-I00-N02,C68,난사
월보,C68-S00-I00-N02,C68,오인
월보,C68-S00-I00-N02,C68,천도교신앙
월보,C68-S00-I00-N02,C68,관념급리상
월보,C68-S00-I00-N02,C68,잠거
월보,C68-S00-I00-N02,C68,오인
월보,C68-S00-I00-N02,C68,일언
월보,C68-S00-I00-N02,C68,오인일개인의사
월보,C68-S00-I00-N02,C68,불외
월보,C68-S00-I00-N02,C68,불지
월보,C68-S00-I00-N02,C68,대체
월보,C68-S00-I00-N02,C68,사상
월보,C68-S00-I00-N02,C68,차범위
월보,C68-S00-I00-N02,C68,초월
월보,C68-S00-I00-N03,C68,사고
월보,C68-S00-I00-N03,C68,만약일
월보,C68-S00-I00-N03,C68,질문
월보,C68-S00-I00-N03,C68,즉교외동덕
월보,C68-S00-I00-N03,C68,만약
월보,C68-S00-I00-N03,C68,교인
월보,C68-S00-I00-N03,C68,반문
월보,C68-S00-I00-N03,C68,하고
월보,C68-S00-I00-N03,C68,천도교
월보,C68-S00-I00-N03,C68,반문
월보,C68-S00-I00-N03,C68,대답
월보,C68-S00-I00-N03,C68,반답
월보,C68-S00-I00-N03,C68,주저
월보,C68-S00-I00-N03,C68,간단
월보,C68-S00-I00-N03,C68,理想
월보,C68-S00-I00-N03,C68,목적
월보,C68-S00-I00-N03,C68,단언
월보,C68-S00-I00-N04,C68,무궁
월보,C68-S00-I00-N04,C68,천도교회월보
월보,C68-S00-I00-N04,C68,理想
월보,C68-S00-I00-N04,C68,목적
월보,C68-S00-I00-N04,C68,理想
월보,C68-S00-I00-N04,C68,문제
월보,C68-S00-I00-N04,C68,해결
월보,C68-S00-I00-N04,C68,생각
월보,C68-S00-I00-N04,C68,인내천
월보,C68-S00-I00-N04,C68,인내천
월보,C68-S00-I00-N04,C68,제이안
월보,C68-S00-I00-N04,C68,사실
월보,C68-S00-I00-N04,C68,하고
월보,C68-S00-I00-N04,C68,인내천
월보,C68-S00-I00-N04,C68,이상적
월보,C68-S00-I00-N04,C68,세인
월보,C68-S00-I00-N04,C68,인내천
월보,C68-S00-I00-N04,C68,의문
월보,C68-S00-I00-N04,C68,소이
월보,C68-S00-I00-N04,C68,인내천
월보,C68-S00-I00-N04,C68,천도교
월보,C68-S00-I00-N04,C68,理想
월보,C68-S00-I00-N04,C68,생각
월보,C68-S00-I00-N04,C68,직접현실
월보,C68-S00-I00-N04,C68,즉현실
월보,C68-S00-I00-N04,C68,즉현실적세계인류
월보,C68-S00-I00-N04,C68,현재
월보,C68-S00-I00-N04,C68,인내천
월보,C68-S00-I00-N04,C68,파득
월보,C68-S00-I00-N04,C68,결과
월보,C68-S00-I00-N04,C68,현실
월보,C68-S00-I00-N04,C68,불철저불공평불미덕
월보,C68-S00-I00-N04,C68,인내천
월보,C68-S00-I00-N04,C68,포용
월보,C68-S00-I00-N04,C68,인내천
월보,C68-S00-I00-N04,C68,오해
월보,C68-S00-I00-N04,C68,인내천
월보,C68-S00-I00-N04,C68,현실
월보,C68-S00-I00-N04,C68,금일
월보,C68-S00-I00-N04,C68,불철저
월보,C68-S00-I00-N04,C68,불공평
월보,C68-S00-I00-N04,C68,불미덕
월보,C68-S00-I00-N04,C68,제각
월보,C68-S00-I00-N04,C68,철저
월보,C68-S00-I00-N04,C68,공평
월보,C68-S00-I00-N04,C68,자비
월보,C68-S00-I00-N04,C68,인류
월보,C68-S00-I00-N04,C68,정신상행위
월보,C68-S00-I00-N04,C68,사실적
월보,C68-S00-I00-N04,C68,실현
월보,C68-S00-I00-N04,C68,의미
월보,C68-S00-I00-N04,C68,인내천
월보,C68-S00-I00-N04,C68,理想
월보,C68-S00-I00-N04,C68,실천
월보,C68-S00-I00-N04,C68,천도교현재
월보,C68-S00-I00-N04,C68,理想
월보,C68-S00-I00-N04,C68,실현
월보,C68-S00-I00-N04,C68,활동
월보,C68-S00-I00-N04,C68,불가
월보,C68-S00-I00-N04,C68,현재
월보,C68-S00-I00-N04,C68,理想
월보,C68-S00-I00-N04,C68,물론리상
월보,C68-S00-I00-N04,C68,수다
월보,C68-S00-I00-N04,C68,다소착잡
월보,C68-S00-I00-N04,C68,기중
월보,C68-S00-I00-N04,C68,이상중최고리
월보,C68-S00-I00-N04,C68,최고리상
월보,C68-S00-I00-N04,C68,파래
월보,C68-S00-I00-N04,C68,즉신
월보,C68-S00-I00-N04,C68,최고리상
월보,C68-S00-I00-N04,C68,수천년
월보,C68-S00-I00-N04,C68,인류
월보,C68-S00-I00-N04,C68,사상
월보,C68-S00-I00-N04,C68,지배
월보,C68-S00-I00-N04,C68,단언
월보,C68-S00-I00-N04,C68,즉신
월보,C68-S00-I00-N04,C68,최고리상
월보,C68-S00-I00-N04,C68,무궁
월보,C68-S00-I00-N04,C68,최초신
월보,C68-S00-I00-N04,C68,최고리상체
월보,C68-S00-I00-N04,C68,대정
월보,C68-S00-I00-N04,C68,행위
월보,C68-S00-I00-N04,C68,도덕적풍화
월보,C68-S00-I00-N04,C68,규정
월보,C68-S00-I00-N04,C68,즉종교
월보,C68-S00-I00-N04,C68,종교
월보,C68-S00-I00-N04,C68,간단
월보,C68-S00-I00-N04,C68,定義
월보,C68-S00-I00-N04,C68,일언
월보,C68-S00-I00-N04,C68,방법
월보,C68-S00-I00-N04,C68,수양적명사
월보,C68-S00-I00-N04,C68,단언
월보,C68-S00-I00-N04,C68,원래
월보,C68-S00-I00-N04,C68,理想
월보,C68-S00-I00-N04,C68,형체여하
월보,C68-S00-I00-N04,C68,흠모
월보,C68-S00-I00-N04,C68,속성즉신
월보,C68-S00-I00-N04,C68,미덕
월보,C68-S00-I00-N04,C68,이상과
월보,C68-S00-I00-N04,C68,즉신
월보,C68-S00-I00-N04,C68,논등
월보,C68-S00-I00-N04,C68,속성
월보,C68-S00-I00-N04,C68,연상
월보,C68-S00-I00-N04,C68,최고리상
월보,C68-S00-I00-N04,C68,속성
월보,C68-S00-I00-N04,C68,최고리상
월보,C68-S00-I00-N04,C68,속성
월보,C68-S00-I00-N04,C68,최고리상
월보,C68-S00-I00-N04,C68,즉미덕
월보,C68-S00-I00-N04,C68,이상체
월보,C68-S00-I00-N04,C68,어시호
월보,C68-S00-I00-N04,C68,천도교
월보,C68-S00-I00-N04,C68,지정
월보,C68-S00-I00-N04,C68,지공
월보,C68-S00-I00-N04,C68,지인
월보,C68-S00-I00-N04,C68,지애
월보,C68-S00-I00-N04,C68,지자비
월보,C68-S00-I00-N04,C68,지성
월보,C68-S00-I00-N04,C68,지정
월보,C68-S00-I00-N04,C68,지인
월보,C68-S00-I00-N04,C68,지애
월보,C68-S00-I00-N04,C68,지자비
월보,C68-S00-I00-N04,C68,지성
월보,C68-S00-I00-N04,C68,결사
월보,C68-S00-I00-N04,C68,낙착
월보,C68-S00-I00-N04,C68,인류
월보,C68-S00-I00-N04,C68,공정인애자비
월보,C68-S00-I00-N04,C68,이상적경애
월보,C68-S00-I00-N04,C68,어시호
월보,C68-S00-I00-N04,C68,세계
월보,C68-S00-I00-N04,C68,현재
월보,C68-S00-I00-N04,C68,지옥
월보,C68-S00-I00-N04,C68,분자
월보,C68-S00-I00-N04,C68,해탈
월보,C68-S00-I00-N04,C68,천당
월보,C68-S00-I00-N04,C68,낙원
월보,C68-S00-I00-N04,C68,침륜
월보,C68-S00-I00-N04,C68,탈출
월보,C68-S00-I00-N04,C68,극락
월보,C68-S00-I00-N04,C68,묘경
월보,C68-S00-I00-N04,C68,가득
월보,C68-S00-I00-N04,C68,사후문제
월보,C68-S00-I00-N04,C68,종교
월보,C68-S00-I00-N04,C68,최고진수
월보,C68-S00-I00-N04,C68,차세
월보,C68-S00-I00-N04,C68,현대사상적종교계
월보,C68-S00-I00-N04,C68,기천보락후
월보,C68-S00-I00-N04,C68,원래
월보,C68-S00-I00-N04,C68,사후
월보,C68-S00-I00-N04,C68,사후문제
월보,C68-S00-I00-N04,C68,연구
월보,C68-S00-I00-N04,C68,기실
월보,C68-S00-I00-N04,C68,생전문제
월보,C68-S00-I00-N04,C68,사후문제
월보,C68-S00-I00-N04,C68,토의
월보,C68-S00-I00-N04,C68,제군
월보,C68-S00-I00-N04,C68,영원
월보,C68-S00-I00-N04,C68,사후문제
월보,C68-S00-I00-N04,C68,원래
월보,C68-S00-I00-N04,C68,지식
월보,C68-S00-I00-N04,C68,유치
월보,C68-S00-I00-N04,C68,태고인민
월보,C68-S00-I00-N04,C68,지도
월보,C68-S00-I00-N04,C68,당시
월보,C68-S00-I00-N04,C68,무상
월보,C68-S00-I00-N04,C68,최량방법
월보,C68-S00-I00-N04,C68,금일
월보,C68-S00-I00-N04,C68,구별
월보,C68-S00-I00-N04,C68,즉신인
월보,C68-S00-I00-N04,C68,일체
월보,C68-S00-I00-N04,C68,간주
월보,C68-S00-I00-N04,C68,금일
월보,C68-S00-I00-N04,C68,세계
월보,C68-S00-I00-N04,C68,하고
월보,C68-S00-I00-N04,C68,만일
월보,C68-S00-I00-N04,C68,지력
월보,C68-S00-I00-N04,C68,근본
월보,C68-S00-I00-N04,C68,일치
월보,C68-S00-I00-N04,C68,사후문제
월보,C68-S00-I00-N04,C68,언간
월보,C68-S00-I00-N04,C68,포용
월보,C68-S00-I00-N04,C68,일분자
월보,C68-S00-I00-N04,C68,근본
월보,C68-S00-I00-N04,C68,만약신
월보,C68-S00-I00-N04,C68,불생불멸
월보,C68-S00-I00-N04,C68,법성
월보,C68-S00-I00-N04,C68,불생불멸
월보,C68-S00-I00-N04,C68,만약신
월보,C68-S00-I00-N04,C68,불생불멸
월보,C68-S00-I00-N04,C68,법성
월보,C68-S00-I00-N04,C68,불생불멸
월보,C68-S00-I00-N04,C68,미완
월보,C69-S00-I00-N01,C69,신문화
월보,C69-S00-I00-N01,C69,건설
월보,C69-S00-I00-N01,C69,이돈화일국가혹
월보,C69-S00-I00-N01,C69,일민족
월보,C69-S00-I00-N01,C69,문화
월보,C69-S00-I00-N01,C69,돌연
월보,C69-S00-I00-N01,C69,운회
월보,C69-S00-I00-N01,C69,성립
월보,C69-S00-I00-N01,C69,신기운
월보,C69-S00-I00-N01,C69,선구
월보,C69-S00-I00-N01,C69,다수
월보,C69-S00-I00-N01,C69,연락
월보,C69-S00-I00-N01,C69,근저
월보,C69-S00-I00-N01,C69,반근착절
월보,C69-S00-I00-N01,C69,오인
월보,C69-S00-I00-N01,C69,역사적문화생활
월보,C69-S00-I00-N01,C69,일대사건
월보,C69-S00-I00-N01,C69,즉문화
월보,C69-S00-I00-N01,C69,종교
월보,C69-S00-I00-N01,C69,관계
월보,C69-S00-I00-N01,C69,동서
월보,C69-S00-I00-N01,C69,불문
월보,C69-S00-I00-N01,C69,민족
월보,C69-S00-I00-N01,C69,문화
월보,C69-S00-I00-N01,C69,기문화
월보,C69-S00-I00-N01,C69,직접
월보,C69-S00-I00-N01,C69,관계
월보,C69-S00-I00-N01,C69,종교
월보,C69-S00-I00-N01,C69,유일
월보,C69-S00-I00-N01,C69,중요
월보,C69-S00-I00-N01,C69,위치
월보,C69-S00-I00-N01,C69,역사
월보,C69-S00-I00-N01,C69,증명
월보,C69-S00-I00-N01,C69,원래
월보,C69-S00-I00-N01,C69,朝鮮
월보,C69-S00-I00-N01,C69,문화
월보,C69-S00-I00-N01,C69,중심지
월보,C69-S00-I00-N01,C69,가치
월보,C69-S00-I00-N01,C69,불실
월보,C69-S00-I00-N01,C69,지리상관계
월보,C69-S00-I00-N01,C69,지리관계
월보,C69-S00-I00-N01,C69,문화
월보,C69-S00-I00-N01,C69,위치
월보,C69-S00-I00-N01,C69,불교
월보,C69-S00-I00-N01,C69,印度
월보,C69-S00-I00-N01,C69,발생
월보,C69-S00-I00-N01,C69,지나조선
월보,C69-S00-I00-N01,C69,일본
월보,C69-S00-I00-N01,C69,수입
월보,C69-S00-I00-N01,C69,유교
월보,C69-S00-I00-N01,C69,지나
월보,C69-S00-I00-N01,C69,발생
월보,C69-S00-I00-N01,C69,朝鮮
월보,C69-S00-I00-N01,C69,일본
월보,C69-S00-I00-N01,C69,수입
월보,C69-S00-I00-N01,C69,일례
월보,C69-S00-I00-N01,C69,朝鮮
월보,C69-S00-I00-N01,C69,문화
월보,C69-S00-I00-N01,C69,고래
월보,C69-S00-I00-N01,C69,동양문화
월보,C69-S00-I00-N01,C69,소축도
월보,C69-S00-I00-N01,C69,지나인도
월보,C69-S00-I00-N01,C69,일본
월보,C69-S00-I00-N01,C69,대립
월보,C69-S00-I00-N01,C69,조선민족
월보,C69-S00-I00-N01,C69,기천년래
월보,C69-S00-I00-N01,C69,동양문화
월보,C69-S00-I00-N01,C69,와류중
월보,C69-S00-I00-N01,C69,단련우마세
월보,C69-S00-I00-N01,C69,민족적문화
월보,C69-S00-I00-N01,C69,성출
월보,C69-S00-I00-N01,C69,즉동양제종교
월보,C69-S00-I00-N01,C69,와류중
월보,C69-S00-I00-N01,C69,종교적제반사상
월보,C69-S00-I00-N01,C69,마련
월보,C69-S00-I00-N01,C69,朝鮮
월보,C69-S00-I00-N01,C69,문화
월보,C69-S00-I00-N01,C69,구성
월보,C69-S00-I00-N01,C69,침입
월보,C69-S00-I00-N01,C69,신구사상
월보,C69-S00-I00-N01,C69,충돌
월보,C69-S00-I00-N01,C69,접기
월보,C69-S00-I00-N01,C69,신문화
월보,C69-S00-I00-N01,C69,신흥
월보,C69-S00-I00-N01,C69,절실
월보,C69-S00-I00-N01,C69,신문화
월보,C69-S00-I00-N01,C69,건설
월보,C69-S00-I00-N01,C69,천도교회월보
월보,C69-S00-I00-N01,C69,퇴굴
월보,C69-S00-I00-N01,C69,인습
월보,C69-S00-I00-N01,C69,민족
월보,C69-S00-I00-N01,C69,구참장침
월보,C69-S00-I00-N01,C69,사상
월보,C69-S00-I00-N01,C69,일세
월보,C69-S00-I00-N01,C69,일대신세력
월보,C69-S00-I00-N01,C69,사상
월보,C69-S00-I00-N01,C69,파천황
월보,C69-S00-I00-N01,C69,도저기진근부저
월보,C69-S00-I00-N01,C69,일수
월보,C69-S00-I00-N01,C69,누년적체
월보,C69-S00-I00-N01,C69,숙병
월보,C69-S00-I00-N01,C69,치료
월보,C69-S00-I00-N01,C69,온화평범
월보,C69-S00-I00-N01,C69,약물
월보,C69-S00-I00-N01,C69,도저
월보,C69-S00-I00-N01,C69,숙체
월보,C69-S00-I00-N01,C69,절근
월보,C69-S00-I00-N01,C69,약물
월보,C69-S00-I00-N01,C69,불가
월보,C69-S00-I00-N01,C69,누년진부
월보,C69-S00-I00-N01,C69,구도
월보,C69-S00-I00-N01,C69,세척
월보,C69-S00-I00-N01,C69,대하
월보,C69-S00-I00-N01,C69,불가
월보,C69-S00-I00-N01,C69,일민족
월보,C69-S00-I00-N01,C69,사상
월보,C69-S00-I00-N01,C69,역사적
월보,C69-S00-I00-N01,C69,침적
월보,C69-S00-I00-N01,C69,구제
월보,C69-S00-I00-N01,C69,횡단고금
월보,C69-S00-I00-N01,C69,신사상
월보,C69-S00-I00-N01,C69,대도활부
월보,C69-S00-I00-N01,C69,변막
월보,C69-S00-I00-N01,C69,맹단
월보,C69-S00-I00-N01,C69,불가
월보,C69-S00-I00-N01,C69,지나춘추시대
월보,C69-S00-I00-N01,C69,자가
월보,C69-S00-I00-N01,C69,이론
월보,C69-S00-I00-N01,C69,분담
월보,C69-S00-I00-N01,C69,일대치료
월보,C69-S00-I00-N01,C69,공자
월보,C69-S00-I00-N01,C69,실천륜리도덕적사상
월보,C69-S00-I00-N01,C69,인도파라문
월보,C69-S00-I00-N01,C69,담현사상
월보,C69-S00-I00-N01,C69,극치
월보,C69-S00-I00-N01,C69,석가
월보,C69-S00-I00-N01,C69,평등관념
월보,C69-S00-I00-N01,C69,공씨석가
월보,C69-S00-I00-N01,C69,야소
월보,C69-S00-I00-N01,C69,마합묵
월보,C69-S00-I00-N01,C69,기타동서고금
월보,C69-S00-I00-N01,C69,다소사상혁명
월보,C69-S00-I00-N01,C69,원리하
월보,C69-S00-I00-N01,C69,유행
월보,C69-S00-I00-N01,C69,사상적혁명
월보,C69-S00-I00-N01,C69,일종
월보,C69-S00-I00-N01,C69,신문화
월보,C69-S00-I00-N01,C69,타일종
월보,C69-S00-I00-N01,C69,신문화
월보,C69-S00-I00-N01,C69,변천
월보,C69-S00-I00-N01,C69,견지하
월보,C69-S00-I00-N01,C69,오인
월보,C69-S00-I00-N01,C69,오인
월보,C69-S00-I00-N01,C69,현재
월보,C69-S00-I00-N01,C69,분투노력
월보,C69-S00-I00-N01,C69,朝鮮
월보,C69-S00-I00-N01,C69,신문화건설
월보,C69-S00-I00-N01,C69,의견
월보,C69-S00-I00-N01,C69,고찰
월보,C69-S00-I00-N01,C69,오인
월보,C69-S00-I00-N01,C69,朝鮮
월보,C69-S00-I00-N01,C69,신문화
월보,C69-S00-I00-N01,C69,일대사상적개혁가
월보,C69-S00-I00-N01,C69,궐기
월보,C69-S00-I00-N01,C69,기대
월보,C69-S00-I00-N01,C69,만일차대사상
월보,C69-S00-I00-N01,C69,개혁가
월보,C69-S00-I00-N01,C69,중추
월보,C69-S00-I00-N01,C69,신문화
월보,C69-S00-I00-N01,C69,건설
월보,C69-S00-I00-N01,C69,수립
월보,C69-S00-I00-N01,C69,일종
월보,C69-S00-I00-N01,C69,理想
월보,C69-S00-I00-N01,C69,불외
월보,C69-S00-I00-N01,C69,한한
월보,C69-S00-I00-N01,C69,오인
월보,C69-S00-I00-N01,C69,단언
월보,C69-S00-I00-N01,C69,물론신문화
월보,C69-S00-I00-N01,C69,교육
월보,C69-S00-I00-N01,C69,발달
월보,C69-S00-I00-N01,C69,산업
월보,C69-S00-I00-N01,C69,향상
월보,C69-S00-I00-N01,C69,종교
월보,C69-S00-I00-N01,C69,문학
월보,C69-S00-I00-N01,C69,예술
월보,C69-S00-I00-N01,C69,도덕등
월보,C69-S00-I00-N01,C69,신진보
월보,C69-S00-I00-N01,C69,발흥
월보,C69-S00-I00-N01,C69,발흥
월보,C69-S00-I00-N01,C69,사상통일
월보,C69-S00-I00-N01,C69,필요
월보,C69-S00-I00-N01,C69,소이
월보,C69-S00-I00-N01,C69,사상통일
월보,C69-S00-I00-N01,C69,필요
월보,C69-S00-I00-N01,C69,통일
월보,C69-S00-I00-N01,C69,사상적
월보,C69-S00-I00-N01,C69,대개혁가
월보,C69-S00-I00-N01,C69,지도
월보,C69-S00-I00-N01,C69,오인
월보,C69-S00-I00-N01,C69,현재
월보,C69-S00-I00-N01,C69,사상적대개혁가
월보,C69-S00-I00-N01,C69,일고
월보,C69-S00-I00-N01,C69,오인
월보,C69-S00-I00-N01,C69,오인
월보,C69-S00-I00-N01,C69,민족중
월보,C69-S00-I00-N01,C69,차개혁가
월보,C69-S00-I00-N01,C69,출래
월보,C69-S00-I00-N01,C69,선언
월보,C69-S00-I00-N01,C69,오인
월보,C69-S00-I00-N01,C69,오교원조대신사
월보,C69-S00-I00-N01,C69,주저
월보,C69-S00-I00-N01,C69,오인
월보,C69-S00-I00-N01,C69,오조선
월보,C69-S00-I00-N01,C69,사상적대혁명가
월보,C69-S00-I00-N01,C69,오교
월보,C69-S00-I00-N01,C69,대신사
월보,C69-S00-I00-N01,C69,세인
월보,C69-S00-I00-N01,C69,다소
월보,C69-S00-I00-N01,C69,의려
월보,C69-S00-I00-N01,C69,조선인
월보,C69-S00-I00-N01,C69,문화
월보,C69-S00-I00-N01,C69,건설
월보,C69-S00-I00-N01,C69,관찰력
월보,C69-S00-I00-N01,C69,충분
월보,C69-S00-I00-N01,C69,발달
월보,C69-S00-I00-N01,C69,단언
월보,C69-S00-I00-N01,C69,대신사
월보,C69-S00-I00-N01,C69,朝鮮
월보,C69-S00-I00-N01,C69,사상적대혁명가
월보,C69-S00-I00-N01,C69,오인
월보,C69-S00-I00-N01,C69,활동
월보,C69-S00-I00-N01,C69,理想
월보,C69-S00-I00-N01,C69,증명
월보,C69-S00-I00-N01,C69,오인
월보,C69-S00-I00-N01,C69,관찰
월보,C69-S00-I00-N01,C69,물론대신사
월보,C69-S00-I00-N01,C69,세계적대혁명가
월보,C69-S00-I00-N01,C69,朝鮮
월보,C69-S00-I00-N01,C69,조선인
월보,C69-S00-I00-N01,C69,처지
월보,C69-S00-I00-N01,C69,대신사
월보,C69-S00-I00-N01,C69,근본사상
월보,C69-S00-I00-N01,C69,흡수
월보,C69-S00-I00-N01,C69,朝鮮
월보,C69-S00-I00-N01,C69,조선문화
월보,C69-S00-I00-N01,C69,건설
월보,C69-S00-I00-N01,C69,대신사
월보,C69-S00-I00-N01,C69,사상
월보,C69-S00-I00-N01,C69,타도
월보,C69-S00-I00-N02,C69,원래
월보,C69-S00-I00-N02,C69,민족
월보,C69-S00-I00-N02,C69,문화건설
월보,C69-S00-I00-N02,C69,민족
월보,C69-S00-I00-N02,C69,문화
월보,C69-S00-I00-N02,C69,민족
월보,C69-S00-I00-N02,C69,역사
월보,C69-S00-I00-N02,C69,도저
월보,C69-S00-I00-N02,C69,불능
월보,C69-S00-I00-N02,C69,민족
월보,C69-S00-I00-N02,C69,역사
월보,C69-S00-I00-N02,C69,배경
월보,C69-S00-I00-N02,C69,신사상
월보,C69-S00-I00-N02,C69,調和
월보,C69-S00-I00-N02,C69,결과
월보,C69-S00-I00-N02,C69,즉기민족
월보,C69-S00-I00-N02,C69,신문화
월보,C69-S00-I00-N02,C69,오등조선인
월보,C69-S00-I00-N02,C69,신문화
월보,C69-S00-I00-N02,C69,조선인
월보,C69-S00-I00-N02,C69,역사
월보,C69-S00-I00-N02,C69,배경
월보,C69-S00-I00-N02,C69,신사상
월보,C69-S00-I00-N02,C69,결합
월보,C69-S00-I00-N02,C69,완전
월보,C69-S00-I00-N02,C69,문화
월보,C69-S00-I00-N02,C69,성립
월보,C69-S00-I00-N02,C69,기대
월보,C69-S00-I00-N02,C69,조선신문화건설
월보,C69-S00-I00-N02,C69,이론
월보,C69-S00-I00-N02,C69,오인
월보,C69-S00-I00-N02,C69,종교상
월보,C69-S00-I00-N02,C69,금일량파
월보,C69-S00-I00-N02,C69,논자
월보,C69-S00-I00-N02,C69,외래사상
월보,C69-S00-I00-N02,C69,즉외래
월보,C69-S00-I00-N02,C69,기독교사상
월보,C69-S00-I00-N02,C69,재래
월보,C69-S00-I00-N02,C69,유불선
월보,C69-S00-I00-N02,C69,각파
월보,C69-S00-I00-N02,C69,차등
월보,C69-S00-I00-N02,C69,사상
월보,C69-S00-I00-N02,C69,개선
월보,C69-S00-I00-N02,C69,외래사상
월보,C69-S00-I00-N02,C69,즉외래
월보,C69-S00-I00-N02,C69,기독교적교화
월보,C69-S00-I00-N02,C69,신문화
월보,C69-S00-I00-N02,C69,건설
월보,C69-S00-I00-N02,C69,오인
월보,C69-S00-I00-N02,C69,사상
월보,C69-S00-I00-N02,C69,양자공
월보,C69-S00-I00-N02,C69,중추
월보,C69-S00-I00-N02,C69,하자
월보,C69-S00-I00-N02,C69,전자
월보,C69-S00-I00-N02,C69,완고
월보,C69-S00-I00-N02,C69,후자
월보,C69-S00-I00-N02,C69,역사적원인
월보,C69-S00-I00-N02,C69,멸시
월보,C69-S00-I00-N02,C69,조선문화건설
월보,C69-S00-I00-N02,C69,중추
월보,C69-S00-I00-N02,C69,차신구내외
월보,C69-S00-I00-N02,C69,調和
월보,C69-S00-I00-N02,C69,최후승리
월보,C69-S00-I00-N02,C69,차신구내외
월보,C69-S00-I00-N02,C69,조화원만
월보,C69-S00-I00-N02,C69,신문화적사상
월보,C69-S00-I00-N02,C69,즉차
월보,C69-S00-I00-N02,C69,즉대신사
월보,C69-S00-I00-N02,C69,사상
월보,C69-S00-I00-N02,C69,신구내외
월보,C69-S00-I00-N02,C69,조화원만
월보,C69-S00-I00-N02,C69,신문화적사상
월보,C69-S00-I00-N02,C69,대신사
월보,C69-S00-I00-N02,C69,교훈중
월보,C69-S00-I00-N02,C69,통일적중심
월보,C69-S00-I00-N02,C69,사상
월보,C69-S00-I00-N02,C69,묘출
월보,C69-S00-I00-N02,C69,신문화건설
월보,C69-S00-I00-N02,C69,요체
월보,C69-S00-I00-N02,C69,즉조선신문화건설
월보,C69-S00-I00-N02,C69,일대개혁적사상
월보,C69-S00-I00-N02,C69,조선인
월보,C69-S00-I00-N02,C69,뇌질
월보,C69-S00-I00-N02,C69,주입
월보,C69-S00-I00-N02,C69,오인
월보,C69-S00-I00-N02,C69,대신사
월보,C69-S00-I00-N02,C69,사상중추
월보,C69-S00-I00-N02,C69,인내천주의
월보,C69-S00-I00-N02,C69,신비력
월보,C69-S00-I00-N02,C69,원래
월보,C69-S00-I00-N02,C69,대신사
월보,C69-S00-I00-N02,C69,인내천주의
월보,C69-S00-I00-N02,C69,우연
월보,C69-S00-I00-N02,C69,발생
월보,C69-S00-I00-N02,C69,합시대적조선
월보,C69-S00-I00-N02,C69,금세계적
월보,C69-S00-I00-N02,C69,오인
월보,C69-S00-I00-N02,C69,대신사
월보,C69-S00-I00-N02,C69,인내천주의
월보,C69-S00-I00-N02,C69,필연우
월보,C69-S00-I00-N02,C69,필경
월보,C69-S00-I00-N02,C69,천도교회월보
월보,C69-S00-I00-N02,C69,개혁사상
월보,C69-S00-I00-N02,C69,흡수
월보,C69-S00-I00-N02,C69,인내천주의
월보,C69-S00-I00-N02,C69,포용
월보,C69-S00-I00-N02,C69,主義
월보,C69-S00-I00-N02,C69,신문화
월보,C69-S00-I00-N02,C69,사상
월보,C69-S00-I00-N02,C69,관련
월보,C69-S00-I00-N02,C69,대략기
월보,C69-S00-I00-N02,C69,제일
월보,C69-S00-I00-N02,C69,자주자립
월보,C69-S00-I00-N02,C69,정신
월보,C69-S00-I00-N02,C69,자주자립
월보,C69-S00-I00-N02,C69,정신
월보,C69-S00-I00-N02,C69,인내천
월보,C69-S00-I00-N02,C69,중심
월보,C69-S00-I00-N02,C69,원래
월보,C69-S00-I00-N02,C69,조선인
월보,C69-S00-I00-N02,C69,자립
월보,C69-S00-I00-N02,C69,정신
월보,C69-S00-I00-N02,C69,박약
월보,C69-S00-I00-N02,C69,동감
월보,C69-S00-I00-N02,C69,개혁
월보,C69-S00-I00-N02,C69,학설급교육
월보,C69-S00-I00-N02,C69,졸변
월보,C69-S00-I00-N02,C69,불능
월보,C69-S00-I00-N02,C69,위대
월보,C69-S00-I00-N02,C69,신앙심
월보,C69-S00-I00-N02,C69,의거
월보,C69-S00-I00-N02,C69,불능
월보,C69-S00-I00-N02,C69,인내천주의
월보,C69-S00-I00-N02,C69,조선인
월보,C69-S00-I00-N02,C69,자립
월보,C69-S00-I00-N02,C69,정신
월보,C69-S00-I00-N02,C69,절대
월보,C69-S00-I00-N02,C69,능력
월보,C69-S00-I00-N02,C69,인내천주의
월보,C69-S00-I00-N02,C69,하고
월보,C69-S00-I00-N02,C69,자주
월보,C69-S00-I00-N02,C69,정신
월보,C69-S00-I00-N02,C69,인내천주의
월보,C69-S00-I00-N02,C69,여하
월보,C69-S00-I00-N02,C69,신비적즉개성적능력
월보,C69-S00-I00-N02,C69,개성
월보,C69-S00-I00-N02,C69,우주
월보,C69-S00-I00-N02,C69,본성
월보,C69-S00-I00-N02,C69,근본
월보,C69-S00-I00-N02,C69,일치
월보,C69-S00-I00-N02,C69,발전
월보,C69-S00-I00-N02,C69,여방뢰성
월보,C69-S00-I00-N02,C69,자기
월보,C69-S00-I00-N02,C69,인자기
월보,C69-S00-I00-N02,C69,처변
월보,C69-S00-I00-N02,C69,자기
월보,C69-S00-I00-N02,C69,인자기
월보,C69-S00-I00-N02,C69,발전
월보,C69-S00-I00-N02,C69,이성양
월보,C69-S00-I00-N02,C69,유래
월보,C69-S00-I00-N02,C69,자기
월보,C69-S00-I00-N02,C69,대가치
월보,C69-S00-I00-N02,C69,인내천주의
월보,C69-S00-I00-N02,C69,위치
월보,C69-S00-I00-N02,C69,위치
월보,C69-S00-I00-N02,C69,입각
월보,C69-S00-I00-N02,C69,主義
월보,C69-S00-I00-N02,C69,노례
월보,C69-S00-I00-N02,C69,노례
월보,C69-S00-I00-N02,C69,노례등
월보,C69-S00-I00-N02,C69,노례적근성
월보,C69-S00-I00-N02,C69,선탈
월보,C69-S00-I00-N02,C69,자아
월보,C69-S00-I00-N02,C69,우주
월보,C69-S00-I00-N02,C69,주인제이
월보,C69-S00-I00-N02,C69,평등
월보,C69-S00-I00-N02,C69,관념
월보,C69-S00-I00-N02,C69,인내천주의
월보,C69-S00-I00-N02,C69,원래
월보,C69-S00-I00-N02,C69,동일
월보,C69-S00-I00-N02,C69,간주
월보,C69-S00-I00-N02,C69,만인
월보,C69-S00-I00-N02,C69,유간
월보,C69-S00-I00-N02,C69,하등일점
월보,C69-S00-I00-N02,C69,계급사상
월보,C69-S00-I00-N02,C69,차별관념
월보,C69-S00-I00-N02,C69,인내천인격
월보,C69-S00-I00-N02,C69,등별
월보,C69-S00-I00-N02,C69,만인
월보,C69-S00-I00-N02,C69,차별
월보,C69-S00-I00-N02,C69,옥당
월보,C69-S00-I00-N02,C69,향곡
월보,C69-S00-I00-N02,C69,인격
월보,C69-S00-I00-N02,C69,등별
월보,C69-S00-I00-N02,C69,천금
월보,C69-S00-I00-N02,C69,가상
월보,C69-S00-I00-N02,C69,걸식
월보,C69-S00-I00-N02,C69,인격일
월보,C69-S00-I00-N02,C69,간주
월보,C69-S00-I00-N02,C69,동일
월보,C69-S00-I00-N02,C69,권리
월보,C69-S00-I00-N02,C69,동일
월보,C69-S00-I00-N02,C69,공과
월보,C69-S00-I00-N02,C69,理想
월보,C69-S00-I00-N02,C69,인내천
월보,C69-S00-I00-N02,C69,대목적
월보,C69-S00-I00-N02,C69,절대평등
월보,C69-S00-I00-N02,C69,대목적하
월보,C69-S00-I00-N02,C69,신문화
월보,C69-S00-I00-N02,C69,건설
월보,C69-S00-I00-N02,C69,견간
월보,C69-S00-I00-N02,C69,불철저
월보,C69-S00-I00-N03,C69,제삼
월보,C69-S00-I00-N03,C69,박애
월보,C69-S00-I00-N03,C69,정신
월보,C69-S00-I00-N03,C69,以上
월보,C69-S00-I00-N03,C69,인내천주의
월보,C69-S00-I00-N03,C69,만인
월보,C69-S00-I00-N03,C69,동일
월보,C69-S00-I00-N03,C69,인격상관념하
월보,C69-S00-I00-N03,C69,절대평등
월보,C69-S00-I00-N03,C69,복리
월보,C69-S00-I00-N03,C69,박애
월보,C69-S00-I00-N03,C69,견간
월보,C69-S00-I00-N03,C69,제사
월보,C69-S00-I00-N03,C69,정신
월보,C69-S00-I00-N03,C69,인내천
월보,C69-S00-I00-N03,C69,理想
월보,C69-S00-I00-N03,C69,접촉융화
월보,C69-S00-I00-N03,C69,천상
월보,C69-S00-I00-N03,C69,理想
월보,C69-S00-I00-N03,C69,지상
월보,C69-S00-I00-N03,C69,건설
월보,C69-S00-I00-N03,C69,공평
월보,C69-S00-I00-N03,C69,공평
월보,C69-S00-I00-N03,C69,지성
월보,C69-S00-I00-N03,C69,인내천
월보,C69-S00-I00-N03,C69,지성
월보,C69-S00-I00-N03,C69,박애자비
월보,C69-S00-I00-N03,C69,박애자비
월보,C69-S00-I00-N03,C69,여사
월보,C69-S00-I00-N03,C69,천상
월보,C69-S00-I00-N03,C69,理想
월보,C69-S00-I00-N03,C69,지상
월보,C69-S00-I00-N03,C69,건설
월보,C69-S00-I00-N03,C69,인내천
월보,C69-S00-I00-N03,C69,主義
월보,C69-S00-I00-N03,C69,인내천
월보,C69-S00-I00-N03,C69,내의
월보,C69-S00-I00-N03,C69,노력향상
월보,C69-S00-I00-N03,C69,정신
월보,C69-S00-I00-N03,C69,풍부
월보,C69-S00-I00-N03,C69,가지
월보,C69-S00-I00-N03,C69,제오
월보,C69-S00-I00-N03,C69,원만
월보,C69-S00-I00-N03,C69,정신
월보,C69-S00-I00-N03,C69,인내천
월보,C69-S00-I00-N03,C69,본래
월보,C69-S00-I00-N03,C69,물물천사사천주의
월보,C69-S00-I00-N03,C69,하방
월보,C69-S00-I00-N03,C69,하물
월보,C69-S00-I00-N03,C69,하방
월보,C69-S00-I00-N03,C69,구미
월보,C69-S00-I00-N03,C69,추피
월보,C69-S00-I00-N03,C69,아상
월보,C69-S00-I00-N03,C69,하좌
월보,C69-S00-I00-N03,C69,종교
월보,C69-S00-I00-N03,C69,철학
월보,C69-S00-I00-N03,C69,과학등
월보,C69-S00-I00-N03,C69,理想
월보,C69-S00-I00-N03,C69,총합대관
월보,C69-S00-I00-N03,C69,천도
월보,C69-S00-I00-N03,C69,하등편벽사설
월보,C69-S00-I00-N03,C69,여지
월보,C69-S00-I00-N03,C69,제륙
월보,C69-S00-I00-N03,C69,영구
월보,C69-S00-I00-N03,C69,정신
월보,C69-S00-I00-N03,C69,대신사
월보,C69-S00-I00-N03,C69,인내천주의
월보,C69-S00-I00-N03,C69,주창
월보,C69-S00-I00-N03,C69,장생불사
월보,C69-S00-I00-N03,C69,즉영구
월보,C69-S00-I00-N03,C69,정신
월보,C69-S00-I00-N03,C69,인내천주의
월보,C69-S00-I00-N03,C69,하고
월보,C69-S00-I00-N03,C69,장생불사
월보,C69-S00-I00-N03,C69,원리
월보,C69-S00-I00-N03,C69,포용
월보,C69-S00-I00-N03,C69,구구
월보,C69-S00-I00-N03,C69,이론
월보,C69-S00-I00-N03,C69,불부
월보,C69-S00-I00-N03,C69,직각
월보,C69-S00-I00-N03,C69,판단
월보,C69-S00-I00-N03,C69,즉인
월보,C69-S00-I00-N03,C69,불생불멸
월보,C69-S00-I00-N03,C69,본성
월보,C69-S00-I00-N03,C69,생불멸
월보,C69-S00-I00-N03,C69,인내천
월보,C69-S00-I00-N03,C69,영구
월보,C69-S00-I00-N03,C69,정신
월보,C69-S00-I00-N03,C69,제칠
월보,C69-S00-I00-N03,C69,도덕
월보,C69-S00-I00-N03,C69,관념
월보,C69-S00-I00-N03,C69,以上
월보,C69-S00-I00-N03,C69,인내천
월보,C69-S00-I00-N03,C69,理想
월보,C69-S00-I00-N03,C69,실행
월보,C69-S00-I00-N03,C69,主義
월보,C69-S00-I00-N03,C69,오인
월보,C69-S00-I00-N03,C69,항상대
월보,C69-S00-I00-N03,C69,제덕원만구상체
월보,C69-S00-I00-N03,C69,관념
월보,C69-S00-I00-N03,C69,인족계
월보,C69-S00-I00-N03,C69,실시
월보,C69-S00-I00-N03,C69,인세
월보,C69-S00-I00-N03,C69,도덕
월보,C69-S00-I00-N03,C69,사이상
월보,C69-S00-I00-N03,C69,대개인내천주의
월보,C69-S00-I00-N03,C69,포용
월보,C69-S00-I00-N03,C69,내용
월보,C69-S00-I00-N03,C69,일언
월보,C69-S00-I00-N03,C69,인내천주의
월보,C69-S00-I00-N03,C69,자주자립
월보,C69-S00-I00-N03,C69,정신평등
월보,C69-S00-I00-N03,C69,관념박애
월보,C69-S00-I00-N03,C69,요소향상
월보,C69-S00-I00-N03,C69,기상원만
월보,C69-S00-I00-N03,C69,덕성영구
월보,C69-S00-I00-N03,C69,진체도덕
월보,C69-S00-I00-N03,C69,본질
월보,C69-S00-I00-N03,C69,결정
월보,C69-S00-I00-N03,C69,구체무결
월보,C69-S00-I00-N03,C69,사상
월보,C69-S00-I00-N03,C69,오인
월보,C69-S00-I00-N03,C69,정신관념
월보,C69-S00-I00-N03,C69,만사
월보,C69-S00-I00-N03,C69,신문화
월보,C69-S00-I00-N03,C69,건설
월보,C69-S00-I00-N03,C69,오인
월보,C69-S00-I00-N03,C69,오조선
월보,C69-S00-I00-N03,C69,금일
월보,C69-S00-I00-N03,C69,세계
월보,C69-S00-I00-N03,C69,以上
월보,C69-S00-I00-N03,C69,신덕성
월보,C69-S00-I00-N03,C69,개혁적정신
월보,C69-S00-I00-N03,C69,별무이상
월보,C69-S00-I00-N03,C69,소술
월보,C69-S00-I00-N03,C69,일민족
월보,C69-S00-I00-N03,C69,민족
월보,C69-S00-I00-N03,C69,신문화
월보,C69-S00-I00-N03,C69,건설
월보,C69-S00-I00-N03,C69,일대사상적개혁
월보,C69-S00-I00-N03,C69,필요
월보,C69-S00-I00-N03,C69,오조선
월보,C69-S00-I00-N03,C69,신문화
월보,C69-S00-I00-N03,C69,인내천주의
월보,C69-S00-I00-N03,C69,조직
월보,C69-S00-I00-N03,C69,천도교적문화
월보,C69-S00-I00-N03,C69,건설
월보,C69-S00-I00-N03,C69,朝鮮
월보,C69-S00-I00-N03,C69,朝鮮
월보,C69-S00-I00-N03,C69,색채
월보,C69-S00-I00-N03,C69,오조선
월보,C69-S00-I00-N03,C69,신문화
월보,C69-S00-I00-N03,C69,인내천
월보,C69-S00-I00-N03,C69,以上
월보,C69-S00-I00-N03,C69,신덕성
월보,C69-S00-I00-N03,C69,개혁적정신
월보,C69-S00-I00-N03,C69,필요
월보,C69-S00-I00-N03,C69,세계
월보,C69-S00-I00-N03,C69,신문화
월보,C69-S00-I00-N03,C69,전기
월보,C69-S00-I00-N03,C69,천도교인
월보,C69-S00-I00-N03,C69,금일
월보,C69-S00-I00-N03,C69,장래
월보,C69-S00-I00-N03,C69,조선인
월보,C69-S00-I00-N03,C69,오조선
월보,C69-S00-I00-N03,C69,차신문화
월보,C69-S00-I00-N03,C69,요소
월보,C69-S00-I00-N03,C69,복재
월보,C69-S00-I00-N03,C69,영원
월보,C69-S00-I00-N03,C69,신문화건설
월보,C70-S00-I00-N01,C70,천도교회월보중국북경
월보,C70-S00-I00-N01,C70,전교실문제
월보,C70-S00-I00-N01,C70,오교
월보,C70-S00-I00-N01,C70,대외발전
월보,C70-S00-I00-N01,C70,이돈화일
월보,C70-S00-I00-N01,C70,일인
월보,C70-S00-I00-N01,C70,천하
월보,C70-S00-I00-N01,C70,춘원
월보,C70-S00-I00-N01,C70,은연
월보,C70-S00-I00-N01,C70,점차무성
월보,C70-S00-I00-N01,C70,기해
월보,C70-S00-I00-N01,C70,불지
월보,C70-S00-I00-N01,C70,손실
월보,C70-S00-I00-N01,C70,계속
월보,C70-S00-I00-N01,C70,대개
월보,C70-S00-I00-N01,C70,세상
월보,C70-S00-I00-N01,C70,원동
월보,C70-S00-I00-N01,C70,반동
월보,C70-S00-I00-N01,C70,주장
월보,C70-S00-I00-N01,C70,반대
월보,C70-S00-I00-N01,C70,반항력
월보,C70-S00-I00-N01,C70,항거심
월보,C70-S00-I00-N01,C70,세계
월보,C70-S00-I00-N01,C70,점차
월보,C70-S00-I00-N01,C70,향명
월보,C70-S00-I00-N01,C70,최근
월보,C70-S00-I00-N01,C70,朝鮮
월보,C70-S00-I00-N01,C70,활동
월보,C70-S00-I00-N01,C70,전기
월보,C70-S00-I00-N01,C70,미화
월보,C70-S00-I00-N01,C70,차제
월보,C70-S00-I00-N01,C70,각골명심
월보,C70-S00-I00-N01,C70,일사
월보,C70-S00-I00-N01,C70,원려
월보,C70-S00-I00-N01,C70,근기
월보,C70-S00-I00-N01,C70,실행
월보,C70-S00-I00-N01,C70,삼대요소
월보,C70-S00-I00-N01,C70,만일
월보,C70-S00-I00-N01,C70,현재활동
월보,C70-S00-I00-N01,C70,차삼대요소
월보,C70-S00-I00-N01,C70,결합
월보,C70-S00-I00-N01,C70,전도
월보,C70-S00-I00-N01,C70,춘원
월보,C70-S00-I00-N01,C70,은연
월보,C70-S00-I00-N01,C70,금일행위
월보,C70-S00-I00-N01,C70,허위
월보,C70-S00-I00-N01,C70,선동적
월보,C70-S00-I00-N01,C70,맹목적
월보,C70-S00-I00-N01,C70,소위외국
월보,C70-S00-I00-N01,C70,명사
월보,C70-S00-I00-N01,C70,조선인
월보,C70-S00-I00-N01,C70,결점
월보,C70-S00-I00-N01,C70,비평
월보,C70-S00-I00-N01,C70,조선인
월보,C70-S00-I00-N01,C70,理想
월보,C70-S00-I00-N01,C70,실행
월보,C70-S00-I00-N01,C70,근려
월보,C70-S00-I00-N01,C70,원려
월보,C70-S00-I00-N01,C70,부허
월보,C70-S00-I00-N01,C70,근기
월보,C70-S00-I00-N01,C70,외인
월보,C70-S00-I00-N01,C70,결점
월보,C70-S00-I00-N01,C70,용역
월보,C70-S00-I00-N01,C70,발견
월보,C70-S00-I00-N01,C70,조선인
월보,C70-S00-I00-N01,C70,원려
월보,C70-S00-I00-N01,C70,근기
월보,C70-S00-I00-N01,C70,실행
월보,C70-S00-I00-N01,C70,조소
월보,C70-S00-I00-N01,C70,결함
월보,C70-S00-I00-N01,C70,금일이후
월보,C70-S00-I00-N01,C70,탐고
월보,C70-S00-I00-N01,C70,민족
월보,C70-S00-I00-N01,C70,완전
월보,C70-S00-I00-N01,C70,성격
월보,C70-S00-I00-N01,C70,칠자
월보,C70-S00-I00-N01,C70,철두철미인생활
월보,C70-S00-I00-N01,C70,원려
월보,C70-S00-I00-N01,C70,불가
월보,C70-S00-I00-N01,C70,근기
월보,C70-S00-I00-N01,C70,의미
월보,C70-S00-I00-N01,C70,탐고
월보,C70-S00-I00-N01,C70,불가
월보,C70-S00-I00-N01,C70,실행
월보,C70-S00-I00-N01,C70,불가
월보,C70-S00-I00-N01,C70,의의
월보,C70-S00-I00-N01,C70,근본적
월보,C70-S00-I00-N01,C70,포용
월보,C70-S00-I00-N01,C70,관래
월보,C70-S00-I00-N01,C70,경교
월보,C70-S00-I00-N01,C70,우연
월보,C70-S00-I00-N01,C70,영세적
월보,C70-S00-I00-N01,C70,근기
월보,C70-S00-I00-N01,C70,원려
월보,C70-S00-I00-N01,C70,어법
월보,C70-S00-I00-N01,C70,성공
월보,C70-S00-I00-N01,C70,실패
월보,C70-S00-I00-N01,C70,주문일구
월보,C70-S00-I00-N01,C70,창조적활동상
월보,C70-S00-I00-N01,C70,동첩구두
월보,C70-S00-I00-N01,C70,자연
월보,C70-S00-I00-N01,C70,운수
월보,C70-S00-I00-N01,C70,만사지즉실행
월보,C70-S00-I00-N01,C70,왈갑
월보,C70-S00-I00-N01,C70,성공
월보,C70-S00-I00-N01,C70,운명
월보,C70-S00-I00-N01,C70,실패
월보,C70-S00-I00-N01,C70,을신사
월보,C70-S00-I00-N01,C70,삼대위력
월보,C70-S00-I00-N01,C70,표현
월보,C70-S00-I00-N01,C70,주문
월보,C70-S00-I00-N01,C70,전세계인류운명
월보,C70-S00-I00-N01,C70,만사성패
월보,C70-S00-I00-N01,C70,운명
월보,C70-S00-I00-N01,C70,자연
월보,C70-S00-I00-N01,C70,후대만년
월보,C70-S00-I00-N01,C70,오조선인
월보,C70-S00-I00-N01,C70,차의건행
월보,C70-S00-I00-N01,C70,가탁
월보,C70-S00-I00-N01,C70,사실
월보,C70-S00-I00-N01,C70,본체
월보,C70-S00-I00-N01,C70,거복
월보,C70-S00-I00-N01,C70,자아
월보,C70-S00-I00-N01,C70,정신
월보,C70-S00-I00-N01,C70,개조
월보,C70-S00-I00-N01,C70,민족
월보,C70-S00-I00-N01,C70,정신
월보,C70-S00-I00-N01,C70,수단
월보,C70-S00-I00-N01,C70,방편
월보,C70-S00-I00-N01,C70,경우
월보,C70-S00-I00-N01,C70,개조
월보,C70-S00-I00-N01,C70,세계인류
월보,C70-S00-I00-N01,C70,정신
월보,C70-S00-I00-N01,C70,개조
월보,C70-S00-I00-N01,C70,결국
월보,C70-S00-I00-N01,C70,원려
월보,C70-S00-I00-N01,C70,금일책임
월보,C70-S00-I00-N01,C70,의무
월보,C70-S00-I00-N01,C70,당위성
월보,C70-S00-I00-N01,C70,실행
월보,C70-S00-I00-N01,C70,철저
월보,C70-S00-I00-N01,C70,근기
월보,C70-S00-I00-N01,C70,박약
월보,C70-S00-I00-N01,C70,朝鮮
월보,C70-S00-I00-N01,C70,무극대도
월보,C70-S00-I00-N01,C70,오반도
월보,C70-S00-I00-N01,C70,표현
월보,C70-S00-I00-N01,C70,이래노력
월보,C70-S00-I00-N01,C70,우도
월보,C70-S00-I00-N01,C70,천민
월보,C70-S00-I00-N01,C70,신앙
월보,C70-S00-I00-N01,C70,삼백만인
월보,C70-S00-I00-N01,C70,다수대신사
월보,C70-S00-I00-N01,C70,무극대도
월보,C70-S00-I00-N01,C70,시천주조화정
월보,C70-S00-I00-N01,C70,위력
월보,C70-S00-I00-N01,C70,민족
월보,C70-S00-I00-N01,C70,시천주조화정영세불망만계적
월보,C70-S00-I00-N01,C70,시대
월보,C70-S00-I00-N01,C70,정신
월보,C70-S00-I00-N01,C70,융화
월보,C70-S00-I00-N01,C70,점차차세사지
월보,C70-S00-I00-N01,C70,주문
월보,C70-S00-I00-N01,C70,광박
월보,C70-S00-I00-N01,C70,의의
월보,C70-S00-I00-N01,C70,대개별
월보,C70-S00-I00-N01,C70,습성
월보,C70-S00-I00-N01,C70,개조
월보,C70-S00-I00-N01,C70,중국북경
월보,C70-S00-I00-N01,C70,전교실문제
월보,C70-S00-I00-N01,C70,오교
월보,C70-S00-I00-N01,C70,대외발전
월보,C70-S00-I00-N01,C70,문제
월보,C70-S00-I00-N01,C70,천근용역
월보,C70-S00-I00-N01,C70,보통상식
월보,C70-S00-I00-N01,C70,대신사
월보,C70-S00-I00-N01,C70,후천오만년
월보,C70-S00-I00-N01,C70,영원
월보,C70-S00-I00-N01,C70,장래
월보,C70-S00-I00-N01,C70,명심불망
월보,C70-S00-I00-N01,C70,원려
월보,C70-S00-I00-N01,C70,일사일물
월보,C70-S00-I00-N01,C70,주영
월보,C70-S00-I00-N01,C70,천도교회월보범위
월보,C70-S00-I00-N01,C70,천지
월보,C70-S00-I00-N01,C70,유구
월보,C70-S00-I00-N01,C70,법성
월보,C70-S00-I00-N01,C70,사해동포주의
월보,C70-S00-I00-N01,C70,공제
월보,C70-S00-I00-N01,C70,실현
월보,C70-S00-I00-N01,C70,점차대외발전
월보,C70-S00-I00-N01,C70,강구
월보,C70-S00-I00-N01,C70,불가
월보,C70-S00-I00-N01,C70,일개인
월보,C70-S00-I00-N01,C70,일사회
월보,C70-S00-I00-N01,C70,일사회
월보,C70-S00-I00-N01,C70,전인류
월보,C70-S00-I00-N01,C70,전제
월보,C70-S00-I00-N01,C70,오교대외발전
월보,C70-S00-I00-N01,C70,現象
월보,C70-S00-I00-N01,C70,북경소식대신사
월보,C70-S00-I00-N01,C70,포덕천하
월보,C70-S00-I00-N01,C70,의의
월보,C70-S00-I00-N01,C70,상징적
월보,C70-S00-I00-N01,C70,발표
월보,C70-S00-I00-N01,C70,용담수류사해원
월보,C70-S00-I00-N01,C70,사해팔방
월보,C70-S00-I00-N01,C70,인류
월보,C70-S00-I00-N01,C70,불원
월보,C70-S00-I00-N01,C70,용담교훈
월보,C70-S00-I00-N01,C70,감화
월보,C70-S00-I00-N01,C70,예언
월보,C70-S00-I00-N01,C70,차예언
월보,C70-S00-I00-N01,C70,육십여년
월보,C70-S00-I00-N01,C70,금일
월보,C70-S00-I00-N01,C70,용담
월보,C70-S00-I00-N01,C70,지나간도
월보,C70-S00-I00-N01,C70,일본
월보,C70-S00-I00-N01,C70,지나본토
월보,C70-S00-I00-N01,C70,용담감로
월보,C70-S00-I00-N01,C70,일적
월보,C70-S00-I00-N01,C70,감우
월보,C70-S00-I00-N01,C70,천하
월보,C70-S00-I00-N01,C70,패연
월보,C70-S00-I00-N01,C70,서북간도
월보,C70-S00-I00-N01,C70,오교
월보,C70-S00-I00-N01,C70,신자
월보,C70-S00-I00-N01,C70,수천호이상
월보,C70-S00-I00-N01,C70,일본동경
월보,C70-S00-I00-N01,C70,천도교청년회
월보,C70-S00-I00-N01,C70,이역풍토
월보,C70-S00-I00-N01,C70,천신만난
월보,C70-S00-I00-N01,C70,배제
월보,C70-S00-I00-N01,C70,성대
월보,C70-S00-I00-N01,C70,활동
월보,C70-S00-I00-N01,C70,감항상사상적조류
월보,C70-S00-I00-N01,C70,세계사조
월보,C70-S00-I00-N01,C70,정신현상
월보,C70-S00-I00-N01,C70,인내천주의
월보,C70-S00-I00-N01,C70,부합
월보,C70-S00-I00-N01,C70,종교
월보,C70-S00-I00-N01,C70,본위
월보,C70-S00-I00-N01,C70,본위
월보,C70-S00-I00-N01,C70,사상
월보,C70-S00-I00-N01,C70,인습
월보,C70-S00-I00-N01,C70,교지
월보,C70-S00-I00-N01,C70,배척
월보,C70-S00-I00-N01,C70,정신
월보,C70-S00-I00-N01,C70,결정
월보,C70-S00-I00-N01,C70,신종교
월보,C70-S00-I00-N01,C70,요구
월보,C70-S00-I00-N01,C70,어시
월보,C70-S00-I00-N01,C70,천하
월보,C70-S00-I00-N01,C70,영심
월보,C70-S00-I00-N01,C70,본지
월보,C70-S00-I00-N01,C70,영심
월보,C70-S00-I00-N01,C70,염연
월보,C70-S00-I00-N01,C70,종지
월보,C70-S00-I00-N01,C70,경청
월보,C70-S00-I00-N01,C70,사상
월보,C70-S00-I00-N01,C70,흡수
월보,C70-S00-I00-N01,C70,차제
월보,C70-S00-I00-N01,C70,오교유지
월보,C70-S00-I00-N01,C70,재외동포
월보,C70-S00-I00-N01,C70,오교
월보,C70-S00-I00-N01,C70,풍화
월보,C70-S00-I00-N01,C70,오교
월보,C70-S00-I00-N01,C70,선전
월보,C70-S00-I00-N01,C70,노력
월보,C70-S00-I00-N01,C70,신자
월보,C70-S00-I00-N01,C70,시작
월보,C70-S00-I00-N01,C70,근일우지나북경
월보,C70-S00-I00-N01,C70,천도교전교실
월보,C70-S00-I00-N01,C70,경영
월보,C70-S00-I00-N01,C70,오인
월보,C70-S00-I00-N01,C70,차보
월보,C70-S00-I00-N01,C70,대수천하
월보,C70-S00-I00-N01,C70,시기
월보,C70-S00-I00-N01,C70,소위시기
월보,C70-S00-I00-N01,C70,세계
월보,C70-S00-I00-N01,C70,대세
월보,C70-S00-I00-N01,C70,봉훈
월보,C70-S00-I00-N01,C70,홍종엽
월보,C70-S00-I00-N01,C70,위합
월보,C70-S00-I00-N01,C70,오인
월보,C70-S00-I00-N01,C70,논강
월보,C70-S00-I00-N01,C70,동정
월보,C70-S00-I00-N01,C70,불석
월보,C70-S00-I00-N01,C70,東洋
월보,C70-S00-I00-N01,C70,만문화중심지
월보,C70-S00-I00-N01,C70,대민족발원지
월보,C70-S00-I00-N01,C70,북경
월보,C70-S00-I00-N01,C70,소식
월보,C70-S00-I00-N01,C70,전래
월보,C70-S00-I00-N01,C70,가희
월보,C70-S00-I00-N01,C70,現象
월보,C70-S00-I00-N01,C70,월전북경
월보,C70-S00-I00-N01,C70,오교중지사
월보,C70-S00-I00-N01,C70,신태련최동오금홍선등제씨
월보,C70-S00-I00-N01,C70,전도가라형
월보,C70-S00-I00-N01,C70,총부당국
월보,C70-S00-I00-N01,C70,제안
월보,C70-S00-I00-N01,C70,기가
월보,C70-S00-I00-N01,C70,최동오군
월보,C70-S00-I00-N01,C70,경성
월보,C70-S00-I00-N01,C70,일당지
월보,C70-S00-I00-N01,C70,교황
월보,C70-S00-I00-N01,C70,보도
월보,C70-S00-I00-N01,C70,오교
월보,C70-S00-I00-N01,C70,세계적종교
월보,C70-S00-I00-N01,C70,자격
월보,C70-S00-I00-N01,C70,세계적포교
월보,C70-S00-I00-N01,C70,활동
월보,C70-S00-I00-N01,C70,개시
월보,C70-S00-I00-N01,C70,오인
월보,C70-S00-I00-N01,C70,사고
월보,C70-S00-I00-N01,C70,중국북경방면
월보,C70-S00-I00-N01,C70,착수
월보,C70-S00-I00-N01,C70,득책
월보,C70-S00-I00-N01,C70,중국
월보,C70-S00-I00-N01,C70,북경
월보,C70-S00-I00-N01,C70,동양문화
월보,C70-S00-I00-N01,C70,중심지
월보,C70-S00-I00-N01,C70,세계대민족
월보,C70-S00-I00-N01,C70,사억만
월보,C70-S00-I00-N01,C70,다교
월보,C70-S00-I00-N01,C70,민족
월보,C70-S00-I00-N01,C70,관리
월보,C70-S00-I00-N01,C70,개치적중심
월보,C70-S00-I00-N01,C70,사해각국
월보,C70-S00-I00-N01,C70,방재중국문제
월보,C70-S00-I00-N01,C70,방면
월보,C70-S00-I00-N01,C70,연구
월보,C70-S00-I00-N01,C70,종교가
월보,C70-S00-I00-N01,C70,중국민족
월보,C70-S00-I00-N01,C70,중심
월보,C70-S00-I00-N01,C70,선전운동
월보,C70-S00-I00-N01,C70,성대
월보,C70-S00-I00-N01,C70,정치
월보,C70-S00-I00-N01,C70,경제
월보,C70-S00-I00-N01,C70,종교
월보,C70-S00-I00-N01,C70,사회
월보,C70-S00-I00-N01,C70,세계
월보,C70-S00-I00-N01,C70,안목
월보,C70-S00-I00-N01,C70,중국
월보,C70-S00-I00-N01,C70,집중
월보,C70-S00-I00-N01,C70,구주인
월보,C70-S00-I00-N01,C70,종교가혹
월보,C70-S00-I00-N01,C70,사상가
월보,C70-S00-I00-N01,C70,직접혹간접
월보,C70-S00-I00-N01,C70,중국
월보,C70-S00-I00-N01,C70,중국
월보,C70-S00-I00-N01,C70,계발
월보,C70-S00-I00-N01,C70,표방
월보,C70-S00-I00-N01,C70,중국북경
월보,C70-S00-I00-N01,C70,전교실문제
월보,C70-S00-I00-N01,C70,오교
월보,C70-S00-I00-N01,C70,대외발전
월보,C70-S00-I00-N01,C70,각기자가
월보,C70-S00-I00-N01,C70,선전
월보,C70-S00-I00-N01,C70,격렬
월보,C70-S00-I00-N01,C70,중국
월보,C70-S00-I00-N01,C70,토지
월보,C70-S00-I00-N01,C70,광대
월보,C70-S00-I00-N01,C70,인민
월보,C70-S00-I00-N01,C70,다수
월보,C70-S00-I00-N01,C70,구문화
월보,C70-S00-I00-N01,C70,발생
월보,C70-S00-I00-N01,C70,장래
월보,C70-S00-I00-N01,C70,전도
월보,C70-S00-I00-N01,C70,요원
월보,C70-S00-I00-N01,C70,활동
월보,C70-S00-I00-N01,C70,여지
월보,C70-S00-I00-N01,C70,작작
월보,C70-S00-I00-N01,C70,대외발전
월보,C70-S00-I00-N01,C70,고래문화
월보,C70-S00-I00-N01,C70,절실
월보,C70-S00-I00-N01,C70,인정풍속
월보,C70-S00-I00-N01,C70,근사
월보,C70-S00-I00-N01,C70,지리상경우형편상장래유망상
월보,C70-S00-I00-N01,C70,중국인포교방책
월보,C70-S00-I00-N01,C70,선견
월보,C70-S00-I00-N01,C70,포덕광제
월보,C70-S00-I00-N01,C70,전제조건
월보,C70-S00-I00-N01,C70,以上
월보,C70-S00-I00-N01,C70,의미
월보,C70-S00-I00-N01,C70,중국
월보,C70-S00-I00-N01,C70,포교
월보,C70-S00-I00-N01,C70,헌신
월보,C70-S00-I00-N01,C70,성의
월보,C70-S00-I00-N01,C70,성의
월보,C70-S00-I00-N01,C70,사실
월보,C70-S00-I00-N01,C70,표현
월보,C70-S00-I00-N01,C70,방면
월보,C70-S00-I00-N01,C70,활동
월보,C70-S00-I00-N01,C70,열심
월보,C70-S00-I00-N01,C70,오인
월보,C70-S00-I00-N01,C70,토지
월보,C70-S00-I00-N01,C70,인민
월보,C70-S00-I00-N01,C70,일민족
월보,C70-S00-I00-N01,C70,국교
월보,C70-S00-I00-N01,C70,토지
월보,C70-S00-I00-N01,C70,인민
월보,C70-S00-I00-N01,C70,만일대신사
월보,C70-S00-I00-N01,C70,심법
월보,C70-S00-I00-N01,C70,세계적포교
월보,C70-S00-I00-N01,C70,감위
월보,C70-S00-I00-N01,C70,지나
월보,C70-S00-I00-N01,C70,착수
월보,C70-S00-I00-N01,C70,과언
월보,C70-S00-I00-N01,C70,지나
월보,C70-S00-I00-N01,C70,포교
월보,C70-S00-I00-N01,C70,세계포교
월보,C70-S00-I00-N01,C70,단서
월보,C70-S00-I00-N01,C70,대저천하
월보,C70-S00-I00-N01,C70,진리
월보,C70-S00-I00-N01,C70,정연
월보,C70-S00-I00-N01,C70,응보
월보,C70-S00-I00-N01,C70,고대
월보,C70-S00-I00-N01,C70,동양문화
월보,C70-S00-I00-N01,C70,지나
월보,C70-S00-I00-N01,C70,중심점
월보,C70-S00-I00-N01,C70,선분
월보,C70-S00-I00-N01,C70,일오
월보,C70-S00-I00-N01,C70,천도교회월보
월보,C70-S00-I00-N01,C70,조선문화
월보,C70-S00-I00-N01,C70,고대
월보,C70-S00-I00-N01,C70,지나
월보,C70-S00-I00-N01,C70,수입
월보,C70-S00-I00-N01,C70,반대
월보,C70-S00-I00-N01,C70,朝鮮
월보,C70-S00-I00-N01,C70,종교
월보,C70-S00-I00-N01,C70,지나
월보,C70-S00-I00-N01,C70,역수
월보,C70-S00-I00-N01,C70,시운
월보,C70-S00-I00-N01,C70,오인
월보,C70-S00-I00-N01,C70,차제
월보,C70-S00-I00-N01,C70,자강자빈
월보,C70-S00-I00-N01,C70,자처
월보,C70-S00-I00-N01,C70,정신
월보,C70-S00-I00-N01,C70,용기
월보,C70-S00-I00-N01,C70,고무
월보,C70-S00-I00-N01,C70,대륙
월보,C70-S00-I00-N01,C70,천지
월보,C70-S00-I00-N01,C70,종교적무도
월보,C70-S00-I00-N01,C70,시기
월보,C70-S00-I00-N01,C70,도래
월보,C70-S00-I00-N01,C70,대외포교
월보,C70-S00-I00-N01,C70,방책일단
월보,C70-S00-I00-N01,C70,금일
월보,C70-S00-I00-N01,C70,대외포교
월보,C70-S00-I00-N01,C70,불가
월보,C70-S00-I00-N01,C70,대외적포교
월보,C70-S00-I00-N01,C70,지나
월보,C70-S00-I00-N01,C70,착수
월보,C70-S00-I00-N01,C70,득책
월보,C70-S00-I00-N01,C70,여하
월보,C70-S00-I00-N01,C70,용의
월보,C70-S00-I00-N01,C70,결심
월보,C70-S00-I00-N01,C70,일언
월보,C70-S00-I00-N01,C70,오인
월보,C70-S00-I00-N01,C70,개조건
월보,C70-S00-I00-N01,C70,확실
월보,C70-S00-I00-N01,C70,불가
월보,C70-S00-I00-N01,C70,재내
월보,C70-S00-I00-N01,C70,교우
월보,C70-S00-I00-N01,C70,대외포교
월보,C70-S00-I00-N01,C70,방책
월보,C70-S00-I00-N01,C70,정신적혹
월보,C70-S00-I00-N01,C70,물질적후원
월보,C70-S00-I00-N01,C70,불태
월보,C70-S00-I00-N01,C70,재외
월보,C70-S00-I00-N01,C70,직접
월보,C70-S00-I00-N01,C70,포교
월보,C70-S00-I00-N01,C70,당국자
월보,C70-S00-I00-N01,C70,재내
월보,C70-S00-I00-N01,C70,의뢰
월보,C70-S00-I00-N01,C70,재신
월보,C70-S00-I00-N01,C70,자진
월보,C70-S00-I00-N01,C70,헌신적열성
월보,C70-S00-I00-N01,C70,재외교우
월보,C70-S00-I00-N01,C70,정신적물질적
월보,C70-S00-I00-N01,C70,순수자립자주
월보,C70-S00-I00-N01,C70,노력
월보,C70-S00-I00-N01,C70,재외
월보,C70-S00-I00-N01,C70,기초
월보,C70-S00-I00-N01,C70,재외
월보,C70-S00-I00-N01,C70,以上
월보,C70-S00-I00-N01,C70,개조건
월보,C70-S00-I00-N01,C70,확립
월보,C70-S00-I00-N01,C70,오인
월보,C70-S00-I00-N01,C70,대외포교
월보,C70-S00-I00-N01,C70,일언
월보,C70-S00-I00-N01,C70,재내
월보,C70-S00-I00-N01,C70,재외
월보,C70-S00-I00-N01,C70,물론
월보,C70-S00-I00-N01,C70,결점
월보,C70-S00-I00-N01,C70,불면
월보,C70-S00-I00-N01,C70,즉재내
월보,C70-S00-I00-N01,C70,형제
월보,C70-S00-I00-N01,C70,항언
월보,C70-S00-I00-N01,C70,조선내지
월보,C70-S00-I00-N01,C70,오교
월보,C70-S00-I00-N01,C70,발전
월보,C70-S00-I00-N01,C70,철저
월보,C70-S00-I00-N01,C70,금일
월보,C70-S00-I00-N01,C70,재외
월보,C70-S00-I00-N01,C70,포교
월보,C70-S00-I00-N01,C70,시기상조
월보,C70-S00-I00-N01,C70,명백
월보,C70-S00-I00-N01,C70,오류
월보,C70-S00-I00-N01,C70,하고
월보,C70-S00-I00-N01,C70,조선내지
월보,C70-S00-I00-N01,C70,전부입교
월보,C70-S00-I00-N01,C70,이후
월보,C70-S00-I00-N01,C70,재외포교
월보,C70-S00-I00-N01,C70,오교
월보,C70-S00-I00-N01,C70,포덕천하
월보,C70-S00-I00-N01,C70,기일
월보,C70-S00-I00-N01,C70,원원
월보,C70-S00-I00-N01,C70,우오인
월보,C70-S00-I00-N01,C70,안목
월보,C70-S00-I00-N01,C70,외국인
월보,C70-S00-I00-N01,C70,조선인
월보,C70-S00-I00-N01,C70,물론
월보,C70-S00-I00-N01,C70,인본위
월보,C70-S00-I00-N01,C70,사상
월보,C70-S00-I00-N01,C70,교리
월보,C70-S00-I00-N01,C70,선전
월보,C70-S00-I00-N01,C70,차별
월보,C70-S00-I00-N01,C70,의의
월보,C70-S00-I00-N01,C70,일개인
월보,C70-S00-I00-N01,C70,가정상경우
월보,C70-S00-I00-N01,C70,오인
월보,C70-S00-I00-N01,C70,부자형제
월보,C70-S00-I00-N01,C70,입교
월보,C70-S00-I00-N01,C70,타인
월보,C70-S00-I00-N01,C70,포교
월보,C70-S00-I00-N01,C70,개시
월보,C70-S00-I00-N01,C70,오인
월보,C70-S00-I00-N01,C70,전조선인
월보,C70-S00-I00-N01,C70,일반
월보,C70-S00-I00-N01,C70,교인
월보,C70-S00-I00-N01,C70,외인
월보,C70-S00-I00-N01,C70,포교
월보,C70-S00-I00-N01,C70,주저
월보,C70-S00-I00-N01,C70,이유
월보,C70-S00-I00-N01,C70,재내
월보,C70-S00-I00-N01,C70,동포
월보,C70-S00-I00-N01,C70,지금
월보,C70-S00-I00-N01,C70,외인
월보,C70-S00-I00-N01,C70,포교
월보,C70-S00-I00-N01,C70,대담신심
월보,C70-S00-I00-N01,C70,오체뇌
월보,C70-S00-I00-N01,C70,불교
월보,C70-S00-I00-N01,C70,지나
월보,C70-S00-I00-N01,C70,오교
월보,C70-S00-I00-N01,C70,종지
월보,C70-S00-I00-N01,C70,세계각국
월보,C70-S00-I00-N01,C70,인내천
월보,C70-S00-I00-N01,C70,활약
월보,C70-S00-I00-N01,C70,재외교우
월보,C70-S00-I00-N01,C70,오인
월보,C70-S00-I00-N01,C70,사상
월보,C70-S00-I00-N01,C70,이래재외
월보,C70-S00-I00-N01,C70,포교
월보,C70-S00-I00-N01,C70,종사
월보,C70-S00-I00-N01,C70,동포
월보,C70-S00-I00-N01,C70,태반
월보,C70-S00-I00-N01,C70,조선내지
월보,C70-S00-I00-N01,C70,교우
월보,C70-S00-I00-N01,C70,의뢰
월보,C70-S00-I00-N01,C70,실지자기
월보,C70-S00-I00-N01,C70,성력
월보,C70-S00-I00-N01,C70,자발적
월보,C70-S00-I00-N01,C70,생적
월보,C70-S00-I00-N01,C70,기타
월보,C70-S00-I00-N01,C70,인민
월보,C70-S00-I00-N01,C70,계몽
월보,C70-S00-I00-N01,C70,성력
월보,C70-S00-I00-N01,C70,물론정외
월보,C70-S00-I00-N01,C70,포교
월보,C70-S00-I00-N01,C70,재내동포
월보,C70-S00-I00-N01,C70,기관
월보,C70-S00-I00-N01,C70,방편적
월보,C70-S00-I00-N01,C70,통용적
월보,C70-S00-I00-N01,C70,근본정신
월보,C70-S00-I00-N01,C70,진면목
월보,C70-S00-I00-N01,C70,죄악
월보,C70-S00-I00-N01,C70,세계
월보,C70-S00-I00-N01,C70,행복
월보,C70-S00-I00-N01,C70,세계
월보,C70-S00-I00-N01,C70,정치적관념
월보,C70-S00-I00-N01,C70,전란세계
월보,C70-S00-I00-N01,C70,평화세계
월보,C70-S00-I00-N02,C70,최근
월보,C70-S00-I00-N02,C70,세계
월보,C70-S00-I00-N02,C70,소위야만세계
월보,C70-S00-I00-N02,C70,문명
월보,C70-S00-I00-N02,C70,현대적류행어
월보,C70-S00-I00-N02,C70,일보
월보,C70-S00-I00-N02,C70,종교적
월보,C70-S00-I00-N02,C70,현금
월보,C70-S00-I00-N02,C70,세계
월보,C70-S00-I00-N02,C70,과연
월보,C70-S00-I00-N02,C70,이해
월보,C70-S00-I00-N02,C70,고적세계
월보,C70-S00-I00-N02,C70,낙적세계
월보,C70-S00-I00-N02,C70,진생활
월보,C70-S00-I00-N02,C70,세계
월보,C70-S00-I00-N02,C70,종교화
월보,C70-S00-I00-N02,C70,진생활
월보,C70-S00-I00-N02,C70,세계
월보,C70-S00-I00-N02,C70,종교화
월보,C70-S00-I00-N02,C70,시대적종교화
월보,C70-S00-I00-N02,C70,금병준
월보,C70-S00-I00-N02,C70,진생활
월보,C70-S00-I00-N02,C70,세계
월보,C70-S00-I00-N02,C70,종교화
월보,C70-S00-I00-N02,C70,세계
월보,C71-S00-I00-N01,C71,천도교회월보신기원
월보,C71-S00-I00-N01,C71,신면목리돈화포덕륙십삼년일월구일종령제백이십륙호
월보,C71-S00-I00-N01,C71,신종헌
월보,C71-S00-I00-N01,C71,신종규
월보,C71-S00-I00-N01,C71,실시
월보,C71-S00-I00-N01,C71,공포
월보,C71-S00-I00-N01,C71,종령내의
월보,C71-S00-I00-N01,C71,왈도운
월보,C71-S00-I00-N01,C71,창신
월보,C71-S00-I00-N01,C71,교회
월보,C71-S00-I00-N01,C71,제도개정
월보,C71-S00-I00-N01,C71,사업이운포
월보,C71-S00-I00-N01,C71,신정
월보,C71-S00-I00-N01,C71,종헌
월보,C71-S00-I00-N01,C71,종규
월보,C71-S00-I00-N01,C71,자이공포
월보,C71-S00-I00-N01,C71,민중
월보,C71-S00-I00-N01,C71,다수
월보,C71-S00-I00-N01,C71,의사
월보,C71-S00-I00-N01,C71,의사
월보,C71-S00-I00-N01,C71,오인
월보,C71-S00-I00-N01,C71,차종령
월보,C71-S00-I00-N01,C71,배수
월보,C71-S00-I00-N01,C71,묵연
월보,C71-S00-I00-N01,C71,수심정기
월보,C71-S00-I00-N01,C71,경건
월보,C71-S00-I00-N01,C71,혁신
월보,C71-S00-I00-N01,C71,정신
월보,C71-S00-I00-N01,C71,천사
월보,C71-S00-I00-N01,C71,오교운
월보,C71-S00-I00-N01,C71,태왕
월보,C71-S00-I00-N01,C71,묵도
월보,C71-S00-I00-N01,C71,오교
월보,C71-S00-I00-N01,C71,정신
월보,C71-S00-I00-N01,C71,반시대적
월보,C71-S00-I00-N01,C71,용왕매진
월보,C71-S00-I00-N01,C71,묵도불이
월보,C71-S00-I00-N01,C71,원래
월보,C71-S00-I00-N01,C71,오교
월보,C71-S00-I00-N01,C71,정신
월보,C71-S00-I00-N01,C71,주지
월보,C71-S00-I00-N01,C71,인내천
월보,C71-S00-I00-N01,C71,인내천
월보,C71-S00-I00-N01,C71,일측면
월보,C71-S00-I00-N01,C71,시대
월보,C71-S00-I00-N01,C71,정신
월보,C71-S00-I00-N01,C71,대표
월보,C71-S00-I00-N01,C71,인내천
월보,C71-S00-I00-N01,C71,일측면
월보,C71-S00-I00-N01,C71,각시대
월보,C71-S00-I00-N01,C71,정신
월보,C71-S00-I00-N01,C71,관통
월보,C71-S00-I00-N01,C71,시대주의
월보,C71-S00-I00-N01,C71,시대
월보,C71-S00-I00-N01,C71,인내천
월보,C71-S00-I00-N01,C71,인내천
월보,C71-S00-I00-N01,C71,시대
월보,C71-S00-I00-N01,C71,정신
월보,C71-S00-I00-N01,C71,인내천주의
월보,C71-S00-I00-N01,C71,표현
월보,C71-S00-I00-N01,C71,각시대
월보,C71-S00-I00-N01,C71,민중전체
월보,C71-S00-I00-N01,C71,각시대
월보,C71-S00-I00-N01,C71,정신
월보,C71-S00-I00-N01,C71,자기
월보,C71-S00-I00-N01,C71,민중전체
월보,C71-S00-I00-N01,C71,행복
월보,C71-S00-I00-N01,C71,민중전체
월보,C71-S00-I00-N01,C71,생활내용
월보,C71-S00-I00-N01,C71,조작
월보,C71-S00-I00-N01,C71,오인
월보,C71-S00-I00-N01,C71,대신사
월보,C71-S00-I00-N01,C71,심법
월보,C71-S00-I00-N01,C71,해월신사
월보,C71-S00-I00-N01,C71,심법
월보,C71-S00-I00-N01,C71,의암성사
월보,C71-S00-I00-N01,C71,심법
월보,C71-S00-I00-N01,C71,삼대신성
월보,C71-S00-I00-N01,C71,일관
월보,C71-S00-I00-N01,C71,심법
월보,C71-S00-I00-N01,C71,대신사
월보,C71-S00-I00-N01,C71,운명
월보,C71-S00-I00-N01,C71,대혁
월보,C71-S00-I00-N01,C71,오교
월보,C71-S00-I00-N01,C71,오만년
월보,C71-S00-I00-N01,C71,대운
월보,C71-S00-I00-N01,C71,대신사
월보,C71-S00-I00-N01,C71,무한
월보,C71-S00-I00-N01,C71,시간
월보,C71-S00-I00-N01,C71,혁신주의
월보,C71-S00-I00-N01,C71,신국면
월보,C71-S00-I00-N01,C71,신국면
월보,C71-S00-I00-N01,C71,창조력
월보,C71-S00-I00-N01,C71,참신적운명
월보,C71-S00-I00-N01,C71,단서
월보,C71-S00-I00-N01,C71,해월신사
월보,C71-S00-I00-N01,C71,심법
월보,C71-S00-I00-N01,C71,이래
월보,C71-S00-I00-N01,C71,혁신
월보,C71-S00-I00-N01,C71,정신
월보,C71-S00-I00-N01,C71,오교
월보,C71-S00-I00-N01,C71,신국면
월보,C71-S00-I00-N01,C71,필경명자
월보,C71-S00-I00-N01,C71,해월신사
월보,C71-S00-I00-N01,C71,본명경상
월보,C71-S00-I00-N01,C71,시형
월보,C71-S00-I00-N01,C71,개명
월보,C71-S00-I00-N01,C71,시대순응
월보,C71-S00-I00-N01,C71,도제
월보,C71-S00-I00-N01,C71,왈오교
월보,C71-S00-I00-N01,C71,대운
월보,C71-S00-I00-N01,C71,대도대법
월보,C71-S00-I00-N01,C71,명자
월보,C71-S00-I00-N01,C71,시형
월보,C71-S00-I00-N01,C71,후세만대
월보,C71-S00-I00-N01,C71,순시순명
월보,C71-S00-I00-N01,C71,범주
월보,C71-S00-I00-N01,C71,오교일신
월보,C71-S00-I00-N01,C71,일층선명
월보,C71-S00-I00-N02,C71,의암성사
월보,C71-S00-I00-N02,C71,참신적심법
월보,C71-S00-I00-N02,C71,농후
월보,C71-S00-I00-N02,C71,명쾌
월보,C71-S00-I00-N02,C71,성사항언
월보,C71-S00-I00-N02,C71,오교
월보,C71-S00-I00-N02,C71,십년
월보,C71-S00-I00-N02,C71,소일변
월보,C71-S00-I00-N02,C71,백년
월보,C71-S00-I00-N02,C71,중일변
월보,C71-S00-I00-N02,C71,천년
월보,C71-S00-I00-N02,C71,대일변
월보,C71-S00-I00-N02,C71,오만년
월보,C71-S00-I00-N02,C71,전지무궁
월보,C71-S00-I00-N02,C71,삼세신성
월보,C71-S00-I00-N02,C71,일관
월보,C71-S00-I00-N02,C71,심법
월보,C71-S00-I00-N02,C71,일관
월보,C71-S00-I00-N02,C71,인내천적정신
월보,C71-S00-I00-N02,C71,시대화
월보,C71-S00-I00-N02,C71,증거
월보,C71-S00-I00-N02,C71,억삼세신성
월보,C71-S00-I00-N02,C71,유신적심법하
월보,C71-S00-I00-N02,C71,오교륙십삼년간
월보,C71-S00-I00-N02,C71,제도개혁
월보,C71-S00-I00-N02,C71,진적
월보,C71-S00-I00-N02,C71,회고
월보,C71-S00-I00-N02,C71,일신월신
월보,C71-S00-I00-N02,C71,제도혁신
월보,C71-S00-I00-N02,C71,증적
월보,C71-S00-I00-N02,C71,수자
월보,C71-S00-I00-N02,C71,표명
월보,C71-S00-I00-N02,C71,오인
월보,C71-S00-I00-N02,C71,추상적
월보,C71-S00-I00-N02,C71,대개
월보,C71-S00-I00-N02,C71,대신사
월보,C71-S00-I00-N02,C71,神人
월보,C71-S00-I00-N02,C71,각도
월보,C71-S00-I00-N02,C71,제도
월보,C71-S00-I00-N02,C71,도리
월보,C71-S00-I00-N02,C71,세인
월보,C71-S00-I00-N02,C71,목적
월보,C71-S00-I00-N02,C71,대신사시대
월보,C71-S00-I00-N02,C71,제도
월보,C71-S00-I00-N02,C71,신비적화
월보,C71-S00-I00-N02,C71,인세인법
월보,C71-S00-I00-N02,C71,비교대조
월보,C71-S00-I00-N02,C71,신화시대
월보,C71-S00-I00-N02,C71,세상
월보,C71-S00-I00-N02,C71,세상
월보,C71-S00-I00-N02,C71,규모
월보,C71-S00-I00-N02,C71,대신사
월보,C71-S00-I00-N02,C71,주문
월보,C71-S00-I00-N02,C71,참회문
월보,C71-S00-I00-N02,C71,입도
월보,C71-S00-I00-N02,C71,준행
월보,C71-S00-I00-N02,C71,수도적규제
월보,C71-S00-I00-N02,C71,시초
월보,C71-S00-I00-N02,C71,신유
월보,C71-S00-I00-N02,C71,사방현사문풍병지
월보,C71-S00-I00-N02,C71,수도규제
월보,C71-S00-I00-N02,C71,절실
월보,C71-S00-I00-N02,C71,수신
월보,C71-S00-I00-N02,C71,제개신면목
월보,C71-S00-I00-N02,C71,천도교회월보재
월보,C71-S00-I00-N02,C71,청수
월보,C71-S00-I00-N02,C71,봉전
월보,C71-S00-I00-N02,C71,천주
월보,C71-S00-I00-N02,C71,염념
월보,C71-S00-I00-N02,C71,주문
월보,C71-S00-I00-N02,C71,음식필고
월보,C71-S00-I00-N02,C71,출입필고
월보,C71-S00-I00-N02,C71,심재
월보,C71-S00-I00-N02,C71,계해팔월
월보,C71-S00-I00-N02,C71,대신사
월보,C71-S00-I00-N02,C71,해월신사
월보,C71-S00-I00-N02,C71,북접대도주
월보,C71-S00-I00-N02,C71,대신사시대
월보,C71-S00-I00-N02,C71,수도적규제
월보,C71-S00-I00-N02,C71,대개
월보,C71-S00-I00-N02,C71,나마
월보,C71-S00-I00-N02,C71,계해팔월
월보,C71-S00-I00-N02,C71,해월신사
월보,C71-S00-I00-N02,C71,도통
월보,C71-S00-I00-N02,C71,이래래
월보,C71-S00-I00-N02,C71,대신사
월보,C71-S00-I00-N02,C71,수도적규제
월보,C71-S00-I00-N02,C71,준행
월보,C71-S00-I00-N02,C71,포덕오년삼월
월보,C71-S00-I00-N02,C71,사십구일기도법
월보,C71-S00-I00-N02,C71,도제
월보,C71-S00-I00-N02,C71,반포
월보,C71-S00-I00-N02,C71,신사
월보,C71-S00-I00-N02,C71,신규제
월보,C71-S00-I00-N02,C71,작정
월보,C71-S00-I00-N02,C71,시초
월보,C71-S00-I00-N02,C71,을축십월이십팔일대신사
월보,C71-S00-I00-N02,C71,탄진기도계
월보,C71-S00-I00-N02,C71,설정
월보,C71-S00-I00-N02,C71,포덕십륙년을해팔월
월보,C71-S00-I00-N02,C71,재래
월보,C71-S00-I00-N02,C71,번쇄
월보,C71-S00-I00-N02,C71,소도식
월보,C71-S00-I00-N02,C71,청수일기식
월보,C71-S00-I00-N02,C71,기도법
월보,C71-S00-I00-N02,C71,단행
월보,C71-S00-I00-N02,C71,포덕십구년무인칠월이십오일
월보,C71-S00-I00-N02,C71,설정
월보,C71-S00-I00-N02,C71,교리강도
월보,C71-S00-I00-N02,C71,창설
월보,C71-S00-I00-N02,C71,포덕이십이년신사십월
월보,C71-S00-I00-N02,C71,어육주초
월보,C71-S00-I00-N02,C71,자유
월보,C71-S00-I00-N02,C71,포덕삼십일년경인
월보,C71-S00-I00-N02,C71,편의장제도
월보,C71-S00-I00-N02,C71,포덕삼십팔년정유사월오일
월보,C71-S00-I00-N02,C71,피유명
월보,C71-S00-I00-N02,C71,향아설위법
월보,C71-S00-I00-N02,C71,여사
월보,C71-S00-I00-N02,C71,해월신사
월보,C71-S00-I00-N02,C71,일대
월보,C71-S00-I00-N02,C71,향상
월보,C71-S00-I00-N02,C71,향상
월보,C71-S00-I00-N02,C71,참신적제도
월보,C71-S00-I00-N02,C71,단행
월보,C71-S00-I00-N02,C71,의암성사
월보,C71-S00-I00-N02,C71,양위신사
월보,C71-S00-I00-N02,C71,심법
월보,C71-S00-I00-N02,C71,계승
월보,C71-S00-I00-N02,C71,유신
월보,C71-S00-I00-N02,C71,기풍
월보,C71-S00-I00-N02,C71,철저
월보,C71-S00-I00-N02,C71,현재
월보,C71-S00-I00-N02,C71,오교도
월보,C71-S00-I00-N02,C71,관급
월보,C71-S00-I00-N02,C71,경험
월보,C71-S00-I00-N02,C71,열거
월보,C71-S00-I00-N02,C71,성사
월보,C71-S00-I00-N02,C71,일대수완
월보,C71-S00-I00-N02,C71,순연
월보,C71-S00-I00-N02,C71,시대적
월보,C71-S00-I00-N02,C71,실제적
월보,C71-S00-I00-N02,C71,오애제도
월보,C71-S00-I00-N02,C71,실행
월보,C71-S00-I00-N02,C71,수구제도교직제도기타교설교육등
월보,C71-S00-I00-N02,C71,현대적
월보,C71-S00-I00-N02,C71,진행
월보,C71-S00-I00-N02,C71,성사
월보,C71-S00-I00-N02,C71,십년
월보,C71-S00-I00-N02,C71,소일변
월보,C71-S00-I00-N02,C71,시대반행적심법
월보,C71-S00-I00-N02,C71,종내변
월보,C71-S00-I00-N02,C71,누변루진
월보,C71-S00-I00-N02,C71,금일
월보,C71-S00-I00-N02,C71,오교
월보,C71-S00-I00-N02,C71,대운
월보,C71-S00-I00-N02,C71,청천백일
월보,C71-S00-I00-N02,C71,혁연
월보,C71-S00-I00-N02,C71,세계
월보,C71-S00-I00-N02,C71,찬연
월보,C71-S00-I00-N02,C71,감화
월보,C71-S00-I00-N02,C71,심법
월보,C71-S00-I00-N02,C71,모방
월보,C71-S00-I00-N02,C71,일변
월보,C71-S00-I00-N02,C71,소위세계
월보,C71-S00-I00-N02,C71,대사조
월보,C71-S00-I00-N02,C71,삼세
월보,C71-S00-I00-N02,C71,심법
월보,C71-S00-I00-N02,C71,부합
월보,C71-S00-I00-N02,C71,사위
월보,C71-S00-I00-N02,C71,경우
월보,C71-S00-I00-N02,C71,교운
월보,C71-S00-I00-N02,C71,각성
월보,C71-S00-I00-N02,C71,오교
월보,C71-S00-I00-N02,C71,대운
월보,C71-S00-I00-N02,C71,위문일변일변
월보,C71-S00-I00-N02,C71,기미
월보,C71-S00-I00-N02,C71,근본적정신
월보,C71-S00-I00-N02,C71,오교중삼백만
월보,C71-S00-I00-N02,C71,신남신녀
월보,C71-S00-I00-N02,C71,신제도신종헌
월보,C71-S00-I00-N02,C71,실시
월보,C71-S00-I00-N02,C71,단행
월보,C71-S00-I00-N02,C71,준비
월보,C71-S00-I00-N02,C71,의정원제도
월보,C71-S00-I00-N02,C71,실시
월보,C71-S00-I00-N02,C71,의정원선거
월보,C71-S00-I00-N02,C71,상하일심
월보,C71-S00-I00-N02,C71,토의
월보,C71-S00-I00-N02,C71,교환
월보,C71-S00-I00-N02,C71,일개월유여
월보,C71-S00-I00-N02,C71,신종헌신종규
월보,C71-S00-I00-N02,C71,반포
월보,C71-S00-I00-N02,C71,오교운
월보,C71-S00-I00-N02,C71,신기원
월보,C71-S00-I00-N02,C71,형조
월보,C71-S00-I00-N02,C71,금일
월보,C71-S00-I00-N02,C71,참고적
월보,C71-S00-I00-N02,C71,신종헌신종규
월보,C71-S00-I00-N02,C71,내용
월보,C71-S00-I00-N02,C71,일언
월보,C71-S00-I00-N02,C71,제일중앙총부
월보,C71-S00-I00-N02,C71,이왕륙개소
월보,C71-S00-I00-N02,C71,사관원
월보,C71-S00-I00-N02,C71,삼원
월보,C71-S00-I00-N02,C71,설치
월보,C71-S00-I00-N02,C71,종법원종무원종의원
월보,C71-S00-I00-N02,C71,우기각원
월보,C71-S00-I00-N02,C71,직무
월보,C71-S00-I00-N02,C71,종법원
월보,C71-S00-I00-N02,C71,포덕과교육과편집과
월보,C71-S00-I00-N02,C71,종무원
월보,C71-S00-I00-N02,C71,서무과경리과
월보,C71-S00-I00-N02,C71,종의원
월보,C71-S00-I00-N02,C71,순수
월보,C71-S00-I00-N02,C71,일절규제
월보,C71-S00-I00-N02,C71,제정개정
월보,C71-S00-I00-N02,C71,의결기관
월보,C71-S00-I00-N02,C71,지방교구
월보,C71-S00-I00-N02,C71,사무
월보,C71-S00-I00-N02,C71,처리
월보,C71-S00-I00-N02,C71,장원
월보,C71-S00-I00-N02,C71,주직
월보,C71-S00-I00-N02,C71,교주종법사포덕사종의사종무사종무원
월보,C71-S00-I00-N02,C71,일절공선
월보,C71-S00-I00-N02,C71,우기재래
월보,C71-S00-I00-N02,C71,원직
월보,C71-S00-I00-N02,C71,도사도훈교훈봉훈
월보,C71-S00-I00-N02,C71,명칭
월보,C71-S00-I00-N02,C71,법사성훈신훈
월보,C71-S00-I00-N02,C71,종신체
월보,C71-S00-I00-N03,C71,별표천도교종헌급기종규
월보,C71-S00-I00-N03,C71,일람
월보,C71-S00-I00-N03,C71,별표
월보,C71-S00-I00-N03,C71,일람
월보,C71-S00-I00-N03,C71,신규제
월보,C71-S00-I00-N03,C71,내용여하
월보,C71-S00-I00-N03,C71,상지
월보,C71-S00-I00-N03,C71,오인
월보,C71-S00-I00-N03,C71,다언
월보,C71-S00-I00-N03,C71,오인
월보,C71-S00-I00-N03,C71,개시
월보,C71-S00-I00-N03,C71,진성
월보,C71-S00-I00-N03,C71,以上
월보,C71-S00-I00-N03,C71,오교
월보,C71-S00-I00-N03,C71,항상시대
월보,C71-S00-I00-N03,C71,반행
월보,C71-S00-I00-N03,C71,정신
월보,C71-S00-I00-N03,C71,시대
월보,C71-S00-I00-N03,C71,제도
월보,C71-S00-I00-N03,C71,다소일변
월보,C71-S00-I00-N03,C71,일반교인
월보,C71-S00-I00-N03,C71,갈망
월보,C71-S00-I00-N03,C71,요구
월보,C71-S00-I00-N03,C71,추측
월보,C71-S00-I00-N03,C71,차제
월보,C71-S00-I00-N03,C71,일층일제도
월보,C71-S00-I00-N03,C71,신국면
월보,C71-S00-I00-N03,C71,일반교인
월보,C71-S00-I00-N03,C71,건시대적
월보,C71-S00-I00-N03,C71,성의
월보,C71-S00-I00-N03,C71,개시
월보,C71-S00-I00-N03,C71,효력
월보,C71-S00-I00-N03,C71,위대
월보,C71-S00-I00-N03,C71,묵인
월보,C71-S00-I00-N03,C71,신제도
월보,C71-S00-I00-N03,C71,대개
월보,C71-S00-I00-N03,C71,구제도
월보,C71-S00-I00-N03,C71,다소불등적색채
월보,C71-S00-I00-N03,C71,묘미
월보,C71-S00-I00-N03,C71,천도교회월보례
월보,C71-S00-I00-N03,C71,교주이하일절중요직원
월보,C71-S00-I00-N03,C71,공선
월보,C71-S00-I00-N03,C71,기연원
월보,C71-S00-I00-N03,C71,일절자재연원
월보,C71-S00-I00-N03,C71,적례
월보,C71-S00-I00-N03,C71,신제도
월보,C71-S00-I00-N03,C71,연원계
월보,C71-S00-I00-N03,C71,폐해
월보,C71-S00-I00-N03,C71,공핵
월보,C71-S00-I00-N03,C71,연원하
월보,C71-S00-I00-N03,C71,교화
월보,C71-S00-I00-N03,C71,피아
월보,C71-S00-I00-N03,C71,연원간
월보,C71-S00-I00-N03,C71,구제도하
월보,C71-S00-I00-N03,C71,일반교인
월보,C71-S00-I00-N03,C71,각기자기순일
월보,C71-S00-I00-N03,C71,남북
월보,C71-S00-I00-N03,C71,상이
월보,C71-S00-I00-N03,C71,갑을
월보,C71-S00-I00-N03,C71,상반
월보,C71-S00-I00-N03,C71,형편
월보,C71-S00-I00-N03,C71,즉구제도
월보,C71-S00-I00-N03,C71,일개
월보,C71-S00-I00-N03,C71,연원
월보,C71-S00-I00-N03,C71,불철저
월보,C71-S00-I00-N03,C71,교설
월보,C71-S00-I00-N03,C71,신앙
월보,C71-S00-I00-N03,C71,불선전
월보,C71-S00-I00-N03,C71,책임
월보,C71-S00-I00-N03,C71,병유
월보,C71-S00-I00-N03,C71,교계
월보,C71-S00-I00-N03,C71,신앙급기교화
월보,C71-S00-I00-N03,C71,보급정도
월보,C71-S00-I00-N03,C71,호상불일치
월보,C71-S00-I00-N03,C71,폐해
월보,C71-S00-I00-N03,C71,각색
월보,C71-S00-I00-N03,C71,난처점
월보,C71-S00-I00-N03,C71,신제도
월보,C71-S00-I00-N03,C71,폐해
월보,C71-S00-I00-N03,C71,근저
월보,C71-S00-I00-N03,C71,제발
월보,C71-S00-I00-N03,C71,위선
월보,C71-S00-I00-N03,C71,연원
월보,C71-S00-I00-N03,C71,자재
월보,C71-S00-I00-N03,C71,용담연원
월보,C71-S00-I00-N03,C71,우기포덕
월보,C71-S00-I00-N03,C71,교화
월보,C71-S00-I00-N03,C71,분립
월보,C71-S00-I00-N03,C71,하인
월보,C71-S00-I00-N03,C71,포덕
월보,C71-S00-I00-N03,C71,교화
월보,C71-S00-I00-N03,C71,종법사
월보,C71-S00-I00-N03,C71,법사성훈경훈신훈
월보,C71-S00-I00-N03,C71,종신직
월보,C71-S00-I00-N03,C71,명사
월보,C71-S00-I00-N03,C71,불과
월보,C71-S00-I00-N03,C71,구일
월보,C71-S00-I00-N03,C71,도사교훈봉훈
월보,C71-S00-I00-N03,C71,성질
월보,C71-S00-I00-N03,C71,판이
월보,C71-S00-I00-N03,C71,포덕
월보,C71-S00-I00-N03,C71,공적
월보,C71-S00-I00-N03,C71,훈로
월보,C71-S00-I00-N03,C71,표창
월보,C71-S00-I00-N03,C71,교화
월보,C71-S00-I00-N03,C71,직무
월보,C71-S00-I00-N03,C71,신제도
월보,C71-S00-I00-N03,C71,효력
월보,C71-S00-I00-N03,C71,공훈
월보,C71-S00-I00-N03,C71,수의
월보,C71-S00-I00-N03,C71,신제도
월보,C71-S00-I00-N03,C71,시대필요상
월보,C71-S00-I00-N03,C71,실제사무
월보,C71-S00-I00-N03,C71,포덕
월보,C71-S00-I00-N03,C71,집중
월보,C71-S00-I00-N03,C71,순회강연
월보,C71-S00-I00-N03,C71,건대
월보,C71-S00-I00-N03,C71,건종학
월보,C71-S00-I00-N03,C71,일례
월보,C71-S00-I00-N03,C71,신제도
월보,C71-S00-I00-N03,C71,의결기관
월보,C71-S00-I00-N03,C71,특설
월보,C71-S00-I00-N03,C71,일반교도
월보,C71-S00-I00-N03,C71,중망
월보,C71-S00-I00-N03,C71,부합
월보,C71-S00-I00-N03,C71,공평
월보,C71-S00-I00-N03,C71,중의
월보,C71-S00-I00-N03,C71,순응
월보,C71-S00-I00-N03,C71,인내천주의
월보,C71-S00-I00-N03,C71,부합
월보,C71-S00-I00-N03,C71,以上
월보,C71-S00-I00-N03,C71,사실
월보,C71-S00-I00-N03,C71,신제도
월보,C71-S00-I00-N03,C71,관견
월보,C71-S00-I00-N03,C71,물론
월보,C71-S00-I00-N03,C71,세분
월보,C71-S00-I00-N03,C71,세분
월보,C71-S00-I00-N03,C71,발견
월보,C71-S00-I00-N03,C71,반대
월보,C71-S00-I00-N03,C71,우미흡
월보,C71-S00-I00-N03,C71,시대
월보,C71-S00-I00-N03,C71,시대
월보,C71-S00-I00-N03,C71,신제도
월보,C71-S00-I00-N03,C71,오인
월보,C71-S00-I00-N03,C71,관견
월보,C71-S00-I00-N03,C71,삼백만
월보,C71-S00-I00-N03,C71,형제
월보,C71-S00-I00-N03,C71,호감
월보,C71-S00-I00-N03,C71,일사
월보,C71-S00-I00-N03,C71,신기원
월보,C71-S00-I00-N03,C71,신면목
월보,C71-S00-I00-N03,C71,효력
월보,C71-S00-I00-N03,C71,차이
월보,C71-S00-I00-N03,C71,제도
월보,C71-S00-I00-N03,C71,사물
월보,C71-S00-I00-N03,C71,만약
월보,C71-S00-I00-N03,C71,불득
월보,C71-S00-I00-N03,C71,제도
월보,C71-S00-I00-N03,C71,실패
월보,C71-S00-I00-N03,C71,반대
월보,C71-S00-I00-N03,C71,불철저
월보,C71-S00-I00-N03,C71,제도
월보,C71-S00-I00-N03,C71,의외
월보,C71-S00-I00-N03,C71,성공
월보,C71-S00-I00-N03,C71,오인
월보,C71-S00-I00-N03,C71,제공
월보,C71-S00-I00-N03,C71,차신제도하
월보,C71-S00-I00-N03,C71,복종
월보,C71-S00-I00-N03,C71,실행
월보,C71-S00-I00-N03,C71,형제
월보,C71-S00-I00-N03,C71,동귀일체
월보,C71-S00-I00-N03,C71,정신
월보,C71-S00-I00-N03,C71,신제도
월보,C71-S00-I00-N03,C71,철저
월보,C71-S00-I00-N03,C71,이백원래인내천
월보,C71-S00-I00-N03,C71,의미
월보,C71-S00-I00-N03,C71,다수
월보,C71-S00-I00-N03,C71,의사
월보,C71-S00-I00-N03,C71,복종
월보,C71-S00-I00-N03,C71,내재적신앙
월보,C71-S00-I00-N03,C71,오인
월보,C71-S00-I00-N03,C71,다수
월보,C71-S00-I00-N03,C71,의사
월보,C71-S00-I00-N03,C71,신제도
월보,C71-S00-I00-N03,C71,설정
월보,C71-S00-I00-N03,C71,우기다수
월보,C71-S00-I00-N03,C71,의사
월보,C71-S00-I00-N03,C71,찬성
월보,C71-S00-I00-N03,C71,以上
월보,C71-S00-I00-N03,C71,오인
월보,C71-S00-I00-N03,C71,다수의사
월보,C71-S00-I00-N03,C71,복종
월보,C71-S00-I00-N03,C71,인내천
월보,C71-S00-I00-N03,C71,동귀일체
월보,C71-S00-I00-N03,C71,심법
월보,C71-S00-I00-N03,C71,우기다수
월보,C71-S00-I00-N03,C71,의사
월보,C71-S00-I00-N03,C71,자기
월보,C71-S00-I00-N03,C71,노력
월보,C71-S00-I00-N03,C71,인내천
월보,C71-S00-I00-N03,C71,인내천
월보,C71-S00-I00-N03,C71,근년
월보,C71-S00-I00-N03,C71,조선청년
월보,C71-S00-I00-N03,C71,해외류학
월보,C71-S00-I00-N03,C71,중현대
월보,C71-S00-I00-N03,C71,과학
월보,C71-S00-I00-N03,C71,원산지
월보,C71-S00-I00-N03,C71,독일
월보,C71-S00-I00-N03,C71,각학교
월보,C71-S00-I00-N03,C71,재학중
월보,C71-S00-I00-N03,C71,이십여인
월보,C71-S00-I00-N03,C71,유학생
월보,C71-S00-I00-N03,C71,유독조선학우회
월보,C71-S00-I00-N03,C71,조직
월보,C72-S00-I00-N01,C72,천도교회월보모
월보,C72-S00-I00-N01,C72,신앙
월보,C72-S00-I00-N01,C72,귀취
월보,C72-S00-I00-N01,C72,절대초원
월보,C72-S00-I00-N01,C72,천우신
월보,C72-S00-I00-N01,C72,신비
월보,C72-S00-I00-N01,C72,존중
월보,C72-S00-I00-N01,C72,호고권위
월보,C72-S00-I00-N01,C72,물림
월보,C72-S00-I00-N01,C72,신앙
월보,C72-S00-I00-N01,C72,귀취
월보,C72-S00-I00-N01,C72,절대초원
월보,C72-S00-I00-N01,C72,천우신
월보,C72-S00-I00-N01,C72,신비
월보,C72-S00-I00-N01,C72,존중
월보,C72-S00-I00-N01,C72,호고권위
월보,C72-S00-I00-N01,C72,신비
월보,C72-S00-I00-N01,C72,일로
월보,C72-S00-I00-N01,C72,지명달식
월보,C72-S00-I00-N01,C72,각자
월보,C72-S00-I00-N01,C72,이외
월보,C72-S00-I00-N01,C72,천하
월보,C72-S00-I00-N01,C72,감불복
월보,C72-S00-I00-N01,C72,의미하
월보,C72-S00-I00-N01,C72,차자만자대
월보,C72-S00-I00-N01,C72,습성
월보,C72-S00-I00-N01,C72,섭복
월보,C72-S00-I00-N01,C72,신앙
월보,C72-S00-I00-N01,C72,근저
월보,C72-S00-I00-N01,C72,침입
월보,C72-S00-I00-N01,C72,후기보
월보,C72-S00-I00-N01,C72,점차인하
월보,C72-S00-I00-N01,C72,평역실재
월보,C72-S00-I00-N01,C72,본지
월보,C72-S00-I00-N01,C72,귀복
월보,C72-S00-I00-N01,C72,일대방편
월보,C72-S00-I00-N01,C72,방편
월보,C72-S00-I00-N01,C72,고정불변
월보,C72-S00-I00-N01,C72,오인
월보,C72-S00-I00-N01,C72,지식
월보,C72-S00-I00-N01,C72,시대시대진화
월보,C72-S00-I00-N01,C72,하시
월보,C72-S00-I00-N01,C72,신비
월보,C72-S00-I00-N01,C72,일도결렬
월보,C72-S00-I00-N01,C72,면불득
월보,C72-S00-I00-N01,C72,대신사
월보,C72-S00-I00-N01,C72,차점
월보,C72-S00-I00-N01,C72,착안
월보,C72-S00-I00-N01,C72,방편
월보,C72-S00-I00-N01,C72,불요
월보,C72-S00-I00-N01,C72,귀신자야오야사근취원
월보,C72-S00-I00-N01,C72,수어
월보,C72-S00-I00-N01,C72,견직
월보,C72-S00-I00-N01,C72,인생
월보,C72-S00-I00-N01,C72,본지
월보,C72-S00-I00-N01,C72,여온
월보,C72-S00-I00-N01,C72,계시
월보,C72-S00-I00-N01,C72,상차습성
월보,C72-S00-I00-N01,C72,권중
월보,C72-S00-I00-N01,C72,해망
월보,C72-S00-I00-N01,C72,오인
월보,C72-S00-I00-N01,C72,견직
월보,C72-S00-I00-N01,C72,평역
월보,C72-S00-I00-N01,C72,신경과민
월보,C72-S00-I00-N01,C72,금일신앙
월보,C72-S00-I00-N01,C72,타락
월보,C72-S00-I00-N01,C72,일원인
월보,C72-S00-I00-N01,C72,미완
월보,C72-S00-I00-N01,C72,진화
월보,C72-S00-I00-N01,C72,측면
월보,C72-S00-I00-N01,C72,인내천리돈화
월보,C72-S00-I00-N01,C72,발생
월보,C72-S00-I00-N01,C72,원인
월보,C72-S00-I00-N01,C72,방면
월보,C72-S00-I00-N01,C72,대체
월보,C72-S00-I00-N01,C72,개념
월보,C72-S00-I00-N01,C72,논단
월보,C72-S00-I00-N01,C72,종교적방면
월보,C72-S00-I00-N01,C72,과학적급철학적방면
월보,C72-S00-I00-N01,C72,불교
월보,C72-S00-I00-N01,C72,십이인연설
월보,C72-S00-I00-N01,C72,철학적
월보,C72-S00-I00-N01,C72,해명
월보,C72-S00-I00-N01,C72,인류
월보,C72-S00-I00-N01,C72,발생
월보,C72-S00-I00-N01,C72,인연
월보,C72-S00-I00-N01,C72,인연조성
월보,C72-S00-I00-N01,C72,원인
월보,C72-S00-I00-N01,C72,무명
월보,C72-S00-I00-N01,C72,미망
월보,C72-S00-I00-N01,C72,종자
월보,C72-S00-I00-N01,C72,인연조성
월보,C72-S00-I00-N01,C72,원인
월보,C72-S00-I00-N01,C72,무명
월보,C72-S00-I00-N01,C72,미망
월보,C72-S00-I00-N01,C72,종자
월보,C72-S00-I00-N01,C72,원래종교상학설
월보,C72-S00-I00-N01,C72,종교적방면
월보,C72-S00-I00-N01,C72,각종래
월보,C72-S00-I00-N01,C72,신학
월보,C72-S00-I00-N01,C72,직접
월보,C72-S00-I00-N01,C72,지식적증고
월보,C72-S00-I00-N01,C72,불능
월보,C72-S00-I00-N01,C72,물론
월보,C72-S00-I00-N01,C72,과학적우철학적방면
월보,C72-S00-I00-N01,C72,인류
월보,C72-S00-I00-N01,C72,발생원인
월보,C72-S00-I00-N01,C72,기독교
월보,C72-S00-I00-N01,C72,신화
월보,C72-S00-I00-N01,C72,인류
월보,C72-S00-I00-N01,C72,원조
월보,C72-S00-I00-N01,C72,우주문제인생문제
월보,C72-S00-I00-N01,C72,진화론
월보,C72-S00-I00-N01,C72,근저
월보,C72-S00-I00-N01,C72,전복
월보,C72-S00-I00-N01,C72,우주급인생
월보,C72-S00-I00-N01,C72,발생원인
월보,C72-S00-I00-N01,C72,진화
월보,C72-S00-I00-N01,C72,천명
월보,C72-S00-I00-N01,C72,일세
월보,C72-S00-I00-N01,C72,학설
월보,C72-S00-I00-N01,C72,문제
월보,C72-S00-I00-N01,C72,경향
월보,C72-S00-I00-N01,C72,진화학설
월보,C72-S00-I00-N01,C72,인류
월보,C72-S00-I00-N01,C72,출생
월보,C72-S00-I00-N01,C72,진화
월보,C72-S00-I00-N01,C72,등동물
월보,C72-S00-I00-N01,C72,진화
월보,C72-S00-I00-N01,C72,즉인류
월보,C72-S00-I00-N01,C72,인류자체
월보,C72-S00-I00-N01,C72,시대
월보,C72-S00-I00-N01,C72,돌연
월보,C72-S00-I00-N01,C72,출생
월보,C72-S00-I00-N01,C72,하등동물
월보,C72-S00-I00-N01,C72,장구
월보,C72-S00-I00-N01,C72,연월
월보,C72-S00-I00-N01,C72,진화
월보,C72-S00-I00-N01,C72,결과
월보,C72-S00-I00-N01,C72,금일
월보,C72-S00-I00-N01,C72,고등인류
월보,C72-S00-I00-N01,C72,진화학설
월보,C72-S00-I00-N01,C72,이론
월보,C72-S00-I00-N01,C72,정부
월보,C72-S00-I00-N01,C72,세인
월보,C72-S00-I00-N01,C72,정평
월보,C72-S00-I00-N01,C72,진화
월보,C72-S00-I00-N01,C72,학설
월보,C72-S00-I00-N01,C72,여열
월보,C72-S00-I00-N01,C72,필요
월보,C72-S00-I00-N01,C72,진리
월보,C72-S00-I00-N01,C72,적당
월보,C72-S00-I00-N01,C72,논단
월보,C72-S00-I00-N01,C72,세인
월보,C72-S00-I00-N01,C72,진화적학리
월보,C72-S00-I00-N01,C72,연구
월보,C72-S00-I00-N01,C72,작정
월보,C72-S00-I00-N01,C72,이상오인
월보,C72-S00-I00-N01,C72,진화적학설
월보,C72-S00-I00-N01,C72,인내천
월보,C72-S00-I00-N01,C72,밀접
월보,C72-S00-I00-N01,C72,관계
월보,C72-S00-I00-N01,C72,조리
월보,C72-S00-I00-N01,C72,평소
월보,C72-S00-I00-N01,C72,일언
월보,C72-S00-I00-N01,C72,以上
월보,C72-S00-I00-N01,C72,자체
월보,C72-S00-I00-N01,C72,시대
월보,C72-S00-I00-N01,C72,돌연
월보,C72-S00-I00-N01,C72,출생
월보,C72-S00-I00-N01,C72,하등동물
월보,C72-S00-I00-N01,C72,점차진화
월보,C72-S00-I00-N01,C72,순서상인류
월보,C72-S00-I00-N01,C72,선조
월보,C72-S00-I00-N01,C72,원류
월보,C72-S00-I00-N01,C72,진화
월보,C72-S00-I00-N01,C72,원류
월보,C72-S00-I00-N01,C72,여사
월보,C72-S00-I00-N01,C72,추구
월보,C72-S00-I00-N01,C72,인류
월보,C72-S00-I00-N01,C72,祖先
월보,C72-S00-I00-N01,C72,내종
월보,C72-S00-I00-N01,C72,최원시적생물
월보,C72-S00-I00-N01,C72,최하등동물
월보,C72-S00-I00-N01,C72,낙착
월보,C72-S00-I00-N01,C72,진화론
월보,C72-S00-I00-N01,C72,계통
월보,C72-S00-I00-N01,C72,문제
월보,C72-S00-I00-N01,C72,형편
월보,C72-S00-I00-N01,C72,순서
월보,C72-S00-I00-N01,C72,이후
월보,C72-S00-I00-N01,C72,문제
월보,C72-S00-I00-N01,C72,학자
월보,C72-S00-I00-N01,C72,뇌장
월보,C72-S00-I00-N01,C72,문제
월보,C72-S00-I00-N01,C72,기억만년전최고원시적동물
월보,C72-S00-I00-N01,C72,소위
월보,C72-S00-I00-N01,C72,창조
월보,C72-S00-I00-N01,C72,난문
월보,C72-S00-I00-N01,C72,난문
월보,C72-S00-I00-N01,C72,생명
월보,C72-S00-I00-N01,C72,창조
월보,C72-S00-I00-N01,C72,시작
월보,C72-S00-I00-N01,C72,난문
월보,C72-S00-I00-N01,C72,생명
월보,C72-S00-I00-N01,C72,창조
월보,C72-S00-I00-N01,C72,순서
월보,C72-S00-I00-N01,C72,계제
월보,C72-S00-I00-N01,C72,단서
월보,C72-S00-I00-N01,C72,생물
월보,C72-S00-I00-N01,C72,창조
월보,C72-S00-I00-N01,C72,순서
월보,C72-S00-I00-N01,C72,以上
월보,C72-S00-I00-N01,C72,생물
월보,C72-S00-I00-N01,C72,생명
월보,C72-S00-I00-N01,C72,원시
월보,C72-S00-I00-N01,C72,난문
월보,C72-S00-I00-N01,C72,창조
월보,C72-S00-I00-N01,C72,난문
월보,C72-S00-I00-N01,C72,학설
월보,C72-S00-I00-N01,C72,지구
월보,C72-S00-I00-N01,C72,최초태양
월보,C72-S00-I00-N01,C72,분가
월보,C72-S00-I00-N01,C72,열도
월보,C72-S00-I00-N01,C72,당초생명
월보,C72-S00-I00-N01,C72,생물
월보,C72-S00-I00-N01,C72,물론
월보,C72-S00-I00-N01,C72,인아
월보,C72-S00-I00-N01,C72,생명
월보,C72-S00-I00-N01,C72,창조
월보,C72-S00-I00-N01,C72,의심
월보,C72-S00-I00-N01,C72,진화학자
월보,C72-S00-I00-N01,C72,단언
월보,C72-S00-I00-N01,C72,생명
월보,C72-S00-I00-N01,C72,원소
월보,C72-S00-I00-N01,C72,본래우주
월보,C72-S00-I00-N01,C72,즉우주대
월보,C72-S00-I00-N01,C72,생명
월보,C72-S00-I00-N01,C72,원질
월보,C72-S00-I00-N01,C72,우주
월보,C72-S00-I00-N01,C72,원류자기
월보,C72-S00-I00-N01,C72,하등동물
월보,C72-S00-I00-N01,C72,천도교회월보생명
월보,C72-S00-I00-N01,C72,전개
월보,C72-S00-I00-N01,C72,금일만유
월보,C72-S00-I00-N01,C72,생명
월보,C72-S00-I00-N01,C72,최종고상
월보,C72-S00-I00-N01,C72,인류
월보,C72-S00-I00-N01,C72,생명
월보,C72-S00-I00-N01,C72,以上
월보,C72-S00-I00-N01,C72,명백
월보,C72-S00-I00-N01,C72,오인
월보,C72-S00-I00-N01,C72,우주조직
월보,C72-S00-I00-N01,C72,원리
월보,C72-S00-I00-N01,C72,단서
월보,C72-S00-I00-N01,C72,지나철학
월보,C72-S00-I00-N01,C72,무극
월보,C72-S00-I00-N01,C72,생태극태극
월보,C72-S00-I00-N01,C72,생량의량의
월보,C72-S00-I00-N01,C72,생사상사상
월보,C72-S00-I00-N01,C72,생팔괘팔괘
월보,C72-S00-I00-N01,C72,생만물
월보,C72-S00-I00-N01,C72,원리
월보,C72-S00-I00-N01,C72,진화론
월보,C72-S00-I00-N01,C72,원리
월보,C72-S00-I00-N01,C72,부합점
월보,C72-S00-I00-N01,C72,발견
월보,C72-S00-I00-N01,C72,학자
월보,C72-S00-I00-N01,C72,우주
월보,C72-S00-I00-N01,C72,최초
월보,C72-S00-I00-N01,C72,혼돈체
월보,C72-S00-I00-N01,C72,점차성무
월보,C72-S00-I00-N01,C72,발생
월보,C72-S00-I00-N01,C72,성무
월보,C72-S00-I00-N01,C72,무수
월보,C72-S00-I00-N01,C72,성체
월보,C72-S00-I00-N01,C72,발생
월보,C72-S00-I00-N01,C72,오인
월보,C72-S00-I00-N01,C72,금일
월보,C72-S00-I00-N01,C72,혜택
월보,C72-S00-I00-N01,C72,태양계
월보,C72-S00-I00-N01,C72,생성
월보,C72-S00-I00-N01,C72,지구
월보,C72-S00-I00-N01,C72,태양계
월보,C72-S00-I00-N01,C72,생물
월보,C72-S00-I00-N01,C72,지구
월보,C72-S00-I00-N01,C72,발생
월보,C72-S00-I00-N01,C72,진화
월보,C72-S00-I00-N01,C72,진화
월보,C72-S00-I00-N01,C72,금일
월보,C72-S00-I00-N01,C72,형체
월보,C72-S00-I00-N01,C72,발달
월보,C72-S00-I00-N01,C72,우주
월보,C72-S00-I00-N01,C72,당초
월보,C72-S00-I00-N01,C72,진화
월보,C72-S00-I00-N01,C72,운동
월보,C72-S00-I00-N01,C72,필경
월보,C72-S00-I00-N01,C72,우주
월보,C72-S00-I00-N01,C72,대목적
월보,C72-S00-I00-N01,C72,운동
월보,C72-S00-I00-N01,C72,즉신
월보,C72-S00-I00-N01,C72,대목적적
월보,C72-S00-I00-N01,C72,구극
월보,C72-S00-I00-N01,C72,신자체
월보,C72-S00-I00-N01,C72,혼돈
월보,C72-S00-I00-N01,C72,인류
월보,C72-S00-I00-N01,C72,진화학상
월보,C72-S00-I00-N01,C72,정도
월보,C72-S00-I00-N01,C72,자격
월보,C72-S00-I00-N01,C72,인류
월보,C72-S00-I00-N01,C72,범신관상
월보,C72-S00-I00-N01,C72,절만물
월보,C72-S00-I00-N01,C72,범신관적의미
월보,C72-S00-I00-N01,C72,자격
월보,C72-S00-I00-N01,C72,만물
월보,C72-S00-I00-N01,C72,영장
월보,C72-S00-I00-N01,C72,천지
월보,C72-S00-I00-N01,C72,주인공
월보,C72-S00-I00-N01,C72,우주
월보,C72-S00-I00-N01,C72,영원
월보,C72-S00-I00-N01,C72,진화
월보,C72-S00-I00-N01,C72,활동체
월보,C72-S00-I00-N01,C72,우주
월보,C72-S00-I00-N01,C72,전체진화
월보,C72-S00-I00-N01,C72,품성
월보,C72-S00-I00-N01,C72,발휘
월보,C72-S00-I00-N01,C72,인류
월보,C72-S00-I00-N01,C72,진화
월보,C72-S00-I00-N01,C72,여지
월보,C72-S00-I00-N01,C72,과학자
월보,C72-S00-I00-N01,C72,인류진화상불조화
월보,C72-S00-I00-N01,C72,인류
월보,C72-S00-I00-N01,C72,진화전도
월보,C72-S00-I00-N01,C72,요원
월보,C72-S00-I00-N01,C72,증명
월보,C72-S00-I00-N01,C72,인류
월보,C72-S00-I00-N01,C72,점차하등동물
월보,C72-S00-I00-N01,C72,진화향상
월보,C72-S00-I00-N01,C72,진화상
월보,C72-S00-I00-N01,C72,불조화
월보,C72-S00-I00-N01,C72,구원
월보,C72-S00-I00-N01,C72,제일
월보,C72-S00-I00-N01,C72,소화기
월보,C72-S00-I00-N01,C72,불조화
월보,C72-S00-I00-N01,C72,인류
월보,C72-S00-I00-N01,C72,맹장
월보,C72-S00-I00-N01,C72,병원
월보,C72-S00-I00-N01,C72,불용물
월보,C72-S00-I00-N01,C72,맹장
월보,C72-S00-I00-N01,C72,인류
월보,C72-S00-I00-N01,C72,맹장염
월보,C72-S00-I00-N01,C72,맹장
월보,C72-S00-I00-N01,C72,동물시대
월보,C72-S00-I00-N01,C72,필요
월보,C72-S00-I00-N01,C72,시대
월보,C72-S00-I00-N01,C72,필요
월보,C72-S00-I00-N01,C72,맹장
월보,C72-S00-I00-N01,C72,금일화식
월보,C72-S00-I00-N01,C72,인류
월보,C72-S00-I00-N01,C72,소용
월보,C72-S00-I00-N01,C72,지금
월보,C72-S00-I00-N01,C72,타동물
월보,C72-S00-I00-N01,C72,맹장
월보,C72-S00-I00-N01,C72,필요
월보,C72-S00-I00-N01,C72,소화작용
월보,C72-S00-I00-N01,C72,하고
월보,C72-S00-I00-N01,C72,맹장
월보,C72-S00-I00-N01,C72,불소화물
월보,C72-S00-I00-N01,C72,소화
월보,C72-S00-I00-N01,C72,작용
월보,C72-S00-I00-N01,C72,조악
월보,C72-S00-I00-N01,C72,食物
월보,C72-S00-I00-N01,C72,타동물
월보,C72-S00-I00-N01,C72,소용
월보,C72-S00-I00-N01,C72,진보
월보,C72-S00-I00-N01,C72,인류
월보,C72-S00-I00-N01,C72,화식생활
월보,C72-S00-I00-N01,C72,장위
월보,C72-S00-I00-N01,C72,필요
월보,C72-S00-I00-N01,C72,제일인류
월보,C72-S00-I00-N01,C72,불조화
월보,C72-S00-I00-N01,C72,제이생식욕
월보,C72-S00-I00-N01,C72,불조화
월보,C72-S00-I00-N01,C72,생식욕
월보,C72-S00-I00-N01,C72,생류일반
월보,C72-S00-I00-N01,C72,통유성
월보,C72-S00-I00-N01,C72,인류
월보,C72-S00-I00-N01,C72,성욕
월보,C72-S00-I00-N01,C72,생식욕
월보,C72-S00-I00-N01,C72,생류
월보,C72-S00-I00-N01,C72,생존경쟁상
월보,C72-S00-I00-N01,C72,자기
월보,C72-S00-I00-N01,C72,종속
월보,C72-S00-I00-N01,C72,번식
월보,C72-S00-I00-N01,C72,인류
월보,C72-S00-I00-N01,C72,생식욕
월보,C72-S00-I00-N01,C72,번식
월보,C72-S00-I00-N01,C72,인류
월보,C72-S00-I00-N01,C72,생식욕
월보,C72-S00-I00-N01,C72,번식
월보,C72-S00-I00-N01,C72,불구
월보,C72-S00-I00-N01,C72,인류
월보,C72-S00-I00-N01,C72,생식욕
월보,C72-S00-I00-N01,C72,의외
월보,C72-S00-I00-N01,C72,거대
월보,C72-S00-I00-N01,C72,발달
월보,C72-S00-I00-N01,C72,조성
월보,C72-S00-I00-N01,C72,인류중
월보,C72-S00-I00-N01,C72,미개
월보,C72-S00-I00-N01,C72,미개
월보,C72-S00-I00-N01,C72,생식욕
월보,C72-S00-I00-N01,C72,발달
월보,C72-S00-I00-N01,C72,조성
월보,C72-S00-I00-N01,C72,결과인류
월보,C72-S00-I00-N01,C72,인류호상간
월보,C72-S00-I00-N01,C72,필경생존경쟁
월보,C72-S00-I00-N01,C72,상태
월보,C72-S00-I00-N01,C72,태고
월보,C72-S00-I00-N01,C72,인류
월보,C72-S00-I00-N01,C72,자기종속
월보,C72-S00-I00-N01,C72,희한
월보,C72-S00-I00-N01,C72,자연
월보,C72-S00-I00-N01,C72,위압
월보,C72-S00-I00-N01,C72,시대
월보,C72-S00-I00-N01,C72,종속
월보,C72-S00-I00-N01,C72,번식
월보,C72-S00-I00-N01,C72,생식욕
월보,C72-S00-I00-N01,C72,거대
월보,C72-S00-I00-N01,C72,문명
월보,C72-S00-I00-N01,C72,진보
월보,C72-S00-I00-N01,C72,금일
월보,C72-S00-I00-N01,C72,인종
월보,C72-S00-I00-N01,C72,번식
월보,C72-S00-I00-N01,C72,종속
월보,C72-S00-I00-N01,C72,번식
월보,C72-S00-I00-N01,C72,자기
월보,C72-S00-I00-N01,C72,고통
월보,C72-S00-I00-N01,C72,노동사회
월보,C72-S00-I00-N01,C72,지식계급
월보,C72-S00-I00-N01,C72,생산
월보,C72-S00-I00-N01,C72,통계
월보,C72-S00-I00-N01,C72,고통
월보,C72-S00-I00-N01,C72,기외생식욕
월보,C72-S00-I00-N01,C72,고통
월보,C72-S00-I00-N01,C72,연애
월보,C72-S00-I00-N01,C72,청년시대
월보,C72-S00-I00-N01,C72,연애
월보,C72-S00-I00-N01,C72,고통
월보,C72-S00-I00-N01,C72,제삼
월보,C72-S00-I00-N01,C72,생존욕
월보,C72-S00-I00-N01,C72,불조화
월보,C72-S00-I00-N01,C72,생존욕
월보,C72-S00-I00-N01,C72,인류
월보,C72-S00-I00-N01,C72,최고
월보,C72-S00-I00-N01,C72,발달
월보,C72-S00-I00-N01,C72,불구
월보,C72-S00-I00-N01,C72,일방
월보,C72-S00-I00-N01,C72,생명
월보,C72-S00-I00-N01,C72,모순
월보,C72-S00-I00-N01,C72,대개생존욕
월보,C72-S00-I00-N01,C72,연령
월보,C72-S00-I00-N01,C72,현저
월보,C72-S00-I00-N01,C72,상이
월보,C72-S00-I00-N01,C72,경향
월보,C72-S00-I00-N01,C72,생존욕
월보,C72-S00-I00-N01,C72,시기
월보,C72-S00-I00-N01,C72,노소
월보,C72-S00-I00-N01,C72,청년
월보,C72-S00-I00-N01,C72,노년
월보,C72-S00-I00-N01,C72,생존욕
월보,C72-S00-I00-N01,C72,박약
월보,C72-S00-I00-N01,C72,모험
월보,C72-S00-I00-N01,C72,자살
월보,C72-S00-I00-N01,C72,사실
월보,C72-S00-I00-N01,C72,염세비관
월보,C72-S00-I00-N01,C72,사상
월보,C72-S00-I00-N01,C72,청년시대
월보,C72-S00-I00-N01,C72,노년
월보,C72-S00-I00-N01,C72,경향
월보,C72-S00-I00-N01,C72,예증
월보,C72-S00-I00-N01,C72,동서고금
월보,C72-S00-I00-N01,C72,사실
월보,C72-S00-I00-N01,C72,증명
월보,C72-S00-I00-N01,C72,석가
월보,C72-S00-I00-N01,C72,비상
월보,C72-S00-I00-N01,C72,염세비관
월보,C72-S00-I00-N01,C72,사상
월보,C72-S00-I00-N01,C72,청년시대
월보,C72-S00-I00-N01,C72,노년
월보,C72-S00-I00-N01,C72,대개
월보,C72-S00-I00-N01,C72,천도교회월보천주의
월보,C72-S00-I00-N01,C72,서양
월보,C72-S00-I00-N01,C72,유명
월보,C72-S00-I00-N01,C72,염세가
월보,C72-S00-I00-N01,C72,사십이상
월보,C72-S00-I00-N01,C72,이후
월보,C72-S00-I00-N01,C72,낙천가
월보,C72-S00-I00-N01,C72,여사
월보,C72-S00-I00-N01,C72,인류
월보,C72-S00-I00-N01,C72,연령
월보,C72-S00-I00-N01,C72,증가
월보,C72-S00-I00-N01,C72,이전
월보,C72-S00-I00-N01,C72,우주
월보,C72-S00-I00-N01,C72,진화
월보,C72-S00-I00-N01,C72,금일
월보,C72-S00-I00-N01,C72,정도
월보,C72-S00-I00-N01,C72,생존욕
월보,C72-S00-I00-N01,C72,성대
월보,C72-S00-I00-N01,C72,인류
월보,C72-S00-I00-N01,C72,인류
월보,C72-S00-I00-N01,C72,불조화
월보,C72-S00-I00-N01,C72,여사
월보,C72-S00-I00-N01,C72,인류
월보,C72-S00-I00-N01,C72,불조화
월보,C72-S00-I00-N01,C72,종교상의미
월보,C72-S00-I00-N01,C72,천국
월보,C72-S00-I00-N01,C72,불단
월보,C72-S00-I00-N01,C72,진화
월보,C72-S00-I00-N01,C72,진화
월보,C72-S00-I00-N01,C72,과정상인류
월보,C72-S00-I00-N01,C72,불조화
월보,C72-S00-I00-N01,C72,제거
월보,C72-S00-I00-N01,C72,불단
월보,C72-S00-I00-N01,C72,향상
월보,C72-S00-I00-N01,C72,여지
월보,C72-S00-I00-N01,C72,以上
월보,C72-S00-I00-N01,C72,인류
월보,C72-S00-I00-N01,C72,하등동물
월보,C72-S00-I00-N01,C72,진화
월보,C72-S00-I00-N01,C72,진화
월보,C72-S00-I00-N01,C72,여지
월보,C72-S00-I00-N01,C72,구식
월보,C72-S00-I00-N01,C72,종교가
월보,C72-S00-I00-N01,C72,인류
월보,C72-S00-I00-N01,C72,자격
월보,C72-S00-I00-N01,C72,자기
월보,C72-S00-I00-N01,C72,추락
월보,C72-S00-I00-N01,C72,염려
월보,C72-S00-I00-N01,C72,오인
월보,C72-S00-I00-N01,C72,사고
월보,C72-S00-I00-N01,C72,인류
월보,C72-S00-I00-N01,C72,진화적동물
월보,C72-S00-I00-N01,C72,인류
월보,C72-S00-I00-N01,C72,가치
월보,C72-S00-I00-N01,C72,하고
월보,C72-S00-I00-N01,C72,인류
월보,C72-S00-I00-N01,C72,만일
월보,C72-S00-I00-N01,C72,진화
월보,C72-S00-I00-N01,C72,창조당시
월보,C72-S00-I00-N01,C72,즉금일
월보,C72-S00-I00-N01,C72,금일
월보,C72-S00-I00-N01,C72,진화
월보,C72-S00-I00-N01,C72,무한
월보,C72-S00-I00-N01,C72,추념
월보,C72-S00-I00-N01,C72,무한
월보,C72-S00-I00-N01,C72,도정
월보,C72-S00-I00-N01,C72,자기
월보,C72-S00-I00-N01,C72,진경
월보,C72-S00-I00-N01,C72,묘출
월보,C72-S00-I00-N01,C72,고통
월보,C72-S00-I00-N01,C72,고해
월보,C72-S00-I00-N01,C72,조직
월보,C72-S00-I00-N01,C72,완전
월보,C72-S00-I00-N01,C72,원만
월보,C72-S00-I00-N01,C72,보통적
월보,C72-S00-I00-N01,C72,피해
월보,C72-S00-I00-N01,C72,연고
월보,C72-S00-I00-N01,C72,인류
월보,C72-S00-I00-N01,C72,개조
월보,C72-S00-I00-N01,C72,현재
월보,C72-S00-I00-N01,C72,불완전
월보,C72-S00-I00-N01,C72,상태
월보,C72-S00-I00-N01,C72,이상적행복
월보,C72-S00-I00-N01,C72,축상
월보,C72-S00-I00-N01,C72,천국
월보,C72-S00-I00-N01,C72,인내천주의
월보,C72-S00-I00-N01,C72,장래
월보,C72-S00-I00-N01,C72,천국
월보,C72-S00-I00-N01,C72,인류
월보,C72-S00-I00-N01,C72,인류
월보,C72-S00-I00-N01,C72,무한
월보,C72-S00-I00-N01,C72,추념
월보,C72-S00-I00-N01,C72,극락
월보,C72-S00-I00-N01,C72,동경
월보,C72-S00-I00-N01,C72,진경
월보,C72-S00-I00-N01,C72,묘출
월보,C72-S00-I00-N01,C72,차세
월보,C72-S00-I00-N01,C72,고통
월보,C72-S00-I00-N01,C72,고해
월보,C72-S00-I00-N01,C72,차세계
월보,C72-S00-I00-N01,C72,인간사회
월보,C72-S00-I00-N01,C72,조직
월보,C72-S00-I00-N01,C72,완전
월보,C73-S00-I00-N01,C73,천도교회월보신앙관념
월보,C73-S00-I00-N01,C73,본체리돈화갑
월보,C73-S00-I00-N01,C73,인류사회화복
월보,C73-S00-I00-N01,C73,관계
월보,C73-S00-I00-N01,C73,세상
월보,C73-S00-I00-N01,C73,개인
월보,C73-S00-I00-N01,C73,사회
월보,C73-S00-I00-N01,C73,완전
월보,C73-S00-I00-N01,C73,행복
월보,C73-S00-I00-N01,C73,철저
월보,C73-S00-I00-N01,C73,죄악
월보,C73-S00-I00-N01,C73,질투시의가분허장내지쟁탈탄식멸망등
월보,C73-S00-I00-N01,C73,죄악
월보,C73-S00-I00-N01,C73,분자
월보,C73-S00-I00-N01,C73,개인
월보,C73-S00-I00-N01,C73,심리
월보,C73-S00-I00-N01,C73,잠복
월보,C73-S00-I00-N01,C73,민족국가사회
월보,C73-S00-I00-N01,C73,이면
월보,C73-S00-I00-N01,C73,유행
월보,C73-S00-I00-N01,C73,양고
월보,C73-S00-I00-N01,C73,심리
월보,C73-S00-I00-N01,C73,자기
월보,C73-S00-I00-N01,C73,심법
월보,C73-S00-I00-N01,C73,근본적심법
월보,C73-S00-I00-N01,C73,실재정신
월보,C73-S00-I00-N01,C73,세상
월보,C73-S00-I00-N01,C73,종교
월보,C73-S00-I00-N01,C73,종류
월보,C73-S00-I00-N01,C73,신앙
월보,C73-S00-I00-N01,C73,방법
월보,C73-S00-I00-N01,C73,종교
월보,C73-S00-I00-N01,C73,신앙
월보,C73-S00-I00-N01,C73,철저
월보,C73-S00-I00-N01,C73,체오
월보,C73-S00-I00-N01,C73,중생
월보,C73-S00-I00-N01,C73,진실
월보,C73-S00-I00-N01,C73,행복
월보,C73-S00-I00-N01,C73,세계
월보,C73-S00-I00-N01,C73,종교
월보,C73-S00-I00-N01,C73,신앙기물
월보,C73-S00-I00-N01,C73,직접
월보,C73-S00-I00-N01,C73,중생
월보,C73-S00-I00-N01,C73,원인
월보,C73-S00-I00-N01,C73,중생
월보,C73-S00-I00-N01,C73,종교
월보,C73-S00-I00-N01,C73,신앙
월보,C73-S00-I00-N01,C73,본의
월보,C73-S00-I00-N01,C73,파득
월보,C73-S00-I00-N01,C73,인습
월보,C73-S00-I00-N01,C73,타력
월보,C73-S00-I00-N01,C73,혼기
월보,C73-S00-I00-N01,C73,정신
월보,C73-S00-I00-N01,C73,본지
월보,C73-S00-I00-N01,C73,引導
월보,C73-S00-I00-N01,C73,죄악
월보,C73-S00-I00-N01,C73,지금
월보,C73-S00-I00-N01,C73,세계
월보,C73-S00-I00-N01,C73,인류
월보,C73-S00-I00-N01,C73,행복
월보,C73-S00-I00-N01,C73,근본적
월보,C73-S00-I00-N01,C73,발전
월보,C73-S00-I00-N01,C73,제일원인
월보,C73-S00-I00-N01,C73,인류신앙
월보,C73-S00-I00-N01,C73,대신사
월보,C73-S00-I00-N01,C73,만근이래
월보,C73-S00-I00-N01,C73,일세지인
월보,C73-S00-I00-N01,C73,각자위심
월보,C73-S00-I00-N01,C73,불순천명불순천리
월보,C73-S00-I00-N01,C73,현대
월보,C73-S00-I00-N01,C73,인심
월보,C73-S00-I00-N01,C73,세상
월보,C73-S00-I00-N01,C73,공맹
월보,C73-S00-I00-N01,C73,요순
월보,C73-S00-I00-N01,C73,상해다
월보,C73-S00-I00-N01,C73,운명
월보,C73-S00-I00-N01,C73,대혁
월보,C73-S00-I00-N01,C73,일천하
월보,C73-S00-I00-N01,C73,낭복운수
월보,C73-S00-I00-N01,C73,개벽
월보,C73-S00-I00-N01,C73,무극대도
월보,C73-S00-I00-N01,C73,장차천하
월보,C73-S00-I00-N01,C73,신관념
월보,C73-S00-I00-N01,C73,본체
월보,C73-S00-I00-N01,C73,세상
월보,C73-S00-I00-N01,C73,이치
월보,C73-S00-I00-N01,C73,중생
월보,C73-S00-I00-N01,C73,근본
월보,C73-S00-I00-N01,C73,증제
월보,C73-S00-I00-N01,C73,도리
월보,C73-S00-I00-N01,C73,확실
월보,C73-S00-I00-N01,C73,존재
월보,C73-S00-I00-N01,C73,증거
월보,C73-S00-I00-N01,C73,전시
월보,C73-S00-I00-N01,C73,대천성진
월보,C73-S00-I00-N01,C73,찬연
월보,C73-S00-I00-N01,C73,존재
월보,C73-S00-I00-N01,C73,증거
월보,C73-S00-I00-N01,C73,만물
월보,C73-S00-I00-N01,C73,생멸변화
월보,C73-S00-I00-N01,C73,증거
월보,C73-S00-I00-N01,C73,인물
월보,C73-S00-I00-N01,C73,정신상태
월보,C73-S00-I00-N01,C73,존재
월보,C73-S00-I00-N01,C73,진실성
월보,C73-S00-I00-N01,C73,진실성
월보,C73-S00-I00-N01,C73,표현
월보,C73-S00-I00-N01,C73,지기
월보,C73-S00-I00-N01,C73,지리
월보,C73-S00-I00-N01,C73,영원무궁
월보,C73-S00-I00-N01,C73,시공
월보,C73-S00-I00-N01,C73,편재
월보,C73-S00-I00-N01,C73,一切
월보,C73-S00-I00-N01,C73,섭리
월보,C73-S00-I00-N01,C73,一切
월보,C73-S00-I00-N01,C73,調和
월보,C73-S00-I00-N01,C73,유일
월보,C73-S00-I00-N01,C73,보편성
월보,C73-S00-I00-N01,C73,하인
월보,C73-S00-I00-N01,C73,否認
월보,C73-S00-I00-N01,C73,차유일
월보,C73-S00-I00-N01,C73,보편성
월보,C73-S00-I00-N01,C73,시간
월보,C73-S00-I00-N01,C73,분별
월보,C73-S00-I00-N01,C73,공간
월보,C73-S00-I00-N01,C73,한정
월보,C73-S00-I00-N01,C73,원근상하대소거세
월보,C73-S00-I00-N01,C73,시공
월보,C73-S00-I00-N01,C73,연이
월보,C73-S00-I00-N01,C73,주행
월보,C73-S00-I00-N01,C73,순환
월보,C73-S00-I00-N01,C73,섭리
월보,C73-S00-I00-N01,C73,표창
월보,C73-S00-I00-N01,C73,調和
월보,C73-S00-I00-N01,C73,전지전능
월보,C73-S00-I00-N01,C73,다력
월보,C73-S00-I00-N01,C73,발휘
월보,C73-S00-I00-N01,C73,일물
월보,C73-S00-I00-N01,C73,즉시무한
월보,C73-S00-I00-N01,C73,일사
월보,C73-S00-I00-N01,C73,즉시무궁
월보,C73-S00-I00-N01,C73,무소불재
월보,C73-S00-I00-N01,C73,무궁
월보,C73-S00-I00-N01,C73,시간
월보,C73-S00-I00-N01,C73,존재
월보,C73-S00-I00-N01,C73,무궁
월보,C73-S00-I00-N01,C73,공간
월보,C73-S00-I00-N01,C73,존재
월보,C73-S00-I00-N01,C73,만물
월보,C73-S00-I00-N01,C73,세계
월보,C73-S00-I00-N01,C73,존재
월보,C73-S00-I00-N01,C73,만물
월보,C73-S00-I00-N01,C73,증거
월보,C73-S00-I00-N01,C73,증거
월보,C73-S00-I00-N01,C73,처소
월보,C73-S00-I00-N01,C73,처소
월보,C73-S00-I00-N01,C73,처소
월보,C73-S00-I00-N01,C73,만일
월보,C73-S00-I00-N01,C73,원근
월보,C73-S00-I00-N01,C73,자가
월보,C73-S00-I00-N01,C73,자가
월보,C73-S00-I00-N01,C73,구차
월보,C73-S00-I00-N01,C73,구차
월보,C73-S00-I00-N01,C73,해월신사
월보,C73-S00-I00-N01,C73,천사
월보,C73-S00-I00-N01,C73,무소불재
월보,C73-S00-I00-N01,C73,증거
월보,C73-S00-I00-N01,C73,무상
월보,C73-S00-I00-N01,C73,법언
월보,C73-S00-I00-N01,C73,도리
월보,C73-S00-I00-N01,C73,세계
월보,C73-S00-I00-N01,C73,제일
월보,C73-S00-I00-N01,C73,천도교회월보
월보,C73-S00-I00-N01,C73,도리
월보,C73-S00-I00-N01,C73,경로
월보,C73-S00-I00-N01,C73,사근취원
월보,C73-S00-I00-N01,C73,불가
월보,C73-S00-I00-N01,C73,제일
월보,C73-S00-I00-N01,C73,세계
월보,C73-S00-I00-N01,C73,개인
월보,C73-S00-I00-N01,C73,심법
월보,C73-S00-I00-N01,C73,행위동작
월보,C73-S00-I00-N01,C73,천리
월보,C73-S00-I00-N01,C73,조섭
월보,C73-S00-I00-N01,C73,제일착
월보,C73-S00-I00-N01,C73,자성
월보,C73-S00-I00-N01,C73,무한무궁
월보,C73-S00-I00-N01,C73,자성
월보,C73-S00-I00-N01,C73,무한무궁
월보,C73-S00-I00-N01,C73,존재
월보,C73-S00-I00-N01,C73,증거
월보,C73-S00-I00-N01,C73,신체
월보,C73-S00-I00-N01,C73,혈맥
월보,C73-S00-I00-N01,C73,자유
월보,C73-S00-I00-N01,C73,순환
월보,C73-S00-I00-N01,C73,호흡
월보,C73-S00-I00-N01,C73,자유
월보,C73-S00-I00-N01,C73,출입
월보,C73-S00-I00-N01,C73,일절언소행동
월보,C73-S00-I00-N01,C73,자유
월보,C73-S00-I00-N01,C73,자재
월보,C73-S00-I00-N01,C73,법성
월보,C73-S00-I00-N01,C73,신체
월보,C73-S00-I00-N01,C73,심리
월보,C73-S00-I00-N01,C73,일동일정
월보,C73-S00-I00-N01,C73,자연
월보,C73-S00-I00-N01,C73,일어일묵
월보,C73-S00-I00-N01,C73,자연
월보,C73-S00-I00-N01,C73,서서
월보,C73-S00-I00-N01,C73,천지만물
월보,C73-S00-I00-N01,C73,전능
월보,C73-S00-I00-N01,C73,표현
월보,C73-S00-I00-N02,C73,유무
월보,C73-S00-I00-N02,C73,의심
월보,C73-S00-I00-N02,C73,자기
월보,C73-S00-I00-N02,C73,유무
월보,C73-S00-I00-N02,C73,의심
월보,C73-S00-I00-N02,C73,유무
월보,C73-S00-I00-N02,C73,의심
월보,C73-S00-I00-N02,C73,자기
월보,C73-S00-I00-N02,C73,표현
월보,C73-S00-I00-N02,C73,자기
월보,C73-S00-I00-N02,C73,전체
월보,C73-S00-I00-N02,C73,대신사
월보,C73-S00-I00-N02,C73,도시
월보,C73-S00-I00-N02,C73,사근취원
월보,C73-S00-I00-N02,C73,자기
월보,C73-S00-I00-N02,C73,도리
월보,C73-S00-I00-N02,C73,무시
월보,C73-S00-I00-N02,C73,직접
월보,C73-S00-I00-N02,C73,도덕상행위
월보,C73-S00-I00-N02,C73,확신
월보,C73-S00-I00-N02,C73,행위
월보,C73-S00-I00-N02,C73,직접
월보,C73-S00-I00-N02,C73,명령
월보,C73-S00-I00-N02,C73,행위
월보,C73-S00-I00-N02,C73,소위
월보,C73-S00-I00-N02,C73,명령
월보,C73-S00-I00-N02,C73,외계
월보,C73-S00-I00-N02,C73,내계
월보,C73-S00-I00-N02,C73,명령
월보,C73-S00-I00-N02,C73,죄과
월보,C73-S00-I00-N02,C73,양심
월보,C73-S00-I00-N02,C73,가책
월보,C73-S00-I00-N02,C73,악성
월보,C73-S00-I00-N02,C73,악색
월보,C73-S00-I00-N02,C73,불쾌
월보,C73-S00-I00-N02,C73,감정
월보,C73-S00-I00-N02,C73,악성
월보,C73-S00-I00-N02,C73,악색
월보,C73-S00-I00-N02,C73,악감
월보,C73-S00-I00-N02,C73,음락
월보,C73-S00-I00-N02,C73,색채
월보,C73-S00-I00-N02,C73,영묘
월보,C73-S00-I00-N02,C73,동작
월보,C73-S00-I00-N02,C73,선악
월보,C73-S00-I00-N02,C73,분자
월보,C73-S00-I00-N02,C73,확실
월보,C73-S00-I00-N02,C73,경쟁적태도
월보,C73-S00-I00-N02,C73,사실
월보,C73-S00-I00-N02,C73,신앙관념
월보,C73-S00-I00-N02,C73,본체
월보,C73-S00-I00-N02,C73,양심
월보,C73-S00-I00-N02,C73,도덕적방면
월보,C73-S00-I00-N02,C73,행위
월보,C73-S00-I00-N02,C73,섭리
월보,C73-S00-I00-N02,C73,악심
월보,C73-S00-I00-N02,C73,저항
월보,C73-S00-I00-N02,C73,심리상태
월보,C73-S00-I00-N02,C73,경험
월보,C73-S00-I00-N02,C73,심리
월보,C73-S00-I00-N02,C73,삼종
월보,C73-S00-I00-N02,C73,자아성
월보,C73-S00-I00-N02,C73,발견
월보,C73-S00-I00-N02,C73,수아
월보,C73-S00-I00-N02,C73,인아
월보,C73-S00-I00-N02,C73,신아
월보,C73-S00-I00-N02,C73,수아
월보,C73-S00-I00-N02,C73,정욕
월보,C73-S00-I00-N02,C73,무규칙적
월보,C73-S00-I00-N02,C73,도덕적행위
월보,C73-S00-I00-N02,C73,행위
월보,C73-S00-I00-N02,C73,인아
월보,C73-S00-I00-N02,C73,정욕
월보,C73-S00-I00-N02,C73,발동
월보,C73-S00-I00-N02,C73,한도
월보,C73-S00-I00-N02,C73,제한
월보,C73-S00-I00-N02,C73,사회
월보,C73-S00-I00-N02,C73,행위
월보,C73-S00-I00-N02,C73,발휘
월보,C73-S00-I00-N02,C73,선악
월보,C73-S00-I00-N02,C73,양분자
월보,C73-S00-I00-N02,C73,항상
월보,C73-S00-I00-N02,C73,상대적행위
월보,C73-S00-I00-N02,C73,수아
월보,C73-S00-I00-N02,C73,분량
월보,C73-S00-I00-N02,C73,사회
월보,C73-S00-I00-N02,C73,가치
월보,C73-S00-I00-N02,C73,인아
월보,C73-S00-I00-N02,C73,분량
월보,C73-S00-I00-N02,C73,행위성
월보,C73-S00-I00-N02,C73,여사
월보,C73-S00-I00-N02,C73,수아
월보,C73-S00-I00-N02,C73,인아
월보,C73-S00-I00-N02,C73,항상상대적의미
월보,C73-S00-I00-N02,C73,신아
월보,C73-S00-I00-N02,C73,수아
월보,C73-S00-I00-N02,C73,인아
월보,C73-S00-I00-N02,C73,초월
월보,C73-S00-I00-N02,C73,창조성
월보,C73-S00-I00-N02,C73,부여
월보,C73-S00-I00-N02,C73,도덕성
월보,C73-S00-I00-N02,C73,진실성
월보,C73-S00-I00-N02,C73,숭고
월보,C73-S00-I00-N02,C73,신아
월보,C73-S00-I00-N02,C73,전품성
월보,C73-S00-I00-N02,C73,지지지능
월보,C73-S00-I00-N02,C73,지인지자지애
월보,C73-S00-I00-N02,C73,지공지정지평
월보,C73-S00-I00-N02,C73,원만무결
월보,C73-S00-I00-N02,C73,덕성
월보,C73-S00-I00-N02,C73,신아즉
월보,C73-S00-I00-N02,C73,인류
월보,C73-S00-I00-N02,C73,숭고
월보,C73-S00-I00-N02,C73,행위
월보,C73-S00-I00-N02,C73,명령
월보,C73-S00-I00-N02,C73,엄정
월보,C73-S00-I00-N02,C73,도덕적규범
월보,C73-S00-I00-N02,C73,고결
월보,C73-S00-I00-N02,C73,진실성
월보,C73-S00-I00-N02,C73,신령
월보,C73-S00-I00-N02,C73,화평심
월보,C73-S00-I00-N02,C73,감발
월보,C73-S00-I00-N02,C73,생동활약
월보,C73-S00-I00-N02,C73,화복성쇠
월보,C73-S00-I00-N02,C73,차중
월보,C73-S00-I00-N02,C73,잠재
월보,C73-S00-I00-N02,C73,차간
월보,C73-S00-I00-N02,C73,신비
월보,C73-S00-I00-N02,C73,무량광
월보,C73-S00-I00-N02,C73,신아
월보,C73-S00-I00-N02,C73,법성
월보,C73-S00-I00-N02,C73,인류영광
월보,C73-S00-I00-N02,C73,원천
월보,C73-S00-I00-N02,C73,행복
월보,C73-S00-I00-N02,C73,근본
월보,C73-S00-I00-N02,C73,평화안령순응
월보,C73-S00-I00-N02,C73,본천
월보,C73-S00-I00-N02,C73,전세계전인류
월보,C73-S00-I00-N02,C73,향상
월보,C73-S00-I00-N02,C73,일개인화복성쇠
월보,C73-S00-I00-N02,C73,발전
월보,C73-S00-I00-N02,C73,화복성쇠
월보,C73-S00-I00-N02,C73,유행
월보,C73-S00-I00-N02,C73,시여
월보,C73-S00-I00-N02,C73,자혹
월보,C73-S00-I00-N02,C73,여탈
월보,C73-S00-I00-N02,C73,외계
월보,C73-S00-I00-N02,C73,오해
월보,C73-S00-I00-N02,C73,외계
월보,C73-S00-I00-N02,C73,행영
월보,C73-S00-I00-N02,C73,화재
월보,C73-S00-I00-N02,C73,동기
월보,C73-S00-I00-N02,C73,오인
월보,C73-S00-I00-N02,C73,내부
월보,C73-S00-I00-N02,C73,내부
월보,C73-S00-I00-N02,C73,자동적자발적
월보,C73-S00-I00-N02,C73,무위
월보,C73-S00-I00-N02,C73,행적
월보,C73-S00-I00-N02,C73,발로
월보,C73-S00-I00-N02,C73,자연
월보,C73-S00-I00-N02,C73,화육
월보,C73-S00-I00-N02,C73,유행
월보,C73-S00-I00-N02,C73,차리
월보,C73-S00-I00-N02,C73,위대
월보,C73-S00-I00-N02,C73,능력
월보,C73-S00-I00-N02,C73,내부
월보,C73-S00-I00-N02,C73,체험
월보,C73-S00-I00-N02,C73,체인
월보,C73-S00-I00-N02,C73,체화
월보,C73-S00-I00-N02,C73,영육
월보,C73-S00-I00-N02,C73,전체
월보,C73-S00-I00-N02,C73,영광
월보,C73-S00-I00-N02,C73,섭리
월보,C73-S00-I00-N02,C73,천도교회월보직접
월보,C73-S00-I00-N02,C73,영원
월보,C73-S00-I00-N02,C73,조건
월보,C73-S00-I00-N02,C73,대신사
월보,C73-S00-I00-N02,C73,수족동정
월보,C73-S00-I00-N02,C73,역시귀신
월보,C73-S00-I00-N02,C73,선악간
월보,C73-S00-I00-N02,C73,용사
월보,C73-S00-I00-N02,C73,역시기운
월보,C73-S00-I00-N02,C73,시조화
월보,C73-S00-I00-N02,C73,자기
월보,C73-S00-I00-N02,C73,불완전
월보,C73-S00-I00-N02,C73,완전
월보,C73-S00-I00-N02,C73,제조
월보,C73-S00-I00-N02,C73,표현
월보,C73-S00-I00-N02,C73,발생
월보,C73-S00-I00-N02,C73,원리
월보,C73-S00-I00-N02,C73,창조
월보,C73-S00-I00-N02,C73,조물주
월보,C73-S00-I00-N02,C73,피조자
월보,C73-S00-I00-N02,C73,定義
월보,C73-S00-I00-N02,C73,위선
월보,C73-S00-I00-N02,C73,오해
월보,C73-S00-I00-N02,C73,창조
월보,C73-S00-I00-N02,C73,표현
월보,C73-S00-I00-N02,C73,유형
월보,C73-S00-I00-N02,C73,무형
월보,C73-S00-I00-N02,C73,미생이전
월보,C73-S00-I00-N02,C73,즉천지만물
월보,C73-S00-I00-N02,C73,홍몽미판
월보,C73-S00-I00-N02,C73,고석
월보,C73-S00-I00-N02,C73,즉천지만
월보,C73-S00-I00-N02,C73,시작
월보,C73-S00-I00-N02,C73,천지만물
월보,C73-S00-I00-N02,C73,호성
월보,C73-S00-I00-N02,C73,천지만물
월보,C73-S00-I00-N02,C73,자성
월보,C73-S00-I00-N02,C73,만물
월보,C73-S00-I00-N02,C73,표현
월보,C73-S00-I00-N02,C73,천도교
월보,C73-S00-I00-N02,C73,의미
월보,C73-S00-I00-N02,C73,主義
월보,C73-S00-I00-N02,C73,인내천
월보,C73-S00-I00-N02,C73,주장
월보,C73-S00-I00-N02,C73,소이
월보,C73-S00-I00-N02,C73,영성
월보,C73-S00-I00-N02,C73,구체적
월보,C73-S00-I00-N02,C73,품부
월보,C73-S00-I00-N02,C73,무궁
월보,C73-S00-I00-N02,C73,진화과정
월보,C73-S00-I00-N02,C73,전두
월보,C73-S00-I00-N02,C73,개척자
월보,C73-S00-I00-N02,C73,계단
월보,C73-S00-I00-N02,C73,만물
월보,C73-S00-I00-N02,C73,과정
월보,C73-S00-I00-N02,C73,진화
월보,C73-S00-I00-N02,C73,과정
월보,C73-S00-I00-N02,C73,자기
월보,C73-S00-I00-N02,C73,자기
월보,C73-S00-I00-N02,C73,전책임
월보,C73-S00-I00-N02,C73,무궁
월보,C73-S00-I00-N02,C73,무궁
월보,C73-S00-I00-N02,C73,법성
월보,C73-S00-I00-N02,C73,영원
월보,C73-S00-I00-N02,C73,증명
월보,C73-S00-I00-N02,C73,신앙관념
월보,C73-S00-I00-N02,C73,본체
월보,C73-S00-I00-N02,C73,만물
월보,C73-S00-I00-N02,C73,법칙
월보,C73-S00-I00-N02,C73,영지
월보,C73-S00-I00-N02,C73,만물
월보,C73-S00-I00-N02,C73,무한
월보,C73-S00-I00-N02,C73,진화
월보,C73-S00-I00-N02,C73,시간
월보,C73-S00-I00-N02,C73,과정
월보,C73-S00-I00-N02,C73,범위
월보,C73-S00-I00-N02,C73,만물
월보,C73-S00-I00-N02,C73,계통
월보,C73-S00-I00-N02,C73,구별
월보,C73-S00-I00-N02,C73,진화적전계통
월보,C73-S00-I00-N02,C73,전체
월보,C73-S00-I00-N02,C73,물건
월보,C73-S00-I00-N02,C73,일부
월보,C73-S00-I00-N02,C73,만물
월보,C73-S00-I00-N02,C73,근본적
월보,C73-S00-I00-N02,C73,천지만물
월보,C73-S00-I00-N02,C73,본성
월보,C73-S00-I00-N02,C73,근본적
월보,C73-S00-I00-N02,C73,自身
월보,C73-S00-I00-N02,C73,천지만물
월보,C73-S00-I00-N02,C73,근본
월보,C73-S00-I00-N02,C73,품성
월보,C73-S00-I00-N02,C73,자성
월보,C73-S00-I00-N02,C73,본래
월보,C73-S00-I00-N02,C73,무궁이전
월보,C73-S00-I00-N02,C73,실재체
월보,C73-S00-I00-N02,C73,우무궁이후
월보,C73-S00-I00-N02,C73,무궁
월보,C73-S00-I00-N02,C73,전달
월보,C73-S00-I00-N02,C73,무한
월보,C73-S00-I00-N02,C73,무한
월보,C73-S00-I00-N02,C73,요구
월보,C73-S00-I00-N02,C73,철저
월보,C73-S00-I00-N02,C73,기대
월보,C73-S00-I00-N02,C73,적자신
월보,C73-S00-I00-N02,C73,근본적
월보,C73-S00-I00-N02,C73,무한
월보,C73-S00-I00-N02,C73,동경
월보,C73-S00-I00-N02,C73,완전
월보,C73-S00-I00-N02,C73,요구
월보,C73-S00-I00-N02,C73,근본적
월보,C73-S00-I00-N02,C73,무궁성
월보,C73-S00-I00-N02,C73,완전
월보,C73-S00-I00-N02,C73,기대
월보,C73-S00-I00-N02,C73,해결
월보,C73-S00-I00-N02,C73,불완전
월보,C73-S00-I00-N02,C73,완전
월보,C73-S00-I00-N02,C73,과정
월보,C73-S00-I00-N02,C73,수포
월보,C73-S00-I00-N02,C73,부유
월보,C73-S00-I00-N02,C73,죄악
월보,C73-S00-I00-N02,C73,고통
월보,C73-S00-I00-N02,C73,연고
월보,C73-S00-I00-N02,C73,사실
월보,C73-S00-I00-N02,C73,죄악
월보,C73-S00-I00-N02,C73,고통
월보,C73-S00-I00-N02,C73,불완전
월보,C73-S00-I00-N02,C73,종자
월보,C73-S00-I00-N02,C73,완전
월보,C73-S00-I00-N02,C73,원만자신
월보,C73-S00-I00-N02,C73,소질
월보,C73-S00-I00-N02,C73,본래
월보,C73-S00-I00-N02,C73,무궁
월보,C73-S00-I00-N02,C73,自身
월보,C73-S00-I00-N02,C73,완전
월보,C73-S00-I00-N02,C73,개척
월보,C73-S00-I00-N02,C73,완전
월보,C73-S00-I00-N02,C73,해결
월보,C73-S00-I00-N02,C73,자성
월보,C73-S00-I00-N02,C73,복기초
월보,C73-S00-I00-N02,C73,노력
월보,C73-S00-I00-N02,C73,고통
월보,C73-S00-I00-N02,C73,번민
월보,C73-S00-I00-N02,C73,불완전
월보,C73-S00-I00-N02,C73,완전
월보,C73-S00-I00-N02,C73,종교상방면
월보,C73-S00-I00-N02,C73,일신관념
월보,C73-S00-I00-N02,C73,정치외방면
월보,C73-S00-I00-N02,C73,회장정치
월보,C73-S00-I00-N02,C73,우범신관념
월보,C73-S00-I00-N02,C73,우일신관념
월보,C73-S00-I00-N02,C73,진보
월보,C73-S00-I00-N02,C73,중정치
월보,C73-S00-I00-N02,C73,민업무
월보,C73-S00-I00-N02,C73,방면
월보,C73-S00-I00-N02,C73,석기시대
월보,C73-S00-I00-N02,C73,철기시대철기시대
월보,C73-S00-I00-N02,C73,농상공시대
월보,C73-S00-I00-N02,C73,신조
월보,C73-S00-I00-N02,C73,무궁
월보,C73-S00-I00-N02,C73,표현
월보,C73-S00-I00-N02,C73,기대
월보,C73-S00-I00-N02,C73,대신사
월보,C73-S00-I00-N02,C73,항언
월보,C73-S00-I00-N02,C73,무궁
월보,C73-S00-I00-N02,C73,신조
월보,C73-S00-I00-N02,C73,근본
월보,C73-S00-I00-N02,C73,천도교회월보
월보,C73-S00-I00-N02,C73,도간
월보,C73-S00-I00-N02,C73,소식
월보,C73-S00-I00-N02,C73,여사
월보,C73-S00-I00-N02,C73,항상불완전
월보,C73-S00-I00-N02,C73,완전
월보,C73-S00-I00-N02,C73,도중
월보,C73-S00-I00-N02,C73,현재
월보,C73-S00-I00-N02,C73,고통
월보,C73-S00-I00-N02,C73,인류
월보,C73-S00-I00-N02,C73,자기
월보,C73-S00-I00-N02,C73,노력
월보,C73-S00-I00-N02,C73,가일층
월보,C73-S00-I00-N02,C73,완전경역
월보,C73-S00-I00-N02,C73,理想
월보,C73-S00-I00-N02,C73,사실적노력
월보,C73-S00-I00-N02,C73,세상
월보,C73-S00-I00-N02,C73,현재
월보,C73-S00-I00-N02,C73,경우
월보,C73-S00-I00-N02,C73,비열
월보,C73-S00-I00-N02,C73,미약
월보,C73-S00-I00-N02,C73,인내천
월보,C73-S00-I00-N02,C73,진리
월보,C73-S00-I00-N02,C73,의문
월보,C73-S00-I00-N02,C73,理想
월보,C73-S00-I00-N02,C73,서지
월보,C73-S00-I00-N02,C73,도외
월보,C73-S00-I00-N02,C73,전가치
월보,C73-S00-I00-N02,C73,전평가
월보,C73-S00-I00-N02,C73,과거
월보,C73-S00-I00-N02,C73,현재
월보,C73-S00-I00-N02,C73,표준
월보,C73-S00-I00-N02,C73,도달
월보,C73-S00-I00-N02,C73,영원
월보,C73-S00-I00-N02,C73,장래리상향
월보,C73-S00-I00-N02,C73,목표
월보,C73-S00-I00-N02,C73,본래무궁적
월보,C73-S00-I00-N02,C73,소질
월보,C73-S00-I00-N02,C73,전가치
월보,C73-S00-I00-N02,C73,대신사
월보,C73-S00-I00-N02,C73,목적
월보,C73-S00-I00-N02,C73,포덕천하광제창생
월보,C73-S00-I00-N02,C73,완전
월보,C73-S00-I00-N02,C73,교화
월보,C73-S00-I00-N02,C73,인내천주의
월보,C73-S00-I00-N02,C73,불완전
월보,C73-S00-I00-N02,C73,개조
월보,C73-S00-I00-N02,C73,以上
월보,C73-S00-I00-N02,C73,완전
월보,C73-S00-I00-N02,C73,가득
월보,C73-S00-I00-N02,C73,세계
월보,C73-S00-I00-N02,C73,세계
월보,C73-S00-I00-N02,C73,소질
월보,C73-S00-I00-N02,C73,신자신손
월보,C73-S00-I00-N02,C73,조직
월보,C73-S00-I00-N02,C73,세계
월보,C73-S00-I00-N02,C73,죄악
월보,C73-S00-I00-N02,C73,소굴
월보,C73-S00-I00-N02,C73,화란
월보,C73-S00-I00-N02,C73,수라장
월보,C73-S00-I00-N02,C73,소질
월보,C73-S00-I00-N02,C73,본래
월보,C73-S00-I00-N02,C73,신자신손
월보,C73-S00-I00-N02,C73,조직
월보,C73-S00-I00-N02,C73,염세가
월보,C73-S00-I00-N02,C73,보통
월보,C73-S00-I00-N02,C73,세계
월보,C73-S00-I00-N02,C73,화갱
월보,C73-S00-I00-N02,C73,마굴
월보,C73-S00-I00-N02,C73,반대
월보,C73-S00-I00-N02,C73,세계
월보,C73-S00-I00-N02,C73,천당
월보,C73-S00-I00-N02,C73,진여실재
월보,C73-S00-I00-N02,C73,세계
월보,C73-S00-I00-N02,C73,세계
월보,C73-S00-I00-N02,C73,영혼
월보,C73-S00-I00-N02,C73,오류
월보,C73-S00-I00-N02,C73,사상
월보,C73-S00-I00-N02,C73,세계
월보,C73-S00-I00-N02,C73,세계
월보,C73-S00-I00-N02,C73,천당
월보,C73-S00-I00-N02,C73,정신
월보,C73-S00-I00-N02,C73,윤회순환
월보,C73-S00-I00-N02,C73,세계
월보,C73-S00-I00-N02,C73,일면
월보,C73-S00-I00-N02,C73,정신
월보,C73-S00-I00-N02,C73,타일면
월보,C73-S00-I00-N02,C73,정신
월보,C73-S00-I00-N02,C73,물질
월보,C73-S00-I00-N02,C73,방면
월보,C73-S00-I00-N02,C73,물질
월보,C73-S00-I00-N02,C73,피아자타
월보,C73-S00-I00-N02,C73,구별
월보,C73-S00-I00-N02,C73,정신
월보,C73-S00-I00-N02,C73,방면
월보,C73-S00-I00-N02,C73,세계
월보,C73-S00-I00-N02,C73,보편적
월보,C73-S00-I00-N02,C73,공통적
월보,C73-S00-I00-N02,C73,영묘융통적
월보,C73-S00-I00-N02,C73,세계
월보,C73-S00-I00-N02,C73,일대령묘무궁
월보,C73-S00-I00-N02,C73,정신체
월보,C73-S00-I00-N02,C73,내재적
월보,C73-S00-I00-N02,C73,실재
월보,C73-S00-I00-N02,C73,표현
월보,C73-S00-I00-N02,C73,만물
월보,C73-S00-I00-N02,C73,생존
월보,C73-S00-I00-N02,C73,인류
월보,C73-S00-I00-N02,C73,도덕적조건
월보,C73-S00-I00-N02,C73,창조적본능
월보,C73-S00-I00-N02,C73,진화향상적미덕
월보,C73-S00-I00-N02,C73,근거
월보,C73-S00-I00-N02,C73,위선인류
월보,C73-S00-I00-N02,C73,자기
월보,C73-S00-I00-N02,C73,종속
월보,C73-S00-I00-N02,C73,혈액
월보,C73-S00-I00-N02,C73,인류
월보,C73-S00-I00-N02,C73,사상적육체
월보,C73-S00-I00-N02,C73,정신
월보,C73-S00-I00-N02,C73,인류
월보,C73-S00-I00-N02,C73,사상적계통
월보,C73-S00-I00-N02,C73,신앙관념
월보,C73-S00-I00-N02,C73,본체형조
월보,C73-S00-I00-N02,C73,혈액
월보,C73-S00-I00-N02,C73,전인류정대
월보,C73-S00-I00-N02,C73,전인류
월보,C73-S00-I00-N02,C73,대단
월보,C73-S00-I00-N02,C73,세계
월보,C73-S00-I00-N02,C73,조성
월보,C73-S00-I00-N02,C73,세계
월보,C73-S00-I00-N02,C73,신령
월보,C73-S00-I00-N02,C73,서식
월보,C73-S00-I00-N02,C73,영묘무사
월보,C73-S00-I00-N02,C73,극락소
월보,C73-S00-I00-N02,C73,세계
월보,C73-S00-I00-N02,C73,인정
월보,C73-S00-I00-N02,C73,만인
월보,C73-S00-I00-N02,C73,본등조건
월보,C73-S00-I00-N02,C73,근본적계기
월보,C73-S00-I00-N02,C73,세계
월보,C73-S00-I00-N02,C73,확락처
월보,C73-S00-I00-N02,C73,일대령체
월보,C73-S00-I00-N02,C73,방박충원
월보,C73-S00-I00-N02,C73,유연
월보,C73-S00-I00-N02,C73,중생
월보,C73-S00-I00-N02,C73,동일
월보,C73-S00-I00-N02,C73,신자신손
월보,C73-S00-I00-N02,C73,우열
월보,C73-S00-I00-N02,C73,동일
월보,C73-S00-I00-N02,C73,혜택
월보,C73-S00-I00-N02,C73,영광
월보,C73-S00-I00-N02,C73,형제동포
월보,C73-S00-I00-N02,C73,위대
월보,C73-S00-I00-N02,C73,생존
월보,C73-S00-I00-N02,C73,만인불등
월보,C73-S00-I00-N02,C73,조건
월보,C73-S00-I00-N02,C73,확수
월보,C73-S00-I00-N02,C73,불가
월보,C73-S00-I00-N02,C73,자기
월보,C73-S00-I00-N02,C73,자기
월보,C73-S00-I00-N02,C73,자기
월보,C73-S00-I00-N02,C73,자기
월보,C73-S00-I00-N02,C73,보익
월보,C73-S00-I00-N02,C73,무수
월보,C73-S00-I00-N02,C73,소아
월보,C73-S00-I00-N02,C73,세계
월보,C73-S00-I00-N02,C73,유일
월보,C73-S00-I00-N02,C73,대아
월보,C73-S00-I00-N02,C73,대아
월보,C73-S00-I00-N02,C73,공통
월보,C73-S00-I00-N02,C73,혈액
월보,C73-S00-I00-N02,C73,공통
월보,C73-S00-I00-N02,C73,정신하
월보,C73-S00-I00-N02,C73,공통
월보,C73-S00-I00-N02,C73,대아
월보,C73-S00-I00-N02,C73,영위
월보,C73-S00-I00-N02,C73,대아
월보,C73-S00-I00-N02,C73,차절대정신체
월보,C73-S00-I00-N02,C73,무한
월보,C73-S00-I00-N02,C73,시국
월보,C73-S00-I00-N02,C73,무한
월보,C73-S00-I00-N02,C73,공국
월보,C73-S00-I00-N02,C73,연긍미만
월보,C73-S00-I00-N02,C73,심물
월보,C73-S00-I00-N02,C73,심심물물물심
월보,C73-S00-I00-N02,C73,무궁
월보,C73-S00-I00-N02,C73,감화
월보,C73-S00-I00-N02,C73,사상
월보,C73-S00-I00-N02,C73,대지중생
월보,C73-S00-I00-N02,C73,조류
월보,C73-S00-I00-N02,C73,함양
월보,C73-S00-I00-N02,C73,문화
월보,C73-S00-I00-N02,C73,대지인간
월보,C73-S00-I00-N02,C73,공통
월보,C73-S00-I00-N02,C73,혜택
월보,C73-S00-I00-N02,C73,신자신손
월보,C73-S00-I00-N02,C73,혈액
월보,C73-S00-I00-N02,C73,정신
월보,C73-S00-I00-N02,C73,심법
월보,C73-S00-I00-N02,C73,영구
월보,C73-S00-I00-N02,C73,일체
월보,C73-S00-I00-N02,C73,무궁
월보,C73-S00-I00-N02,C73,무궁
월보,C74-S00-I00-N01,C74,신앙관념
월보,C74-S00-I00-N01,C74,본체
월보,C74-S00-I00-N01,C74,이돈화경신사월오일
월보,C74-S00-I00-N01,C74,경신사월오일
월보,C74-S00-I00-N01,C74,대신사
월보,C74-S00-I00-N01,C74,무극대도
월보,C74-S00-I00-N01,C74,전품성
월보,C74-S00-I00-N01,C74,완전
월보,C74-S00-I00-N01,C74,대신사
월보,C74-S00-I00-N01,C74,삼십칠년간
월보,C74-S00-I00-N01,C74,열렬
월보,C74-S00-I00-N01,C74,신앙
월보,C74-S00-I00-N01,C74,독실
월보,C74-S00-I00-N01,C74,연구
월보,C74-S00-I00-N01,C74,분투
월보,C74-S00-I00-N01,C74,실질
월보,C74-S00-I00-N01,C74,근본
월보,C74-S00-I00-N01,C74,강화
월보,C74-S00-I00-N01,C74,대우주
월보,C74-S00-I00-N01,C74,근본진리
월보,C74-S00-I00-N01,C74,직각적
월보,C74-S00-I00-N01,C74,강화
월보,C74-S00-I00-N01,C74,기록
월보,C74-S00-I00-N01,C74,구별
월보,C74-S00-I00-N01,C74,연고
월보,C74-S00-I00-N01,C74,선천적
월보,C74-S00-I00-N01,C74,증거
월보,C74-S00-I00-N01,C74,내종
월보,C74-S00-I00-N01,C74,증거
월보,C74-S00-I00-N01,C74,포덕문
월보,C74-S00-I00-N01,C74,경신사월오일
월보,C74-S00-I00-N01,C74,대신사
월보,C74-S00-I00-N01,C74,초당
월보,C74-S00-I00-N01,C74,묵좌
월보,C74-S00-I00-N01,C74,심신
월보,C74-S00-I00-N01,C74,전률
월보,C74-S00-I00-N01,C74,집증
월보,C74-S00-I00-N01,C74,형상
월보,C74-S00-I00-N01,C74,선어
월보,C74-S00-I00-N01,C74,대신사
월보,C74-S00-I00-N01,C74,경기
월보,C74-S00-I00-N01,C74,왈세인
월보,C74-S00-I00-N01,C74,상제
월보,C74-S00-I00-N01,C74,상제
월보,C74-S00-I00-N01,C74,불지
월보,C74-S00-I00-N01,C74,확실
월보,C74-S00-I00-N01,C74,하사
월보,C74-S00-I00-N01,C74,상태
월보,C74-S00-I00-N01,C74,논학문
월보,C74-S00-I00-N01,C74,접령
월보,C74-S00-I00-N01,C74,강화
월보,C74-S00-I00-N01,C74,확실
월보,C74-S00-I00-N01,C74,이치
월보,C74-S00-I00-N01,C74,발표
월보,C74-S00-I00-N01,C74,안심가
월보,C74-S00-I00-N01,C74,창중
월보,C74-S00-I00-N01,C74,백지
월보,C74-S00-I00-N01,C74,분부
월보,C74-S00-I00-N01,C74,백지
월보,C74-S00-I00-N01,C74,생전
월보,C74-S00-I00-N01,C74,물형부
월보,C74-S00-I00-N01,C74,완연
월보,C74-S00-I00-N01,C74,도덕사
월보,C74-S00-I00-N01,C74,무지
월보,C74-S00-I00-N01,C74,세상
월보,C74-S00-I00-N01,C74,천지
월보,C74-S00-I00-N01,C74,경외지심
월보,C74-S00-I00-N01,C74,무지
월보,C74-S00-I00-N01,C74,세상
월보,C74-S00-I00-N01,C74,천상
월보,C74-S00-I00-N01,C74,상제
월보,C74-S00-I00-N01,C74,옥경대
월보,C74-S00-I00-N01,C74,음양리치고사
월보,C74-S00-I00-N01,C74,허무지설
월보,C74-S00-I00-N01,C74,중략
월보,C74-S00-I00-N01,C74,근보가성사십평생
월보,C74-S00-I00-N01,C74,포의한사
월보,C74-S00-I00-N01,C74,천리
월보,C74-S00-I00-N01,C74,신앙관념
월보,C74-S00-I00-N01,C74,본체
월보,C74-S00-I00-N01,C74,일오
월보,C74-S00-I00-N01,C74,천도교회월보
월보,C74-S00-I00-N01,C74,수족동정
월보,C74-S00-I00-N01,C74,역시귀신
월보,C74-S00-I00-N01,C74,선악간
월보,C74-S00-I00-N01,C74,역시기운
월보,C74-S00-I00-N01,C74,역시조화
월보,C74-S00-I00-N01,C74,교훈가
월보,C74-S00-I00-N01,C74,도시
월보,C74-S00-I00-N01,C74,사근취원
월보,C74-S00-I00-N01,C74,확실
월보,C74-S00-I00-N01,C74,의미
월보,C74-S00-I00-N01,C74,본래상제
월보,C74-S00-I00-N01,C74,대신사
월보,C74-S00-I00-N01,C74,강화
월보,C74-S00-I00-N01,C74,선어
월보,C74-S00-I00-N01,C74,대신사
월보,C74-S00-I00-N01,C74,강화
월보,C74-S00-I00-N01,C74,공중
월보,C74-S00-I00-N01,C74,대신사
월보,C74-S00-I00-N01,C74,강화
월보,C74-S00-I00-N01,C74,상제
월보,C74-S00-I00-N01,C74,천지
월보,C74-S00-I00-N01,C74,진동
월보,C74-S00-I00-N01,C74,대신사
월보,C74-S00-I00-N01,C74,상제
월보,C74-S00-I00-N01,C74,분명
월보,C74-S00-I00-N01,C74,대신사
월보,C74-S00-I00-N01,C74,대령성
월보,C74-S00-I00-N01,C74,대신사
월보,C74-S00-I00-N01,C74,확실
월보,C74-S00-I00-N01,C74,대신사
월보,C74-S00-I00-N01,C74,도체
월보,C74-S00-I00-N01,C74,소재
월보,C74-S00-I00-N01,C74,분명
월보,C74-S00-I00-N01,C74,열렬
월보,C74-S00-I00-N01,C74,신앙
월보,C74-S00-I00-N01,C74,천어
월보,C74-S00-I00-N01,C74,용역
월보,C74-S00-I00-N01,C74,천어
월보,C74-S00-I00-N01,C74,인어
월보,C74-S00-I00-N01,C74,본래
월보,C74-S00-I00-N01,C74,대신사
월보,C74-S00-I00-N01,C74,기적
월보,C74-S00-I00-N01,C74,이치
월보,C74-S00-I00-N01,C74,원인
월보,C74-S00-I00-N02,C74,상제
월보,C74-S00-I00-N02,C74,개벽후
월보,C74-S00-I00-N02,C74,오만년
월보,C74-S00-I00-N02,C74,세간
월보,C74-S00-I00-N02,C74,의아
월보,C74-S00-I00-N02,C74,본래
월보,C74-S00-I00-N02,C74,소망
월보,C74-S00-I00-N02,C74,임의
월보,C74-S00-I00-N02,C74,능의미
월보,C74-S00-I00-N02,C74,모순
월보,C74-S00-I00-N02,C74,모순
월보,C74-S00-I00-N02,C74,신앙관념
월보,C74-S00-I00-N02,C74,본체전지전능
월보,C74-S00-I00-N02,C74,우주율법
월보,C74-S00-I00-N02,C74,전지전능
월보,C74-S00-I00-N02,C74,우주
월보,C74-S00-I00-N02,C74,율법
월보,C74-S00-I00-N02,C74,전지전능
월보,C74-S00-I00-N02,C74,만일우주
월보,C74-S00-I00-N02,C74,율법
월보,C74-S00-I00-N02,C74,무시
월보,C74-S00-I00-N02,C74,전지전능
월보,C74-S00-I00-N02,C74,공인
월보,C74-S00-I00-N02,C74,세상
월보,C74-S00-I00-N02,C74,죄악
월보,C74-S00-I00-N02,C74,세상
월보,C74-S00-I00-N02,C74,전쟁
월보,C74-S00-I00-N02,C74,쟁투
월보,C74-S00-I00-N02,C74,시의질투
월보,C74-S00-I00-N02,C74,부패멸망
월보,C74-S00-I00-N02,C74,분자
월보,C74-S00-I00-N02,C74,세상
월보,C74-S00-I00-N02,C74,인애자비
월보,C74-S00-I00-N02,C74,원만
월보,C74-S00-I00-N02,C74,무소불지
월보,C74-S00-I00-N02,C74,무소불능
월보,C74-S00-I00-N02,C74,以上
월보,C74-S00-I00-N02,C74,세상
월보,C74-S00-I00-N02,C74,죄악
월보,C74-S00-I00-N02,C74,염연
월보,C74-S00-I00-N02,C74,무시
월보,C74-S00-I00-N02,C74,전능
월보,C74-S00-I00-N02,C74,대우주
월보,C74-S00-I00-N02,C74,율법
월보,C74-S00-I00-N02,C74,사시
월보,C74-S00-I00-N02,C74,만물
월보,C74-S00-I00-N02,C74,생멸변화
월보,C74-S00-I00-N02,C74,규칙
월보,C74-S00-I00-N02,C74,규칙
월보,C74-S00-I00-N02,C74,일정
월보,C74-S00-I00-N02,C74,변화
월보,C74-S00-I00-N02,C74,과정
월보,C74-S00-I00-N02,C74,전지
월보,C74-S00-I00-N02,C74,전능
월보,C74-S00-I00-N02,C74,백화
월보,C74-S00-I00-N02,C74,만물
월보,C74-S00-I00-N02,C74,수장
월보,C74-S00-I00-N02,C74,율법
월보,C74-S00-I00-N02,C74,인간계
월보,C74-S00-I00-N02,C74,인간계
월보,C74-S00-I00-N02,C74,인간계
월보,C74-S00-I00-N02,C74,자체
월보,C74-S00-I00-N02,C74,창조력
월보,C74-S00-I00-N02,C74,혹향상
월보,C74-S00-I00-N02,C74,인간
월보,C74-S00-I00-N02,C74,인간자기
월보,C74-S00-I00-N02,C74,창조력
월보,C74-S00-I00-N02,C74,대우주
월보,C74-S00-I00-N02,C74,율법
월보,C74-S00-I00-N02,C74,처변
월보,C74-S00-I00-N02,C74,수단
월보,C74-S00-I00-N02,C74,대우주
월보,C74-S00-I00-N02,C74,율법
월보,C74-S00-I00-N02,C74,신화
월보,C74-S00-I00-N02,C74,낭만
월보,C74-S00-I00-N02,C74,선자
월보,C74-S00-I00-N02,C74,대우주
월보,C74-S00-I00-N02,C74,율법
월보,C74-S00-I00-N02,C74,석가기독
월보,C74-S00-I00-N02,C74,기타철인명사
월보,C74-S00-I00-N02,C74,사상교훈
월보,C74-S00-I00-N02,C74,대우주
월보,C74-S00-I00-N02,C74,율법
월보,C74-S00-I00-N02,C74,대우주
월보,C74-S00-I00-N02,C74,율법
월보,C74-S00-I00-N02,C74,인간계
월보,C74-S00-I00-N02,C74,인간계자체
월보,C74-S00-I00-N02,C74,시대적인과율
월보,C74-S00-I00-N02,C74,반수
월보,C74-S00-I00-N02,C74,표현
월보,C74-S00-I00-N02,C74,표현
월보,C74-S00-I00-N02,C74,정도
월보,C74-S00-I00-N02,C74,시대
월보,C74-S00-I00-N02,C74,오인
월보,C74-S00-I00-N02,C74,상고혹
월보,C74-S00-I00-N02,C74,중고근세우
월보,C74-S00-I00-N02,C74,현대
월보,C74-S00-I00-N02,C74,역사적과정
월보,C74-S00-I00-N02,C74,계제
월보,C74-S00-I00-N02,C74,만법
월보,C74-S00-I00-N02,C74,인과율
월보,C74-S00-I00-N02,C74,만법자체
월보,C74-S00-I00-N02,C74,화복
월보,C74-S00-I00-N02,C74,대우주
월보,C74-S00-I00-N02,C74,대율법
월보,C74-S00-I00-N02,C74,인과
월보,C74-S00-I00-N02,C74,일칠
월보,C74-S00-I00-N02,C74,천도교회월보
월보,C74-S00-I00-N02,C74,대신사
월보,C74-S00-I00-N02,C74,동일
월보,C74-S00-I00-N02,C74,대신사
월보,C74-S00-I00-N02,C74,전자
월보,C74-S00-I00-N02,C74,의미
월보,C74-S00-I00-N02,C74,대신사
월보,C74-S00-I00-N02,C74,후자
월보,C74-S00-I00-N02,C74,의미
월보,C74-S00-I00-N02,C74,대신사
월보,C74-S00-I00-N02,C74,상제
월보,C74-S00-I00-N02,C74,태극
월보,C74-S00-I00-N02,C74,궁궁
월보,C74-S00-I00-N02,C74,제인질병
월보,C74-S00-I00-N02,C74,영부
월보,C74-S00-I00-N02,C74,중불중
월보,C74-S00-I00-N02,C74,영부
월보,C74-S00-I00-N02,C74,태극
월보,C74-S00-I00-N02,C74,궁궁
월보,C74-S00-I00-N02,C74,제인질병
월보,C74-S00-I00-N02,C74,영부
월보,C74-S00-I00-N02,C74,중불중
월보,C74-S00-I00-N02,C74,상제
월보,C74-S00-I00-N02,C74,대신부
월보,C74-S00-I00-N02,C74,영부
월보,C74-S00-I00-N02,C74,기명
월보,C74-S00-I00-N02,C74,선약
월보,C74-S00-I00-N02,C74,기형
월보,C74-S00-I00-N02,C74,태극
월보,C74-S00-I00-N02,C74,우형
월보,C74-S00-I00-N02,C74,차부
월보,C74-S00-I00-N02,C74,질병
월보,C74-S00-I00-N02,C74,주문
월보,C74-S00-I00-N02,C74,장생
월보,C74-S00-I00-N02,C74,천하
월보,C74-S00-I00-N02,C74,상제
월보,C74-S00-I00-N02,C74,대신사
월보,C74-S00-I00-N02,C74,상징
월보,C74-S00-I00-N02,C74,영부
월보,C74-S00-I00-N02,C74,영부
월보,C74-S00-I00-N02,C74,상징
월보,C74-S00-I00-N02,C74,즉신호
월보,C74-S00-I00-N02,C74,영부
월보,C74-S00-I00-N02,C74,신호
월보,C74-S00-I00-N02,C74,하물
월보,C74-S00-I00-N02,C74,영부
월보,C74-S00-I00-N02,C74,선약
월보,C74-S00-I00-N02,C74,선약
월보,C74-S00-I00-N02,C74,불사
월보,C74-S00-I00-N02,C74,대신사
월보,C74-S00-I00-N02,C74,불사
월보,C74-S00-I00-N02,C74,불사
월보,C74-S00-I00-N02,C74,기형
월보,C74-S00-I00-N02,C74,우령부즉심
월보,C74-S00-I00-N02,C74,형용
월보,C74-S00-I00-N02,C74,태극
월보,C74-S00-I00-N02,C74,태극
월보,C74-S00-I00-N02,C74,만물생성
월보,C74-S00-I00-N02,C74,본원
월보,C74-S00-I00-N02,C74,고어
월보,C74-S00-I00-N02,C74,왈태극
월보,C74-S00-I00-N02,C74,태극
월보,C74-S00-I00-N02,C74,만물생성
월보,C74-S00-I00-N02,C74,본원
월보,C74-S00-I00-N02,C74,고어
월보,C74-S00-I00-N02,C74,왈태극
월보,C74-S00-I00-N02,C74,우의
월보,C74-S00-I00-N02,C74,우의
월보,C74-S00-I00-N02,C74,사상
월보,C74-S00-I00-N02,C74,사상
월보,C74-S00-I00-N02,C74,만물
월보,C74-S00-I00-N02,C74,만물생성
월보,C74-S00-I00-N02,C74,본원
월보,C74-S00-I00-N02,C74,태극
월보,C74-S00-I00-N02,C74,본체
월보,C74-S00-I00-N02,C74,고인
월보,C74-S00-I00-N02,C74,삼계
월보,C74-S00-I00-N02,C74,천지
월보,C74-S00-I00-N02,C74,수심
월보,C74-S00-I00-N02,C74,대우주
월보,C74-S00-I00-N02,C74,관통
월보,C74-S00-I00-N02,C74,율법
월보,C74-S00-I00-N02,C74,전체상
월보,C74-S00-I00-N02,C74,본래
월보,C74-S00-I00-N02,C74,원만무결
월보,C74-S00-I00-N02,C74,부분상
월보,C74-S00-I00-N02,C74,항상불완전
월보,C74-S00-I00-N02,C74,완전
월보,C74-S00-I00-N02,C74,우주급인간계
월보,C74-S00-I00-N02,C74,불완전불철저불합리
월보,C74-S00-I00-N02,C74,조건
월보,C74-S00-I00-N02,C74,상제
월보,C74-S00-I00-N02,C74,대우주대율법
월보,C74-S00-I00-N02,C74,전체상
월보,C74-S00-I00-N02,C74,한탄
월보,C74-S00-I00-N02,C74,표현
월보,C74-S00-I00-N02,C74,원만
월보,C74-S00-I00-N02,C74,여역무공
월보,C74-S00-I00-N02,C74,대율법
월보,C74-S00-I00-N02,C74,대신사
월보,C74-S00-I00-N02,C74,탄생
월보,C74-S00-I00-N02,C74,인간계
월보,C74-S00-I00-N02,C74,조직
월보,C74-S00-I00-N02,C74,우주
월보,C74-S00-I00-N02,C74,율법
월보,C74-S00-I00-N02,C74,위반
월보,C74-S00-I00-N02,C74,죄악
월보,C74-S00-I00-N02,C74,분자
월보,C74-S00-I00-N02,C74,세상
월보,C74-S00-I00-N02,C74,생여세간
월보,C74-S00-I00-N02,C74,교인차법
월보,C74-S00-I00-N02,C74,세상
월보,C74-S00-I00-N02,C74,대신사
월보,C74-S00-I00-N02,C74,심법
월보,C74-S00-I00-N02,C74,조직
월보,C74-S00-I00-N02,C74,우주
월보,C74-S00-I00-N02,C74,율법
월보,C74-S00-I00-N02,C74,융합
월보,C74-S00-I00-N02,C74,본래
월보,C74-S00-I00-N02,C74,인세
월보,C74-S00-I00-N02,C74,인세
월보,C74-S00-I00-N02,C74,성공
월보,C74-S00-I00-N02,C74,상제
월보,C74-S00-I00-N02,C74,성공
월보,C74-S00-I00-N02,C74,인세
월보,C74-S00-I00-N02,C74,부패
월보,C74-S00-I00-N02,C74,상제
월보,C74-S00-I00-N02,C74,부패
월보,C74-S00-I00-N02,C74,원칙상규정
월보,C74-S00-I00-N02,C74,심산
월보,C74-S00-I00-N02,C74,대우주
월보,C74-S00-I00-N02,C74,율법
월보,C74-S00-I00-N02,C74,인간
월보,C74-S00-I00-N02,C74,인과율자체
월보,C74-S00-I00-N02,C74,화신사
월보,C74-S00-I00-N02,C74,과거시대
월보,C74-S00-I00-N02,C74,불성공
월보,C74-S00-I00-N02,C74,고인
월보,C74-S00-I00-N02,C74,삼계
월보,C74-S00-I00-N02,C74,천지
월보,C74-S00-I00-N02,C74,수심일팔
월보,C74-S00-I00-N02,C74,신앙관념
월보,C74-S00-I00-N02,C74,본체
월보,C74-S00-I00-N02,C74,천지만물생성
월보,C74-S00-I00-N02,C74,본원
월보,C74-S00-I00-N02,C74,태극
월보,C74-S00-I00-N02,C74,상제
월보,C74-S00-I00-N02,C74,천지만물
월보,C74-S00-I00-N02,C74,태극
월보,C74-S00-I00-N02,C74,소조
월보,C74-S00-I00-N02,C74,상제
월보,C74-S00-I00-N02,C74,천심
월보,C74-S00-I00-N02,C74,인심
월보,C74-S00-I00-N02,C74,항상심
월보,C74-S00-I00-N02,C74,상력
월보,C74-S00-I00-N02,C74,영능
월보,C74-S00-I00-N02,C74,망각
월보,C74-S00-I00-N02,C74,우형
월보,C74-S00-I00-N02,C74,심자
월보,C74-S00-I00-N02,C74,무형
월보,C74-S00-I00-N02,C74,상징
월보,C74-S00-I00-N02,C74,만상
월보,C74-S00-I00-N02,C74,확실
월보,C74-S00-I00-N02,C74,실재체
월보,C74-S00-I00-N02,C74,소이
월보,C74-S00-I00-N02,C74,명시
월보,C74-S00-I00-N02,C74,대범인
월보,C74-S00-I00-N02,C74,만사만리
월보,C74-S00-I00-N02,C74,창조적신
월보,C74-S00-I00-N02,C74,체인
월보,C74-S00-I00-N02,C74,활용
월보,C74-S00-I00-N02,C74,타락
월보,C74-S00-I00-N02,C74,퇴화
월보,C74-S00-I00-N02,C74,중차대
월보,C74-S00-I00-N02,C74,보통세인
월보,C74-S00-I00-N02,C74,불지
월보,C74-S00-I00-N02,C74,불지
월보,C74-S00-I00-N02,C74,효과
월보,C74-S00-I00-N02,C74,불지
월보,C74-S00-I00-N02,C74,불지
월보,C74-S00-I00-N02,C74,불지
월보,C74-S00-I00-N02,C74,부도
월보,C74-S00-I00-N02,C74,유형
월보,C74-S00-I00-N02,C74,상징
월보,C74-S00-I00-N02,C74,교시
월보,C74-S00-I00-N02,C74,대개
월보,C74-S00-I00-N02,C74,범인
월보,C74-S00-I00-N02,C74,무형
월보,C74-S00-I00-N02,C74,무형
월보,C74-S00-I00-N02,C74,법안
월보,C74-S00-I00-N02,C74,무형
월보,C74-S00-I00-N02,C74,유형
월보,C74-S00-I00-N02,C74,引導
월보,C74-S00-I00-N02,C74,점차무형
월보,C74-S00-I00-N02,C74,본원
월보,C74-S00-I00-N02,C74,대신사
월보,C74-S00-I00-N02,C74,당초
월보,C74-S00-I00-N02,C74,상제
월보,C74-S00-I00-N02,C74,영부
월보,C74-S00-I00-N02,C74,부도
월보,C74-S00-I00-N02,C74,기자
월보,C74-S00-I00-N02,C74,기자불견
월보,C74-S00-I00-N02,C74,대신사
월보,C74-S00-I00-N02,C74,무형
월보,C74-S00-I00-N02,C74,보통
월보,C74-S00-I00-N02,C74,명백
월보,C74-S00-I00-N02,C74,기후
월보,C74-S00-I00-N02,C74,문도
월보,C74-S00-I00-N02,C74,영부
월보,C74-S00-I00-N02,C74,일종
월보,C74-S00-I00-N02,C74,유형체
월보,C74-S00-I00-N02,C74,모사
월보,C74-S00-I00-N02,C74,영부
월보,C74-S00-I00-N02,C74,본리
월보,C74-S00-I00-N02,C74,영부
월보,C74-S00-I00-N02,C74,제인질병
월보,C74-S00-I00-N02,C74,질병
월보,C74-S00-I00-N02,C74,정신급육체
월보,C74-S00-I00-N02,C74,병칭
월보,C74-S00-I00-N02,C74,정신
월보,C74-S00-I00-N02,C74,정신상병
월보,C74-S00-I00-N02,C74,치료
월보,C74-S00-I00-N02,C74,불능
월보,C74-S00-I00-N02,C74,정신상
월보,C74-S00-I00-N02,C74,불도불덕
월보,C74-S00-I00-N02,C74,심법
월보,C74-S00-I00-N02,C74,불도불덕
월보,C74-S00-I00-N02,C74,심법
월보,C74-S00-I00-N02,C74,본체상원만구족
월보,C74-S00-I00-N02,C74,덕상
월보,C74-S00-I00-N02,C74,불지
월보,C74-S00-I00-N02,C74,유도유덕
월보,C74-S00-I00-N02,C74,대각이전
월보,C74-S00-I00-N02,C74,심리
월보,C74-S00-I00-N02,C74,번민고통우수사려
월보,C74-S00-I00-N02,C74,충동
월보,C74-S00-I00-N02,C74,불능
월보,C74-S00-I00-N02,C74,대신사
월보,C74-S00-I00-N02,C74,초년
월보,C74-S00-I00-N02,C74,세우우민
월보,C74-S00-I00-N02,C74,우각도오성
월보,C74-S00-I00-N02,C74,번민
월보,C74-S00-I00-N02,C74,사실
월보,C74-S00-I00-N02,C74,항상회연
월보,C74-S00-I00-N02,C74,불지
월보,C74-S00-I00-N02,C74,상제
월보,C74-S00-I00-N02,C74,명교
월보,C74-S00-I00-N02,C74,십일일
월보,C74-S00-I00-N02,C74,절식
월보,C74-S00-I00-N02,C74,사등
월보,C74-S00-I00-N02,C74,번민
월보,C74-S00-I00-N02,C74,대신사
월보,C75-S00-I00-N01,C75,천도교회월보종교
월보,C75-S00-I00-N01,C75,육대요소시
월보,C75-S00-I00-N01,C75,유래
월보,C75-S00-I00-N01,C75,종교적소질
월보,C75-S00-I00-N01,C75,개인내천신종교
월보,C75-S00-I00-N01,C75,종교
월보,C75-S00-I00-N01,C75,소질
월보,C75-S00-I00-N01,C75,비교대조
월보,C75-S00-I00-N01,C75,초인적세력
월보,C75-S00-I00-N01,C75,신앙
월보,C75-S00-I00-N01,C75,종교
월보,C75-S00-I00-N01,C75,인이상
월보,C75-S00-I00-N01,C75,초인적
월보,C75-S00-I00-N01,C75,세력
월보,C75-S00-I00-N01,C75,불등
월보,C75-S00-I00-N01,C75,귀의
월보,C75-S00-I00-N01,C75,본체
월보,C75-S00-I00-N01,C75,신앙
월보,C75-S00-I00-N01,C75,고등
월보,C75-S00-I00-N01,C75,종교
월보,C75-S00-I00-N01,C75,열등종교
월보,C75-S00-I00-N01,C75,즉수
월보,C75-S00-I00-N01,C75,숭배
월보,C75-S00-I00-N01,C75,의신
월보,C75-S00-I00-N01,C75,인이상
월보,C75-S00-I00-N01,C75,세력자
월보,C75-S00-I00-N01,C75,의신
월보,C75-S00-I00-N01,C75,신앙
월보,C75-S00-I00-N01,C75,희망
월보,C75-S00-I00-N01,C75,세력
월보,C75-S00-I00-N01,C75,자기
월보,C75-S00-I00-N01,C75,희망
월보,C75-S00-I00-N01,C75,이돈화
월보,C75-S00-I00-N01,C75,신앙
월보,C75-S00-I00-N01,C75,차삼종
월보,C75-S00-I00-N01,C75,희망
월보,C75-S00-I00-N01,C75,생명
월보,C75-S00-I00-N01,C75,유지
월보,C75-S00-I00-N01,C75,경건
월보,C75-S00-I00-N01,C75,초인적세력
월보,C75-S00-I00-N01,C75,오인
월보,C75-S00-I00-N01,C75,희망
월보,C75-S00-I00-N01,C75,신념
월보,C75-S00-I00-N01,C75,以上
월보,C75-S00-I00-N01,C75,초인
월보,C75-S00-I00-N01,C75,세력
월보,C75-S00-I00-N01,C75,신념
월보,C75-S00-I00-N01,C75,자연
월보,C75-S00-I00-N01,C75,순서
월보,C75-S00-I00-N01,C75,구제
월보,C75-S00-I00-N01,C75,신념초인
월보,C75-S00-I00-N01,C75,세력
월보,C75-S00-I00-N01,C75,징약
월보,C75-S00-I00-N01,C75,자기
월보,C75-S00-I00-N01,C75,일생재앙
월보,C75-S00-I00-N01,C75,구제
월보,C75-S00-I00-N01,C75,확신
월보,C75-S00-I00-N01,C75,신등
월보,C75-S00-I00-N01,C75,종교
월보,C75-S00-I00-N01,C75,구제
월보,C75-S00-I00-N01,C75,방식
월보,C75-S00-I00-N01,C75,희생
월보,C75-S00-I00-N01,C75,정신초인
월보,C75-S00-I00-N01,C75,세력
월보,C75-S00-I00-N01,C75,자기
월보,C75-S00-I00-N01,C75,구제
월보,C75-S00-I00-N01,C75,자기
월보,C75-S00-I00-N01,C75,행복
월보,C75-S00-I00-N01,C75,다대
월보,C75-S00-I00-N01,C75,관념
월보,C75-S00-I00-N01,C75,희생
월보,C75-S00-I00-N01,C75,정신
월보,C75-S00-I00-N01,C75,열등
월보,C75-S00-I00-N01,C75,신앙
월보,C75-S00-I00-N01,C75,우돈
월보,C75-S00-I00-N01,C75,목석
월보,C75-S00-I00-N01,C75,일종희생
월보,C75-S00-I00-N01,C75,정신
월보,C75-S00-I00-N01,C75,고등신앙
월보,C75-S00-I00-N01,C75,칠금은
월보,C75-S00-I00-N01,C75,희생
월보,C75-S00-I00-N01,C75,오락
월보,C75-S00-I00-N01,C75,조행정직의무
월보,C75-S00-I00-N01,C75,자비
월보,C75-S00-I00-N01,C75,종교
월보,C75-S00-I00-N01,C75,육대요소
월보,C75-S00-I00-N01,C75,영화업
월보,C75-S00-I00-N01,C75,안빈락도
월보,C75-S00-I00-N01,C75,자안
월보,C75-S00-I00-N01,C75,종교적희생
월보,C75-S00-I00-N01,C75,정신
월보,C75-S00-I00-N01,C75,인애신앙
월보,C75-S00-I00-N01,C75,점차
월보,C75-S00-I00-N01,C75,一神
월보,C75-S00-I00-N01,C75,위력
월보,C75-S00-I00-N01,C75,만물동근
월보,C75-S00-I00-N01,C75,인애
월보,C75-S00-I00-N01,C75,포애
월보,C75-S00-I00-N01,C75,만물
월보,C75-S00-I00-N01,C75,자비
월보,C75-S00-I00-N01,C75,유교
월보,C75-S00-I00-N01,C75,불교
월보,C75-S00-I00-N01,C75,자비
월보,C75-S00-I00-N01,C75,기독
월보,C75-S00-I00-N01,C75,애등
월보,C75-S00-I00-N01,C75,종교
월보,C75-S00-I00-N01,C75,인애
월보,C75-S00-I00-N01,C75,정신
월보,C75-S00-I00-N01,C75,종교
월보,C75-S00-I00-N01,C75,차인애
월보,C75-S00-I00-N01,C75,대위화
월보,C75-S00-I00-N01,C75,차세
월보,C75-S00-I00-N01,C75,以上
월보,C75-S00-I00-N01,C75,유래종교
월보,C75-S00-I00-N01,C75,소질
월보,C75-S00-I00-N01,C75,일언
월보,C75-S00-I00-N01,C75,종교구성
월보,C75-S00-I00-N01,C75,근본부분
월보,C75-S00-I00-N01,C75,인내천종교
월보,C75-S00-I00-N01,C75,소질
월보,C75-S00-I00-N01,C75,신앙
월보,C75-S00-I00-N01,C75,부분
월보,C75-S00-I00-N01,C75,포용
월보,C75-S00-I00-N01,C75,물론기취
월보,C75-S00-I00-N01,C75,동일
월보,C75-S00-I00-N01,C75,즉유래신앙
월보,C75-S00-I00-N01,C75,소질
월보,C75-S00-I00-N01,C75,인내천
월보,C75-S00-I00-N01,C75,자력
월보,C75-S00-I00-N01,C75,관념
월보,C75-S00-I00-N01,C75,자기이외
월보,C75-S00-I00-N01,C75,인내천
월보,C75-S00-I00-N01,C75,자력
월보,C75-S00-I00-N01,C75,관념
월보,C75-S00-I00-N01,C75,고유
월보,C75-S00-I00-N01,C75,신구상이
월보,C75-S00-I00-N01,C75,제일
월보,C75-S00-I00-N01,C75,초인적
월보,C75-S00-I00-N01,C75,세력
월보,C75-S00-I00-N01,C75,인내천
월보,C75-S00-I00-N01,C75,관념
월보,C75-S00-I00-N01,C75,자기이외
월보,C75-S00-I00-N01,C75,우상
월보,C75-S00-I00-N01,C75,가탁
월보,C75-S00-I00-N01,C75,자기이내
월보,C75-S00-I00-N01,C75,실재
월보,C75-S00-I00-N01,C75,즉자기
월보,C75-S00-I00-N01,C75,의식
월보,C75-S00-I00-N01,C75,대우주
월보,C75-S00-I00-N01,C75,대의식
월보,C75-S00-I00-N01,C75,계통
월보,C75-S00-I00-N01,C75,위대
월보,C75-S00-I00-N01,C75,초현인
월보,C75-S00-I00-N01,C75,세력
월보,C75-S00-I00-N01,C75,귀의
월보,C75-S00-I00-N01,C75,원래인내천주의
월보,C75-S00-I00-N01,C75,기표
월보,C75-S00-I00-N01,C75,의미
월보,C75-S00-I00-N01,C75,초인
월보,C75-S00-I00-N01,C75,세력
월보,C75-S00-I00-N01,C75,인내천
월보,C75-S00-I00-N01,C75,근본
월보,C75-S00-I00-N01,C75,만인
월보,C75-S00-I00-N01,C75,근본
월보,C75-S00-I00-N01,C75,만유억조
월보,C75-S00-I00-N01,C75,향상
월보,C75-S00-I00-N01,C75,복성
월보,C75-S00-I00-N01,C75,차무한향상
월보,C75-S00-I00-N01,C75,복성
월보,C75-S00-I00-N01,C75,의의
월보,C75-S00-I00-N01,C75,초현인
월보,C75-S00-I00-N01,C75,현상의식
월보,C75-S00-I00-N01,C75,인내천주의
월보,C75-S00-I00-N01,C75,인성복능
월보,C75-S00-I00-N01,C75,위대초현인
월보,C75-S00-I00-N01,C75,제이
월보,C75-S00-I00-N01,C75,희망
월보,C75-S00-I00-N01,C75,인내천
월보,C75-S00-I00-N01,C75,관념
월보,C75-S00-I00-N01,C75,초인
월보,C75-S00-I00-N01,C75,세력
월보,C75-S00-I00-N01,C75,자기
월보,C75-S00-I00-N01,C75,인내천
월보,C75-S00-I00-N01,C75,초인
월보,C75-S00-I00-N01,C75,세력
월보,C75-S00-I00-N01,C75,인내천
월보,C75-S00-I00-N01,C75,인성무한복능
월보,C75-S00-I00-N01,C75,활용
월보,C75-S00-I00-N01,C75,천도교회월보
월보,C75-S00-I00-N01,C75,희망
월보,C75-S00-I00-N01,C75,인내천주의
월보,C75-S00-I00-N01,C75,희망
월보,C75-S00-I00-N01,C75,관래시
월보,C75-S00-I00-N01,C75,인과법칙
월보,C75-S00-I00-N01,C75,자력
월보,C75-S00-I00-N01,C75,법칙
월보,C75-S00-I00-N01,C75,창조
월보,C75-S00-I00-N01,C75,자기
월보,C75-S00-I00-N01,C75,희망
월보,C75-S00-I00-N01,C75,귀의
월보,C75-S00-I00-N01,C75,자력
월보,C75-S00-I00-N01,C75,자기
월보,C75-S00-I00-N01,C75,희망
월보,C75-S00-I00-N01,C75,법칙
월보,C75-S00-I00-N01,C75,창조
월보,C75-S00-I00-N01,C75,인성
월보,C75-S00-I00-N01,C75,무한복능성
월보,C75-S00-I00-N01,C75,귀의
월보,C75-S00-I00-N01,C75,기다자간
월보,C75-S00-I00-N01,C75,도달목적
월보,C75-S00-I00-N01,C75,결의
월보,C75-S00-I00-N01,C75,제삼
월보,C75-S00-I00-N01,C75,경건
월보,C75-S00-I00-N01,C75,인내천
월보,C75-S00-I00-N01,C75,관념
월보,C75-S00-I00-N01,C75,자중
월보,C75-S00-I00-N01,C75,인성
월보,C75-S00-I00-N01,C75,무한복능
월보,C75-S00-I00-N01,C75,덕성
월보,C75-S00-I00-N01,C75,잠지
월보,C75-S00-I00-N01,C75,以上
월보,C75-S00-I00-N01,C75,일분일초
월보,C75-S00-I00-N01,C75,自身
월보,C75-S00-I00-N01,C75,자기
월보,C75-S00-I00-N01,C75,홀대
월보,C75-S00-I00-N01,C75,자경자신
월보,C75-S00-I00-N01,C75,자기
월보,C75-S00-I00-N01,C75,무량광대
월보,C75-S00-I00-N01,C75,복능성
월보,C75-S00-I00-N01,C75,계발
월보,C75-S00-I00-N01,C75,불가
월보,C75-S00-I00-N01,C75,제사
월보,C75-S00-I00-N01,C75,구제
월보,C75-S00-I00-N01,C75,신념
월보,C75-S00-I00-N01,C75,인내천
월보,C75-S00-I00-N01,C75,자기
월보,C75-S00-I00-N01,C75,자기
월보,C75-S00-I00-N01,C75,자기
월보,C75-S00-I00-N01,C75,판단
월보,C75-S00-I00-N01,C75,主義
월보,C75-S00-I00-N01,C75,즉자기
월보,C75-S00-I00-N01,C75,자기
월보,C75-S00-I00-N01,C75,위대
월보,C75-S00-I00-N01,C75,복능
월보,C75-S00-I00-N01,C75,인성현재
월보,C75-S00-I00-N01,C75,약점
월보,C75-S00-I00-N01,C75,제각
월보,C75-S00-I00-N01,C75,자력
월보,C75-S00-I00-N01,C75,무한화회도
월보,C75-S00-I00-N01,C75,인세제오
월보,C75-S00-I00-N01,C75,희생
월보,C75-S00-I00-N01,C75,정신
월보,C75-S00-I00-N01,C75,인내천관념
월보,C75-S00-I00-N01,C75,인내천
월보,C75-S00-I00-N01,C75,자력
월보,C75-S00-I00-N01,C75,종교
월보,C75-S00-I00-N01,C75,탈종교
월보,C75-S00-I00-N01,C75,정신
월보,C75-S00-I00-N01,C75,자기
월보,C75-S00-I00-N01,C75,덕성수양급인격향상
월보,C75-S00-I00-N01,C75,금전
월보,C75-S00-I00-N01,C75,오락
월보,C75-S00-I00-N01,C75,영화
월보,C75-S00-I00-N01,C75,희생
월보,C75-S00-I00-N01,C75,불용
월보,C75-S00-I00-N01,C75,살신성인
월보,C75-S00-I00-N01,C75,고상
월보,C75-S00-I00-N01,C75,관념
월보,C75-S00-I00-N01,C75,제륙
월보,C75-S00-I00-N01,C75,인애
월보,C75-S00-I00-N01,C75,인내천관념
월보,C75-S00-I00-N01,C75,인내천주의
월보,C75-S00-I00-N01,C75,평등자유주
월보,C75-S00-I00-N01,C75,만물
월보,C75-S00-I00-N01,C75,사인내천주의
월보,C75-S00-I00-N01,C75,즉인
월보,C75-S00-I00-N01,C75,사인
월보,C75-S00-I00-N01,C75,사천
월보,C75-S00-I00-N01,C75,필연
월보,C75-S00-I00-N01,C75,출래
월보,C75-S00-I00-N01,C75,일절의
월보,C75-S00-I00-N01,C75,저례
월보,C75-S00-I00-N01,C75,비교
월보,C75-S00-I00-N01,C75,인애
월보,C75-S00-I00-N01,C75,관념
월보,C75-S00-I00-N01,C75,철저
월보,C75-S00-I00-N01,C75,도이상
월보,C75-S00-I00-N01,C75,유래종교
월보,C75-S00-I00-N01,C75,소질
월보,C75-S00-I00-N01,C75,인내천
월보,C75-S00-I00-N01,C75,일언
월보,C75-S00-I00-N01,C75,독자
월보,C75-S00-I00-N01,C75,참고
월보,C75-S00-I00-N01,C75,불과
월보,C79-S00-I00-N01,C79,교리부화사
월보,C79-S00-I00-N01,C79,인생
월보,C79-S00-I00-N01,C79,백년안
월보,C79-S00-I00-N01,C79,백년
월보,C79-S00-I00-N01,C79,후사
월보,C79-S00-I00-N01,C79,화옹
월보,C79-S00-I00-N01,C79,일년홍
월보,C79-S00-I00-N01,C79,명년
월보,C79-S00-I00-N01,C79,춘색
월보,C79-S00-I00-N01,C79,인안
월보,C79-S00-I00-N01,C79,화사
월보,C79-S00-I00-N01,C79,금년명년
월보,C79-S00-I00-N01,C79,상사
월보,C79-S00-I00-N01,C79,천안
월보,C79-S00-I00-N01,C79,인사
월보,C79-S00-I00-N01,C79,고인금인
월보,C79-S00-I00-N01,C79,역동
월보,C79-S00-I00-N01,C79,낭일
월보,C79-S00-I00-N01,C79,성사
월보,C79-S00-I00-N01,C79,부여백마강
월보,C79-S00-I00-N01,C79,강안
월보,C79-S00-I00-N01,C79,일지매
월보,C79-S00-I00-N01,C79,주중인
월보,C79-S00-I00-N01,C79,고위
월보,C79-S00-I00-N01,C79,백마강변일수매명년차일화상사
월보,C79-S00-I00-N01,C79,지시
월보,C79-S00-I00-N01,C79,오인
월보,C79-S00-I00-N01,C79,생즉현재
월보,C79-S00-I00-N01,C79,과연진유
월보,C79-S00-I00-N01,C79,진유
월보,C79-S00-I00-N01,C79,즉천
월보,C79-S00-I00-N01,C79,유형
월보,C79-S00-I00-N01,C79,도선
월보,C79-S00-I00-N01,C79,무형
월보,C79-S00-I00-N01,C79,영선
월보,C79-S00-I00-N01,C79,유형
월보,C79-S00-I00-N01,C79,도선
월보,C79-S00-I00-N01,C79,천인
월보,C79-S00-I00-N01,C79,합일
월보,C79-S00-I00-N01,C79,철학상요의
월보,C79-S00-I00-N01,C79,시천주
월보,C79-S00-I00-N01,C79,통해
월보,C79-S00-I00-N01,C79,대신사성령출세설
월보,C79-S00-I00-N01,C79,기이리돈화륙대신사
월보,C79-S00-I00-N01,C79,출세
월보,C79-S00-I00-N01,C79,대신사
월보,C79-S00-I00-N01,C79,정령
월보,C79-S00-I00-N01,C79,엄연
월보,C79-S00-I00-N01,C79,차세
월보,C79-S00-I00-N01,C79,어림
월보,C79-S00-I00-N01,C79,오인
월보,C79-S00-I00-N01,C79,대신사
월보,C79-S00-I00-N01,C79,영감
월보,C79-S00-I00-N01,C79,기지도
월보,C79-S00-I00-N01,C79,神人
월보,C79-S00-I00-N01,C79,신어
월보,C79-S00-I00-N01,C79,천백억무량수
월보,C79-S00-I00-N01,C79,미묘
월보,C79-S00-I00-N01,C79,영전
월보,C79-S00-I00-N01,C79,오인
월보,C79-S00-I00-N01,C79,경성
월보,C79-S00-I00-N01,C79,神人
월보,C79-S00-I00-N01,C79,활동
월보,C79-S00-I00-N01,C79,백천억무량수
월보,C79-S00-I00-N01,C79,사물
월보,C79-S00-I00-N01,C79,표현
월보,C79-S00-I00-N01,C79,무형
월보,C79-S00-I00-N01,C79,영동
월보,C79-S00-I00-N01,C79,오인
월보,C79-S00-I00-N01,C79,활약
월보,C79-S00-I00-N01,C79,제군
월보,C79-S00-I00-N01,C79,神人
월보,C79-S00-I00-N01,C79,진사상
월보,C79-S00-I00-N01,C79,神人
월보,C79-S00-I00-N01,C79,제군
월보,C79-S00-I00-N01,C79,칠제군
월보,C79-S00-I00-N01,C79,몽매
월보,C79-S00-I00-N01,C79,神人
월보,C79-S00-I00-N01,C79,제군
월보,C79-S00-I00-N01,C79,멸시
월보,C79-S00-I00-N01,C79,제군
월보,C79-S00-I00-N01,C79,투철
월보,C79-S00-I00-N01,C79,의자왈대신사
월보,C79-S00-I00-N01,C79,차세
월보,C79-S00-I00-N01,C79,기정령
월보,C79-S00-I00-N01,C79,여하
월보,C79-S00-I00-N01,C79,실표
월보,C79-S00-I00-N01,C79,차세
월보,C79-S00-I00-N01,C79,오인
월보,C79-S00-I00-N01,C79,여하
월보,C79-S00-I00-N01,C79,神人
월보,C79-S00-I00-N01,C79,정령
월보,C79-S00-I00-N01,C79,직각
월보,C79-S00-I00-N01,C79,오인
월보,C79-S00-I00-N01,C79,성훈
월보,C79-S00-I00-N01,C79,神人
월보,C79-S00-I00-N01,C79,정령
월보,C79-S00-I00-N01,C79,접응
월보,C79-S00-I00-N02,C79,창공만리
월보,C79-S00-I00-N02,C79,기적
월보,C79-S00-I00-N02,C79,백운천재
월보,C79-S00-I00-N02,C79,기형
월보,C79-S00-I00-N02,C79,오호
월보,C79-S00-I00-N02,C79,오인
월보,C79-S00-I00-N02,C79,神人
월보,C79-S00-I00-N02,C79,진면목진사상
월보,C79-S00-I00-N02,C79,탱람
월보,C79-S00-I00-N02,C79,대신사왈
월보,C79-S00-I00-N02,C79,불파진념기유공각래운
월보,C79-S00-I00-N02,C79,성사왈
월보,C79-S00-I00-N02,C79,무량진공각소현발
월보,C79-S00-I00-N02,C79,우왈각자생
월보,C79-S00-I00-N02,C79,불각자사
월보,C79-S00-I00-N02,C79,오인
월보,C79-S00-I00-N02,C79,차각일자
월보,C79-S00-I00-N02,C79,신인출세
월보,C79-S00-I00-N02,C79,인식
월보,C79-S00-I00-N02,C79,단언
월보,C79-S00-I00-N02,C79,대구참변
월보,C79-S00-I00-N02,C79,이래륙십년
월보,C79-S00-I00-N02,C79,풍상
월보,C79-S00-I00-N02,C79,기백만
월보,C79-S00-I00-N02,C79,오인
월보,C79-S00-I00-N02,C79,풍찬로숙
월보,C79-S00-I00-N02,C79,산발수섭
월보,C79-S00-I00-N02,C79,금일가려
월보,C79-S00-I00-N02,C79,풍광
월보,C79-S00-I00-N02,C79,소이
월보,C79-S00-I00-N02,C79,억수
월보,C79-S00-I00-N02,C79,물론
월보,C79-S00-I00-N02,C79,백만교도
월보,C79-S00-I00-N02,C79,견고
월보,C79-S00-I00-N02,C79,신념
월보,C79-S00-I00-N02,C79,진지
월보,C79-S00-I00-N02,C79,성력
월보,C79-S00-I00-N02,C79,명백
월보,C79-S00-I00-N02,C79,하사
월보,C79-S00-I00-N02,C79,물론
월보,C79-S00-I00-N02,C79,원인
월보,C79-S00-I00-N02,C79,기결과
월보,C79-S00-I00-N02,C79,차백만교도
월보,C79-S00-I00-N02,C79,신념
월보,C79-S00-I00-N02,C79,성력
월보,C79-S00-I00-N02,C79,하처
월보,C79-S00-I00-N02,C79,기원천
월보,C79-S00-I00-N02,C79,대구
월보,C79-S00-I00-N02,C79,일점혈
월보,C79-S00-I00-N02,C79,백만
월보,C79-S00-I00-N02,C79,성력
월보,C79-S00-I00-N02,C79,백만
월보,C79-S00-I00-N02,C79,신념
월보,C79-S00-I00-N02,C79,도자아출아소자담
월보,C79-S00-I00-N02,C79,시대신사
월보,C79-S00-I00-N02,C79,선언
월보,C79-S00-I00-N02,C79,대구참변
월보,C79-S00-I00-N02,C79,국외저사상
월보,C79-S00-I00-N02,C79,당시
월보,C79-S00-I00-N02,C79,수모
월보,C79-S00-I00-N02,C79,차도
월보,C79-S00-I00-N02,C79,파멸
월보,C79-S00-I00-N02,C79,의미
월보,C79-S00-I00-N02,C79,차참란
월보,C79-S00-I00-N02,C79,信徒
월보,C79-S00-I00-N02,C79,정력
월보,C79-S00-I00-N02,C79,향상
월보,C79-S00-I00-N03,C79,오인
월보,C79-S00-I00-N03,C79,일변란
월보,C79-S00-I00-N03,C79,오인
월보,C79-S00-I00-N03,C79,정력
월보,C79-S00-I00-N03,C79,일층견고
월보,C79-S00-I00-N03,C79,금일오인
월보,C79-S00-I00-N03,C79,사상
월보,C79-S00-I00-N03,C79,차과정
월보,C79-S00-I00-N03,C79,회고
월보,C79-S00-I00-N03,C79,불가사의
월보,C79-S00-I00-N03,C79,오인
월보,C79-S00-I00-N03,C79,오인
월보,C79-S00-I00-N03,C79,과거불가사의
월보,C79-S00-I00-N03,C79,활동중
월보,C79-S00-I00-N03,C79,소위
월보,C79-S00-I00-N03,C79,청이불문지옥엽
월보,C79-S00-I00-N03,C79,낙원
월보,C79-S00-I00-N03,C79,기술
월보,C79-S00-I00-N03,C79,대신사
월보,C79-S00-I00-N03,C79,색신
월보,C79-S00-I00-N03,C79,차세
월보,C79-S00-I00-N03,C79,해범
월보,C79-S00-I00-N03,C79,태연
월보,C79-S00-I00-N03,C79,대구
월보,C79-S00-I00-N03,C79,참형
월보,C79-S00-I00-N03,C79,以上
월보,C79-S00-I00-N03,C79,대신사
월보,C79-S00-I00-N03,C79,정신
월보,C79-S00-I00-N03,C79,갑자삼월십일
월보,C79-S00-I00-N03,C79,차세
월보,C79-S00-I00-N03,C79,출현
월보,C79-S00-I00-N03,C79,법신
월보,C79-S00-I00-N03,C79,활동
월보,C79-S00-I00-N03,C79,법신
월보,C79-S00-I00-N03,C79,활동
월보,C79-S00-I00-N03,C79,영원
월보,C79-S00-I00-N03,C79,미래
월보,C79-S00-I00-N03,C79,지배
월보,C79-S00-I00-N03,C79,법신
월보,C79-S00-I00-N03,C79,활동
월보,C79-S00-I00-N03,C79,개시
월보,C79-S00-I00-N03,C79,환원후
월보,C79-S00-I00-N03,C79,법신
월보,C79-S00-I00-N03,C79,활동
월보,C79-S00-I00-N03,C79,개시
월보,C79-S00-I00-N03,C79,기활동
월보,C79-S00-I00-N03,C79,육십년
월보,C79-S00-I00-N03,C79,금일
월보,C79-S00-I00-N03,C79,위대
월보,C79-S00-I00-N03,C79,의문
월보,C79-S00-I00-N03,C79,일사
월보,C79-S00-I00-N03,C79,약대신사
월보,C79-S00-I00-N03,C79,근년
월보,C79-S00-I00-N03,C79,출세
월보,C79-S00-I00-N03,C79,오인
월보,C79-S00-I00-N03,C79,하고
월보,C79-S00-I00-N03,C79,금일
월보,C79-S00-I00-N03,C79,대신사
월보,C79-S00-I00-N03,C79,출세
월보,C79-S00-I00-N03,C79,주장
월보,C79-S00-I00-N03,C79,성사
월보,C79-S00-I00-N03,C79,법훈
월보,C79-S00-I00-N03,C79,하고
월보,C79-S00-I00-N03,C79,발표
월보,C79-S00-I00-N03,C79,오인
월보,C79-S00-I00-N03,C79,수련정도
월보,C79-S00-I00-N03,C79,육십년
월보,C79-S00-I00-N03,C79,금석
월보,C79-S00-I00-N03,C79,확이
월보,C79-S00-I00-N03,C79,가지
월보,C79-S00-I00-N03,C79,대신사
월보,C79-S00-I00-N03,C79,출세
월보,C79-S00-I00-N03,C79,과연환원기시
월보,C79-S00-I00-N03,C79,실현
월보,C79-S00-I00-N03,C79,오인
월보,C79-S00-I00-N03,C79,자각
월보,C79-S00-I00-N03,C79,진장
월보,C79-S00-I00-N03,C79,엄류
월보,C79-S00-I00-N03,C79,성사
월보,C79-S00-I00-N03,C79,육십년
월보,C79-S00-I00-N03,C79,금일
월보,C79-S00-I00-N03,C79,信徒
월보,C79-S00-I00-N03,C79,정도
월보,C79-S00-I00-N03,C79,기분대
월보,C79-S00-I00-N03,C79,차언
월보,C79-S00-I00-N03,C79,발표
월보,C79-S00-I00-N03,C79,금일
월보,C79-S00-I00-N03,C79,오인
월보,C79-S00-I00-N03,C79,약각력
월보,C79-S00-I00-N03,C79,불족
월보,C79-S00-I00-N03,C79,오십년전선배
월보,C79-S00-I00-N03,C79,의견
월보,C79-S00-I00-N03,C79,무이
월보,C79-S00-I00-N03,C79,미래
월보,C79-S00-I00-N03,C79,오인
월보,C79-S00-I00-N03,C79,각력
월보,C79-S00-I00-N03,C79,미발
월보,C79-S00-I00-N03,C79,역시차진리
월보,C79-S00-I00-N03,C79,인식
월보,C79-S00-I00-N03,C79,대신사
월보,C79-S00-I00-N03,C79,정령
월보,C79-S00-I00-N03,C79,교리부구통
월보,C79-S00-I00-N03,C79,무타
월보,C79-S00-I00-N03,C79,일자
월보,C79-S00-I00-N03,C79,고인
월보,C79-S00-I00-N03,C79,왈각칙시불
월보,C79-S00-I00-N03,C79,하인
월보,C79-S00-I00-N03,C79,일조
월보,C79-S00-I00-N03,C79,해탈
월보,C79-S00-I00-N03,C79,기즉대신사
월보,C79-S00-I00-N03,C79,하인
월보,C79-S00-I00-N03,C79,대신사
월보,C79-S00-I00-N03,C79,백인
월보,C79-S00-I00-N03,C79,백인
월보,C79-S00-I00-N03,C79,대신사
월보,C79-S00-I00-N03,C79,천만인
월보,C79-S00-I00-N03,C79,천만인
월보,C79-S00-I00-N03,C79,대신사
월보,C79-S00-I00-N03,C79,대신사
월보,C79-S00-I00-N03,C79,즉각
월보,C79-S00-I00-N03,C79,각칙대신사
월보,C79-S00-I00-N04,C79,차리
월보,C79-S00-I00-N04,C79,약인
월보,C79-S00-I00-N04,C79,대신사
월보,C79-S00-I00-N04,C79,정령
월보,C79-S00-I00-N04,C79,금일하처
월보,C79-S00-I00-N04,C79,매인
월보,C79-S00-I00-N04,C79,백만교도
월보,C79-S00-I00-N04,C79,영대
월보,C79-S00-I00-N04,C79,대신사
월보,C79-S00-I00-N04,C79,어림
월보,C79-S00-I00-N04,C79,신전
월보,C79-S00-I00-N04,C79,즉대신사
월보,C79-S00-I00-N04,C79,信徒
월보,C79-S00-I00-N04,C79,영좌
월보,C79-S00-I00-N04,C79,활동
월보,C79-S00-I00-N04,C79,오인
월보,C79-S00-I00-N04,C79,일두
월보,C79-S00-I00-N04,C79,오인
월보,C79-S00-I00-N04,C79,면목
월보,C79-S00-I00-N04,C79,자기령좌내관
월보,C79-S00-I00-N04,C79,神人
월보,C79-S00-I00-N04,C79,팔천조자
월보,C79-S00-I00-N04,C79,자조
월보,C79-S00-I00-N04,C79,무상
월보,C79-S00-I00-N04,C79,격언
월보,C79-S00-I00-N04,C79,오인
월보,C79-S00-I00-N04,C79,발달
월보,C79-S00-I00-N04,C79,하상
월보,C79-S00-I00-N04,C79,최대마장
월보,C79-S00-I00-N04,C79,의뢰
월보,C79-S00-I00-N04,C79,자폭
월보,C79-S00-I00-N04,C79,오인
월보,C79-S00-I00-N04,C79,하사
월보,C79-S00-I00-N04,C79,의뢰성
월보,C79-S00-I00-N04,C79,자폭심
월보,C79-S00-I00-N04,C79,용왕매직
월보,C79-S00-I00-N04,C79,자조
월보,C79-S00-I00-N04,C79,천지
월보,C79-S00-I00-N04,C79,자조
월보,C79-S00-I00-N04,C79,천지
월보,C79-S00-I00-N04,C79,복주
월보,C79-S00-I00-N04,C79,징부
월보,C79-S00-I00-N04,C79,강산
월보,C79-S00-I00-N04,C79,행과
월보,C79-S00-I00-N04,C79,편약
월보,C79-S00-I00-N04,C79,건곤
월보,C79-S00-I00-N04,C79,오인
월보,C79-S00-I00-N04,C79,자기
월보,C79-S00-I00-N04,C79,영대
월보,C79-S00-I00-N04,C79,즉시대신사
월보,C79-S00-I00-N04,C79,신전
월보,C79-S00-I00-N04,C79,자각
월보,C79-S00-I00-N04,C79,一切
월보,C79-S00-I00-N04,C79,책임
월보,C79-S00-I00-N04,C79,자담
월보,C79-S00-I00-N04,C79,대신사
월보,C79-S00-I00-N04,C79,오인
월보,C79-S00-I00-N04,C79,직접활동
월보,C79-S00-I00-N04,C79,차세
월보,C79-S00-I00-N04,C79,표현
월보,C79-S00-I00-N04,C79,以上
월보,C79-S00-I00-N04,C79,자성
월보,C79-S00-I00-N04,C79,자폭
월보,C79-S00-I00-N04,C79,불가
월보,C79-S00-I00-N05,C79,차세
월보,C79-S00-I00-N05,C79,대신사
월보,C79-S00-I00-N05,C79,예언
월보,C79-S00-I00-N05,C79,神人
월보,C79-S00-I00-N05,C79,접촉
월보,C79-S00-I00-N05,C79,神人
월보,C79-S00-I00-N05,C79,神人
월보,C79-S00-I00-N05,C79,접촉
월보,C79-S00-I00-N05,C79,대신사자각
월보,C79-S00-I00-N05,C79,사상
월보,C79-S00-I00-N05,C79,계속
월보,C79-S00-I00-N05,C79,춘삼월호시절
월보,C79-S00-I00-N05,C79,오인자각
월보,C79-S00-I00-N05,C79,시절
월보,C79-S00-I00-N05,C79,상봉
월보,C79-S00-I00-N05,C79,오인자각
월보,C79-S00-I00-N05,C79,찰나
월보,C79-S00-I00-N05,C79,대재
월보,C79-S00-I00-N05,C79,오인
월보,C79-S00-I00-N05,C79,오만년로이무공
월보,C79-S00-I00-N05,C79,귀임
월보,C79-S00-I00-N05,C79,포덕천하광제창생
월보,C79-S00-I00-N05,C79,神人
월보,C79-S00-I00-N05,C79,귀임
월보,C79-S00-I00-N05,C79,오인
월보,C79-S00-I00-N05,C79,쌍견
월보,C79-S00-I00-N05,C79,부담
월보,C79-S00-I00-N05,C79,문제
월보,C79-S00-I00-N05,C79,오인
월보,C79-S00-I00-N05,C79,양각
월보,C79-S00-I00-N05,C79,답파
월보,C79-S00-I00-N05,C79,무대
월보,C79-S00-I00-N05,C79,오인
월보,C79-S00-I00-N05,C79,삼천백옥상
월보,C79-S00-I00-N05,C79,상제
월보,C79-S00-I00-N05,C79,일촌명창
월보,C79-S00-I00-N05,C79,옥황
월보,C79-S00-I00-N05,C79,여황불가고
월보,C79-S00-I00-N05,C79,천당
월보,C79-S00-I00-N05,C79,과거
월보,C79-S00-I00-N05,C79,영혼
월보,C79-S00-I00-N05,C79,불가피
월보,C79-S00-I00-N05,C79,정신
월보,C79-S00-I00-N05,C79,神人
월보,C79-S00-I00-N05,C79,불가
월보,C79-S00-I00-N05,C79,금일오인
월보,C79-S00-I00-N05,C79,귀임
월보,C79-S00-I00-N05,C79,저개일편영설적자각
월보,C79-S00-I00-N05,C79,불가
월보,C79-S00-I00-N05,C79,구전술
월보,C79-S00-I00-N05,C79,본문제
월보,C79-S00-I00-N05,C79,진의
월보,C79-S00-I00-N05,C79,각개
월보,C79-S00-I00-N05,C79,요제
월보,C79-S00-I00-N05,C79,논급
월보,C79-S00-I00-N05,C79,교리부
월보,C79-S00-I00-N05,C79,특정
월보,C79-S00-I00-N05,C79,법문
월보,C79-S00-I00-N05,C79,오인
월보,C79-S00-I00-N05,C79,차법문
월보,C79-S00-I00-N05,C79,신앙
월보,C79-S00-I00-N05,C79,중추
월보,C79-S00-I00-N05,C79,확정
월보,C79-S00-I00-N05,C79,오인
월보,C79-S00-I00-N05,C79,여하
월보,C79-S00-I00-N05,C79,사고
월보,C79-S00-I00-N05,C79,자기이상
월보,C79-S00-I00-N05,C79,실제
월보,C79-S00-I00-N05,C79,자이
월보,C79-S00-I00-N05,C79,以上
월보,C79-S00-I00-N05,C79,신뢰
월보,C79-S00-I00-N05,C79,자기
월보,C79-S00-I00-N05,C79,以上
월보,C79-S00-I00-N05,C79,보호
월보,C79-S00-I00-N05,C79,자기
월보,C79-S00-I00-N05,C79,세계
월보,C79-S00-I00-N05,C79,중심
월보,C79-S00-I00-N05,C79,우주
월보,C79-S00-I00-N05,C79,중심
월보,C79-S00-I00-N05,C79,오인
월보,C79-S00-I00-N05,C79,차우주
월보,C79-S00-I00-N05,C79,중심
월보,C79-S00-I00-N05,C79,자기
월보,C79-S00-I00-N05,C79,직파
월보,C79-S00-I00-N05,C79,신성위대
월보,C79-S00-I00-N05,C79,신앙
월보,C79-S00-I00-N05,C79,궁전
월보,C79-S00-I00-N05,C79,불가
월보,C79-S00-I00-N05,C79,실제적신앙
월보,C79-S00-I00-N05,C79,애급
월보,C79-S00-I00-N05,C79,금자탑
월보,C79-S00-I00-N05,C79,동경대전강해
월보,C79-S00-I00-N05,C79,기이
월보,C79-S00-I00-N05,C79,일기자로자
월보,C79-S00-I00-N05,C79,태고박소
월보,C79-S00-I00-N05,C79,구가
월보,C79-S00-I00-N05,C79,성현
월보,C79-S00-I00-N05,C79,배척
월보,C79-S00-I00-N05,C79,노자
월보,C79-S00-I00-N05,C79,오제이전
월보,C79-S00-I00-N05,C79,지화
월보,C79-S00-I00-N05,C79,불상현
월보,C79-S00-I00-N05,C79,불상지
월보,C79-S00-I00-N05,C79,불상귀
월보,C79-S00-I00-N05,C79,도덕
월보,C79-S00-I00-N05,C79,최고극치
월보,C79-S00-I00-N05,C79,과연몽생몽사
월보,C79-S00-I00-N05,C79,태고생활
월보,C79-S00-I00-N05,C79,천진란만
월보,C79-S00-I00-N05,C79,천국
월보,C79-S00-I00-N05,C79,소위천진란만
월보,C79-S00-I00-N05,C79,육체급정신적고통
월보,C79-S00-I00-N05,C79,원리
월보,C79-S00-I00-N05,C79,무위자재무려자우
월보,C79-S00-I00-N05,C79,상태
월보,C79-S00-I00-N05,C79,노자
월보,C79-S00-I00-N05,C79,구가
월보,C79-S00-I00-N05,C79,시대
월보,C79-S00-I00-N05,C79,진화
월보,C79-S00-I00-N05,C79,멸시
월보,C79-S00-I00-N05,C79,태고천국
월보,C79-S00-I00-N05,C79,기세
월보,C79-S00-I00-N05,C79,무위
월보,C79-S00-I00-N05,C79,강제
월보,C79-S00-I00-N05,C79,무려
월보,C79-S00-I00-N05,C79,경쟁
월보,C79-S00-I00-N05,C79,천진란만
월보,C79-S00-I00-N05,C79,기가치
월보,C79-S00-I00-N05,C79,어시
월보,C79-S00-I00-N05,C79,총명예지자
월보,C79-S00-I00-N05,C79,방법
월보,C79-S00-I00-N05,C79,중민지도
월보,C79-S00-I00-N05,C79,책임
월보,C79-S00-I00-N05,C79,자담
월보,C79-S00-I00-N05,C79,대목
월보,C79-S00-I00-N05,C79,궁실
월보,C79-S00-I00-N05,C79,목실
월보,C79-S00-I00-N05,C79,화식
월보,C79-S00-I00-N05,C79,점차인내천
월보,C79-S00-I00-N05,C79,인위적천국
월보,C79-S00-I00-N05,C79,조성
월보,C79-S00-I00-N05,C79,시실
월보,C79-S00-I00-N05,C79,진화
월보,C79-S00-I00-N05,C79,일계단
월보,C79-S00-I00-N05,C79,타신적책임
월보,C79-S00-I00-N05,C79,자신적책임
월보,C79-S00-I00-N05,C79,초기차
월보,C79-S00-I00-N05,C79,역사상오제
월보,C79-S00-I00-N05,C79,효시
월보,C79-S00-I00-N05,C79,대전
월보,C79-S00-I00-N05,C79,자오제지후성인이생
월보,C79-S00-I00-N05,C79,일월성진천지
월보,C79-S00-I00-N05,C79,도수
월보,C79-S00-I00-N05,C79,성출문권
월보,C79-S00-I00-N05,C79,이정천도지상연
월보,C79-S00-I00-N05,C79,역사
월보,C79-S00-I00-N05,C79,참고
월보,C79-S00-I00-N05,C79,지나애급
월보,C79-S00-I00-N05,C79,나마
월보,C79-S00-I00-N05,C79,성교당
월보,C79-S00-I00-N05,C79,무타
월보,C79-S00-I00-N05,C79,차륙척
월보,C79-S00-I00-N05,C79,신령
월보,C79-S00-I00-N05,C79,궁전
월보,C79-S00-I00-N05,C79,신인주택
월보,C79-S00-I00-N05,C79,금강묘향
월보,C79-S00-I00-N05,C79,가려
월보,C79-S00-I00-N05,C79,천축극락
월보,C79-S00-I00-N05,C79,理想
월보,C79-S00-I00-N05,C79,유신도
월보,C79-S00-I00-N05,C79,정신내
월보,C79-S00-I00-N05,C79,오인
월보,C79-S00-I00-N05,C79,각자아
월보,C79-S00-I00-N05,C79,방촌리
월보,C79-S00-I00-N05,C79,시실제적신앙
월보,C79-S00-I00-N05,C79,오인
월보,C79-S00-I00-N05,C79,차정신적중심
월보,C79-S00-I00-N05,C79,신앙
월보,C79-S00-I00-N05,C79,목적
월보,C79-S00-I00-N05,C79,불가
월보,C79-S00-I00-N05,C79,교리부
월보,C79-S00-I00-N05,C79,일칠
월보,C80-S00-I00-N01,C80,교리부대신사성령출세설
월보,C80-S00-I00-N01,C80,기삼리돈화이
월보,C80-S00-I00-N01,C80,사생문제해결
월보,C80-S00-I00-N01,C80,개오인
월보,C80-S00-I00-N01,C80,사고
월보,C80-S00-I00-N01,C80,마비
월보,C80-S00-I00-N01,C80,사생
월보,C80-S00-I00-N01,C80,범용인
월보,C80-S00-I00-N01,C80,물문
월보,C80-S00-I00-N01,C80,최저심최사려
월보,C80-S00-I00-N01,C80,차문제
월보,C80-S00-I00-N01,C80,해결
월보,C80-S00-I00-N01,C80,차선천적약속
월보,C80-S00-I00-N01,C80,원월
월보,C80-S00-I00-N01,C80,육체
월보,C80-S00-I00-N01,C80,영구생명
월보,C80-S00-I00-N01,C80,고대
월보,C80-S00-I00-N01,C80,종교
월보,C80-S00-I00-N01,C80,기근거
월보,C80-S00-I00-N01,C80,대개
월보,C80-S00-I00-N01,C80,차문제
월보,C80-S00-I00-N01,C80,고대
월보,C80-S00-I00-N01,C80,종교
월보,C80-S00-I00-N01,C80,기근거
월보,C80-S00-I00-N01,C80,대개
월보,C80-S00-I00-N01,C80,차문제기반
월보,C80-S00-I00-N01,C80,태무
월보,C80-S00-I00-N01,C80,종교학자
월보,C80-S00-I00-N01,C80,항언
월보,C80-S00-I00-N01,C80,소위생물
월보,C80-S00-I00-N01,C80,공포심
월보,C80-S00-I00-N01,C80,즉선천적약속
월보,C80-S00-I00-N01,C80,일반생물
월보,C80-S00-I00-N01,C80,차공포심
월보,C80-S00-I00-N01,C80,자기
월보,C80-S00-I00-N01,C80,보호
월보,C80-S00-I00-N01,C80,자기
월보,C80-S00-I00-N01,C80,발전
월보,C80-S00-I00-N01,C80,수연동미물
월보,C80-S00-I00-N01,C80,차심
월보,C80-S00-I00-N01,C80,자무
월보,C80-S00-I00-N01,C80,칙공포심
월보,C80-S00-I00-N01,C80,기인
월보,C80-S00-I00-N01,C80,시물론생명
월보,C80-S00-I00-N01,C80,생명육합치적활동
월보,C80-S00-I00-N01,C80,소이
월보,C80-S00-I00-N01,C80,공포심
월보,C80-S00-I00-N01,C80,참언
월보,C80-S00-I00-N01,C80,생명
월보,C80-S00-I00-N01,C80,애착심
월보,C80-S00-I00-N01,C80,즉가급적차생명
월보,C80-S00-I00-N01,C80,지속
월보,C80-S00-I00-N01,C80,육체적행복
월보,C80-S00-I00-N01,C80,태양광선하
월보,C80-S00-I00-N01,C80,향수
월보,C80-S00-I00-N01,C80,인류
월보,C80-S00-I00-N01,C80,발달
월보,C80-S00-I00-N01,C80,인류
월보,C80-S00-I00-N01,C80,소문력사
월보,C80-S00-I00-N01,C80,과거
월보,C80-S00-I00-N01,C80,역사
월보,C80-S00-I00-N01,C80,경험
월보,C80-S00-I00-N01,C80,자기
월보,C80-S00-I00-N01,C80,생명
월보,C80-S00-I00-N01,C80,하시
월보,C80-S00-I00-N01,C80,인생칠십고래희
월보,C80-S00-I00-N01,C80,준령
월보,C80-S00-I00-N01,C80,차준령
월보,C80-S00-I00-N01,C80,생명활동
월보,C80-S00-I00-N01,C80,최고범위
월보,C80-S00-I00-N01,C80,예상
월보,C80-S00-I00-N01,C80,생민
월보,C80-S00-I00-N01,C80,이래
월보,C80-S00-I00-N01,C80,차선천적약속
월보,C80-S00-I00-N01,C80,원월
월보,C80-S00-I00-N01,C80,영구생명
월보,C80-S00-I00-N01,C80,하시
월보,C80-S00-I00-N01,C80,자기
월보,C80-S00-I00-N01,C80,사위
월보,C80-S00-I00-N01,C80,모앙
월보,C80-S00-I00-N01,C80,장로자
월보,C80-S00-I00-N01,C80,하시
월보,C80-S00-I00-N01,C80,자기
월보,C80-S00-I00-N01,C80,사위
월보,C80-S00-I00-N01,C80,모앙
월보,C80-S00-I00-N01,C80,장로
월보,C80-S00-I00-N01,C80,향처
월보,C80-S00-I00-N01,C80,목도
월보,C80-S00-I00-N01,C80,선견
월보,C80-S00-I00-N01,C80,인생무의미
월보,C80-S00-I00-N01,C80,관념
월보,C80-S00-I00-N01,C80,붕우
월보,C80-S00-I00-N01,C80,우애
월보,C80-S00-I00-N01,C80,친족
월보,C80-S00-I00-N01,C80,차세여부운
월보,C80-S00-I00-N01,C80,인류
월보,C80-S00-I00-N01,C80,분민
월보,C80-S00-I00-N01,C80,우수
월보,C80-S00-I00-N01,C80,비애
월보,C80-S00-I00-N02,C80,각종
월보,C80-S00-I00-N02,C80,연구
월보,C80-S00-I00-N02,C80,대우주
월보,C80-S00-I00-N02,C80,대비장
월보,C80-S00-I00-N02,C80,각종
월보,C80-S00-I00-N02,C80,연구
월보,C80-S00-I00-N02,C80,영구지속방법
월보,C80-S00-I00-N02,C80,강구
월보,C80-S00-I00-N02,C80,소득
월보,C80-S00-I00-N02,C80,정신상고통
월보,C80-S00-I00-N02,C80,증가
월보,C80-S00-I00-N02,C80,어시
월보,C80-S00-I00-N02,C80,석씨
월보,C80-S00-I00-N02,C80,야씨
월보,C80-S00-I00-N02,C80,노민
월보,C80-S00-I00-N02,C80,대호
월보,C80-S00-I00-N02,C80,기성
월보,C80-S00-I00-N02,C80,왈이등
월보,C80-S00-I00-N02,C80,인정
월보,C80-S00-I00-N02,C80,이등
월보,C80-S00-I00-N02,C80,생명영구지속방법
월보,C80-S00-I00-N02,C80,강구
월보,C80-S00-I00-N03,C80,차성
월보,C80-S00-I00-N03,C80,일출
월보,C80-S00-I00-N03,C80,천하
월보,C80-S00-I00-N03,C80,억조
월보,C80-S00-I00-N03,C80,쟁두추주
월보,C80-S00-I00-N03,C80,기단하
월보,C80-S00-I00-N03,C80,어시
월보,C80-S00-I00-N03,C80,피관
월보,C80-S00-I00-N03,C80,준령
월보,C80-S00-I00-N03,C80,왈피안
월보,C80-S00-I00-N03,C80,육체
월보,C80-S00-I00-N03,C80,오예
월보,C80-S00-I00-N03,C80,해탈
월보,C80-S00-I00-N03,C80,도저
월보,C80-S00-I00-N03,C80,여등
월보,C80-S00-I00-N03,C80,육체
월보,C80-S00-I00-N03,C80,해탈
월보,C80-S00-I00-N03,C80,以上
월보,C80-S00-I00-N03,C80,순수령체
월보,C80-S00-I00-N03,C80,피령
월보,C80-S00-I00-N03,C80,기처
월보,C80-S00-I00-N03,C80,극락
월보,C80-S00-I00-N03,C80,지옥
월보,C80-S00-I00-N03,C80,여등
월보,C80-S00-I00-N03,C80,재세선악
월보,C80-S00-I00-N03,C80,판단
월보,C80-S00-I00-N03,C80,여등
월보,C80-S00-I00-N03,C80,오교
월보,C80-S00-I00-N03,C80,오인
월보,C80-S00-I00-N03,C80,시등제선철
월보,C80-S00-I00-N03,C80,취시습비
월보,C80-S00-I00-N03,C80,불문
월보,C80-S00-I00-N03,C80,오인
월보,C80-S00-I00-N03,C80,벽두제일
월보,C80-S00-I00-N03,C80,의문
월보,C80-S00-I00-N03,C80,일사
월보,C80-S00-I00-N03,C80,유래각교문
월보,C80-S00-I00-N03,C80,신앙
월보,C80-S00-I00-N03,C80,문제
월보,C80-S00-I00-N03,C80,오인사후
월보,C80-S00-I00-N03,C80,문제
월보,C80-S00-I00-N03,C80,일정
월보,C80-S00-I00-N03,C80,법칙
월보,C80-S00-I00-N03,C80,다종다양
월보,C80-S00-I00-N03,C80,무규칙적변화
월보,C80-S00-I00-N03,C80,추측
월보,C80-S00-I00-N03,C80,약일정
월보,C80-S00-I00-N03,C80,법칙
월보,C80-S00-I00-N03,C80,차법칙지배하
월보,C80-S00-I00-N03,C80,오인
월보,C80-S00-I00-N03,C80,생사
월보,C80-S00-I00-N03,C80,관계
월보,C80-S00-I00-N03,C80,동서고금
월보,C80-S00-I00-N03,C80,선각자
월보,C80-S00-I00-N03,C80,각일치
월보,C80-S00-I00-N03,C80,예여혹종교
월보,C80-S00-I00-N03,C80,극락지옥설
월보,C80-S00-I00-N03,C80,만성
월보,C80-S00-I00-N03,C80,차설
월보,C80-S00-I00-N03,C80,주창
월보,C80-S00-I00-N03,C80,내하만성
월보,C80-S00-I00-N03,C80,사생관
월보,C80-S00-I00-N03,C80,각이
월보,C80-S00-I00-N03,C80,후생
월보,C80-S00-I00-N03,C80,여하
월보,C80-S00-I00-N03,C80,사고
월보,C80-S00-I00-N03,C80,인생사후여하
월보,C80-S00-I00-N03,C80,다종다오인
월보,C80-S00-I00-N03,C80,여하
월보,C80-S00-I00-N03,C80,사고
월보,C80-S00-I00-N03,C80,인생사후여하
월보,C80-S00-I00-N03,C80,다종다양
월보,C80-S00-I00-N03,C80,존재
월보,C80-S00-I00-N03,C80,유일
월보,C80-S00-I00-N03,C80,조건
월보,C80-S00-I00-N03,C80,여타
월보,C80-S00-I00-N03,C80,하자
월보,C80-S00-I00-N03,C80,불진리
월보,C80-S00-I00-N03,C80,오인
월보,C80-S00-I00-N03,C80,제선철
월보,C80-S00-I00-N03,C80,사후문제
월보,C80-S00-I00-N03,C80,조건
월보,C80-S00-I00-N03,C80,차신
월보,C80-S00-I00-N03,C80,시등각류
월보,C80-S00-I00-N03,C80,의견하
월보,C80-S00-I00-N03,C80,기일
월보,C80-S00-I00-N03,C80,여타
월보,C80-S00-I00-N03,C80,하자
월보,C80-S00-I00-N03,C80,불진리불합리
월보,C80-S00-I00-N03,C80,오인
월보,C80-S00-I00-N03,C80,대신사
월보,C80-S00-I00-N03,C80,소위
월보,C80-S00-I00-N03,C80,오교
월보,C80-S00-I00-N03,C80,유불선문
월보,C80-S00-I00-N03,C80,차기진리상
월보,C80-S00-I00-N03,C80,저리소식
월보,C80-S00-I00-N03,C80,즉유불선
월보,C80-S00-I00-N03,C80,각기진리상
월보,C80-S00-I00-N03,C80,비리
월보,C80-S00-I00-N03,C80,유기진리
월보,C80-S00-I00-N03,C80,일부분
월보,C80-S00-I00-N03,C80,융화통일
월보,C80-S00-I00-N03,C80,완결
월보,C80-S00-I00-N03,C80,대도
월보,C80-S00-I00-N03,C80,시리
월보,C80-S00-I00-N03,C80,시등각종교
월보,C80-S00-I00-N03,C80,사생관
월보,C80-S00-I00-N03,C80,각기진리상
월보,C80-S00-I00-N03,C80,노위
월보,C80-S00-I00-N03,C80,유기진리
월보,C80-S00-I00-N03,C80,막연비류
월보,C80-S00-I00-N03,C80,발표
월보,C80-S00-I00-N03,C80,각파
월보,C80-S00-I00-N03,C80,이견
월보,C80-S00-I00-N03,C80,갑을
월보,C80-S00-I00-N03,C80,각기의
월보,C80-S00-I00-N03,C80,명사
월보,C80-S00-I00-N03,C80,의연
월보,C80-S00-I00-N03,C80,견자
월보,C80-S00-I00-N03,C80,홀연운연고월
월보,C80-S00-I00-N03,C80,오해
월보,C80-S00-I00-N03,C80,유래각교
월보,C80-S00-I00-N03,C80,사후관
월보,C80-S00-I00-N03,C80,왈천당극락설왈륜회전생설왈유령
월보,C80-S00-I00-N03,C80,교리부설왈적멸설
월보,C80-S00-I00-N03,C80,각종
월보,C80-S00-I00-N03,C80,우기해설
월보,C80-S00-I00-N03,C80,천양
월보,C80-S00-I00-N03,C80,현격
월보,C80-S00-I00-N03,C80,정연
월보,C80-S00-I00-N03,C80,기내면
월보,C80-S00-I00-N03,C80,소고
월보,C80-S00-I00-N03,C80,결국기귀착점
월보,C80-S00-I00-N03,C80,해결
월보,C80-S00-I00-N03,C80,동일진리
월보,C80-S00-I00-N03,C80,각방면
월보,C80-S00-I00-N03,C80,모사
월보,C80-S00-I00-N03,C80,불과
월보,C80-S00-I00-N03,C80,가령천당설
월보,C80-S00-I00-N03,C80,윤회설
월보,C80-S00-I00-N03,C80,기한재
월보,C80-S00-I00-N03,C80,기방식
월보,C80-S00-I00-N03,C80,선과
월보,C80-S00-I00-N03,C80,악보
월보,C80-S00-I00-N03,C80,우의
월보,C80-S00-I00-N03,C80,모사
월보,C80-S00-I00-N03,C80,동일
월보,C80-S00-I00-N03,C80,우기유령설
월보,C80-S00-I00-N03,C80,적멸설
월보,C80-S00-I00-N03,C80,기목적
월보,C80-S00-I00-N03,C80,상반
월보,C80-S00-I00-N03,C80,기해설
월보,C80-S00-I00-N03,C80,상배
월보,C80-S00-I00-N03,C80,멸망
월보,C80-S00-I00-N03,C80,의미
월보,C80-S00-I00-N03,C80,지속
월보,C80-S00-I00-N03,C80,상상
월보,C80-S00-I00-N03,C80,여하
월보,C80-S00-I00-N03,C80,선철
월보,C80-S00-I00-N03,C80,소교
월보,C80-S00-I00-N03,C80,사생관
월보,C80-S00-I00-N03,C80,오인
월보,C80-S00-I00-N03,C80,직접문의
월보,C80-S00-I00-N03,C80,해석
월보,C80-S00-I00-N03,C80,대과해
월보,C80-S00-I00-N03,C80,단기고상
월보,C80-S00-I00-N03,C80,비류
월보,C80-S00-I00-N03,C80,태고순박
월보,C80-S00-I00-N03,C80,인민
월보,C80-S00-I00-N03,C80,교화
월보,C80-S00-I00-N03,C80,세력
월보,C80-S00-I00-N03,C80,상상
월보,C80-S00-I00-N03,C80,선철
월보,C80-S00-I00-N03,C80,하고
월보,C80-S00-I00-N03,C80,직접진리
월보,C80-S00-I00-N03,C80,진풍광
월보,C80-S00-I00-N03,C80,발표
월보,C80-S00-I00-N03,C80,막연
월보,C80-S00-I00-N03,C80,우언
월보,C80-S00-I00-N03,C80,모사
월보,C80-S00-I00-N03,C80,불과
월보,C80-S00-I00-N03,C80,시대
월보,C80-S00-I00-N03,C80,정도
월보,C80-S00-I00-N03,C80,적응
월보,C80-S00-I00-N03,C80,태고인
월보,C80-S00-I00-N03,C80,과연금일발명
월보,C80-S00-I00-N03,C80,학설
월보,C80-S00-I00-N03,C80,교시
월보,C80-S00-I00-N03,C80,소아
월보,C80-S00-I00-N03,C80,경전
월보,C80-S00-I00-N03,C80,무이
월보,C80-S00-I00-N03,C80,오호
월보,C80-S00-I00-N03,C80,태양
월보,C80-S00-I00-N03,C80,정오
월보,C80-S00-I00-N03,C80,만음
월보,C80-S00-I00-N03,C80,도영
월보,C80-S00-I00-N03,C80,금일
월보,C80-S00-I00-N03,C80,인심
월보,C80-S00-I00-N03,C80,시등막연
월보,C80-S00-I00-N03,C80,우어
월보,C80-S00-I00-N03,C80,만족
월보,C80-S00-I00-N03,C80,일층기진풍광
월보,C80-S00-I00-N03,C80,횡단
월보,C80-S00-I00-N03,C80,시비
월보,C80-S00-I00-N03,C80,벽파
월보,C80-S00-I00-N03,C80,최후고견
월보,C80-S00-I00-N03,C80,본문제
월보,C80-S00-I00-N03,C80,진정신
월보,C80-S00-I00-N03,C80,이삼철리
월보,C80-S00-I00-N03,C80,사회적정신개사회
월보,C80-S00-I00-N03,C80,인류
월보,C80-S00-I00-N03,C80,총수
월보,C80-S00-I00-N03,C80,물인류
월보,C80-S00-I00-N03,C80,도저사회
월보,C80-S00-I00-N03,C80,일일
월보,C80-S00-I00-N03,C80,생존
월보,C80-S00-I00-N03,C80,불능
월보,C80-S00-I00-N03,C80,상전상수
월보,C80-S00-I00-N03,C80,발전진화
월보,C80-S00-I00-N03,C80,즉사회
월보,C80-S00-I00-N03,C80,개성
월보,C80-S00-I00-N03,C80,발달
월보,C80-S00-I00-N03,C80,역진화
월보,C80-S00-I00-N03,C80,개성
월보,C80-S00-I00-N03,C80,사회
월보,C80-S00-I00-N03,C80,발전
월보,C80-S00-I00-N03,C80,개시
월보,C80-S00-I00-N03,C80,어시
월보,C80-S00-I00-N03,C80,사회총체
월보,C80-S00-I00-N03,C80,내면
월보,C80-S00-I00-N03,C80,관계
월보,C80-S00-I00-N03,C80,상찰
월보,C80-S00-I00-N03,C80,일독립적정신
월보,C80-S00-I00-N03,C80,기시대일절활동
월보,C80-S00-I00-N03,C80,지배
월보,C80-S00-I00-N03,C80,오인
월보,C80-S00-I00-N03,C80,신체
월보,C80-S00-I00-N03,C80,무량수
월보,C80-S00-I00-N03,C80,세포
월보,C80-S00-I00-N03,C80,조직
월보,C80-S00-I00-N03,C80,우기정신
월보,C80-S00-I00-N03,C80,차무량세포
월보,C80-S00-I00-N03,C80,정신
월보,C80-S00-I00-N03,C80,총합활동
월보,C80-S00-I00-N03,C80,사회
월보,C80-S00-I00-N03,C80,무량개성
월보,C80-S00-I00-N03,C80,조직
월보,C80-S00-I00-N03,C80,사회
월보,C80-S00-I00-N03,C80,정신
월보,C80-S00-I00-N03,C80,무량개성
월보,C80-S00-I00-N03,C80,정신
월보,C80-S00-I00-N03,C80,융화정련
월보,C80-S00-I00-N03,C80,활동
월보,C80-S00-I00-N03,C80,소위개성적정신
월보,C80-S00-I00-N03,C80,융화
월보,C80-S00-I00-N03,C80,단현재인
월보,C80-S00-I00-N03,C80,과거
월보,C80-S00-I00-N03,C80,포함
월보,C80-S00-I00-N03,C80,즉과거
월보,C80-S00-I00-N03,C80,역백수천년
월보,C80-S00-I00-N03,C80,개성적정신
월보,C80-S00-I00-N03,C80,금일
월보,C80-S00-I00-N03,C80,의연
월보,C80-S00-I00-N03,C80,차사회
월보,C80-S00-I00-N03,C80,결신중
월보,C80-S00-I00-N03,C80,유염
월보,C80-S00-I00-N03,C80,오인
월보,C80-S00-I00-N03,C80,금일
월보,C80-S00-I00-N03,C80,발전
월보,C80-S00-I00-N03,C80,금일
월보,C80-S00-I00-N03,C80,결과
월보,C80-S00-I00-N03,C80,차사회적정신
월보,C80-S00-I00-N03,C80,사회정신
월보,C80-S00-I00-N03,C80,무규칙융화
월보,C80-S00-I00-N03,C80,각자일정
월보,C80-S00-I00-N03,C80,순로
월보,C81-S00-I00-N01,C81,교리부
월보,C81-S00-I00-N01,C81,현회이기
월보,C81-S00-I00-N01,C81,내하
월보,C81-S00-I00-N01,C81,연이천지
월보,C81-S00-I00-N01,C81,과기무인자호
월보,C81-S00-I00-N01,C81,의암성사
월보,C81-S00-I00-N01,C81,왈인
월보,C81-S00-I00-N01,C81,즉천
월보,C81-S00-I00-N01,C81,아위성리천
월보,C81-S00-I00-N01,C81,세계천
월보,C81-S00-I00-N01,C81,고대철학자
월보,C81-S00-I00-N01,C81,각론
월보,C81-S00-I00-N01,C81,인생관
월보,C81-S00-I00-N01,C81,부정
월보,C81-S00-I00-N01,C81,긍정
월보,C81-S00-I00-N01,C81,천고미결
월보,C81-S00-I00-N01,C81,금일시천요의상
월보,C81-S00-I00-N01,C81,판정
월보,C81-S00-I00-N01,C81,존재
월보,C81-S00-I00-N01,C81,즉조화
월보,C81-S00-I00-N01,C81,위권
월보,C81-S00-I00-N01,C81,위권
월보,C81-S00-I00-N01,C81,변화
월보,C81-S00-I00-N01,C81,차문천
월보,C81-S00-I00-N01,C81,존재
월보,C81-S00-I00-N01,C81,하처호
월보,C81-S00-I00-N01,C81,지재아이기
월보,C81-S00-I00-N01,C81,아이외
월보,C81-S00-I00-N01,C81,별유
월보,C81-S00-I00-N01,C81,위권
월보,C81-S00-I00-N01,C81,아선칙아
월보,C81-S00-I00-N01,C81,친지
월보,C81-S00-I00-N01,C81,아불선칙거지소지
월보,C81-S00-I00-N01,C81,원지소지칙천
월보,C81-S00-I00-N01,C81,편시존재
월보,C81-S00-I00-N01,C81,존재
월보,C81-S00-I00-N01,C81,편시목우아기
월보,C81-S00-I00-N01,C81,진토아기
월보,C81-S00-I00-N01,C81,개선
월보,C81-S00-I00-N01,C81,만족
월보,C81-S00-I00-N01,C81,실천궁행
월보,C81-S00-I00-N01,C81,지재지재
월보,C81-S00-I00-N01,C81,유선
월보,C81-S00-I00-N01,C81,관화
월보,C81-S00-I00-N01,C81,수선
월보,C81-S00-I00-N01,C81,자심
월보,C81-S00-I00-N01,C81,자기
월보,C81-S00-I00-N01,C81,천주
월보,C81-S00-I00-N01,C81,지위
월보,C81-S00-I00-N01,C81,인간
월보,C81-S00-I00-N01,C81,악이기
월보,C81-S00-I00-N01,C81,유차세계중생
월보,C81-S00-I00-N01,C81,선향선
월보,C81-S00-I00-N01,C81,향불선이기
월보,C81-S00-I00-N01,C81,고문
월보,C81-S00-I00-N01,C81,기장선
월보,C81-S00-I00-N01,C81,불선
월보,C81-S00-I00-N01,C81,기불선
월보,C81-S00-I00-N01,C81,만인일동
월보,C81-S00-I00-N01,C81,선로
월보,C81-S00-I00-N01,C81,초정
월보,C81-S00-I00-N01,C81,천문
월보,C81-S00-I00-N01,C81,범선로
월보,C81-S00-I00-N01,C81,위선차천문
월보,C81-S00-I00-N01,C81,불가
월보,C81-S00-I00-N01,C81,천문
월보,C81-S00-I00-N01,C81,별문
월보,C81-S00-I00-N01,C81,아심상
월보,C81-S00-I00-N01,C81,천문
월보,C81-S00-I00-N01,C81,진경
월보,C81-S00-I00-N01,C81,천문
월보,C81-S00-I00-N01,C81,불선경
월보,C81-S00-I00-N01,C81,강역
월보,C81-S00-I00-N01,C81,분명
월보,C81-S00-I00-N01,C81,수연
월보,C81-S00-I00-N01,C81,향선심
월보,C81-S00-I00-N01,C81,천문
월보,C81-S00-I00-N01,C81,미개
월보,C81-S00-I00-N01,C81,혹허위
월보,C81-S00-I00-N01,C81,천문
월보,C81-S00-I00-N01,C81,현출
월보,C81-S00-I00-N01,C81,심안
월보,C81-S00-I00-N01,C81,현혹
월보,C81-S00-I00-N01,C81,진정
월보,C81-S00-I00-N01,C81,천문
월보,C81-S00-I00-N01,C81,대개
월보,C81-S00-I00-N01,C81,세계창다
월보,C81-S00-I00-N01,C81,진정
월보,C81-S00-I00-N01,C81,천문
월보,C81-S00-I00-N01,C81,진입
월보,C81-S00-I00-N01,C81,불생
월보,C81-S00-I00-N01,C81,영입
월보,C81-S00-I00-N01,C81,시천주조화정영세불망만사지대신성성령출세설
월보,C81-S00-I00-N01,C81,기사리
월보,C81-S00-I00-N01,C81,화이
월보,C81-S00-I00-N01,C81,사생문제해결
월보,C81-S00-I00-N01,C81,오인
월보,C81-S00-I00-N01,C81,전호
월보,C81-S00-I00-N01,C81,오교
월보,C81-S00-I00-N01,C81,사생문제
월보,C81-S00-I00-N01,C81,논가설
월보,C81-S00-I00-N01,C81,천당해락설
월보,C81-S00-I00-N01,C81,입삼일향금
월보,C81-S00-I00-N01,C81,관화
월보,C81-S00-I00-N01,C81,수선
월보,C81-S00-I00-N01,C81,자심
월보,C81-S00-I00-N01,C81,교리부멸설
월보,C81-S00-I00-N01,C81,설명
월보,C81-S00-I00-N01,C81,우기이상제설
월보,C81-S00-I00-N01,C81,우철
월보,C81-S00-I00-N01,C81,우언
월보,C81-S00-I00-N01,C81,인민
월보,C81-S00-I00-N01,C81,종교적심리
월보,C81-S00-I00-N01,C81,도발
월보,C81-S00-I00-N01,C81,소이
월보,C81-S00-I00-N01,C81,도파
월보,C81-S00-I00-N01,C81,금일문명적사상
월보,C81-S00-I00-N01,C81,차우언
월보,C81-S00-I00-N01,C81,유래사생관
월보,C81-S00-I00-N01,C81,만족
월보,C81-S00-I00-N01,C81,경일층진리
월보,C81-S00-I00-N01,C81,실제적방면
월보,C81-S00-I00-N01,C81,정실
월보,C81-S00-I00-N01,C81,사생관
월보,C81-S00-I00-N01,C81,요구
월보,C81-S00-I00-N01,C81,차론
월보,C81-S00-I00-N01,C81,오교
월보,C81-S00-I00-N01,C81,사생관
월보,C81-S00-I00-N01,C81,최발달
월보,C81-S00-I00-N01,C81,진리
월보,C81-S00-I00-N01,C81,실제적사생관
월보,C81-S00-I00-N01,C81,희술
월보,C81-S00-I00-N01,C81,목문제
월보,C81-S00-I00-N01,C81,오교
월보,C81-S00-I00-N01,C81,논리
월보,C81-S00-I00-N01,C81,조직
월보,C81-S00-I00-N01,C81,계통
월보,C81-S00-I00-N01,C81,철학리
월보,C81-S00-I00-N01,C81,발표
월보,C81-S00-I00-N01,C81,유감
월보,C81-S00-I00-N01,C81,오교
월보,C81-S00-I00-N01,C81,사생관
월보,C81-S00-I00-N01,C81,근본본재료
월보,C81-S00-I00-N01,C81,대신사성령출세설
월보,C81-S00-I00-N01,C81,고금
월보,C81-S00-I00-N01,C81,횡단
월보,C81-S00-I00-N01,C81,기체적진리
월보,C81-S00-I00-N01,C81,명확
월보,C81-S00-I00-N01,C81,법체
월보,C81-S00-I00-N01,C81,본문제
월보,C81-S00-I00-N01,C81,관련
월보,C81-S00-I00-N01,C81,사회적정신설
월보,C81-S00-I00-N01,C81,다소간
월보,C81-S00-I00-N01,C81,부연
월보,C81-S00-I00-N02,C81,기술
월보,C81-S00-I00-N02,C81,사회적정신
월보,C81-S00-I00-N02,C81,개성
월보,C81-S00-I00-N02,C81,개성적정신
월보,C81-S00-I00-N02,C81,호상융화
월보,C81-S00-I00-N02,C81,활동
월보,C81-S00-I00-N02,C81,차사회적정
월보,C81-S00-I00-N02,C81,각기단결
월보,C81-S00-I00-N02,C81,소이
월보,C81-S00-I00-N02,C81,대개사신
월보,C81-S00-I00-N02,C81,무규칙적
월보,C81-S00-I00-N02,C81,융화
월보,C81-S00-I00-N02,C81,각자일정순로
월보,C81-S00-I00-N02,C81,유회적정신
월보,C81-S00-I00-N02,C81,공간
월보,C81-S00-I00-N02,C81,전세계
월보,C81-S00-I00-N02,C81,포용
월보,C81-S00-I00-N02,C81,시간
월보,C81-S00-I00-N02,C81,오인금일
월보,C81-S00-I00-N02,C81,문명
월보,C81-S00-I00-N02,C81,일조일석
월보,C81-S00-I00-N02,C81,전만고
월보,C81-S00-I00-N02,C81,유전
월보,C81-S00-I00-N02,C81,금일오인
월보,C81-S00-I00-N02,C81,개성
월보,C81-S00-I00-N02,C81,발표
월보,C81-S00-I00-N02,C81,문명
월보,C81-S00-I00-N02,C81,조류
월보,C81-S00-I00-N02,C81,근원
월보,C81-S00-I00-N02,C81,흡수
월보,C81-S00-I00-N02,C81,증류
월보,C81-S00-I00-N02,C81,조련
월보,C81-S00-I00-N02,C81,기정신광채
월보,C81-S00-I00-N02,C81,파득래
월보,C81-S00-I00-N02,C81,활사회
월보,C81-S00-I00-N02,C81,발휘
월보,C81-S00-I00-N02,C81,즉최고
월보,C81-S00-I00-N02,C81,애급
월보,C81-S00-I00-N02,C81,문명
월보,C81-S00-I00-N02,C81,점차서류
월보,C81-S00-I00-N02,C81,희랍
월보,C81-S00-I00-N02,C81,희랍
월보,C81-S00-I00-N02,C81,문명
월보,C81-S00-I00-N02,C81,나마
월보,C81-S00-I00-N02,C81,나마
월보,C81-S00-I00-N02,C81,문명
월보,C81-S00-I00-N02,C81,일층구주현세
월보,C81-S00-I00-N02,C81,문명
월보,C81-S00-I00-N02,C81,이전
월보,C81-S00-I00-N02,C81,규칙
월보,C81-S00-I00-N02,C81,계통
월보,C81-S00-I00-N02,C81,조류
월보,C81-S00-I00-N02,C81,오인
월보,C81-S00-I00-N02,C81,사회적정신내
월보,C81-S00-I00-N02,C81,발견
월보,C81-S00-I00-N02,C81,영유
월보,C81-S00-I00-N02,C81,우차
월보,C81-S00-I00-N02,C81,특수
월보,C81-S00-I00-N02,C81,일방면
월보,C81-S00-I00-N02,C81,유심론
월보,C81-S00-I00-N02,C81,유물론
월보,C81-S00-I00-N02,C81,유물론
월보,C81-S00-I00-N02,C81,물심합일론
월보,C81-S00-I00-N02,C81,종교
월보,C81-S00-I00-N02,C81,방면
월보,C81-S00-I00-N02,C81,다신관
월보,C81-S00-I00-N02,C81,일신관
월보,C81-S00-I00-N02,C81,일신관
월보,C81-S00-I00-N02,C81,경일층조화관
월보,C81-S00-I00-N02,C81,자연
월보,C81-S00-I00-N02,C81,사회적정신
월보,C81-S00-I00-N02,C81,조류
월보,C81-S00-I00-N02,C81,우차언층기체적
월보,C81-S00-I00-N02,C81,석가
월보,C81-S00-I00-N02,C81,정신
월보,C81-S00-I00-N02,C81,아난
월보,C81-S00-I00-N02,C81,정신
월보,C81-S00-I00-N02,C81,달마
월보,C81-S00-I00-N02,C81,달마
월보,C81-S00-I00-N02,C81,정신
월보,C81-S00-I00-N02,C81,신수혜능
월보,C81-S00-I00-N02,C81,불도
월보,C81-S00-I00-N02,C81,대조류
월보,C81-S00-I00-N02,C81,공자
월보,C81-S00-I00-N02,C81,정신
월보,C81-S00-I00-N02,C81,맹씨
월보,C81-S00-I00-N02,C81,맹씨
월보,C81-S00-I00-N02,C81,정신
월보,C81-S00-I00-N02,C81,당유송철
월보,C81-S00-I00-N02,C81,이전
월보,C81-S00-I00-N02,C81,논리도학
월보,C81-S00-I00-N02,C81,대원류
월보,C81-S00-I00-N02,C81,노자
월보,C81-S00-I00-N02,C81,정신
월보,C81-S00-I00-N02,C81,장씨
월보,C81-S00-I00-N02,C81,장씨
월보,C81-S00-I00-N02,C81,정신
월보,C81-S00-I00-N02,C81,갈홍
월보,C81-S00-I00-N02,C81,선가술수
월보,C81-S00-I00-N02,C81,저간
월보,C81-S00-I00-N02,C81,일점의운
월보,C81-S00-I00-N02,C81,오인
월보,C81-S00-I00-N02,C81,사회적정신
월보,C81-S00-I00-N02,C81,조류
월보,C81-S00-I00-N02,C81,차정신
월보,C81-S00-I00-N02,C81,고목사회
월보,C81-S00-I00-N02,C81,침적
월보,C81-S00-I00-N02,C81,불지불식간
월보,C81-S00-I00-N02,C81,활사회
월보,C81-S00-I00-N02,C81,이면
월보,C81-S00-I00-N02,C81,무궁무극일오
월보,C81-S00-I00-N02,C81,교리부
월보,C81-S00-I00-N02,C81,장래
월보,C81-S00-I00-N02,C81,우주
월보,C81-S00-I00-N02,C81,대법칙
월보,C81-S00-I00-N02,C81,만생물
월보,C81-S00-I00-N02,C81,활원
월보,C81-S00-I00-N02,C81,불진
월보,C81-S00-I00-N02,C81,천연적형결
월보,C81-S00-I00-N02,C81,오교사생관
월보,C81-S00-I00-N02,C81,오인
월보,C81-S00-I00-N02,C81,유래종교
월보,C81-S00-I00-N02,C81,사언적사생관
월보,C81-S00-I00-N02,C81,대조
월보,C81-S00-I00-N02,C81,선철
월보,C81-S00-I00-N02,C81,사상
월보,C81-S00-I00-N02,C81,과연나변
월보,C81-S00-I00-N02,C81,복재
월보,C81-S00-I00-N02,C81,가지
월보,C81-S00-I00-N02,C81,우기사견
월보,C81-S00-I00-N02,C81,고대박소
월보,C81-S00-I00-N02,C81,사회
월보,C81-S00-I00-N02,C81,지도
월보,C81-S00-I00-N02,C81,굉대
월보,C81-S00-I00-N02,C81,효력
월보,C81-S00-I00-N02,C81,가측
월보,C81-S00-I00-N02,C81,위선천당극락설
월보,C81-S00-I00-N02,C81,천당
월보,C81-S00-I00-N02,C81,극락
월보,C81-S00-I00-N02,C81,세외별계
월보,C81-S00-I00-N02,C81,사회적정신
월보,C81-S00-I00-N02,C81,약불씨야씨
월보,C81-S00-I00-N02,C81,의견
월보,C81-S00-I00-N02,C81,부연
월보,C81-S00-I00-N02,C81,저전세계
월보,C81-S00-I00-N02,C81,인민
월보,C81-S00-I00-N02,C81,사성체
월보,C81-S00-I00-N02,C81,팔정도
월보,C81-S00-I00-N02,C81,수행
월보,C81-S00-I00-N02,C81,해탈
월보,C81-S00-I00-N02,C81,십계명
월보,C81-S00-I00-N02,C81,신앙
월보,C81-S00-I00-N02,C81,진위안
월보,C81-S00-I00-N02,C81,사회적정신
월보,C81-S00-I00-N02,C81,홀연풍정파식
월보,C81-S00-I00-N02,C81,안온
월보,C81-S00-I00-N02,C81,개성적정신
월보,C81-S00-I00-N02,C81,천당극락
월보,C81-S00-I00-N02,C81,여하
월보,C81-S00-I00-N02,C81,세계
월보,C81-S00-I00-N02,C81,경쟁
월보,C81-S00-I00-N02,C81,안락
월보,C81-S00-I00-N02,C81,목적
월보,C81-S00-I00-N02,C81,종교가
월보,C81-S00-I00-N02,C81,본성
월보,C81-S00-I00-N02,C81,세계
월보,C81-S00-I00-N02,C81,만약일절평등
월보,C81-S00-I00-N02,C81,안온
월보,C81-S00-I00-N02,C81,종교가
월보,C81-S00-I00-N02,C81,천당
월보,C81-S00-I00-N02,C81,극락
월보,C81-S00-I00-N02,C81,윤회전생
월보,C81-S00-I00-N02,C81,오인
월보,C81-S00-I00-N02,C81,수오인재세
월보,C81-S00-I00-N02,C81,세계장래
월보,C81-S00-I00-N02,C81,천당극락
월보,C81-S00-I00-N02,C81,오신
월보,C81-S00-I00-N02,C81,수화
월보,C81-S00-I00-N02,C81,세계
월보,C81-S00-I00-N02,C81,전정
월보,C81-S00-I00-N02,C81,점차안온평화
월보,C81-S00-I00-N02,C81,극락중
월보,C81-S00-I00-N02,C81,사생관
월보,C81-S00-I00-N02,C81,유래
월보,C81-S00-I00-N02,C81,제종사생관
월보,C81-S00-I00-N02,C81,조화융합
월보,C81-S00-I00-N02,C81,최건전
월보,C81-S00-I00-N02,C81,사상
월보,C81-S00-I00-N02,C81,최발달
월보,C81-S00-I00-N02,C81,법유
월보,C81-S00-I00-N02,C81,혹조화융합
월보,C81-S00-I00-N02,C81,비부원인
월보,C81-S00-I00-N02,C81,강명사
월보,C81-S00-I00-N02,C81,대우주
월보,C81-S00-I00-N02,C81,진화결과
월보,C81-S00-I00-N02,C81,차등진사상
월보,C81-S00-I00-N02,C81,필연
월보,C81-S00-I00-N02,C81,성립
월보,C81-S00-I00-N02,C81,본문제
월보,C81-S00-I00-N02,C81,대신사
월보,C81-S00-I00-N02,C81,성령출세
월보,C81-S00-I00-N02,C81,오교
월보,C81-S00-I00-N02,C81,사생관
월보,C81-S00-I00-N02,C81,대표
월보,C81-S00-I00-N02,C81,대문제
월보,C81-S00-I00-N02,C81,오교도
월보,C81-S00-I00-N02,C81,사생관
월보,C81-S00-I00-N02,C81,단안
월보,C81-S00-I00-N02,C81,해월신사
월보,C81-S00-I00-N02,C81,제사법
월보,C81-S00-I00-N02,C81,교도
월보,C81-S00-I00-N02,C81,유래향벽설위법
월보,C81-S00-I00-N02,C81,향아설위법
월보,C81-S00-I00-N02,C81,시행
월보,C81-S00-I00-N02,C81,향아설위
월보,C81-S00-I00-N02,C81,의식일절
월보,C81-S00-I00-N02,C81,설위
월보,C81-S00-I00-N02,C81,아자신
월보,C81-S00-I00-N02,C81,자기
월보,C81-S00-I00-N02,C81,자심
월보,C81-S00-I00-N02,C81,요점
월보,C81-S00-I00-N02,C81,기체적
월보,C81-S00-I00-N02,C81,해명
월보,C81-S00-I00-N02,C81,가령아부조
월보,C81-S00-I00-N02,C81,정령
월보,C81-S00-I00-N02,C81,기부조
월보,C81-S00-I00-N02,C81,정령
월보,C81-S00-I00-N02,C81,인간사회
월보,C81-S00-I00-N02,C81,기자손
월보,C81-S00-I00-N02,C81,정신내념
월보,C81-S00-I00-N02,C81,아정신내념
월보,C81-S00-I00-N02,C81,정령
월보,C81-S00-I00-N02,C81,기심법
월보,C81-S00-I00-N02,C81,도제
월보,C81-S00-I00-N02,C81,정신내
월보,C81-S00-I00-N02,C81,역시아
월보,C81-S00-I00-N02,C81,정신내
월보,C81-S00-I00-N02,C81,오교사후관
월보,C81-S00-I00-N02,C81,철두철미
월보,C81-S00-I00-N02,C81,차사회적정신
월보,C81-S00-I00-N02,C81,근거
월보,C81-S00-I00-N02,C81,천당
월보,C81-S00-I00-N02,C81,지옥
월보,C81-S00-I00-N02,C81,존재
월보,C81-S00-I00-N02,C81,차사회적정신
월보,C81-S00-I00-N02,C81,즉천당
월보,C81-S00-I00-N02,C81,지옥
월보,C81-S00-I00-N02,C81,동시
월보,C81-S00-I00-N02,C81,아개성적정신
월보,C81-S00-I00-N02,C81,고통번뇌
월보,C81-S00-I00-N02,C81,생개성적정신
월보,C81-S00-I00-N02,C81,천당
월보,C81-S00-I00-N02,C81,지옥
월보,C81-S00-I00-N02,C81,가령아활
월보,C81-S00-I00-N02,C81,지옥
월보,C81-S00-I00-N02,C81,일점악근
월보,C81-S00-I00-N02,C81,항상광풍제월
월보,C81-S00-I00-N02,C81,천당
월보,C81-S00-I00-N02,C81,사후
월보,C81-S00-I00-N02,C81,역차
월보,C81-S00-I00-N02,C81,생전정신조직
월보,C81-S00-I00-N02,C81,필연
월보,C81-S00-I00-N02,C81,악인
월보,C81-S00-I00-N02,C81,정신내
월보,C81-S00-I00-N02,C81,귀숙
월보,C81-S00-I00-N02,C81,선인
월보,C81-S00-I00-N02,C81,정신내
월보,C81-S00-I00-N02,C81,귀숙
월보,C81-S00-I00-N02,C81,정신
월보,C81-S00-I00-N02,C81,감동
월보,C81-S00-I00-N02,C81,정신
월보,C81-S00-I00-N02,C81,감동
월보,C81-S00-I00-N02,C81,결국선악
월보,C81-S00-I00-N02,C81,호상정반대
월보,C81-S00-I00-N02,C81,결과세계
월보,C81-S00-I00-N02,C81,선악
월보,C81-S00-I00-N02,C81,전쟁장
월보,C81-S00-I00-N02,C81,선악전쟁
월보,C81-S00-I00-N02,C81,세계
월보,C81-S00-I00-N02,C81,선악
월보,C81-S00-I00-N02,C81,전쟁
월보,C81-S00-I00-N02,C81,일세
월보,C81-S00-I00-N02,C81,점령
월보,C81-S00-I00-N02,C81,오인
월보,C81-S00-I00-N02,C81,천국
월보,C81-S00-I00-N02,C81,천국
월보,C81-S00-I00-N02,C81,상제
월보,C81-S00-I00-N02,C81,적라
월보,C81-S00-I00-N02,C81,인생
월보,C81-S00-I00-N02,C81,미완
월보,C81-S00-I00-N02,C81,연구부일반
월보,C81-S00-I00-N02,C81,현기불로물위심급
월보,C81-S00-I00-N02,C81,양한묵
월보,C81-S00-I00-N02,C81,부현기
월보,C81-S00-I00-N02,C81,도지증후
월보,C81-S00-I00-N02,C81,도립호응정회신지원
월보,C81-S00-I00-N02,C81,발활연지기
월보,C81-S00-I00-N02,C81,유일맥지자연동기자
월보,C81-S00-I00-N02,C81,필종현공지의
월보,C81-S00-I00-N02,C81,차개수도자지심소사후야
월보,C81-S00-I00-N02,C81,상이일방지심
월보,C81-S00-I00-N02,C81,징찰도후지발이금거우적
월보,C81-S00-I00-N02,C81,명귀우담
월보,C81-S00-I00-N02,C81,심상생조
월보,C81-S00-I00-N02,C81,시위란문
월보,C81-S00-I00-N02,C81,조망
월보,C81-S00-I00-N02,C81,입우여도상대지안
월보,C81-S00-I00-N02,C81,도종이산의
월보,C81-S00-I00-N02,C81,차사지소이계기물이야현리
월보,C81-S00-I00-N02,C81,지대기야
월보,C81-S00-I00-N02,C81,차리피기
월보,C81-S00-I00-N02,C81,합지왈현기야
월보,C81-S00-I00-N02,C81,희차현기
월보,C81-S00-I00-N02,C81,현비이신
월보,C81-S00-I00-N02,C81,노이허야고
월보,C81-S00-I00-N02,C81,귀재호불로야
월보,C81-S00-I00-N02,C81,부오교
월보,C81-S00-I00-N02,C81,무위화기야
월보,C81-S00-I00-N02,C81,시천주삼자
월보,C81-S00-I00-N02,C81,일념재자
월보,C81-S00-I00-N02,C81,기소성공
월보,C81-S00-I00-N02,C81,부지자연
월보,C81-S00-I00-N02,C81,내시후학지본분
월보,C81-S00-I00-N02,C81,혹유불차지위
월보,C81-S00-I00-N02,C81,단욕망
월보,C81-S00-I00-N02,C81,시급
월보,C81-S00-I00-N02,C81,일편령대
월보,C81-S00-I00-N02,C81,난이불정
월보,C81-S00-I00-N02,C81,조화지정
월보,C81-S00-I00-N02,C81,하시기대호
월보,C81-S00-I00-N02,C81,소이
월보,C81-S00-I00-N02,C81,대신사
월보,C81-S00-I00-N02,C81,탄지성지
월보,C81-S00-I00-N02,C81,장기렴
월보,C81-S00-I00-N02,C81,현자
월보,C81-S00-I00-N02,C81,현창창지정리야
월보,C81-S00-I00-N02,C81,기자
월보,C81-S00-I00-N02,C81,주주밀밀지기야
월보,C81-S00-I00-N02,C81,유지인
월보,C81-S00-I00-N02,C81,심득차기
월보,C81-S00-I00-N02,C81,불단피로교리부어사위
월보,C81-S00-I00-N02,C81,역능상천조화지권심오일칠
월보,C82-S00-I00-N01,C82,교리부신
월보,C82-S00-I00-N01,C82,일절물기자
월보,C82-S00-I00-N01,C82,간주
월보,C82-S00-I00-N01,C82,관념상
월보,C82-S00-I00-N01,C82,과연여하
월보,C82-S00-I00-N01,C82,위치
월보,C82-S00-I00-N01,C82,오인
월보,C82-S00-I00-N01,C82,일어
월보,C82-S00-I00-N01,C82,간단
월보,C82-S00-I00-N01,C82,증명
월보,C82-S00-I00-N01,C82,우주
월보,C82-S00-I00-N01,C82,일절물
월보,C82-S00-I00-N01,C82,일절물
월보,C82-S00-I00-N01,C82,일절물
월보,C82-S00-I00-N01,C82,일절물
월보,C82-S00-I00-N01,C82,일동물
월보,C82-S00-I00-N01,C82,동물
월보,C82-S00-I00-N01,C82,일절물
월보,C82-S00-I00-N01,C82,최진화
월보,C82-S00-I00-N01,C82,결국인
월보,C82-S00-I00-N01,C82,동물중최진화물
월보,C82-S00-I00-N01,C82,즉일절물
월보,C82-S00-I00-N01,C82,최진화물
월보,C82-S00-I00-N01,C82,이상정의
월보,C82-S00-I00-N01,C82,최진화
월보,C82-S00-I00-N01,C82,만물
월보,C82-S00-I00-N01,C82,영장
월보,C82-S00-I00-N01,C82,대신사성령출세설리
월보,C82-S00-I00-N01,C82,화일
월보,C82-S00-I00-N01,C82,현세적천국오인
월보,C82-S00-I00-N01,C82,동경대전
월보,C82-S00-I00-N01,C82,최대
월보,C82-S00-I00-N01,C82,연구
월보,C82-S00-I00-N01,C82,재료
월보,C82-S00-I00-N01,C82,필생
월보,C82-S00-I00-N01,C82,목적
월보,C82-S00-I00-N01,C82,오인
월보,C82-S00-I00-N01,C82,즉포덕문중천사문답란
월보,C82-S00-I00-N01,C82,상제
월보,C82-S00-I00-N01,C82,여역장생포덕천하의
월보,C82-S00-I00-N01,C82,구절
월보,C82-S00-I00-N01,C82,논학문중
월보,C82-S00-I00-N01,C82,천사문답란
월보,C82-S00-I00-N01,C82,영여장생지약소연우천하의
월보,C82-S00-I00-N01,C82,구칠기자
월보,C82-S00-I00-N01,C82,구절
월보,C82-S00-I00-N01,C82,본주문중
월보,C82-S00-I00-N01,C82,시천주령아장생주궁
월보,C82-S00-I00-N01,C82,만사지
월보,C82-S00-I00-N01,C82,구절
월보,C82-S00-I00-N01,C82,탄도유심급중
월보,C82-S00-I00-N01,C82,공성타일호작
월보,C82-S00-I00-N01,C82,선연
월보,C82-S00-I00-N01,C82,구절등
월보,C82-S00-I00-N01,C82,대신사
월보,C82-S00-I00-N01,C82,장생
월보,C82-S00-I00-N01,C82,불사
월보,C82-S00-I00-N01,C82,선연
월보,C82-S00-I00-N01,C82,초연
월보,C82-S00-I00-N01,C82,영생주의
월보,C82-S00-I00-N01,C82,표현
월보,C82-S00-I00-N01,C82,이차
월보,C82-S00-I00-N01,C82,대신사
월보,C82-S00-I00-N01,C82,철두철미
월보,C82-S00-I00-N01,C82,유래사생관
월보,C82-S00-I00-N01,C82,즉천지
월보,C82-S00-I00-N01,C82,병인공
월보,C82-S00-I00-N01,C82,자격
월보,C82-S00-I00-N01,C82,표현
월보,C82-S00-I00-N01,C82,인내천
월보,C82-S00-I00-N01,C82,오교
월보,C82-S00-I00-N01,C82,최후진리
월보,C82-S00-I00-N01,C82,오인
월보,C82-S00-I00-N01,C82,상술
월보,C82-S00-I00-N01,C82,존재
월보,C82-S00-I00-N01,C82,존재
월보,C82-S00-I00-N01,C82,자기
월보,C82-S00-I00-N01,C82,존재
월보,C82-S00-I00-N01,C82,확정
월보,C82-S00-I00-N01,C82,우진
월보,C82-S00-I00-N01,C82,숭배
월보,C82-S00-I00-N01,C82,인내천주의
월보,C82-S00-I00-N01,C82,근거
월보,C82-S00-I00-N01,C82,대갈
월보,C82-S00-I00-N01,C82,유무
월보,C82-S00-I00-N01,C82,대개자
월보,C82-S00-I00-N01,C82,차호
월보,C82-S00-I00-N01,C82,도급교
월보,C82-S00-I00-N01,C82,定義
월보,C82-S00-I00-N01,C82,미완
월보,C82-S00-I00-N01,C82,최후
월보,C82-S00-I00-N01,C82,진리
월보,C82-S00-I00-N01,C82,사실적
월보,C82-S00-I00-N01,C82,표시
월보,C82-S00-I00-N01,C82,현세
월보,C82-S00-I00-N01,C82,영생
월보,C82-S00-I00-N01,C82,천국
월보,C82-S00-I00-N01,C82,현세
월보,C82-S00-I00-N01,C82,과연영생
월보,C82-S00-I00-N01,C82,천국
월보,C82-S00-I00-N01,C82,장차여하
월보,C82-S00-I00-N01,C82,방식하
월보,C82-S00-I00-N01,C82,실현
월보,C82-S00-I00-N01,C82,선악
월보,C82-S00-I00-N01,C82,전쟁전호
월보,C82-S00-I00-N01,C82,누술
월보,C82-S00-I00-N01,C82,세계
월보,C82-S00-I00-N01,C82,일대선악
월보,C82-S00-I00-N01,C82,전쟁
월보,C82-S00-I00-N01,C82,전세계
월보,C82-S00-I00-N01,C82,영원
월보,C82-S00-I00-N01,C82,전세계
월보,C82-S00-I00-N01,C82,영원
월보,C82-S00-I00-N01,C82,선악
월보,C82-S00-I00-N01,C82,분기점
월보,C82-S00-I00-N01,C82,하경계
월보,C82-S00-I00-N01,C82,표준
월보,C82-S00-I00-N01,C82,경단
월보,C82-S00-I00-N01,C82,추상적일언
월보,C82-S00-I00-N01,C82,以上
월보,C82-S00-I00-N01,C82,활동
월보,C82-S00-I00-N01,C82,以上
월보,C82-S00-I00-N01,C82,안령
월보,C82-S00-I00-N01,C82,유지
월보,C82-S00-I00-N01,C82,방침
월보,C82-S00-I00-N01,C82,교훈
월보,C82-S00-I00-N01,C82,포부
월보,C82-S00-I00-N02,C82,소극적
월보,C82-S00-I00-N02,C82,개선
월보,C82-S00-I00-N02,C82,동시
월보,C82-S00-I00-N02,C82,적극적
월보,C82-S00-I00-N02,C82,개악
월보,C82-S00-I00-N02,C82,여하
월보,C82-S00-I00-N02,C82,차사회
월보,C82-S00-I00-N02,C82,천민일반
월보,C82-S00-I00-N02,C82,기초
월보,C82-S00-I00-N02,C82,기물
월보,C82-S00-I00-N02,C82,천국
월보,C82-S00-I00-N02,C82,전체
월보,C82-S00-I00-N02,C82,경쟁
월보,C82-S00-I00-N02,C82,일절평등
월보,C82-S00-I00-N02,C82,융화중
월보,C82-S00-I00-N02,C82,행복
월보,C82-S00-I00-N02,C82,생활
월보,C82-S00-I00-N02,C82,계속
월보,C82-S00-I00-N02,C82,대신사
월보,C82-S00-I00-N02,C82,시적천국
월보,C82-S00-I00-N02,C82,건설
월보,C82-S00-I00-N02,C82,횡고단금
월보,C82-S00-I00-N02,C82,대도
월보,C82-S00-I00-N02,C82,차세
월보,C82-S00-I00-N02,C82,위선선악
월보,C82-S00-I00-N02,C82,전쟁
월보,C82-S00-I00-N02,C82,노골적
월보,C82-S00-I00-N02,C82,표명
월보,C82-S00-I00-N02,C82,도래삼칠자강진세간마
월보,C82-S00-I00-N02,C82,의미
월보,C82-S00-I00-N02,C82,세간일절
월보,C82-S00-I00-N02,C82,악과
월보,C82-S00-I00-N02,C82,강진
월보,C82-S00-I00-N02,C82,도기장존사불입
월보,C82-S00-I00-N02,C82,세간중인불동귀
월보,C82-S00-I00-N02,C82,차세인
월보,C82-S00-I00-N02,C82,유혹
월보,C82-S00-I00-N02,C82,요순지세민개위요순사세지인금여세간귀
월보,C82-S00-I00-N02,C82,선악
월보,C82-S00-I00-N02,C82,전쟁결과
월보,C82-S00-I00-N02,C82,필경
월보,C82-S00-I00-N02,C82,차세
월보,C82-S00-I00-N02,C82,점령
월보,C82-S00-I00-N02,C82,일세
월보,C82-S00-I00-N02,C82,차도
월보,C82-S00-I00-N02,C82,개인적수양
월보,C82-S00-I00-N02,C82,기단
월보,C82-S00-I00-N02,C82,즉개인
월보,C82-S00-I00-N02,C82,자천
월보,C82-S00-I00-N02,C82,자각
월보,C82-S00-I00-N02,C82,一切
월보,C82-S00-I00-N02,C82,자천
월보,C82-S00-I00-N02,C82,명개하
월보,C82-S00-I00-N02,C82,내유신령
월보,C82-S00-I00-N02,C82,외유기화
월보,C82-S00-I00-N02,C82,일세지인
월보,C82-S00-I00-N02,C82,각지불이자야
월보,C82-S00-I00-N02,C82,개인적선
월보,C82-S00-I00-N02,C82,점차단체적선
월보,C82-S00-I00-N02,C82,일세인
월보,C82-S00-I00-N02,C82,개선
월보,C82-S00-I00-N02,C82,확인
월보,C82-S00-I00-N02,C82,현세천국
월보,C82-S00-I00-N02,C82,시초
월보,C82-S00-I00-N02,C82,건설
월보,C82-S00-I00-N02,C82,즉오교
월보,C82-S00-I00-N02,C82,목적즉
월보,C82-S00-I00-N02,C82,포덕천하광제창생
월보,C82-S00-I00-N02,C82,경애
월보,C82-S00-I00-N02,C82,오인
월보,C82-S00-I00-N02,C82,선악
월보,C82-S00-I00-N02,C82,전쟁
월보,C82-S00-I00-N02,C82,의미중
월보,C82-S00-I00-N02,C82,하처
월보,C82-S00-I00-N02,C82,지연
월보,C82-S00-I00-N02,C82,정로
월보,C82-S00-I00-N02,C82,과거력사상견지중
월보,C82-S00-I00-N02,C82,하처
월보,C82-S00-I00-N02,C82,하시
월보,C82-S00-I00-N02,C82,동시
월보,C82-S00-I00-N02,C82,역악
월보,C82-S00-I00-N02,C82,요순지세
월보,C82-S00-I00-N02,C82,팔흉
월보,C82-S00-I00-N02,C82,공맹지세
월보,C82-S00-I00-N02,C82,환추
월보,C82-S00-I00-N02,C82,선악
월보,C82-S00-I00-N02,C82,하시
월보,C82-S00-I00-N02,C82,정신적계속
월보,C82-S00-I00-N02,C82,선악
월보,C82-S00-I00-N02,C82,정신적계속
월보,C82-S00-I00-N02,C82,선악
월보,C82-S00-I00-N02,C82,정연
월보,C82-S00-I00-N02,C82,정신체
월보,C82-S00-I00-N02,C82,교리부
월보,C82-S00-I00-N02,C82,이대조류
월보,C82-S00-I00-N02,C82,차세
월보,C82-S00-I00-N02,C82,분파
월보,C82-S00-I00-N02,C82,즉과거억조
월보,C82-S00-I00-N02,C82,선악
월보,C82-S00-I00-N02,C82,현대억조
월보,C82-S00-I00-N02,C82,결합
월보,C82-S00-I00-N02,C82,익익행복
월보,C82-S00-I00-N02,C82,과거억조
월보,C82-S00-I00-N02,C82,현대억조
월보,C82-S00-I00-N02,C82,보조
월보,C82-S00-I00-N02,C82,익익고통
월보,C82-S00-I00-N02,C82,오인
월보,C82-S00-I00-N02,C82,현대생활
월보,C82-S00-I00-N02,C82,의미
월보,C82-S00-I00-N02,C82,무의식적
월보,C82-S00-I00-N02,C82,말소
월보,C82-S00-I00-N02,C82,불가
월보,C82-S00-I00-N02,C82,일설맹연
월보,C82-S00-I00-N02,C82,자기
월보,C82-S00-I00-N02,C82,자기
월보,C82-S00-I00-N02,C82,해석
월보,C82-S00-I00-N02,C82,의의
월보,C82-S00-I00-N02,C82,불가
월보,C82-S00-I00-N02,C82,철저
월보,C82-S00-I00-N02,C82,사고사
월보,C82-S00-I00-N02,C82,오인
월보,C82-S00-I00-N02,C82,의미
월보,C82-S00-I00-N02,C82,차세
월보,C82-S00-I00-N02,C82,유대
월보,C82-S00-I00-N02,C82,오인
월보,C82-S00-I00-N02,C82,오인일생
월보,C82-S00-I00-N02,C82,활동전부
월보,C82-S00-I00-N02,C82,절단
월보,C82-S00-I00-N02,C82,요연
월보,C82-S00-I00-N02,C82,기의미
월보,C82-S00-I00-N02,C82,관찰
월보,C82-S00-I00-N02,C82,비관
월보,C82-S00-I00-N03,C82,철인
월보,C82-S00-I00-N03,C82,왈오인
월보,C82-S00-I00-N03,C82,우동
월보,C82-S00-I00-N03,C82,동일
월보,C82-S00-I00-N03,C82,조반우조반
월보,C82-S00-I00-N03,C82,과연
월보,C82-S00-I00-N03,C82,오인
월보,C82-S00-I00-N03,C82,의미
월보,C82-S00-I00-N03,C82,우각
월보,C82-S00-I00-N03,C82,조술우조반
월보,C82-S00-I00-N03,C82,필경사
월보,C82-S00-I00-N03,C82,오호
월보,C82-S00-I00-N03,C82,의미
월보,C82-S00-I00-N03,C82,의미
월보,C82-S00-I00-N03,C82,환언
월보,C82-S00-I00-N03,C82,인생
월보,C82-S00-I00-N03,C82,필경일사일자
월보,C82-S00-I00-N03,C82,의미
월보,C82-S00-I00-N03,C82,생활
월보,C82-S00-I00-N03,C82,의미
월보,C82-S00-I00-N03,C82,만사기의
월보,C82-S00-I00-N03,C82,오인
월보,C82-S00-I00-N03,C82,수천세
월보,C82-S00-I00-N03,C82,계속
월보,C82-S00-I00-N03,C82,필경차육신
월보,C82-S00-I00-N03,C82,계속
월보,C82-S00-I00-N03,C82,영구
월보,C82-S00-I00-N03,C82,절대하
월보,C82-S00-I00-N03,C82,생명
월보,C82-S00-I00-N03,C82,운맥
월보,C82-S00-I00-N03,C82,불능
월보,C82-S00-I00-N03,C82,以上
월보,C82-S00-I00-N03,C82,오인
월보,C82-S00-I00-N03,C82,일생
월보,C82-S00-I00-N03,C82,의미
월보,C82-S00-I00-N03,C82,의미
월보,C82-S00-I00-N03,C82,오인
월보,C82-S00-I00-N03,C82,의미
월보,C82-S00-I00-N03,C82,유래인습적사후관
월보,C82-S00-I00-N03,C82,以上
월보,C82-S00-I00-N03,C82,사고
월보,C82-S00-I00-N03,C82,인생
월보,C82-S00-I00-N03,C82,근본적비관
월보,C82-S00-I00-N03,C82,동시
월보,C82-S00-I00-N03,C82,인생
월보,C82-S00-I00-N03,C82,차사고
월보,C82-S00-I00-N03,C82,방면
월보,C82-S00-I00-N03,C82,일전
월보,C82-S00-I00-N03,C82,신신앙
월보,C82-S00-I00-N03,C82,기초
월보,C82-S00-I00-N03,C82,동기
월보,C82-S00-I00-N03,C82,즉오인
월보,C82-S00-I00-N03,C82,생활
월보,C82-S00-I00-N03,C82,무의미
월보,C82-S00-I00-N03,C82,대의미대의식
월보,C82-S00-I00-N03,C82,법체
월보,C82-S00-I00-N03,C82,차간
월보,C82-S00-I00-N03,C82,복재
월보,C82-S00-I00-N03,C82,불가
월보,C82-S00-I00-N03,C82,철저적수양오인
월보,C82-S00-I00-N03,C82,대신사
월보,C82-S00-I00-N03,C82,장생불사관
월보,C82-S00-I00-N03,C82,철저적
월보,C82-S00-I00-N03,C82,이해
월보,C82-S00-I00-N03,C82,무의미
월보,C82-S00-I00-N03,C82,대의미
월보,C82-S00-I00-N03,C82,무의식
월보,C82-S00-I00-N03,C82,대의식
월보,C82-S00-I00-N03,C82,불가
월보,C82-S00-I00-N03,C82,정연
월보,C82-S00-I00-N03,C82,차륙척
월보,C82-S00-I00-N03,C82,기근저
월보,C82-S00-I00-N03,C82,소저
월보,C82-S00-I00-N03,C82,아일신
월보,C82-S00-I00-N03,C82,수묘
월보,C82-S00-I00-N03,C82,누억만겁
월보,C82-S00-I00-N03,C82,금일
월보,C82-S00-I00-N03,C82,차륙척
월보,C82-S00-I00-N03,C82,以上
월보,C82-S00-I00-N03,C82,금일
월보,C82-S00-I00-N03,C82,무의미적
월보,C82-S00-I00-N03,C82,무의식적
월보,C82-S00-I00-N03,C82,오인
월보,C82-S00-I00-N03,C82,고백
월보,C82-S00-I00-N03,C82,미완
월보,C83-S00-I00-N01,C83,교문정의현대사조
월보,C83-S00-I00-N01,C83,사인여천주의리교화일
월보,C83-S00-I00-N01,C83,금일
월보,C83-S00-I00-N01,C83,지금
월보,C83-S00-I00-N01,C83,세계
월보,C83-S00-I00-N01,C83,직접세계적인
월보,C83-S00-I00-N01,C83,세계적지식
월보,C83-S00-I00-N01,C83,세계적문화
월보,C83-S00-I00-N01,C83,유영
월보,C83-S00-I00-N01,C83,봉건시대
월보,C83-S00-I00-N01,C83,쇄국시대
월보,C83-S00-I00-N01,C83,동중
월보,C83-S00-I00-N01,C83,선인
월보,C83-S00-I00-N01,C83,봉건시대
월보,C83-S00-I00-N01,C83,고도
월보,C83-S00-I00-N01,C83,표객
월보,C83-S00-I00-N01,C83,동중
월보,C83-S00-I00-N01,C83,선인
월보,C83-S00-I00-N01,C83,거년
월보,C83-S00-I00-N01,C83,작일
월보,C83-S00-I00-N01,C83,금일
월보,C83-S00-I00-N01,C83,진보
월보,C83-S00-I00-N01,C83,세계
월보,C83-S00-I00-N01,C83,금일
월보,C83-S00-I00-N01,C83,진보
월보,C83-S00-I00-N01,C83,인류
월보,C83-S00-I00-N01,C83,엄연
월보,C83-S00-I00-N01,C83,금일
월보,C83-S00-I00-N01,C83,신시대
월보,C83-S00-I00-N01,C83,공기
월보,C83-S00-I00-N01,C83,호흡
월보,C83-S00-I00-N01,C83,세계
월보,C83-S00-I00-N01,C83,금일
월보,C83-S00-I00-N01,C83,진보
월보,C83-S00-I00-N01,C83,퇴화
월보,C83-S00-I00-N01,C83,억차행복
월보,C83-S00-I00-N01,C83,불행
월보,C83-S00-I00-N01,C83,이해
월보,C83-S00-I00-N01,C83,지력
월보,C83-S00-I00-N01,C83,좌우
월보,C83-S00-I00-N01,C83,실력
월보,C83-S00-I00-N01,C83,금일
월보,C83-S00-I00-N01,C83,세계
월보,C83-S00-I00-N01,C83,조류
월보,C83-S00-I00-N01,C83,순류
월보,C83-S00-I00-N01,C83,세계
월보,C83-S00-I00-N01,C83,풍화
월보,C83-S00-I00-N01,C83,영합
월보,C83-S00-I00-N01,C83,교문정의
월보,C83-S00-I00-N01,C83,교문정의
월보,C83-S00-I00-N01,C83,이막
월보,C83-S00-I00-N01,C83,고동
월보,C83-S00-I00-N01,C83,개조
월보,C83-S00-I00-N01,C83,전기
월보,C83-S00-I00-N01,C83,감응
월보,C83-S00-I00-N01,C83,음양
월보,C83-S00-I00-N01,C83,화합
월보,C83-S00-I00-N01,C83,번접촉
월보,C83-S00-I00-N01,C83,장야
월보,C83-S00-I00-N01,C83,정신
월보,C83-S00-I00-N01,C83,천지
월보,C83-S00-I00-N01,C83,지구
월보,C83-S00-I00-N01,C83,세계
월보,C83-S00-I00-N01,C83,과거
월보,C83-S00-I00-N01,C83,모순
월보,C83-S00-I00-N01,C83,생활
월보,C83-S00-I00-N01,C83,고뇌
월보,C83-S00-I00-N01,C83,과거
월보,C83-S00-I00-N01,C83,불공평불합리불철저
월보,C83-S00-I00-N01,C83,생활
월보,C83-S00-I00-N01,C83,번민
월보,C83-S00-I00-N01,C83,천문
월보,C83-S00-I00-N01,C83,과거
월보,C83-S00-I00-N01,C83,허위망상
월보,C83-S00-I00-N01,C83,죄악
월보,C83-S00-I00-N01,C83,진리
월보,C83-S00-I00-N01,C83,행복
월보,C83-S00-I00-N01,C83,생활
월보,C83-S00-I00-N01,C83,낙원
월보,C83-S00-I00-N01,C83,건축
월보,C83-S00-I00-N02,C83,신저술
월보,C83-S00-I00-N02,C83,진리
월보,C83-S00-I00-N02,C83,행복
월보,C83-S00-I00-N02,C83,이해
월보,C83-S00-I00-N02,C83,여가
월보,C83-S00-I00-N02,C83,인류
월보,C83-S00-I00-N02,C83,과거사천년
월보,C83-S00-I00-N02,C83,원고
월보,C83-S00-I00-N02,C83,말살
월보,C83-S00-I00-N02,C83,시작
월보,C83-S00-I00-N02,C83,인류
월보,C83-S00-I00-N02,C83,명총정궤
월보,C83-S00-I00-N02,C83,저술
월보,C83-S00-I00-N02,C83,착수
월보,C83-S00-I00-N02,C83,우주
월보,C83-S00-I00-N02,C83,신기원
월보,C83-S00-I00-N02,C83,기록
월보,C83-S00-I00-N02,C83,천지
월보,C83-S00-I00-N02,C83,신개벽
월보,C83-S00-I00-N02,C83,음미
월보,C83-S00-I00-N02,C83,인생
월보,C83-S00-I00-N02,C83,신생활
월보,C83-S00-I00-N02,C83,개척
월보,C83-S00-I00-N02,C83,正義
월보,C83-S00-I00-N02,C83,교문정의구
월보,C83-S00-I00-N02,C83,이해
월보,C83-S00-I00-N02,C83,지력
월보,C83-S00-I00-N02,C83,실시
월보,C83-S00-I00-N02,C83,의식
월보,C83-S00-I00-N02,C83,다소불충분
월보,C83-S00-I00-N02,C83,요구
월보,C83-S00-I00-N02,C83,정기
월보,C83-S00-I00-N02,C83,갈앙
월보,C83-S00-I00-N02,C83,욕망
월보,C83-S00-I00-N02,C83,만인
월보,C83-S00-I00-N02,C83,공통
월보,C83-S00-I00-N02,C83,입각점
월보,C83-S00-I00-N02,C83,만인
월보,C83-S00-I00-N02,C83,만인
월보,C83-S00-I00-N02,C83,쾌응
월보,C83-S00-I00-N02,C83,조건
월보,C83-S00-I00-N02,C83,人道
월보,C83-S00-I00-N02,C83,사인여천주의세계
월보,C83-S00-I00-N02,C83,금일
월보,C83-S00-I00-N02,C83,부산
월보,C83-S00-I00-N02,C83,과도
월보,C83-S00-I00-N02,C83,목표
월보,C83-S00-I00-N02,C83,정진우정진
월보,C83-S00-I00-N03,C83,건설
월보,C83-S00-I00-N03,C83,특별
월보,C83-S00-I00-N03,C83,의지
월보,C83-S00-I00-N03,C83,조성
월보,C83-S00-I00-N03,C83,자확실
월보,C83-S00-I00-N03,C83,건설
월보,C83-S00-I00-N03,C83,노력
월보,C83-S00-I00-N03,C83,조성
월보,C83-S00-I00-N03,C83,고심
월보,C83-S00-I00-N03,C83,실행
월보,C83-S00-I00-N03,C83,방침
월보,C83-S00-I00-N03,C83,人道
월보,C83-S00-I00-N03,C83,목표
월보,C83-S00-I00-N03,C83,진행
월보,C83-S00-I00-N03,C83,과거해독
월보,C83-S00-I00-N03,C83,인도멸시
월보,C83-S00-I00-N03,C83,다대
월보,C83-S00-I00-N03,C83,해독
월보,C83-S00-I00-N03,C83,종족차별권리차별
월보,C83-S00-I00-N03,C83,백대황색문제황대흑색문제인종
월보,C83-S00-I00-N03,C83,인종
월보,C83-S00-I00-N03,C83,구별
월보,C83-S00-I00-N03,C83,지자
월보,C83-S00-I00-N03,C83,우자
월보,C83-S00-I00-N03,C83,멸시
월보,C83-S00-I00-N03,C83,우자
월보,C83-S00-I00-N03,C83,열자
월보,C83-S00-I00-N03,C83,학대
월보,C83-S00-I00-N03,C83,인도적불평
월보,C83-S00-I00-N03,C83,천하
월보,C83-S00-I00-N03,C83,충만
월보,C83-S00-I00-N03,C83,물론선천
월보,C83-S00-I00-N03,C83,인도관념
월보,C83-S00-I00-N03,C83,유치
월보,C83-S00-I00-N03,C83,고풍적만습
월보,C83-S00-I00-N03,C83,고대희랍
월보,C83-S00-I00-N03,C83,영웅시대
월보,C83-S00-I00-N03,C83,전쟁
월보,C83-S00-I00-N03,C83,민족
월보,C83-S00-I00-N03,C83,민족
월보,C83-S00-I00-N03,C83,자기
월보,C83-S00-I00-N03,C83,소유물
월보,C83-S00-I00-N03,C83,금수
월보,C83-S00-I00-N03,C83,학대
월보,C83-S00-I00-N03,C83,기계
월보,C83-S00-I00-N03,C83,야만적풍습
월보,C83-S00-I00-N03,C83,장구
월보,C83-S00-I00-N03,C83,역사
월보,C83-S00-I00-N03,C83,마수
월보,C83-S00-I00-N03,C83,세계
월보,C83-S00-I00-N03,C83,항상진화
월보,C83-S00-I00-N03,C83,야만적풍습
월보,C83-S00-I00-N03,C83,악도
월보,C83-S00-I00-N03,C83,점차해탈
월보,C83-S00-I00-N03,C83,평등
월보,C83-S00-I00-N03,C83,심즉인도
월보,C83-S00-I00-N03,C83,발달
월보,C83-S00-I00-N03,C83,진보
월보,C83-S00-I00-N03,C83,교문정의
월보,C83-S00-I00-N03,C83,금일이후
월보,C83-S00-I00-N03,C83,人道
월보,C83-S00-I00-N03,C83,표준
월보,C83-S00-I00-N03,C83,국별종족별
월보,C83-S00-I00-N03,C83,초월
월보,C83-S00-I00-N03,C83,세계
월보,C83-S00-I00-N03,C83,일가
월보,C83-S00-I00-N03,C83,전인류
월보,C83-S00-I00-N03,C83,일기
월보,C83-S00-I00-N03,C83,불원
월보,C83-S00-I00-N03,C83,人道
월보,C83-S00-I00-N03,C83,발달
월보,C83-S00-I00-N03,C83,국위
월보,C83-S00-I00-N03,C83,족위
월보,C83-S00-I00-N03,C83,본체
월보,C83-S00-I00-N03,C83,인류
월보,C83-S00-I00-N03,C83,단위
월보,C83-S00-I00-N03,C83,본체
월보,C83-S00-I00-N03,C83,최후관념
월보,C83-S00-I00-N03,C83,본위
월보,C83-S00-I00-N03,C83,전인류
월보,C83-S00-I00-N03,C83,일시동인
월보,C83-S00-I00-N03,C83,主義
월보,C83-S00-I00-N03,C83,일인
월보,C83-S00-I00-N03,C83,자격
월보,C83-S00-I00-N03,C83,점차향상
월보,C83-S00-I00-N03,C83,증거
월보,C83-S00-I00-N03,C83,억인격
월보,C83-S00-I00-N03,C83,향상
월보,C83-S00-I00-N03,C83,직접리상
월보,C83-S00-I00-N03,C83,접근
월보,C83-S00-I00-N03,C83,노력
월보,C83-S00-I00-N03,C83,활동
월보,C83-S00-I00-N03,C83,理想
월보,C83-S00-I00-N03,C83,피안
월보,C83-S00-I00-N03,C83,인류
월보,C83-S00-I00-N03,C83,최고력사적종교적개념
월보,C83-S00-I00-N03,C83,신기자
월보,C83-S00-I00-N03,C83,환언
월보,C83-S00-I00-N03,C83,인류
월보,C83-S00-I00-N03,C83,최고리상
월보,C83-S00-I00-N03,C83,표준
월보,C83-S00-I00-N03,C83,노력
월보,C83-S00-I00-N03,C83,오인내천주의
월보,C83-S00-I00-N03,C83,차정도
월보,C83-S00-I00-N03,C83,人道
월보,C83-S00-I00-N03,C83,실현
월보,C83-S00-I00-N03,C83,차별
월보,C83-S00-I00-N03,C83,하유
월보,C83-S00-I00-N04,C83,오사
월보,C83-S00-I00-N04,C83,사인여천
월보,C83-S00-I00-N04,C83,사인여천
월보,C83-S00-I00-N04,C83,실현
월보,C83-S00-I00-N04,C83,즉인도
월보,C83-S00-I00-N04,C83,최고표준
월보,C83-S00-I00-N04,C83,사인여천주의
월보,C83-S00-I00-N04,C83,노동문제근래세계
월보,C83-S00-I00-N04,C83,노동문제최대
월보,C83-S00-I00-N04,C83,문제
월보,C83-S00-I00-N04,C83,오인
월보,C83-S00-I00-N04,C83,이막
월보,C83-S00-I00-N04,C83,자전
월보,C83-S00-I00-N04,C83,노동문제
월보,C83-S00-I00-N04,C83,제일위
월보,C83-S00-I00-N04,C83,노동문제
월보,C83-S00-I00-N04,C83,해결
월보,C83-S00-I00-N04,C83,일부정치적색채
월보,C83-S00-I00-N04,C83,과격적의매
월보,C83-S00-I00-N04,C83,포용
월보,C83-S00-I00-N04,C83,오인
월보,C83-S00-I00-N04,C83,도덕상
월보,C83-S00-I00-N04,C83,노동주의
월보,C83-S00-I00-N04,C83,추상
월보,C83-S00-I00-N04,C83,사인여천주의
월보,C83-S00-I00-N04,C83,대조
월보,C83-S00-I00-N04,C83,무한
월보,C83-S00-I00-N04,C83,흥매
월보,C83-S00-I00-N04,C83,저간
월보,C83-S00-I00-N04,C83,복재
월보,C83-S00-I00-N04,C83,교문정의
월보,C83-S00-I00-N04,C83,빈자
월보,C83-S00-I00-N04,C83,실력
월보,C83-S00-I00-N04,C83,권리
월보,C83-S00-I00-N04,C83,증진
월보,C83-S00-I00-N04,C83,불가불부자
월보,C83-S00-I00-N04,C83,실력
월보,C83-S00-I00-N04,C83,권리
월보,C83-S00-I00-N04,C83,일부
월보,C83-S00-I00-N04,C83,상당
월보,C83-S00-I00-N04,C83,방식하
월보,C83-S00-I00-N04,C83,빈자
월보,C83-S00-I00-N04,C83,양두
월보,C83-S00-I00-N04,C83,즉빈부
월보,C83-S00-I00-N04,C83,인격
월보,C83-S00-I00-N04,C83,일시동인
월보,C83-S00-I00-N04,C83,도덕적
월보,C83-S00-I00-N04,C83,자비적관념
월보,C83-S00-I00-N04,C83,양자
월보,C83-S00-I00-N04,C83,극단
월보,C83-S00-I00-N04,C83,차별
월보,C83-S00-I00-N04,C83,기분조화
월보,C83-S00-I00-N04,C83,以上
월보,C83-S00-I00-N04,C83,세계현대
월보,C83-S00-I00-N04,C83,사조
월보,C83-S00-I00-N04,C83,人道
월보,C83-S00-I00-N04,C83,실현
월보,C83-S00-I00-N04,C83,목적
월보,C83-S00-I00-N04,C83,표준
월보,C83-S00-I00-N04,C83,인내천
월보,C83-S00-I00-N04,C83,방침
월보,C83-S00-I00-N04,C83,사인여천
월보,C83-S00-I00-N04,C83,기부
월보,C83-S00-I00-N04,C83,역인대
월보,C83-S00-I00-N04,C83,시인도
월보,C83-S00-I00-N04,C83,배반
월보,C83-S00-I00-N04,C83,기빈
월보,C83-S00-I00-N04,C83,자폭
월보,C83-S00-I00-N04,C83,불로자득
월보,C83-S00-I00-N04,C83,역인
월보,C83-S00-I00-N04,C83,천도
월보,C83-S00-I00-N04,C83,발려
월보,C83-S00-I00-N04,C83,부자
월보,C83-S00-I00-N04,C83,도덕적자선적개념
월보,C83-S00-I00-N04,C83,빈자
월보,C83-S00-I00-N04,C83,극기적노력적활동
월보,C83-S00-I00-N04,C83,調和
월보,C83-S00-I00-N04,C83,양자간차별
월보,C83-S00-I00-N04,C83,최고리상적평등표준하
월보,C83-S00-I00-N04,C83,해결
월보,C83-S00-I00-N04,C83,시금일
월보,C83-S00-I00-N04,C83,최선급무
월보,C83-S00-I00-N04,C83,대신사
월보,C83-S00-I00-N04,C83,운수
월보,C83-S00-I00-N04,C83,불로자득
월보,C83-S00-I00-N04,C83,인류
월보,C83-S00-I00-N04,C83,노동
월보,C83-S00-I00-N04,C83,神聖
월보,C83-S00-I00-N04,C83,一切
월보,C83-S00-I00-N04,C83,인류
월보,C83-S00-I00-N04,C83,교훈
월보,C83-S00-I00-N04,C83,오인
월보,C83-S00-I00-N04,C83,과거
월보,C83-S00-I00-N04,C83,이성
월보,C83-S00-I00-N04,C83,요구
월보,C83-S00-I00-N04,C83,불사의
월보,C83-S00-I00-N04,C83,즉과거사회
월보,C83-S00-I00-N04,C83,최대결점
월보,C83-S00-I00-N04,C83,노력무시
월보,C83-S00-I00-N04,C83,상언
월보,C83-S00-I00-N04,C83,과거
월보,C83-S00-I00-N04,C83,사회
월보,C83-S00-I00-N04,C83,불로
월보,C83-S00-I00-N04,C83,자득
월보,C83-S00-I00-N04,C83,소득
월보,C83-S00-I00-N04,C83,천금
월보,C83-S00-I00-N04,C83,일지
월보,C83-S00-I00-N04,C83,불동
월보,C83-S00-I00-N04,C83,궁항
월보,C83-S00-I00-N04,C83,일탄
월보,C83-S00-I00-N04,C83,과거사회
월보,C83-S00-I00-N04,C83,죄악
월보,C83-S00-I00-N04,C83,만일인내천
월보,C83-S00-I00-N04,C83,대경
월보,C83-S00-I00-N04,C83,대조
월보,C83-S00-I00-N04,C83,만족
월보,C83-S00-I00-N04,C83,일이
월보,C83-S00-I00-N04,C83,사인여천주의
월보,C83-S00-I00-N04,C83,종교적립자
월보,C83-S00-I00-N04,C83,오인
월보,C83-S00-I00-N04,C83,세계
월보,C83-S00-I00-N04,C83,일가
월보,C83-S00-I00-N04,C83,교문정의각
월보,C83-S00-I00-N04,C83,발단
월보,C83-S00-I00-N04,C83,오양륙주
월보,C83-S00-I00-N04,C83,기기치
월보,C83-S00-I00-N04,C83,건립
월보,C83-S00-I00-N04,C83,해결
월보,C83-S00-I00-N04,C83,차일법
월보,C83-S00-I00-N04,C83,해결
월보,C83-S00-I00-N04,C83,감우
월보,C83-S00-I00-N04,C83,사인여천주의
월보,C83-S00-I00-N04,C83,부인문제금일로동문제
월보,C83-S00-I00-N04,C83,세계
월보,C83-S00-I00-N04,C83,활보
월보,C83-S00-I00-N04,C83,부인문제
월보,C83-S00-I00-N04,C83,대사
월보,C83-S00-I00-N04,C83,부인문제
월보,C83-S00-I00-N04,C83,서양
월보,C83-S00-I00-N04,C83,극단
월보,C83-S00-I00-N04,C83,남녀평등
월보,C83-S00-I00-N04,C83,주창
월보,C83-S00-I00-N04,C83,권리
월보,C83-S00-I00-N04,C83,중심
월보,C83-S00-I00-N04,C83,점차사실
월보,C83-S00-I00-N05,C83,기풍조
월보,C83-S00-I00-N05,C83,점차동양
월보,C83-S00-I00-N05,C83,파급
월보,C83-S00-I00-N05,C83,朝鮮
월보,C83-S00-I00-N05,C83,처사
월보,C83-S00-I00-N05,C83,서양풍
월보,C83-S00-I00-N05,C83,여자
월보,C83-S00-I00-N05,C83,목격
월보,C83-S00-I00-N05,C83,시일홀시
월보,C83-S00-I00-N05,C83,세력
월보,C83-S00-I00-N05,C83,오인
월보,C83-S00-I00-N05,C83,원래
월보,C83-S00-I00-N05,C83,남녀평등
월보,C83-S00-I00-N05,C83,주창
월보,C83-S00-I00-N05,C83,부인문제
월보,C83-S00-I00-N05,C83,理想
월보,C83-S00-I00-N05,C83,오인
월보,C83-S00-I00-N05,C83,찬사
월보,C83-S00-I00-N05,C83,환영
월보,C83-S00-I00-N05,C83,찬성
월보,C83-S00-I00-N05,C83,직접오조선부인사회억오조선사회
월보,C83-S00-I00-N05,C83,과거
월보,C83-S00-I00-N05,C83,남존녀비
월보,C83-S00-I00-N05,C83,인습
월보,C83-S00-I00-N05,C83,보수
월보,C83-S00-I00-N05,C83,결과녀자
월보,C83-S00-I00-N05,C83,인격
월보,C83-S00-I00-N05,C83,멸시
월보,C83-S00-I00-N05,C83,즉녀
월보,C83-S00-I00-N05,C83,인격
월보,C83-S00-I00-N05,C83,대우
월보,C83-S00-I00-N05,C83,일종부
월보,C83-S00-I00-N05,C83,소유물
월보,C83-S00-I00-N05,C83,취급
월보,C83-S00-I00-N05,C83,인내천
월보,C83-S00-I00-N05,C83,배도
월보,C83-S00-I00-N05,C83,과거도덕
월보,C83-S00-I00-N05,C83,폐해
월보,C83-S00-I00-N05,C83,실행
월보,C83-S00-I00-N05,C83,오인
월보,C83-S00-I00-N05,C83,인내천주의하
월보,C83-S00-I00-N05,C83,개인
월보,C83-S00-I00-N05,C83,인격
월보,C83-S00-I00-N05,C83,존숭
월보,C83-S00-I00-N05,C83,남녀
월보,C83-S00-I00-N05,C83,동일
월보,C83-S00-I00-N05,C83,인격상천주
월보,C83-S00-I00-N05,C83,대우
월보,C83-S00-I00-N05,C83,주창
월보,C83-S00-I00-N05,C83,하자
월보,C83-S00-I00-N05,C83,제일오조선사회
월보,C83-S00-I00-N05,C83,인내천
월보,C83-S00-I00-N05,C83,주창
월보,C83-S00-I00-N05,C83,사인여천주의
월보,C83-S00-I00-N05,C83,실행
월보,C83-S00-I00-N05,C83,교문정의해월신사
월보,C83-S00-I00-N05,C83,부인문제
월보,C83-S00-I00-N05,C83,도제
월보,C83-S00-I00-N05,C83,부화부순
월보,C83-S00-I00-N05,C83,오도
월보,C83-S00-I00-N05,C83,초보
월보,C83-S00-I00-N05,C83,통불통
월보,C83-S00-I00-N05,C83,도시내외
월보,C83-S00-I00-N05,C83,화불화
월보,C83-S00-I00-N05,C83,내외
월보,C83-S00-I00-N05,C83,일가
월보,C83-S00-I00-N05,C83,일가
월보,C83-S00-I00-N05,C83,타인
월보,C83-S00-I00-N05,C83,도척
월보,C83-S00-I00-N05,C83,부인유화법
월보,C83-S00-I00-N05,C83,왈부인
월보,C83-S00-I00-N05,C83,전재
월보,C83-S00-I00-N05,C83,즉가정
월보,C83-S00-I00-N05,C83,婦人
월보,C83-S00-I00-N05,C83,전재
월보,C83-S00-I00-N05,C83,온언순사
월보,C83-S00-I00-N05,C83,약일배
월보,C83-S00-I00-N05,C83,불청
월보,C83-S00-I00-N05,C83,재배
월보,C83-S00-I00-N05,C83,화육
월보,C83-S00-I00-N05,C83,신사
월보,C83-S00-I00-N05,C83,우청주서택순가
월보,C83-S00-I00-N05,C83,기부
월보,C83-S00-I00-N05,C83,직포
월보,C83-S00-I00-N05,C83,택순교훈
월보,C83-S00-I00-N05,C83,신사
월보,C83-S00-I00-N05,C83,우청주서택순가
월보,C83-S00-I00-N05,C83,기부
월보,C83-S00-I00-N05,C83,직포
월보,C83-S00-I00-N05,C83,택순
월보,C83-S00-I00-N05,C83,직포
월보,C83-S00-I00-N05,C83,택순
월보,C83-S00-I00-N05,C83,왈오부
월보,C83-S00-I00-N05,C83,직포
월보,C83-S00-I00-N05,C83,신사
월보,C83-S00-I00-N05,C83,왈여
월보,C83-S00-I00-N05,C83,오해
월보,C83-S00-I00-N05,C83,시천주직포
월보,C83-S00-I00-N05,C83,인류
월보,C83-S00-I00-N05,C83,동일평등
월보,C83-S00-I00-N05,C83,천주
월보,C83-S00-I00-N05,C83,오인
월보,C83-S00-I00-N05,C83,차주의
월보,C83-S00-I00-N05,C83,실행
월보,C83-S00-I00-N05,C83,부인문제해결
월보,C83-S00-I00-N05,C83,하난
월보,C83-S00-I00-N05,C83,以上
월보,C83-S00-I00-N05,C83,대개
월보,C83-S00-I00-N05,C83,현대사조
월보,C83-S00-I00-N05,C83,사인여천주의
월보,C83-S00-I00-N05,C83,예거
월보,C83-S00-I00-N05,C83,불외
월보,C83-S00-I00-N06,C83,오인
월보,C83-S00-I00-N06,C83,전반세계적사회문제
월보,C83-S00-I00-N06,C83,인내천주의
월보,C83-S00-I00-N06,C83,理想
월보,C83-S00-I00-N06,C83,사인여천주의
월보,C83-S00-I00-N06,C83,실행
월보,C83-S00-I00-N06,C83,통일
월보,C83-S00-I00-N06,C83,단언
월보,C84-S00-I00-N01,C84,천도교회월보년령론리돈화
월보,C84-S00-I00-N01,C84,왈자기
월보,C84-S00-I00-N01,C84,연령
월보,C84-S00-I00-N01,C84,분별
월보,C84-S00-I00-N01,C84,지언
월보,C84-S00-I00-N01,C84,오인
월보,C84-S00-I00-N01,C84,행복처상투
월보,C84-S00-I00-N01,C84,세론
월보,C84-S00-I00-N01,C84,결말
월보,C84-S00-I00-N01,C84,연령
월보,C84-S00-I00-N01,C84,고안
월보,C84-S00-I00-N01,C84,연령
월보,C84-S00-I00-N01,C84,차위
월보,C84-S00-I00-N01,C84,변화
월보,C84-S00-I00-N01,C84,노소각자
월보,C84-S00-I00-N01,C84,용의
월보,C84-S00-I00-N01,C84,오인
월보,C84-S00-I00-N01,C84,일생
월보,C84-S00-I00-N01,C84,현재
월보,C84-S00-I00-N01,C84,현재
월보,C84-S00-I00-N01,C84,기현재
월보,C84-S00-I00-N01,C84,필경
월보,C84-S00-I00-N01,C84,과거
월보,C84-S00-I00-N01,C84,미래
월보,C84-S00-I00-N01,C84,증계석
월보,C84-S00-I00-N01,C84,오인
월보,C84-S00-I00-N01,C84,기점
월보,C84-S00-I00-N01,C84,장차장
월보,C84-S00-I00-N01,C84,미래
월보,C84-S00-I00-N01,C84,종점
월보,C84-S00-I00-N01,C84,이장
월보,C84-S00-I00-N01,C84,과거
월보,C84-S00-I00-N01,C84,오인
월보,C84-S00-I00-N01,C84,기간
월보,C84-S00-I00-N01,C84,각현재
월보,C84-S00-I00-N01,C84,기질상태
월보,C84-S00-I00-N01,C84,현저
월보,C84-S00-I00-N01,C84,변화
월보,C84-S00-I00-N01,C84,각현재
월보,C84-S00-I00-N01,C84,색채모양
월보,C84-S00-I00-N01,C84,변화
월보,C84-S00-I00-N01,C84,유소시대
월보,C84-S00-I00-N01,C84,인생
월보,C84-S00-I00-N01,C84,사솔전기
월보,C84-S00-I00-N01,C84,비교적행복
월보,C84-S00-I00-N01,C84,낙원
월보,C84-S00-I00-N01,C84,차시
월보,C84-S00-I00-N01,C84,인식적생활
월보,C84-S00-I00-N01,C84,주권
월보,C84-S00-I00-N01,C84,아욕적생활
월보,C84-S00-I00-N01,C84,인식적생활
월보,C84-S00-I00-N01,C84,주권
월보,C84-S00-I00-N01,C84,유소시대
월보,C84-S00-I00-N01,C84,관계
월보,C84-S00-I00-N01,C84,협애
월보,C84-S00-I00-N01,C84,경우
월보,C84-S00-I00-N01,C84,단순
월보,C84-S00-I00-N01,C84,아욕
월보,C84-S00-I00-N01,C84,충동
월보,C84-S00-I00-N01,C84,비교적정결
월보,C84-S00-I00-N01,C84,기생활
월보,C84-S00-I00-N01,C84,태반
월보,C84-S00-I00-N01,C84,인식적락관
월보,C84-S00-I00-N01,C84,가득
월보,C84-S00-I00-N01,C84,개오인
월보,C84-S00-I00-N01,C84,상반
월보,C84-S00-I00-N01,C84,발달
월보,C84-S00-I00-N01,C84,기뇌
월보,C84-S00-I00-N01,C84,칠세
월보,C84-S00-I00-N01,C84,완전
월보,C84-S00-I00-N01,C84,양육
월보,C84-S00-I00-N01,C84,지력
월보,C84-S00-I00-N01,C84,발달
월보,C84-S00-I00-N01,C84,미숙
월보,C84-S00-I00-N01,C84,인식
월보,C84-S00-I00-N01,C84,작용
월보,C84-S00-I00-N01,C84,지적만족
월보,C84-S00-I00-N01,C84,영양물
월보,C84-S00-I00-N01,C84,요구
월보,C84-S00-I00-N01,C84,사주
월보,C84-S00-I00-N01,C84,신사신물
월보,C84-S00-I00-N01,C84,수색
월보,C84-S00-I00-N01,C84,소위시적생활
월보,C84-S00-I00-N01,C84,실현
월보,C84-S00-I00-N01,C84,시적생활
월보,C84-S00-I00-N01,C84,관념
월보,C84-S00-I00-N01,C84,즉만물
월보,C84-S00-I00-N01,C84,본연
월보,C84-S00-I00-N01,C84,천지
월보,C84-S00-I00-N01,C84,진상
월보,C84-S00-I00-N01,C84,삼라만상산천초목
월보,C84-S00-I00-N01,C84,본연진상
월보,C84-S00-I00-N01,C84,즉시
월보,C84-S00-I00-N01,C84,유소시대
월보,C84-S00-I00-N01,C84,시적생활
월보,C84-S00-I00-N01,C84,유소시대
월보,C84-S00-I00-N01,C84,사물
월보,C84-S00-I00-N01,C84,잉재
월보,C84-S00-I00-N01,C84,순간적욕기
월보,C84-S00-I00-N01,C84,흡연
월보,C84-S00-I00-N01,C84,일사일물
월보,C84-S00-I00-N01,C84,노례
월보,C84-S00-I00-N01,C84,취미천박세
월보,C84-S00-I00-N01,C84,연령론활
월보,C84-S00-I00-N01,C84,표현
월보,C84-S00-I00-N01,C84,실제
월보,C84-S00-I00-N01,C84,불연
월보,C84-S00-I00-N01,C84,유소
월보,C84-S00-I00-N01,C84,생활
월보,C84-S00-I00-N01,C84,대화
월보,C84-S00-I00-N01,C84,신선청상
월보,C84-S00-I00-N01,C84,감각
월보,C84-S00-I00-N01,C84,미둔미예
월보,C84-S00-I00-N01,C84,중간
월보,C84-S00-I00-N01,C84,곡해편집
월보,C84-S00-I00-N01,C84,관념
월보,C84-S00-I00-N01,C84,진상
월보,C84-S00-I00-N01,C84,직각
월보,C84-S00-I00-N01,C84,견문각지
월보,C84-S00-I00-N01,C84,사물
월보,C84-S00-I00-N01,C84,본연활동
월보,C84-S00-I00-N01,C84,천만
월보,C84-S00-I00-N01,C84,경우
월보,C84-S00-I00-N01,C84,대표
월보,C84-S00-I00-N01,C84,연령
월보,C84-S00-I00-N01,C84,동시
월보,C84-S00-I00-N01,C84,차의미
월보,C84-S00-I00-N01,C84,점차감
월보,C84-S00-I00-N01,C84,노소각기
월보,C84-S00-I00-N01,C84,감각인상
월보,C84-S00-I00-N01,C84,차위불제
월보,C84-S00-I00-N01,C84,즉소년
월보,C84-S00-I00-N01,C84,세계
월보,C84-S00-I00-N01,C84,노년
월보,C84-S00-I00-N01,C84,세계
월보,C84-S00-I00-N01,C84,동일
월보,C84-S00-I00-N01,C84,유소
월보,C84-S00-I00-N01,C84,견문
월보,C84-S00-I00-N01,C84,후일
월보,C84-S00-I00-N01,C84,연구
월보,C84-S00-I00-N01,C84,범주
월보,C84-S00-I00-N01,C84,제목
월보,C84-S00-I00-N01,C84,환언
월보,C84-S00-I00-N01,C84,후일
월보,C84-S00-I00-N01,C84,인식경험
월보,C84-S00-I00-N01,C84,표본
월보,C84-S00-I00-N01,C84,노장
월보,C84-S00-I00-N01,C84,견문각지
월보,C84-S00-I00-N01,C84,단각
월보,C84-S00-I00-N01,C84,차범주
월보,C84-S00-I00-N01,C84,예속
월보,C84-S00-I00-N01,C84,영쇄파편
월보,C84-S00-I00-N01,C84,불과
월보,C84-S00-I00-N01,C84,유소시대
월보,C84-S00-I00-N01,C84,우주인생관
월보,C84-S00-I00-N01,C84,기초
월보,C84-S00-I00-N01,C84,노장
월보,C84-S00-I00-N01,C84,생활
월보,C84-S00-I00-N01,C84,교연
월보,C84-S00-I00-N01,C84,완결
월보,C84-S00-I00-N01,C84,불과
월보,C84-S00-I00-N01,C84,유소
월보,C84-S00-I00-N01,C84,아욕
월보,C84-S00-I00-N01,C84,미성
월보,C84-S00-I00-N01,C84,공평
월보,C84-S00-I00-N01,C84,객관적사상
월보,C84-S00-I00-N01,C84,인식적생활
월보,C84-S00-I00-N01,C84,천사
월보,C84-S00-I00-N01,C84,묘사
월보,C84-S00-I00-N01,C84,유소
월보,C84-S00-I00-N01,C84,아동
월보,C84-S00-I00-N01,C84,묘범
월보,C84-S00-I00-N01,C84,소이
월보,C84-S00-I00-N01,C84,유소
월보,C84-S00-I00-N01,C84,진면목
월보,C84-S00-I00-N01,C84,사물
월보,C84-S00-I00-N01,C84,직각적관찰
월보,C84-S00-I00-N01,C84,순종
월보,C84-S00-I00-N01,C84,불구
월보,C84-S00-I00-N01,C84,방면
월보,C84-S00-I00-N01,C84,인위적
월보,C84-S00-I00-N01,C84,이해력
월보,C84-S00-I00-N01,C84,주사
월보,C84-S00-I00-N01,C84,억주사적리해력
월보,C84-S00-I00-N01,C84,사물
월보,C84-S00-I00-N01,C84,본연자체
월보,C84-S00-I00-N01,C84,이해
월보,C84-S00-I00-N01,C84,하고
월보,C84-S00-I00-N01,C84,천지만물
월보,C84-S00-I00-N01,C84,진상
월보,C84-S00-I00-N01,C84,오인자기
월보,C84-S00-I00-N01,C84,선천적직각
월보,C84-S00-I00-N01,C84,견증
월보,C84-S00-I00-N01,C84,오인
월보,C84-S00-I00-N01,C84,지력
월보,C84-S00-I00-N01,C84,도덕적가치
월보,C84-S00-I00-N01,C84,외계
월보,C84-S00-I00-N01,C84,내계
월보,C84-S00-I00-N01,C84,여하
월보,C84-S00-I00-N01,C84,교묘
월보,C84-S00-I00-N01,C84,교육
월보,C84-S00-I00-N01,C84,백치
월보,C84-S00-I00-N01,C84,현자
월보,C84-S00-I00-N01,C84,영구
월보,C84-S00-I00-N01,C84,불능
월보,C84-S00-I00-N01,C84,유소시대
월보,C84-S00-I00-N01,C84,경우
월보,C84-S00-I00-N01,C84,경험
월보,C84-S00-I00-N01,C84,이유
월보,C84-S00-I00-N01,C84,一切
월보,C84-S00-I00-N01,C84,행동
월보,C84-S00-I00-N01,C84,상술
월보,C84-S00-I00-N01,C84,지성
월보,C84-S00-I00-N01,C84,즉감각인상
월보,C84-S00-I00-N01,C84,순정상예
월보,C84-S00-I00-N01,C84,산란준동
월보,C84-S00-I00-N01,C84,사물
월보,C84-S00-I00-N01,C84,관찰
월보,C84-S00-I00-N01,C84,단순
월보,C84-S00-I00-N01,C84,지성
월보,C84-S00-I00-N01,C84,아욕
월보,C84-S00-I00-N01,C84,지배
월보,C84-S00-I00-N01,C84,산란준동
월보,C84-S00-I00-N01,C84,감각
월보,C84-S00-I00-N01,C84,이소
월보,C84-S00-I00-N01,C84,인상
월보,C84-S00-I00-N01,C84,지둔
월보,C84-S00-I00-N01,C84,범천지만물
월보,C84-S00-I00-N01,C84,객관적자성자연실상
월보,C84-S00-I00-N01,C84,원래
월보,C84-S00-I00-N01,C84,유쾌
월보,C84-S00-I00-N01,C84,여천
월보,C84-S00-I00-N01,C84,약연
월보,C84-S00-I00-N01,C84,산천초목
월보,C84-S00-I00-N01,C84,기소
월보,C84-S00-I00-N01,C84,개쾌재
월보,C84-S00-I00-N01,C84,본성
월보,C84-S00-I00-N01,C84,아욕적관찰
월보,C84-S00-I00-N01,C84,세계
월보,C84-S00-I00-N01,C84,인생
월보,C84-S00-I00-N01,C84,가공
월보,C84-S00-I00-N01,C84,마성
월보,C84-S00-I00-N01,C84,차주관적세계
월보,C84-S00-I00-N01,C84,필경
월보,C84-S00-I00-N01,C84,연령
월보,C84-S00-I00-N01,C84,비례
월보,C84-S00-I00-N01,C84,고통공구
월보,C84-S00-I00-N01,C84,유소
월보,C84-S00-I00-N01,C84,비교적공평
월보,C84-S00-I00-N01,C84,객관적사상
월보,C84-S00-I00-N01,C84,만물
월보,C84-S00-I00-N01,C84,자성유
월보,C84-S00-I00-N01,C84,직각적관찰
월보,C84-S00-I00-N01,C84,순종
월보,C84-S00-I00-N01,C84,불구
월보,C84-S00-I00-N01,C84,방면
월보,C84-S00-I00-N01,C84,천도교회월보쾌
월보,C84-S00-I00-N01,C84,現象
월보,C84-S00-I00-N01,C84,직각
월보,C84-S00-I00-N01,C84,노장
월보,C84-S00-I00-N01,C84,주관적아욕
월보,C84-S00-I00-N01,C84,치성
월보,C84-S00-I00-N01,C84,유쾌
월보,C84-S00-I00-N01,C84,관념
월보,C84-S00-I00-N01,C84,일전
월보,C84-S00-I00-N01,C84,고뇌공구
월보,C84-S00-I00-N01,C84,아욕적주관세계
월보,C84-S00-I00-N01,C84,흡연
월보,C84-S00-I00-N01,C84,극장무대
월보,C84-S00-I00-N01,C84,장식
월보,C84-S00-I00-N01,C84,유소시대
월보,C84-S00-I00-N01,C84,원시
월보,C84-S00-I00-N01,C84,찬란탈목
월보,C84-S00-I00-N01,C84,장로
월보,C84-S00-I00-N01,C84,근견
월보,C84-S00-I00-N01,C84,남루구토
월보,C84-S00-I00-N01,C84,시유소시대
월보,C84-S00-I00-N01,C84,비교적
월보,C84-S00-I00-N01,C84,천개생활
월보,C84-S00-I00-N01,C84,성년
월보,C84-S00-I00-N01,C84,기락원적생활
월보,C84-S00-I00-N01,C84,점차일원
월보,C84-S00-I00-N01,C84,상리반
월보,C84-S00-I00-N01,C84,관념
월보,C84-S00-I00-N01,C84,점차일맹아
월보,C84-S00-I00-N01,C84,시작
월보,C84-S00-I00-N01,C84,금연
월보,C84-S00-I00-N01,C84,별세
월보,C84-S00-I00-N01,C84,견출
월보,C84-S00-I00-N01,C84,인생전반중
월보,C84-S00-I00-N01,C84,후기즉청년시대
월보,C84-S00-I00-N01,C84,후반
월보,C84-S00-I00-N01,C84,노장
월보,C84-S00-I00-N01,C84,물론유쾌
월보,C84-S00-I00-N01,C84,유소시대
월보,C84-S00-I00-N01,C84,점차불행
월보,C84-S00-I00-N01,C84,하고
월보,C84-S00-I00-N01,C84,행복
월보,C84-S00-I00-N01,C84,획득
월보,C84-S00-I00-N01,C84,단간
월보,C84-S00-I00-N01,C84,청년
월보,C84-S00-I00-N01,C84,행복
월보,C84-S00-I00-N01,C84,행복적생활
월보,C84-S00-I00-N01,C84,실현
월보,C84-S00-I00-N01,C84,시청년사상
월보,C84-S00-I00-N01,C84,일반
월보,C84-S00-I00-N01,C84,허환적몽상
월보,C84-S00-I00-N01,C84,애상적결과
월보,C84-S00-I00-N01,C84,수일불행
월보,C84-S00-I00-N02,C84,몽상적행복
월보,C84-S00-I00-N02,C84,대원세계
월보,C84-S00-I00-N02,C84,허망
월보,C84-S00-I00-N02,C84,환영
월보,C84-S00-I00-N02,C84,청년
월보,C84-S00-I00-N02,C84,비관
월보,C84-S00-I00-N02,C84,구제
월보,C84-S00-I00-N02,C84,허환적망상
월보,C84-S00-I00-N02,C84,철거
월보,C84-S00-I00-N02,C84,필요
월보,C84-S00-I00-N02,C84,불가
월보,C84-S00-I00-N02,C84,사실
월보,C84-S00-I00-N02,C84,사회
월보,C84-S00-I00-N02,C84,유혹
월보,C84-S00-I00-N02,C84,청년
월보,C84-S00-I00-N02,C84,공상
월보,C84-S00-I00-N02,C84,고뇌번민
월보,C84-S00-I00-N02,C84,방황
월보,C84-S00-I00-N02,C84,본래사물
월보,C84-S00-I00-N02,C84,오인
월보,C84-S00-I00-N02,C84,자극
월보,C84-S00-I00-N02,C84,기본체
월보,C84-S00-I00-N02,C84,허식적피상
월보,C84-S00-I00-N02,C84,불과
월보,C84-S00-I00-N02,C84,청년
월보,C84-S00-I00-N02,C84,자일
월보,C84-S00-I00-N02,C84,진실
월보,C84-S00-I00-N02,C84,인식
월보,C84-S00-I00-N02,C84,대개
월보,C84-S00-I00-N02,C84,인식
월보,C84-S00-I00-N02,C84,무아집아무편견
월보,C84-S00-I00-N02,C84,해탈
월보,C84-S00-I00-N02,C84,우유
월보,C84-S00-I00-N02,C84,가득
월보,C84-S00-I00-N02,C84,인생후반
월보,C84-S00-I00-N02,C84,상태
월보,C84-S00-I00-N02,C84,여하
월보,C84-S00-I00-N02,C84,청년시대
월보,C84-S00-I00-N02,C84,행복
월보,C84-S00-I00-N02,C84,전렵
월보,C84-S00-I00-N02,C84,도로
월보,C84-S00-I00-N02,C84,불행
월보,C84-S00-I00-N02,C84,경험
월보,C84-S00-I00-N02,C84,방어책
월보,C84-S00-I00-N02,C84,필요
월보,C84-S00-I00-N02,C84,고심참담
월보,C84-S00-I00-N02,C84,시기
월보,C84-S00-I00-N02,C84,어시
월보,C84-S00-I00-N02,C84,행복쾌락
월보,C84-S00-I00-N02,C84,필경일허식
월보,C84-S00-I00-N02,C84,불행고통
월보,C84-S00-I00-N02,C84,야실
월보,C84-S00-I00-N02,C84,불행
월보,C84-S00-I00-N02,C84,고통
월보,C84-S00-I00-N02,C84,급무
월보,C84-S00-I00-N02,C84,소이
월보,C84-S00-I00-N02,C84,만일
월보,C84-S00-I00-N02,C84,약년시대
월보,C84-S00-I00-N02,C84,고호
월보,C84-S00-I00-N02,C84,양붕
월보,C84-S00-I00-N02,C84,상상
월보,C84-S00-I00-N02,C84,노년시대
월보,C84-S00-I00-N02,C84,공음
월보,C84-S00-I00-N02,C84,사추
월보,C84-S00-I00-N02,C84,약년
월보,C84-S00-I00-N02,C84,행복
월보,C84-S00-I00-N02,C84,노년
월보,C84-S00-I00-N02,C84,불행
월보,C84-S00-I00-N02,C84,위인천재
월보,C84-S00-I00-N02,C84,초연
월보,C84-S00-I00-N02,C84,속교
월보,C84-S00-I00-N02,C84,흘연
월보,C84-S00-I00-N02,C84,외물
월보,C84-S00-I00-N02,C84,불결
월보,C84-S00-I00-N02,C84,청년시대
월보,C84-S00-I00-N02,C84,세속
월보,C84-S00-I00-N02,C84,곤탈
월보,C84-S00-I00-N02,C84,제각
월보,C84-S00-I00-N02,C84,노년시대
월보,C84-S00-I00-N02,C84,붕우
월보,C84-S00-I00-N02,C84,연령론시
월보,C84-S00-I00-N02,C84,풍속
월보,C84-S00-I00-N02,C84,기취
월보,C84-S00-I00-N02,C84,소이
월보,C84-S00-I00-N02,C84,현우
월보,C84-S00-I00-N02,C84,다소차위
월보,C84-S00-I00-N02,C84,대개인생
월보,C84-S00-I00-N02,C84,후년
월보,C84-S00-I00-N02,C84,불정
월보,C84-S00-I00-N02,C84,불행
월보,C84-S00-I00-N02,C84,전년
월보,C84-S00-I00-N02,C84,망상
월보,C84-S00-I00-N02,C84,타파
월보,C84-S00-I00-N02,C84,도로
월보,C84-S00-I00-N02,C84,변지
월보,C84-S00-I00-N02,C84,지려
월보,C84-S00-I00-N02,C84,다년
월보,C84-S00-I00-N02,C84,경험
월보,C84-S00-I00-N02,C84,결과
월보,C84-S00-I00-N02,C84,착실진지공평불당
월보,C84-S00-I00-N02,C84,사상
월보,C84-S00-I00-N02,C84,소장시대
월보,C84-S00-I00-N02,C84,자기
월보,C84-S00-I00-N02,C84,아집망상
월보,C84-S00-I00-N02,C84,신기루
월보,C84-S00-I00-N02,C84,건설
월보,C84-S00-I00-N02,C84,사물
월보,C84-S00-I00-N02,C84,진상
월보,C84-S00-I00-N02,C84,피상적억단
월보,C84-S00-I00-N02,C84,곡해
월보,C84-S00-I00-N02,C84,폐해
월보,C84-S00-I00-N02,C84,타파
월보,C84-S00-I00-N02,C84,소이
월보,C84-S00-I00-N02,C84,시다년
월보,C84-S00-I00-N02,C84,경험
월보,C84-S00-I00-N02,C84,노년
월보,C84-S00-I00-N02,C84,공적
월보,C84-S00-I00-N02,C84,개인생
월보,C84-S00-I00-N02,C84,차망상억단
월보,C84-S00-I00-N02,C84,구제
월보,C84-S00-I00-N02,C84,인간교육
월보,C84-S00-I00-N02,C84,최선
월보,C84-S00-I00-N02,C84,방침
월보,C84-S00-I00-N02,C84,아동교육
월보,C84-S00-I00-N02,C84,최초
월보,C84-S00-I00-N02,C84,견동
월보,C84-S00-I00-N02,C84,안계
월보,C84-S00-I00-N02,C84,협애
월보,C84-S00-I00-N02,C84,세계
월보,C84-S00-I00-N02,C84,사상
월보,C84-S00-I00-N02,C84,명료
월보,C84-S00-I00-N02,C84,차정당
월보,C84-S00-I00-N02,C84,이해
월보,C84-S00-I00-N02,C84,낭료정당
월보,C84-S00-I00-N02,C84,이해력
월보,C84-S00-I00-N02,C84,점차기안계
월보,C84-S00-I00-N02,C84,확충
월보,C84-S00-I00-N02,C84,애매모호
월보,C84-S00-I00-N02,C84,사상
월보,C84-S00-I00-N02,C84,주입
월보,C84-S00-I00-N02,C84,불가
월보,C84-S00-I00-N02,C84,여사
월보,C84-S00-I00-N02,C84,사물
월보,C84-S00-I00-N02,C84,관찰
월보,C84-S00-I00-N02,C84,제한
월보,C84-S00-I00-N02,C84,잡박
월보,C84-S00-I00-N02,C84,명료
월보,C84-S00-I00-N02,C84,정당
월보,C84-S00-I00-N02,C84,관념
월보,C84-S00-I00-N02,C84,이후
월보,C84-S00-I00-N02,C84,안계
월보,C84-S00-I00-N02,C84,확충
월보,C84-S00-I00-N02,C84,청년시대
월보,C84-S00-I00-N02,C84,연소자
월보,C84-S00-I00-N02,C84,공상망단
월보,C84-S00-I00-N02,C84,차점
월보,C84-S00-I00-N02,C84,연소자
월보,C84-S00-I00-N02,C84,소설
월보,C84-S00-I00-N02,C84,애독
월보,C84-S00-I00-N02,C84,불가
월보,C84-S00-I00-N02,C84,소설적생활
월보,C84-S00-I00-N02,C84,욕망
월보,C84-S00-I00-N02,C84,야기
월보,C84-S00-I00-N02,C84,위대
월보,C84-S00-I00-N02,C84,사상
월보,C84-S00-I00-N02,C84,일거일동
월보,C84-S00-I00-N02,C84,기력
월보,C84-S00-I00-N02,C84,사십세
월보,C84-S00-I00-N02,C84,초월
월보,C84-S00-I00-N02,C84,가능
월보,C84-S00-I00-N03,C84,사상
월보,C84-S00-I00-N03,C84,연공
월보,C84-S00-I00-N03,C84,연공
월보,C84-S00-I00-N03,C84,불능
월보,C84-S00-I00-N03,C84,원숙
월보,C84-S00-I00-N03,C84,연공
월보,C84-S00-I00-N03,C84,사상
월보,C84-S00-I00-N03,C84,현대
월보,C84-S00-I00-N03,C84,초절
월보,C84-S00-I00-N03,C84,사십세
월보,C84-S00-I00-N03,C84,탈속
월보,C84-S00-I00-N03,C84,경향
월보,C84-S00-I00-N03,C84,불면
월보,C84-S00-I00-N03,C84,천지
월보,C84-S00-I00-N03,C84,선미
월보,C84-S00-I00-N03,C84,범인
월보,C84-S00-I00-N03,C84,자기
월보,C84-S00-I00-N03,C84,취미
월보,C84-S00-I00-N03,C84,정적
월보,C84-S00-I00-N03,C84,내계
월보,C84-S00-I00-N03,C84,사상여하
월보,C84-S00-I00-N03,C84,흘연독립
월보,C84-S00-I00-N03,C84,굴슬노례
월보,C84-S00-I00-N03,C84,사상
월보,C84-S00-I00-N03,C84,천박
월보,C84-S00-I00-N03,C84,속교
월보,C84-S00-I00-N03,C84,사상
월보,C84-S00-I00-N03,C84,한산
월보,C84-S00-I00-N03,C84,자적
월보,C84-S00-I00-N03,C84,청년
월보,C84-S00-I00-N03,C84,조숙
월보,C84-S00-I00-N03,C84,인정
월보,C84-S00-I00-N03,C84,사교
월보,C84-S00-I00-N03,C84,와중
월보,C84-S00-I00-N03,C84,비입
월보,C84-S00-I00-N03,C84,비상
월보,C84-S00-I00-N03,C84,불행
월보,C84-S00-I00-N03,C84,박눌
월보,C84-S00-I00-N03,C84,만성
월보,C84-S00-I00-N03,C84,소장시대
월보,C84-S00-I00-N03,C84,상쾌
월보,C84-S00-I00-N03,C84,용기
월보,C84-S00-I00-N03,C84,안계
월보,C84-S00-I00-N03,C84,불치
월보,C84-S00-I00-N03,C84,소장
월보,C84-S00-I00-N03,C84,흡연
월보,C84-S00-I00-N03,C84,등산자
월보,C84-S00-I00-N03,C84,반연
월보,C84-S00-I00-N03,C84,위험
월보,C84-S00-I00-N03,C84,안전
월보,C84-S00-I00-N03,C84,산정
월보,C84-S00-I00-N03,C84,강하
월보,C84-S00-I00-N03,C84,목전
월보,C84-S00-I00-N03,C84,천도교회월보지
월보,C84-S00-I00-N03,C84,점차상쾌
월보,C84-S00-I00-N03,C84,용기
월보,C84-S00-I00-N03,C84,일반
월보,C84-S00-I00-N03,C84,상정
월보,C84-S00-I00-N03,C84,대개일청년
월보,C84-S00-I00-N03,C84,인생
월보,C84-S00-I00-N03,C84,무한
월보,C84-S00-I00-N03,C84,노년
월보,C84-S00-I00-N03,C84,차생
월보,C84-S00-I00-N03,C84,무상
월보,C84-S00-I00-N03,C84,시청년
월보,C84-S00-I00-N03,C84,원시안
월보,C84-S00-I00-N03,C84,인생
월보,C84-S00-I00-N03,C84,노년
월보,C84-S00-I00-N03,C84,근시안
월보,C84-S00-I00-N03,C84,사물
월보,C84-S00-I00-N03,C84,억로후
월보,C84-S00-I00-N03,C84,인생
월보,C84-S00-I00-N03,C84,회고
월보,C84-S00-I00-N03,C84,하고
월보,C84-S00-I00-N03,C84,인생
월보,C84-S00-I00-N03,C84,시기억
월보,C84-S00-I00-N03,C84,간단
월보,C84-S00-I00-N03,C84,시오인
월보,C84-S00-I00-N03,C84,노후
월보,C84-S00-I00-N03,C84,중요
월보,C84-S00-I00-N03,C84,급불유쾌
월보,C84-S00-I00-N03,C84,석소실
월보,C84-S00-I00-N03,C84,근소
월보,C84-S00-I00-N03,C84,잔류
월보,C84-S00-I00-N03,C84,불유쾌
월보,C84-S00-I00-N03,C84,노후
월보,C84-S00-I00-N03,C84,과거
월보,C84-S00-I00-N03,C84,추회
월보,C84-S00-I00-N03,C84,과거기십년간
월보,C84-S00-I00-N03,C84,생활현상중
월보,C84-S00-I00-N03,C84,기억
월보,C84-S00-I00-N03,C84,잔류
월보,C84-S00-I00-N03,C84,회고
월보,C84-S00-I00-N03,C84,과거
월보,C84-S00-I00-N03,C84,간단시
월보,C84-S00-I00-N03,C84,불능
월보,C84-S00-I00-N03,C84,여하
월보,C84-S00-I00-N03,C84,오인
월보,C84-S00-I00-N03,C84,기억
월보,C84-S00-I00-N03,C84,간단
월보,C84-S00-I00-N03,C84,요원
월보,C84-S00-I00-N03,C84,몽롱
월보,C84-S00-I00-N03,C84,흡연
월보,C84-S00-I00-N03,C84,항해자
월보,C84-S00-I00-N03,C84,연안
월보,C84-S00-I00-N03,C84,거리
월보,C84-S00-I00-N03,C84,비례
월보,C84-S00-I00-N03,C84,안두
월보,C84-S00-I00-N03,C84,사물
월보,C84-S00-I00-N03,C84,모호
월보,C84-S00-I00-N03,C84,몰거
월보,C84-S00-I00-N03,C84,오인
월보,C84-S00-I00-N03,C84,회상
월보,C84-S00-I00-N03,C84,과거
월보,C84-S00-I00-N03,C84,사건
월보,C84-S00-I00-N03,C84,명백
월보,C84-S00-I00-N03,C84,표현
월보,C84-S00-I00-N03,C84,흡연
월보,C84-S00-I00-N03,C84,작일
월보,C84-S00-I00-N03,C84,사건
월보,C84-S00-I00-N03,C84,사고
월보,C84-S00-I00-N03,C84,불무
월보,C84-S00-I00-N03,C84,시역필경
월보,C84-S00-I00-N03,C84,오인
월보,C84-S00-I00-N03,C84,기억
월보,C84-S00-I00-N03,C84,박약
월보,C84-S00-I00-N03,C84,불과
월보,C84-S00-I00-N03,C84,증명
월보,C84-S00-I00-N03,C84,즉현재
월보,C84-S00-I00-N03,C84,과거
월보,C84-S00-I00-N03,C84,횡재
월보,C84-S00-I00-N03,C84,장시간
월보,C84-S00-I00-N03,C84,망각
월보,C84-S00-I00-N03,C84,당시
월보,C84-S00-I00-N03,C84,현재
월보,C84-S00-I00-N03,C84,이래
월보,C84-S00-I00-N03,C84,중간관
월보,C84-S00-I00-N03,C84,기억
월보,C84-S00-I00-N03,C84,과거
월보,C84-S00-I00-N03,C84,혹사정
월보,C84-S00-I00-N03,C84,돌연
월보,C84-S00-I00-N03,C84,작일
월보,C84-S00-I00-N03,C84,회상
월보,C84-S00-I00-N03,C84,중략장명
월보,C84-S00-I00-N03,C84,인생
월보,C84-S00-I00-N03,C84,지보
월보,C84-S00-I00-N03,C84,장명
월보,C84-S00-I00-N03,C84,요구
월보,C84-S00-I00-N03,C84,방법
월보,C84-S00-I00-N03,C84,일개
월보,C84-S00-I00-N03,C84,일소
월보,C84-S00-I00-N03,C84,연소력
월보,C84-S00-I00-N03,C84,시일촉심
월보,C84-S00-I00-N03,C84,소비력
월보,C84-S00-I00-N03,C84,타일
월보,C84-S00-I00-N03,C84,불구
월보,C84-S00-I00-N03,C84,화일직
월보,C84-S00-I00-N03,C84,시일촉심
월보,C84-S00-I00-N03,C84,소비력
월보,C84-S00-I00-N03,C84,인간
월보,C84-S00-I00-N03,C84,수명
월보,C84-S00-I00-N03,C84,역연
월보,C84-S00-I00-N03,C84,생활력
월보,C84-S00-I00-N03,C84,촉심
월보,C84-S00-I00-N03,C84,거세
월보,C84-S00-I00-N03,C84,세력소비
월보,C84-S00-I00-N03,C84,다소
월보,C84-S00-I00-N03,C84,세력소비
월보,C84-S00-I00-N03,C84,과대
월보,C84-S00-I00-N03,C84,영양
월보,C84-S00-I00-N03,C84,공급
월보,C84-S00-I00-N03,C84,불족
월보,C84-S00-I00-N03,C84,도저장수
월보,C84-S00-I00-N03,C84,불능
월보,C84-S00-I00-N03,C84,차장수
월보,C84-S00-I00-N03,C84,지보
월보,C84-S00-I00-N03,C84,생활력
월보,C84-S00-I00-N03,C84,관찰
월보,C84-S00-I00-N03,C84,삼십륙세이전
월보,C84-S00-I00-N03,C84,이자
월보,C84-S00-I00-N03,C84,생계
월보,C84-S00-I00-N03,C84,금일배당
월보,C84-S00-I00-N03,C84,이자
월보,C84-S00-I00-N03,C84,명일역분배
월보,C84-S00-I00-N03,C84,희망
월보,C84-S00-I00-N03,C84,삼십륙세이후
월보,C84-S00-I00-N03,C84,자본
월보,C84-S00-I00-N03,C84,생계
월보,C84-S00-I00-N03,C84,청장시대
월보,C84-S00-I00-N03,C84,소비
월보,C84-S00-I00-N03,C84,대부분
월보,C84-S00-I00-N03,C84,재차수입
월보,C84-S00-I00-N03,C84,손모
월보,C84-S00-I00-N03,C84,불족
월보,C84-S00-I00-N03,C84,연령
월보,C84-S00-I00-N03,C84,손모
월보,C84-S00-I00-N03,C84,다액
월보,C84-S00-I00-N03,C84,금일
월보,C84-S00-I00-N03,C84,연령론일
월보,C84-S00-I00-N03,C84,빈곤
월보,C84-S00-I00-N03,C84,불지
월보,C84-S00-I00-N03,C84,청장
월보,C84-S00-I00-N03,C84,생활력
월보,C84-S00-I00-N03,C84,남비
월보,C84-S00-I00-N03,C84,불가
월보,C84-S00-I00-N03,C84,시원천
월보,C84-S00-I00-N03,C84,하류
월보,C84-S00-I00-N03,C84,고갈
월보,C84-S00-I00-N03,C84,소장시
월보,C84-S00-I00-N03,C84,생활력
월보,C84-S00-I00-N03,C84,충분
월보,C84-S00-I00-N03,C84,저축
월보,C84-S00-I00-N03,C84,노후
월보,C84-S00-I00-N03,C84,준비
월보,C84-S00-I00-N03,C84,불가
월보,C84-S00-I00-N03,C84,우담력
월보,C84-S00-I00-N03,C84,체력
월보,C84-S00-I00-N03,C84,과도
월보,C84-S00-I00-N03,C84,사용
월보,C84-S00-I00-N03,C84,불가
월보,C84-S00-I00-N03,C84,흡연폭실배양
월보,C84-S00-I00-N03,C84,자연
월보,C84-S00-I00-N03,C84,불능
월보,C84-S00-I00-N03,C84,범용
월보,C84-S00-I00-N03,C84,불면
월보,C84-S00-I00-N03,C84,우고대사어
월보,C84-S00-I00-N03,C84,연구
월보,C84-S00-I00-N03,C84,과로
월보,C84-S00-I00-N03,C84,청년
월보,C84-S00-I00-N03,C84,후일사물례단
월보,C84-S00-I00-N03,C84,마비
월보,C84-S00-I00-N03,C84,불소
월보,C84-S00-I00-N03,C84,성질
월보,C84-S00-I00-N03,C84,연령
월보,C84-S00-I00-N03,C84,대차
월보,C84-S00-I00-N03,C84,시인
월보,C84-S00-I00-N03,C84,지력
월보,C84-S00-I00-N03,C84,노소
월보,C84-S00-I00-N03,C84,육체적성쇠
월보,C84-S00-I00-N03,C84,다소
월보,C84-S00-I00-N03,C84,기변화
월보,C84-S00-I00-N03,C84,범인생
월보,C84-S00-I00-N03,C84,사십세이전
월보,C84-S00-I00-N03,C84,인생
월보,C84-S00-I00-N03,C84,본문
월보,C84-S00-I00-N03,C84,기이후삼십년간
월보,C84-S00-I00-N03,C84,본문
월보,C84-S00-I00-N03,C84,의미관계
월보,C84-S00-I00-N03,C84,주석
월보,C84-S00-I00-N03,C84,인생
월보,C84-S00-I00-N03,C84,노후
월보,C84-S00-I00-N03,C84,흡연
월보,C84-S00-I00-N03,C84,가장무
월보,C84-S00-I00-N03,C84,종말
월보,C84-S00-I00-N03,C84,가면
월보,C84-S00-I00-N03,C84,취거
월보,C84-S00-I00-N03,C84,과거
월보,C84-S00-I00-N03,C84,경력
월보,C84-S00-I00-N03,C84,사물
월보,C84-S00-I00-N03,C84,진상
월보,C84-S00-I00-N03,C84,하고
월보,C84-S00-I00-N03,C84,심질
월보,C84-S00-I00-N03,C84,천진
월보,C84-S00-I00-N03,C84,행위
월보,C84-S00-I00-N03,C84,실가
월보,C84-S00-I00-N03,C84,진기루
월보,C84-S00-I00-N03,C84,진애
월보,C84-S00-I00-N03,C84,사업
월보,C84-S00-I00-N03,C84,결과
월보,C84-S00-I00-N03,C84,일반
월보,C84-S00-I00-N03,C84,청년
월보,C84-S00-I00-N03,C84,인생
월보,C84-S00-I00-N03,C84,행복시대
월보,C84-S00-I00-N03,C84,노년
월보,C84-S00-I00-N03,C84,비참시대
월보,C84-S00-I00-N04,C84,필경감정
월보,C84-S00-I00-N04,C84,불과
월보,C84-S00-I00-N04,C84,관찰
월보,C84-S00-I00-N04,C84,비참고통
월보,C84-S00-I00-N04,C84,경우외적쾌락
월보,C84-S00-I00-N04,C84,방면
월보,C84-S00-I00-N04,C84,관찰
월보,C84-S00-I00-N04,C84,비참고통
월보,C84-S00-I00-N04,C84,경우
월보,C84-S00-I00-N04,C84,注意
월보,C84-S00-I00-N04,C84,불가
월보,C84-S00-I00-N04,C84,노년
월보,C84-S00-I00-N04,C84,기감정
월보,C84-S00-I00-N04,C84,점차감퇴
월보,C84-S00-I00-N04,C84,선미
월보,C84-S00-I00-N04,C84,인식력
월보,C84-S00-I00-N04,C84,차감
월보,C84-S00-I00-N04,C84,기인식
월보,C84-S00-I00-N04,C84,고통
월보,C84-S00-I00-N04,C84,탈겁
월보,C84-S00-I00-N04,C84,기감
월보,C84-S00-I00-N04,C84,동배
월보,C84-S00-I00-N04,C84,감각
월보,C84-S00-I00-N04,C84,고통
월보,C84-S00-I00-N04,C84,행복
월보,C84-S00-I00-N04,C84,억쾌락
월보,C84-S00-I00-N04,C84,소극적
월보,C84-S00-I00-N04,C84,고통
월보,C84-S00-I00-N04,C84,적극적
월보,C84-S00-I00-N04,C84,쾌락적감정
월보,C84-S00-I00-N04,C84,도저오인
월보,C84-S00-I00-N04,C84,행복
월보,C84-S00-I00-N04,C84,불족
월보,C84-S00-I00-N04,C84,동시
월보,C84-S00-I00-N04,C84,쾌락적감정
월보,C84-S00-I00-N04,C84,감퇴
월보,C84-S00-I00-N04,C84,불과
월보,C84-S00-I00-N04,C84,노년
월보,C84-S00-I00-N04,C84,쾌락
월보,C84-S00-I00-N04,C84,시쾌락적욕망진정능
월보,C84-S00-I00-N04,C84,불득
월보,C84-S00-I00-N04,C84,시비참
월보,C84-S00-I00-N04,C84,불능
월보,C84-S00-I00-N04,C84,노후
월보,C84-S00-I00-N04,C84,불능
월보,C84-S00-I00-N04,C84,시비참
월보,C84-S00-I00-N04,C84,불능
월보,C84-S00-I00-N04,C84,노후
월보,C84-S00-I00-N04,C84,욕망감퇴
월보,C84-S00-I00-N04,C84,쾌락
월보,C84-S00-I00-N04,C84,불득
월보,C84-S00-I00-N04,C84,노인
월보,C84-S00-I00-N04,C84,색욕
월보,C84-S00-I00-N04,C84,탈각
월보,C84-S00-I00-N04,C84,행복
월보,C84-S00-I00-N04,C84,범인생
월보,C84-S00-I00-N04,C84,사십세이전
월보,C84-S00-I00-N04,C84,욕망
월보,C84-S00-I00-N04,C84,감퇴
월보,C84-S00-I00-N04,C84,진정
월보,C84-S00-I00-N04,C84,필요
월보,C84-S00-I00-N04,C84,식후
월보,C84-S00-I00-N04,C84,불득
월보,C84-S00-I00-N04,C84,불행
월보,C84-S00-I00-N04,C84,불능
월보,C84-S00-I00-N04,C84,숙면
월보,C84-S00-I00-N04,C84,불능
월보,C84-S00-I00-N04,C84,불행
월보,C84-S00-I00-N04,C84,불능
월보,C84-S00-I00-N04,C84,노후
월보,C84-S00-I00-N04,C84,욕망감퇴
월보,C84-S00-I00-N04,C84,쾌락
월보,C84-S00-I00-N04,C84,불득
월보,C84-S00-I00-N04,C84,이칠
월보,C84-S00-I00-N04,C84,천도교회월보
월보,C84-S00-I00-N04,C84,대개색욕
월보,C84-S00-I00-N04,C84,망상
월보,C84-S00-I00-N04,C84,잡다
월보,C84-S00-I00-N04,C84,연정
월보,C84-S00-I00-N04,C84,고뇌번민
월보,C84-S00-I00-N04,C84,불감
월보,C84-S00-I00-N04,C84,탈득
월보,C84-S00-I00-N04,C84,이성
월보,C84-S00-I00-N04,C84,기광
월보,C84-S00-I00-N04,C84,청년
월보,C84-S00-I00-N04,C84,우울증
월보,C84-S00-I00-N04,C84,신경쇠약
월보,C84-S00-I00-N04,C84,다수
월보,C84-S00-I00-N04,C84,억청년
월보,C84-S00-I00-N04,C84,불안
월보,C84-S00-I00-N04,C84,시기
월보,C84-S00-I00-N04,C84,노년
월보,C84-S00-I00-N04,C84,불화
월보,C84-S00-I00-N04,C84,시기
월보,C84-S00-I00-N04,C84,차점
월보,C84-S00-I00-N04,C84,양자
월보,C84-S00-I00-N04,C84,행복상태
월보,C84-S00-I00-N04,C84,추정
월보,C84-S00-I00-N04,C84,청년시대
월보,C84-S00-I00-N04,C84,감정
월보,C84-S00-I00-N04,C84,만사만리
월보,C84-S00-I00-N04,C84,아욕
월보,C84-S00-I00-N04,C84,기안녕
월보,C84-S00-I00-N04,C84,소이
월보,C84-S00-I00-N04,C84,노년시대
월보,C84-S00-I00-N04,C84,감개
월보,C84-S00-I00-N04,C84,둔마
월보,C84-S00-I00-N04,C84,기다
월보,C84-S00-I00-N04,C84,실험
월보,C84-S00-I00-N04,C84,사물
월보,C84-S00-I00-N04,C84,진상
월보,C84-S00-I00-N04,C84,쾌락
월보,C84-S00-I00-N04,C84,교갈환상억단등
월보,C84-S00-I00-N04,C84,탈리
월보,C84-S00-I00-N04,C84,시로인
월보,C84-S00-I00-N04,C84,평화
월보,C84-S00-I00-N04,C84,노인
월보,C84-S00-I00-N04,C84,평화
월보,C84-S00-I00-N04,C84,인생
월보,C84-S00-I00-N04,C84,평화
월보,C84-S00-I00-N04,C84,연령
월보,C84-S00-I00-N04,C84,노인
월보,C84-S00-I00-N04,C84,소이
월보,C84-S00-I00-N04,C84,연령
월보,C84-S00-I00-N04,C84,노년
월보,C84-S00-I00-N04,C84,질병퇴굴
월보,C84-S00-I00-N04,C84,서소
월보,C84-S00-I00-N04,C84,학로
월보,C84-S00-I00-N04,C84,질병
월보,C84-S00-I00-N04,C84,절연
월보,C84-S00-I00-N04,C84,질병
월보,C84-S00-I00-N04,C84,원인
월보,C84-S00-I00-N04,C84,소혈
월보,C84-S00-I00-N04,C84,자연
월보,C84-S00-I00-N04,C84,최후목적
월보,C84-S00-I00-N04,C84,만일
월보,C84-S00-I00-N04,C84,우주일가
월보,C84-S00-I00-N04,C84,진평화
월보,C84-S00-I00-N04,C84,강인동기
월보,C84-S00-I00-N04,C84,우연
월보,C84-S00-I00-N04,C84,일차
월보,C84-S00-I00-N04,C84,부앙우주간
월보,C84-S00-I00-N04,C84,여하
월보,C84-S00-I00-N04,C84,사물
월보,C84-S00-I00-N04,C84,신산
월보,C84-S00-I00-N04,C84,절대최후목적
월보,C84-S00-I00-N04,C84,물론하
월보,C84-S00-I00-N04,C84,절대최후목적
월보,C84-S00-I00-N04,C84,물론하
월보,C84-S00-I00-N04,C84,노력
월보,C84-S00-I00-N04,C84,사실
월보,C84-S00-I00-N04,C84,사실
월보,C84-S00-I00-N04,C84,만일사
월보,C84-S00-I00-N04,C84,항상기목적
월보,C84-S00-I00-N04,C84,성립
월보,C84-S00-I00-N04,C84,목적
월보,C84-S00-I00-N04,C84,사물
월보,C84-S00-I00-N04,C84,기사물
월보,C85-S00-I00-N01,C85,무궁
월보,C85-S00-I00-N01,C85,이돈화일
월보,C85-S00-I00-N01,C85,인내천
월보,C85-S00-I00-N01,C85,의새
월보,C85-S00-I00-N01,C85,미제
월보,C85-S00-I00-N01,C85,오인
월보,C85-S00-I00-N01,C85,흉중
월보,C85-S00-I00-N01,C85,횡새
월보,C85-S00-I00-N01,C85,해부
월보,C85-S00-I00-N01,C85,필요
월보,C85-S00-I00-N01,C85,단도직입
월보,C85-S00-I00-N01,C85,오인
월보,C85-S00-I00-N01,C85,인습중
월보,C85-S00-I00-N01,C85,횡재
월보,C85-S00-I00-N01,C85,구별
월보,C85-S00-I00-N01,C85,파괄이래
월보,C85-S00-I00-N01,C85,불득불구별
월보,C85-S00-I00-N01,C85,소이연
월보,C85-S00-I00-N01,C85,기조
월보,C85-S00-I00-N01,C85,전지전능
월보,C85-S00-I00-N01,C85,기연
월보,C85-S00-I00-N01,C85,관념
월보,C85-S00-I00-N01,C85,불생불멸
월보,C85-S00-I00-N01,C85,기연
월보,C85-S00-I00-N01,C85,관념
월보,C85-S00-I00-N01,C85,자비
월보,C85-S00-I00-N01,C85,공평
월보,C85-S00-I00-N01,C85,미덕
월보,C85-S00-I00-N01,C85,원만
월보,C85-S00-I00-N01,C85,기연
월보,C85-S00-I00-N01,C85,관념
월보,C85-S00-I00-N01,C85,대개
월보,C85-S00-I00-N01,C85,구별
월보,C85-S00-I00-N01,C85,관념
월보,C85-S00-I00-N01,C85,以上
월보,C85-S00-I00-N01,C85,삼조
월보,C85-S00-I00-N01,C85,기중요
월보,C85-S00-I00-N01,C85,부분
월보,C85-S00-I00-N01,C85,물론신
월보,C85-S00-I00-N01,C85,구별점
월보,C85-S00-I00-N01,C85,세분
월보,C85-S00-I00-N01,C85,세분
월보,C85-S00-I00-N01,C85,기다
월보,C85-S00-I00-N01,C85,구별관념
월보,C85-S00-I00-N01,C85,지엽
월보,C85-S00-I00-N01,C85,문제
월보,C85-S00-I00-N01,C85,대체
월보,C85-S00-I00-N01,C85,이상삼자
월보,C85-S00-I00-N01,C85,개괄
월보,C85-S00-I00-N01,C85,가득
월보,C85-S00-I00-N02,C85,이제일오인
월보,C85-S00-I00-N02,C85,전지전능
월보,C85-S00-I00-N02,C85,소이
월보,C85-S00-I00-N02,C85,전우주
월보,C85-S00-I00-N02,C85,창조자
월보,C85-S00-I00-N02,C85,관념
월보,C85-S00-I00-N02,C85,소이
월보,C85-S00-I00-N02,C85,무궁
월보,C85-S00-I00-N02,C85,천도교회월보즉신
월보,C85-S00-I00-N02,C85,무시이전
월보,C85-S00-I00-N02,C85,양의
월보,C85-S00-I00-N02,C85,조판
월보,C85-S00-I00-N02,C85,업유
월보,C85-S00-I00-N02,C85,창조
월보,C85-S00-I00-N02,C85,영겁이후
월보,C85-S00-I00-N02,C85,천지만유
월보,C85-S00-I00-N02,C85,관할
월보,C85-S00-I00-N02,C85,생사화복
월보,C85-S00-I00-N02,C85,좌우
월보,C85-S00-I00-N02,C85,관념
월보,C85-S00-I00-N02,C85,전지전능
월보,C85-S00-I00-N02,C85,오인
월보,C85-S00-I00-N02,C85,사시
월보,C85-S00-I00-N02,C85,순환
월보,C85-S00-I00-N02,C85,전능
월보,C85-S00-I00-N02,C85,만물
월보,C85-S00-I00-N02,C85,생사변화
월보,C85-S00-I00-N02,C85,전지
월보,C85-S00-I00-N02,C85,대개현대적지력
월보,C85-S00-I00-N02,C85,미급
월보,C85-S00-I00-N02,C85,억측
월보,C85-S00-I00-N02,C85,소이
월보,C85-S00-I00-N02,C85,대개일우주
월보,C85-S00-I00-N02,C85,창조설
월보,C85-S00-I00-N02,C85,고래
월보,C85-S00-I00-N02,C85,기설
월보,C85-S00-I00-N02,C85,준신
월보,C85-S00-I00-N02,C85,오인
월보,C85-S00-I00-N02,C85,중다종
월보,C85-S00-I00-N02,C85,창조설
월보,C85-S00-I00-N02,C85,금일
월보,C85-S00-I00-N02,C85,기세력
월보,C85-S00-I00-N02,C85,보존
월보,C85-S00-I00-N02,C85,일부신자
월보,C85-S00-I00-N02,C85,신전
월보,C85-S00-I00-N02,C85,전설
월보,C85-S00-I00-N02,C85,성전창세기
월보,C85-S00-I00-N02,C85,원시신
월보,C85-S00-I00-N02,C85,천지
월보,C85-S00-I00-N02,C85,창조
월보,C85-S00-I00-N02,C85,주야
월보,C85-S00-I00-N02,C85,금일
월보,C85-S00-I00-N02,C85,기독교
월보,C85-S00-I00-N02,C85,우주창조설
월보,C85-S00-I00-N02,C85,제일일
월보,C85-S00-I00-N02,C85,제이일
월보,C85-S00-I00-N02,C85,창궁즉천
월보,C85-S00-I00-N02,C85,제삼일
월보,C85-S00-I00-N02,C85,초목등
월보,C85-S00-I00-N02,C85,제사일
월보,C85-S00-I00-N02,C85,일월
월보,C85-S00-I00-N02,C85,제오일
월보,C85-S00-I00-N02,C85,조류
월보,C85-S00-I00-N02,C85,어류
월보,C85-S00-I00-N02,C85,제륙일
월보,C85-S00-I00-N02,C85,곤훼가축등
월보,C85-S00-I00-N02,C85,수류
월보,C85-S00-I00-N02,C85,최후
월보,C85-S00-I00-N02,C85,남녀이인
월보,C85-S00-I00-N02,C85,조이
월보,C85-S00-I00-N02,C85,지나
월보,C85-S00-I00-N02,C85,전설
월보,C85-S00-I00-N02,C85,우주태초
월보,C85-S00-I00-N02,C85,혼돈
월보,C85-S00-I00-N02,C85,난자
월보,C85-S00-I00-N02,C85,즉범천
월보,C85-S00-I00-N02,C85,천족
월보,C85-S00-I00-N02,C85,지삼
월보,C85-S00-I00-N02,C85,印度
월보,C85-S00-I00-N02,C85,전설
월보,C85-S00-I00-N02,C85,범천
월보,C85-S00-I00-N02,C85,一身
월보,C85-S00-I00-N02,C85,신체
월보,C85-S00-I00-N02,C85,우주급지구
월보,C85-S00-I00-N02,C85,파라문
월보,C85-S00-I00-N02,C85,사계급
월보,C85-S00-I00-N02,C85,시파라문교
월보,C85-S00-I00-N02,C85,우주창조설
월보,C85-S00-I00-N03,C85,일월
월보,C85-S00-I00-N03,C85,무극
월보,C85-S00-I00-N03,C85,생태극
월보,C85-S00-I00-N03,C85,생량의
월보,C85-S00-I00-N03,C85,생사상
월보,C85-S00-I00-N03,C85,생팔괘
월보,C85-S00-I00-N03,C85,생만물
월보,C85-S00-I00-N03,C85,금일유교이상
월보,C85-S00-I00-N03,C85,소박
월보,C85-S00-I00-N03,C85,태고인민
월보,C85-S00-I00-N03,C85,우주
월보,C85-S00-I00-N03,C85,창조
월보,C85-S00-I00-N03,C85,자연현상우
월보,C85-S00-I00-N03,C85,발현
월보,C85-S00-I00-N03,C85,견주
월보,C85-S00-I00-N03,C85,神聖
월보,C85-S00-I00-N03,C85,神人
월보,C85-S00-I00-N03,C85,소업
월보,C85-S00-I00-N03,C85,존숭
월보,C85-S00-I00-N03,C85,인문
월보,C85-S00-I00-N03,C85,발달
월보,C85-S00-I00-N03,C85,여사
월보,C85-S00-I00-N03,C85,전설적신설
월보,C85-S00-I00-N03,C85,점차
월보,C85-S00-I00-N03,C85,가치
월보,C85-S00-I00-N03,C85,추리
월보,C85-S00-I00-N03,C85,우주
월보,C85-S00-I00-N03,C85,창조
월보,C85-S00-I00-N03,C85,해명
월보,C85-S00-I00-N03,C85,고금동서철학자
월보,C85-S00-I00-N03,C85,학설
월보,C85-S00-I00-N03,C85,유력
월보,C85-S00-I00-N03,C85,일설
월보,C85-S00-I00-N03,C85,무궁
월보,C85-S00-I00-N03,C85,집합
월보,C85-S00-I00-N03,C85,중앙
월보,C85-S00-I00-N03,C85,주위
월보,C85-S00-I00-N03,C85,일원
월보,C85-S00-I00-N03,C85,세계
월보,C85-S00-I00-N03,C85,우주천체
월보,C85-S00-I00-N03,C85,무수
월보,C85-S00-I00-N03,C85,천체
월보,C85-S00-I00-N03,C85,즉성진
월보,C85-S00-I00-N03,C85,전변에발
월보,C85-S00-I00-N03,C85,상태
월보,C85-S00-I00-N03,C85,흡연
월보,C85-S00-I00-N03,C85,삼림
월보,C85-S00-I00-N03,C85,상태
월보,C85-S00-I00-N03,C85,상사
월보,C85-S00-I00-N03,C85,오인
월보,C85-S00-I00-N03,C85,삼림
월보,C85-S00-I00-N03,C85,사변
월보,C85-S00-I00-N03,C85,토상
월보,C85-S00-I00-N03,C85,植物
월보,C85-S00-I00-N03,C85,종자
월보,C85-S00-I00-N03,C85,발아
월보,C85-S00-I00-N03,C85,발눈
월보,C85-S00-I00-N03,C85,생육
월보,C85-S00-I00-N03,C85,천공
월보,C85-S00-I00-N03,C85,대목
월보,C85-S00-I00-N03,C85,우혹고조
월보,C85-S00-I00-N03,C85,천태만상영고성쇠인간
월보,C85-S00-I00-N03,C85,조락번영
월보,C85-S00-I00-N03,C85,불이
월보,C85-S00-I00-N03,C85,천체
월보,C85-S00-I00-N03,C85,상태
월보,C85-S00-I00-N03,C85,우최신진보
월보,C85-S00-I00-N03,C85,학설
월보,C85-S00-I00-N03,C85,우주론
월보,C85-S00-I00-N03,C85,발표
월보,C85-S00-I00-N03,C85,왈일
월보,C85-S00-I00-N03,C85,우주
월보,C85-S00-I00-N03,C85,영구
월보,C85-S00-I00-N03,C85,무한
월보,C85-S00-I00-N03,C85,무제
월보,C85-S00-I00-N03,C85,차영구운동
월보,C85-S00-I00-N03,C85,연속불단
월보,C85-S00-I00-N03,C85,진화
월보,C85-S00-I00-N03,C85,사발달
월보,C85-S00-I00-N03,C85,퇴화
월보,C85-S00-I00-N03,C85,정기적변화
월보,C85-S00-I00-N03,C85,순환
월보,C85-S00-I00-N03,C85,일물체
월보,C85-S00-I00-N03,C85,종용
월보,C85-S00-I00-N03,C85,파괴분리
월보,C85-S00-I00-N03,C85,무한
월보,C85-S00-I00-N03,C85,공간
월보,C85-S00-I00-N03,C85,영구
월보,C85-S00-I00-N03,C85,운동
월보,C85-S00-I00-N03,C85,차영구운동
월보,C85-S00-I00-N03,C85,물질
월보,C85-S00-I00-N03,C85,이속물체
월보,C85-S00-I00-N03,C85,개동일
월보,C85-S00-I00-N03,C85,본체
월보,C85-S00-I00-N03,C85,복종
월보,C85-S00-I00-N03,C85,즉공간
월보,C85-S00-I00-N03,C85,일부분
월보,C85-S00-I00-N03,C85,무수합
월보,C85-S00-I00-N03,C85,일부
월보,C85-S00-I00-N03,C85,물체
월보,C85-S00-I00-N03,C85,서서
월보,C85-S00-I00-N03,C85,진화
월보,C85-S00-I00-N03,C85,신생명
월보,C85-S00-I00-N03,C85,무한
월보,C85-S00-I00-N03,C85,시간
월보,C85-S00-I00-N03,C85,존재
월보,C85-S00-I00-N03,C85,공간
월보,C85-S00-I00-N03,C85,미만
월보,C85-S00-I00-N03,C85,무수종
월보,C85-S00-I00-N03,C85,파괴
월보,C85-S00-I00-N03,C85,물체
월보,C85-S00-I00-N03,C85,아지구
월보,C85-S00-I00-N03,C85,여사
월보,C85-S00-I00-N03,C85,무수존재
월보,C85-S00-I00-N03,C85,태양계
월보,C85-S00-I00-N03,C85,수유적
월보,C85-S00-I00-N03,C85,일성
월보,C85-S00-I00-N03,C85,불과
월보,C85-S00-I00-N04,C85,아유성계
월보,C85-S00-I00-N04,C85,태양
월보,C85-S00-I00-N04,C85,상술
월보,C85-S00-I00-N04,C85,以上
월보,C85-S00-I00-N04,C85,대개
월보,C85-S00-I00-N04,C85,우주창조설
월보,C85-S00-I00-N04,C85,고금관
월보,C85-S00-I00-N04,C85,여사
월보,C85-S00-I00-N04,C85,오인
월보,C85-S00-I00-N04,C85,우주
월보,C85-S00-I00-N04,C85,창조
월보,C85-S00-I00-N04,C85,인격
월보,C85-S00-I00-N04,C85,상제
월보,C85-S00-I00-N04,C85,금지전능
월보,C85-S00-I00-N04,C85,즉우주
월보,C85-S00-I00-N04,C85,현금학설
월보,C85-S00-I00-N04,C85,일반공인
월보,C85-S00-I00-N04,C85,영구무한무제회
월보,C85-S00-I00-N04,C85,이속
월보,C85-S00-I00-N04,C85,계속
월보,C85-S00-I00-N04,C85,생감변화
월보,C85-S00-I00-N04,C85,타도
월보,C85-S00-I00-N04,C85,중대
월보,C85-S00-I00-N04,C85,기억
월보,C85-S00-I00-N04,C85,일사
월보,C85-S00-I00-N04,C85,우주
월보,C85-S00-I00-N04,C85,진화운동무시이래
월보,C85-S00-I00-N04,C85,영구무한
월보,C85-S00-I00-N04,C85,진화
월보,C85-S00-I00-N04,C85,계속
월보,C85-S00-I00-N04,C85,일대사실
월보,C85-S00-I00-N04,C85,인류
월보,C85-S00-I00-N04,C85,고등동물
월보,C85-S00-I00-N04,C85,결국금일
월보,C85-S00-I00-N04,C85,우주
월보,C85-S00-I00-N04,C85,존재
월보,C85-S00-I00-N04,C85,인류
월보,C85-S00-I00-N04,C85,대우주
월보,C85-S00-I00-N04,C85,진화
월보,C85-S00-I00-N04,C85,이속성
월보,C85-S00-I00-N04,C85,차사실
월보,C85-S00-I00-N04,C85,하인
월보,C85-S00-I00-N04,C85,否認
월보,C85-S00-I00-N04,C85,사실
월보,C85-S00-I00-N04,C85,하고
월보,C85-S00-I00-N04,C85,여하
월보,C85-S00-I00-N04,C85,신화
월보,C85-S00-I00-N04,C85,우언
월보,C85-S00-I00-N04,C85,만물중최종진화
월보,C85-S00-I00-N04,C85,결정체
월보,C85-S00-I00-N04,C85,차사실
월보,C85-S00-I00-N04,C85,기독교
월보,C85-S00-I00-N04,C85,신화
월보,C85-S00-I00-N04,C85,상제
월보,C85-S00-I00-N04,C85,一切
월보,C85-S00-I00-N04,C85,남녀이인
월보,C85-S00-I00-N04,C85,창조
월보,C85-S00-I00-N04,C85,시인
월보,C85-S00-I00-N04,C85,우주
월보,C85-S00-I00-N04,C85,진화
월보,C85-S00-I00-N04,C85,동물
월보,C85-S00-I00-N04,C85,묵인
월보,C85-S00-I00-N04,C85,인류
월보,C85-S00-I00-N04,C85,우주
월보,C85-S00-I00-N04,C85,최종진화
월보,C85-S00-I00-N04,C85,단차
월보,C85-S00-I00-N04,C85,우주
월보,C85-S00-I00-N04,C85,천도교회월보
월보,C85-S00-I00-N04,C85,개체적인격
월보,C85-S00-I00-N04,C85,상제
월보,C85-S00-I00-N04,C85,공인
월보,C85-S00-I00-N04,C85,우주
월보,C85-S00-I00-N04,C85,제이위
월보,C85-S00-I00-N04,C85,상제
월보,C85-S00-I00-N04,C85,제일위
월보,C85-S00-I00-N04,C85,최령
월보,C85-S00-I00-N04,C85,동물
월보,C85-S00-I00-N04,C85,낙후
월보,C85-S00-I00-N04,C85,우주
월보,C85-S00-I00-N04,C85,인격적상제
월보,C85-S00-I00-N04,C85,제각
월보,C85-S00-I00-N04,C85,우주진화결정
월보,C85-S00-I00-N04,C85,유교
월보,C85-S00-I00-N04,C85,소위무극생태극
월보,C85-S00-I00-N04,C85,생량의
월보,C85-S00-I00-N04,C85,생사상
월보,C85-S00-I00-N04,C85,생팔괘
월보,C85-S00-I00-N04,C85,생만물
월보,C85-S00-I00-N04,C85,진화
월보,C85-S00-I00-N04,C85,과정
월보,C85-S00-I00-N04,C85,천지간최령
월보,C85-S00-I00-N04,C85,동물
월보,C85-S00-I00-N04,C85,인허
월보,C85-S00-I00-N04,C85,명백
월보,C85-S00-I00-N04,C85,수업
월보,C85-S00-I00-N04,C85,맹자
월보,C85-S00-I00-N04,C85,소위
월보,C85-S00-I00-N04,C85,천지만물개비오신
월보,C85-S00-I00-N04,C85,저간
월보,C85-S00-I00-N04,C85,소식
월보,C85-S00-I00-N04,C85,여사
월보,C85-S00-I00-N04,C85,우주
월보,C85-S00-I00-N04,C85,무시무종
월보,C85-S00-I00-N04,C85,영겁
월보,C85-S00-I00-N04,C85,진화운동
월보,C85-S00-I00-N04,C85,계속
월보,C85-S00-I00-N04,C85,인류
월보,C85-S00-I00-N04,C85,최종결정
월보,C85-S00-I00-N04,C85,우주
월보,C85-S00-I00-N04,C85,완래일개체적인격
월보,C85-S00-I00-N04,C85,상제
월보,C85-S00-I00-N04,C85,단시일간
월보,C85-S00-I00-N04,C85,졸연간일창조
월보,C85-S00-I00-N04,C85,우주
월보,C85-S00-I00-N04,C85,자체
월보,C85-S00-I00-N04,C85,무극무한
월보,C85-S00-I00-N04,C85,변천
월보,C85-S00-I00-N04,C85,성무
월보,C85-S00-I00-N04,C85,태양계
월보,C85-S00-I00-N04,C85,조직
월보,C85-S00-I00-N04,C85,지구
월보,C85-S00-I00-N04,C85,형성
월보,C85-S00-I00-N04,C85,만유
월보,C85-S00-I00-N04,C85,인류
월보,C85-S00-I00-N04,C85,표현
월보,C85-S00-I00-N04,C85,명백
월보,C85-S00-I00-N05,C85,일립
월보,C85-S00-I00-N05,C85,종자
월보,C85-S00-I00-N05,C85,발생
월보,C85-S00-I00-N05,C85,과실
월보,C85-S00-I00-N05,C85,성숙
월보,C85-S00-I00-N05,C85,자체
월보,C85-S00-I00-N05,C85,인과율
월보,C85-S00-I00-N05,C85,자업자득자인자조자과자성
월보,C85-S00-I00-N05,C85,원리
월보,C85-S00-I00-N05,C85,기인
월보,C85-S00-I00-N05,C85,우주만유
월보,C85-S00-I00-N05,C85,진화율
월보,C85-S00-I00-N05,C85,전합
월보,C85-S00-I00-N05,C85,생물
월보,C85-S00-I00-N05,C85,사멸변화사시
월보,C85-S00-I00-N05,C85,순환등일
월보,C85-S00-I00-N05,C85,자연계
월보,C85-S00-I00-N05,C85,現象
월보,C85-S00-I00-N05,C85,대우주
월보,C85-S00-I00-N05,C85,진화
월보,C85-S00-I00-N05,C85,총체보편적관계
월보,C85-S00-I00-N05,C85,시우주자체
월보,C85-S00-I00-N05,C85,인과율
월보,C85-S00-I00-N05,C85,우주자체
월보,C85-S00-I00-N05,C85,인과율
월보,C85-S00-I00-N05,C85,우주하처
월보,C85-S00-I00-N05,C85,인격적상제
월보,C85-S00-I00-N05,C85,총관리
월보,C85-S00-I00-N05,C85,기우주자체즉금체
월보,C85-S00-I00-N05,C85,보편률
월보,C85-S00-I00-N05,C85,호상관계
월보,C85-S00-I00-N05,C85,영겁
월보,C85-S00-I00-N05,C85,대목적
월보,C85-S00-I00-N05,C85,진화무궁
월보,C85-S00-I00-N05,C85,우주
월보,C85-S00-I00-N05,C85,완전
월보,C85-S00-I00-N05,C85,창조
월보,C85-S00-I00-N05,C85,장래영겁
월보,C85-S00-I00-N05,C85,신창조
월보,C85-S00-I00-N05,C85,우주
월보,C85-S00-I00-N05,C85,여사
월보,C85-S00-I00-N05,C85,창조
월보,C85-S00-I00-N05,C85,무궁무한
월보,C85-S00-I00-N05,C85,번진
월보,C85-S00-I00-N05,C85,신창조
월보,C85-S00-I00-N05,C85,창조
월보,C85-S00-I00-N05,C85,기각신창조
월보,C85-S00-I00-N05,C85,최후진화결정
월보,C85-S00-I00-N05,C85,오인
월보,C85-S00-I00-N05,C85,우주창조
월보,C85-S00-I00-N05,C85,신선두
월보,C85-S00-I00-N05,C85,무궁
월보,C85-S00-I00-N06,C85,제이
월보,C85-S00-I00-N06,C85,오인
월보,C85-S00-I00-N06,C85,불생불멸
월보,C85-S00-I00-N06,C85,구별
월보,C85-S00-I00-N06,C85,소이
월보,C85-S00-I00-N06,C85,오인
월보,C85-S00-I00-N06,C85,불생불멸
월보,C85-S00-I00-N06,C85,유생유멸
월보,C85-S00-I00-N06,C85,관념
월보,C85-S00-I00-N06,C85,즉오인
월보,C85-S00-I00-N06,C85,육체
월보,C85-S00-I00-N06,C85,유생유멸
월보,C85-S00-I00-N06,C85,차우주
월보,C85-S00-I00-N06,C85,불생불멸
월보,C85-S00-I00-N06,C85,시우주
월보,C85-S00-I00-N06,C85,대생명
월보,C85-S00-I00-N06,C85,오인
월보,C85-S00-I00-N06,C85,차우주
월보,C85-S00-I00-N06,C85,대생명
월보,C85-S00-I00-N06,C85,일부
월보,C85-S00-I00-N06,C85,생명
월보,C85-S00-I00-N06,C85,생명
월보,C85-S00-I00-N06,C85,소이
월보,C85-S00-I00-N06,C85,오인
월보,C85-S00-I00-N06,C85,육체파멸
월보,C85-S00-I00-N06,C85,오인
월보,C85-S00-I00-N06,C85,육적생명
월보,C85-S00-I00-N06,C85,차우주
월보,C85-S00-I00-N06,C85,대생명즉령적생명
월보,C85-S00-I00-N06,C85,영겁
월보,C85-S00-I00-N06,C85,불멸
월보,C85-S00-I00-N06,C85,즉오인
월보,C85-S00-I00-N06,C85,체적생명
월보,C85-S00-I00-N06,C85,미래
월보,C85-S00-I00-N06,C85,자손
월보,C85-S00-I00-N06,C85,영구생명
월보,C85-S00-I00-N06,C85,오인
월보,C85-S00-I00-N06,C85,생사작용
월보,C85-S00-I00-N06,C85,일종
월보,C85-S00-I00-N06,C85,귀환작용
월보,C85-S00-I00-N06,C85,귀환
월보,C85-S00-I00-N06,C85,영원
월보,C85-S00-I00-N06,C85,순환
월보,C85-S00-I00-N06,C85,오인
월보,C85-S00-I00-N06,C85,오인
월보,C85-S00-I00-N06,C85,일개체
월보,C85-S00-I00-N06,C85,육신
월보,C85-S00-I00-N06,C85,생멸변화
월보,C85-S00-I00-N06,C85,오인인류
월보,C85-S00-I00-N06,C85,전체적생명
월보,C85-S00-I00-N06,C85,본래불생불멸
월보,C85-S00-I00-N06,C85,오인
월보,C85-S00-I00-N06,C85,기발명시
월보,C85-S00-I00-N06,C85,질의문답란
월보,C85-S00-I00-N06,C85,참조
월보,C85-S00-I00-N06,C85,대개오인
월보,C85-S00-I00-N06,C85,기성질상
월보,C85-S00-I00-N06,C85,불생불멸
월보,C85-S00-I00-N06,C85,희망
월보,C85-S00-I00-N06,C85,필경
월보,C85-S00-I00-N06,C85,시자기성질
월보,C85-S00-I00-N06,C85,근본
월보,C85-S00-I00-N06,C85,불생불멸
월보,C85-S00-I00-N06,C85,소이
월보,C85-S00-I00-N06,C85,오인
월보,C85-S00-I00-N06,C85,성질
월보,C85-S00-I00-N06,C85,불생불멸
월보,C85-S00-I00-N06,C85,불생불멸
월보,C85-S00-I00-N06,C85,희망
월보,C85-S00-I00-N06,C85,관념
월보,C85-S00-I00-N06,C85,영구불멸
월보,C85-S00-I00-N06,C85,위대
월보,C85-S00-I00-N06,C85,동물
월보,C85-S00-I00-N06,C85,인사
월보,C85-S00-I00-N06,C85,인사
월보,C85-S00-I00-N06,C85,하고
월보,C85-S00-I00-N06,C85,근본체
월보,C85-S00-I00-N06,C85,회고
월보,C85-S00-I00-N06,C85,위대
월보,C85-S00-I00-N06,C85,동물
월보,C85-S00-I00-N07,C85,자기
월보,C85-S00-I00-N07,C85,자기
월보,C85-S00-I00-N07,C85,유멸
월보,C85-S00-I00-N07,C85,자기
월보,C85-S00-I00-N07,C85,객관화
월보,C85-S00-I00-N07,C85,불생불멸
월보,C85-S00-I00-N07,C85,불생불멸
월보,C85-S00-I00-N07,C85,객관화
월보,C85-S00-I00-N07,C85,기객관화
월보,C85-S00-I00-N07,C85,대조
월보,C85-S00-I00-N07,C85,자기
월보,C85-S00-I00-N07,C85,불생불멸
월보,C85-S00-I00-N07,C85,성질
월보,C85-S00-I00-N07,C85,객관화
월보,C85-S00-I00-N07,C85,불생불멸
월보,C85-S00-I00-N07,C85,관념
월보,C85-S00-I00-N07,C85,필경
월보,C85-S00-I00-N07,C85,자기
월보,C85-S00-I00-N07,C85,불생불멸적성질
월보,C85-S00-I00-N07,C85,객관화
월보,C85-S00-I00-N07,C85,천도교회월보제삼
월보,C85-S00-I00-N07,C85,구별
월보,C85-S00-I00-N07,C85,인애
월보,C85-S00-I00-N07,C85,자비등
월보,C85-S00-I00-N07,C85,제미덕
월보,C85-S00-I00-N07,C85,관념
월보,C85-S00-I00-N07,C85,대상
월보,C85-S00-I00-N07,C85,본체
월보,C85-S00-I00-N07,C85,포용
월보,C85-S00-I00-N07,C85,제미덕
월보,C85-S00-I00-N07,C85,융기자
월보,C85-S00-I00-N07,C85,양여
월보,C85-S00-I00-N07,C85,본래
월보,C85-S00-I00-N07,C85,본질
월보,C85-S00-I00-N07,C85,理想
월보,C85-S00-I00-N07,C85,자비
월보,C85-S00-I00-N07,C85,理想
월보,C85-S00-I00-N07,C85,자기
월보,C85-S00-I00-N07,C85,실지사실
월보,C85-S00-I00-N07,C85,理想
월보,C85-S00-I00-N07,C85,대립
월보,C85-S00-I00-N07,C85,제미덕
월보,C85-S00-I00-N07,C85,연가상
월보,C85-S00-I00-N07,C85,사악
월보,C85-S00-I00-N07,C85,자폭자기
월보,C85-S00-I00-N07,C85,자기
월보,C85-S00-I00-N07,C85,理想
월보,C85-S00-I00-N07,C85,사실
월보,C85-S00-I00-N07,C85,근본
월보,C85-S00-I00-N07,C85,확신
월보,C85-S00-I00-N07,C85,인애
월보,C85-S00-I00-N07,C85,자비등제미덕
월보,C85-S00-I00-N07,C85,신기자
월보,C85-S00-I00-N07,C85,전유물
월보,C85-S00-I00-N07,C85,자기
월보,C85-S00-I00-N07,C85,무궁성
월보,C85-S00-I00-N07,C85,표현
월보,C85-S00-I00-N07,C85,가지
월보,C85-S00-I00-N07,C85,오본래
월보,C85-S00-I00-N07,C85,인간세계
월보,C85-S00-I00-N07,C85,행위
월보,C85-S00-I00-N07,C85,특정
월보,C85-S00-I00-N07,C85,고유본체
월보,C85-S00-I00-N07,C85,관념
월보,C85-S00-I00-N07,C85,평가
월보,C85-S00-I00-N07,C85,비실
월보,C85-S00-I00-N07,C85,단안
월보,C85-S00-I00-N07,C85,가능
월보,C85-S00-I00-N07,C85,선악
월보,C85-S00-I00-N07,C85,가배적명사
월보,C85-S00-I00-N07,C85,불외
월보,C85-S00-I00-N07,C85,세인
월보,C85-S00-I00-N07,C85,창조
월보,C85-S00-I00-N07,C85,조물주
월보,C85-S00-I00-N07,C85,전지전능
월보,C85-S00-I00-N07,C85,비교적명사
월보,C85-S00-I00-N07,C85,불과
월보,C85-S00-I00-N07,C85,전지전능
월보,C85-S00-I00-N07,C85,하고
월보,C85-S00-I00-N07,C85,종자
월보,C85-S00-I00-N07,C85,차세
월보,C85-S00-I00-N07,C85,영원
월보,C85-S00-I00-N07,C85,번무
월보,C85-S00-I00-N07,C85,하고
월보,C85-S00-I00-N07,C85,불합리저
월보,C85-S00-I00-N07,C85,차세
월보,C85-S00-I00-N07,C85,차등종
월보,C85-S00-I00-N07,C85,난의
월보,C85-S00-I00-N07,C85,문제
월보,C85-S00-I00-N07,C85,우주
월보,C85-S00-I00-N07,C85,본체
월보,C85-S00-I00-N07,C85,본래
월보,C85-S00-I00-N07,C85,불생불멸
월보,C85-S00-I00-N07,C85,무선무악
월보,C85-S00-I00-N07,C85,본질
월보,C85-S00-I00-N07,C85,대우주
월보,C85-S00-I00-N07,C85,진화율
월보,C85-S00-I00-N07,C85,자기성
월보,C85-S00-I00-N07,C85,포용
월보,C85-S00-I00-N07,C85,근본
월보,C85-S00-I00-N07,C85,불생불멸
월보,C85-S00-I00-N07,C85,무선무악
월보,C85-S00-I00-N07,C85,본질
월보,C85-S00-I00-N07,C85,대우주
월보,C85-S00-I00-N07,C85,진화율
월보,C85-S00-I00-N07,C85,자기성
월보,C85-S00-I00-N07,C85,포용
월보,C85-S00-I00-N07,C85,무궁
월보,C85-S00-I00-N07,C85,미완
월보,C85-S00-I00-N07,C85,부허
월보,C86-S00-I00-N01,C86,시대
월보,C86-S00-I00-N01,C86,창조사업
월보,C86-S00-I00-N01,C86,목하
월보,C86-S00-I00-N01,C86,급선무
월보,C86-S00-I00-N01,C86,제안
월보,C86-S00-I00-N01,C86,이돈화일
월보,C86-S00-I00-N01,C86,창조적인물
월보,C86-S00-I00-N01,C86,인물
월보,C86-S00-I00-N01,C86,인물
월보,C86-S00-I00-N01,C86,각자
월보,C86-S00-I00-N01,C86,인격
월보,C86-S00-I00-N01,C86,완전
월보,C86-S00-I00-N01,C86,발휘
월보,C86-S00-I00-N01,C86,구별
월보,C86-S00-I00-N01,C86,폐막
월보,C86-S00-I00-N01,C86,개정
월보,C86-S00-I00-N01,C86,수단
월보,C86-S00-I00-N01,C86,유래
월보,C86-S00-I00-N01,C86,폐막
월보,C86-S00-I00-N01,C86,사회
월보,C86-S00-I00-N01,C86,폐막
월보,C86-S00-I00-N01,C86,폐막
월보,C86-S00-I00-N01,C86,폐막
월보,C86-S00-I00-N01,C86,폐막
월보,C86-S00-I00-N01,C86,창조
월보,C86-S00-I00-N01,C86,건설
월보,C86-S00-I00-N01,C86,시대
월보,C86-S00-I00-N01,C86,사회
월보,C86-S00-I00-N01,C86,물론
월보,C86-S00-I00-N01,C86,시대
월보,C86-S00-I00-N01,C86,사회
월보,C86-S00-I00-N01,C86,대부분
월보,C86-S00-I00-N01,C86,수량
월보,C86-S00-I00-N01,C86,제일
월보,C86-S00-I00-N01,C86,제이
월보,C86-S00-I00-N01,C86,제삼
월보,C86-S00-I00-N01,C86,사회
월보,C86-S00-I00-N01,C86,중심요추
월보,C86-S00-I00-N01,C86,제사
월보,C86-S00-I00-N01,C86,의지
월보,C86-S00-I00-N01,C86,사회
월보,C86-S00-I00-N01,C86,발전
월보,C86-S00-I00-N01,C86,차별
월보,C86-S00-I00-N01,C86,원래일진리
월보,C86-S00-I00-N01,C86,항상진화무궁
월보,C86-S00-I00-N01,C86,진리
월보,C86-S00-I00-N01,C86,사리
월보,C86-S00-I00-N01,C86,변천무상
월보,C86-S00-I00-N01,C86,사리
월보,C86-S00-I00-N01,C86,시대
월보,C86-S00-I00-N01,C86,시대
월보,C86-S00-I00-N01,C86,창조사업
월보,C86-S00-I00-N01,C86,천도교회월보생활당초
월보,C86-S00-I00-N01,C86,신선
월보,C86-S00-I00-N01,C86,완전
월보,C86-S00-I00-N01,C86,사회
월보,C86-S00-I00-N01,C86,이면
월보,C86-S00-I00-N01,C86,정체
월보,C86-S00-I00-N01,C86,폐막
월보,C86-S00-I00-N01,C86,구지
월보,C86-S00-I00-N01,C86,구지
월보,C86-S00-I00-N01,C86,이면
월보,C86-S00-I00-N01,C86,폐패
월보,C86-S00-I00-N01,C86,사회사리
월보,C86-S00-I00-N01,C86,사회
월보,C86-S00-I00-N01,C86,이면
월보,C86-S00-I00-N01,C86,정체
월보,C86-S00-I00-N01,C86,정체
월보,C86-S00-I00-N01,C86,사리
월보,C86-S00-I00-N01,C86,무맥
월보,C86-S00-I00-N01,C86,혼돈
월보,C86-S00-I00-N01,C86,쇠결
월보,C86-S00-I00-N01,C86,일반
월보,C86-S00-I00-N01,C86,민중
월보,C86-S00-I00-N01,C86,습관
월보,C86-S00-I00-N01,C86,융화
월보,C86-S00-I00-N01,C86,일상
월보,C86-S00-I00-N01,C86,관례
월보,C86-S00-I00-N01,C86,취생몽사
월보,C86-S00-I00-N01,C86,사회
월보,C86-S00-I00-N01,C86,폐막
월보,C86-S00-I00-N01,C86,여념
월보,C86-S00-I00-N01,C86,일반
월보,C86-S00-I00-N01,C86,민중
월보,C86-S00-I00-N01,C86,대개
월보,C86-S00-I00-N01,C86,타면
월보,C86-S00-I00-N01,C86,후천적습성
월보,C86-S00-I00-N01,C86,강대
월보,C86-S00-I00-N01,C86,부패
월보,C86-S00-I00-N01,C86,쇠퇴
월보,C86-S00-I00-N01,C86,점차기극
월보,C86-S00-I00-N01,C86,일반
월보,C86-S00-I00-N01,C86,민중
월보,C86-S00-I00-N01,C86,타면
월보,C86-S00-I00-N01,C86,퇴굴
월보,C86-S00-I00-N01,C86,정돈건곤
월보,C86-S00-I00-N01,C86,이재
월보,C86-S00-I00-N01,C86,출생
월보,C86-S00-I00-N01,C86,폐막
월보,C86-S00-I00-N01,C86,개조
월보,C86-S00-I00-N01,C86,종용
월보,C86-S00-I00-N01,C86,사회
월보,C86-S00-I00-N01,C86,생기
월보,C86-S00-I00-N01,C86,풍력
월보,C86-S00-I00-N01,C86,벽두
월보,C86-S00-I00-N01,C86,동기
월보,C86-S00-I00-N01,C86,지금아동양
월보,C86-S00-I00-N01,C86,現象
월보,C86-S00-I00-N01,C86,금세계
월보,C86-S00-I00-N01,C86,現象
월보,C86-S00-I00-N01,C86,기회
월보,C86-S00-I00-N01,C86,형제
월보,C86-S00-I00-N01,C86,관찰
월보,C86-S00-I00-N01,C86,朝鮮
월보,C86-S00-I00-N01,C86,現象
월보,C86-S00-I00-N01,C86,現象
월보,C86-S00-I00-N01,C86,관찰
월보,C86-S00-I00-N01,C86,신각오
월보,C86-S00-I00-N01,C86,폐막
월보,C86-S00-I00-N01,C86,관찰
월보,C86-S00-I00-N01,C86,안력
월보,C86-S00-I00-N01,C86,예민
월보,C86-S00-I00-N01,C86,폐막
월보,C86-S00-I00-N01,C86,개정
월보,C86-S00-I00-N01,C86,건설
월보,C86-S00-I00-N01,C86,창조력
월보,C86-S00-I00-N01,C86,소이
월보,C86-S00-I00-N01,C86,창조사업
월보,C86-S00-I00-N01,C86,유래이상
월보,C86-S00-I00-N01,C86,원리
월보,C86-S00-I00-N01,C86,朝鮮
월보,C86-S00-I00-N01,C86,창조사업
월보,C86-S00-I00-N01,C86,천도교
월보,C86-S00-I00-N01,C86,벽두
월보,C86-S00-I00-N01,C86,천도교
월보,C86-S00-I00-N01,C86,창조사업
월보,C86-S00-I00-N01,C86,사부분
월보,C86-S00-I00-N01,C86,제일
월보,C86-S00-I00-N01,C86,대신사시대
월보,C86-S00-I00-N01,C86,창조사업제이
월보,C86-S00-I00-N01,C86,해월신사시대
월보,C86-S00-I00-N01,C86,창조사업제삼
월보,C86-S00-I00-N01,C86,성사시대
월보,C86-S00-I00-N01,C86,창조사업제사
월보,C86-S00-I00-N01,C86,시대
월보,C86-S00-I00-N01,C86,창조사업
월보,C86-S00-I00-N01,C86,以上
월보,C86-S00-I00-N01,C86,과거
월보,C86-S00-I00-N01,C86,창조사업
월보,C86-S00-I00-N01,C86,부분
월보,C86-S00-I00-N01,C86,창조사업중
월보,C86-S00-I00-N01,C86,以上
월보,C86-S00-I00-N01,C86,과거
월보,C86-S00-I00-N01,C86,금일이후
월보,C86-S00-I00-N01,C86,창조사업
월보,C86-S00-I00-N01,C86,직접
월보,C86-S00-I00-N01,C86,건설
월보,C86-S00-I00-N01,C86,유래
월보,C86-S00-I00-N01,C86,창조사업
월보,C86-S00-I00-N01,C86,대개
월보,C86-S00-I00-N01,C86,제일대신사
월보,C86-S00-I00-N01,C86,창조사업
월보,C86-S00-I00-N01,C86,전세계기만년
월보,C86-S00-I00-N01,C86,역사적폐막
월보,C86-S00-I00-N01,C86,간파
월보,C86-S00-I00-N01,C86,개조
월보,C86-S00-I00-N01,C86,우건설
월보,C86-S00-I00-N01,C86,인내천적대종교
월보,C86-S00-I00-N01,C86,대신사
월보,C86-S00-I00-N01,C86,세계
월보,C86-S00-I00-N01,C86,천국
월보,C86-S00-I00-N01,C86,건설
월보,C86-S00-I00-N01,C86,인내천
월보,C86-S00-I00-N01,C86,원리
월보,C86-S00-I00-N01,C86,창조
월보,C86-S00-I00-N01,C86,실현
월보,C86-S00-I00-N01,C86,주문
월보,C86-S00-I00-N01,C86,창조
월보,C86-S00-I00-N01,C86,성명
월보,C86-S00-I00-N01,C86,창발
월보,C86-S00-I00-N01,C86,심고법
월보,C86-S00-I00-N01,C86,창조
월보,C86-S00-I00-N01,C86,교리
월보,C86-S00-I00-N01,C86,창조
월보,C86-S00-I00-N01,C86,창조
월보,C86-S00-I00-N01,C86,朝鮮
월보,C86-S00-I00-N01,C86,창조
월보,C86-S00-I00-N01,C86,단서
월보,C86-S00-I00-N01,C86,전세계
월보,C86-S00-I00-N01,C86,창조력
월보,C86-S00-I00-N01,C86,해월신사
월보,C86-S00-I00-N01,C86,설위법
월보,C86-S00-I00-N01,C86,창조
월보,C86-S00-I00-N01,C86,주문
월보,C86-S00-I00-N01,C86,간행접
월보,C86-S00-I00-N01,C86,설치기도방식
월보,C86-S00-I00-N01,C86,개조
월보,C86-S00-I00-N01,C86,육임제도대신사
월보,C86-S00-I00-N01,C86,심법
월보,C86-S00-I00-N01,C86,향아편의장대령제도
월보,C86-S00-I00-N01,C86,설치갑오개혁
월보,C86-S00-I00-N01,C86,대웅봉훈
월보,C86-S00-I00-N01,C86,금형찬
월보,C86-S00-I00-N01,C86,개막
월보,C86-S00-I00-N01,C86,창조사업
월보,C86-S00-I00-N01,C86,쌍견
월보,C86-S00-I00-N01,C86,방촌
월보,C86-S00-I00-N01,C86,촌도
월보,C86-S00-I00-N01,C86,금일이후
월보,C86-S00-I00-N01,C86,사업
월보,C86-S00-I00-N01,C86,용심여하
월보,C86-S00-I00-N01,C86,처단여하
월보,C86-S00-I00-N01,C86,경신여하
월보,C86-S00-I00-N01,C86,건설
월보,C86-S00-I00-N01,C86,전개
월보,C86-S00-I00-N01,C86,육십년활동
월보,C86-S00-I00-N01,C86,창조
월보,C86-S00-I00-N01,C86,건설사업
월보,C86-S00-I00-N01,C86,착수
월보,C86-S00-I00-N01,C86,창조
월보,C86-S00-I00-N01,C86,원동력
월보,C86-S00-I00-N01,C86,대신사
월보,C86-S00-I00-N01,C86,위시
월보,C86-S00-I00-N01,C86,해월신사
월보,C86-S00-I00-N01,C86,해월신사
월보,C86-S00-I00-N01,C86,의암성사
월보,C86-S00-I00-N01,C86,의암성사
월보,C86-S00-I00-N01,C86,금일
월보,C86-S00-I00-N01,C86,수거
월보,C86-S00-I00-N01,C86,육십년활동
월보,C86-S00-I00-N01,C86,창조
월보,C86-S00-I00-N01,C86,건설사업
월보,C86-S00-I00-N01,C86,착수
월보,C86-S00-I00-N01,C86,창조
월보,C86-S00-I00-N01,C86,원동력
월보,C86-S00-I00-N01,C86,대신사
월보,C86-S00-I00-N01,C86,위시
월보,C86-S00-I00-N01,C86,해월신사
월보,C86-S00-I00-N01,C86,해월신사
월보,C86-S00-I00-N01,C86,의암성사
월보,C86-S00-I00-N01,C86,의암성사
월보,C86-S00-I00-N01,C86,금일
월보,C86-S00-I00-N01,C86,시대창조
월보,C86-S00-I00-N01,C86,사업
월보,C86-S00-I00-N01,C86,천도교회월보삼
월보,C86-S00-I00-N01,C86,시대
월보,C86-S00-I00-N01,C86,창조적활동
월보,C86-S00-I00-N01,C86,삼세
월보,C86-S00-I00-N01,C86,以上
월보,C86-S00-I00-N01,C86,일언
월보,C86-S00-I00-N01,C86,창조사신성
월보,C86-S00-I00-N01,C86,훈력
월보,C86-S00-I00-N01,C86,안전
월보,C86-S00-I00-N01,C86,각하
월보,C86-S00-I00-N01,C86,업중
월보,C86-S00-I00-N01,C86,무한
월보,C86-S00-I00-N01,C86,사업중
월보,C86-S00-I00-N01,C86,관념
월보,C86-S00-I00-N01,C86,선후순서
월보,C86-S00-I00-N01,C86,당장안전
월보,C86-S00-I00-N01,C86,착수
월보,C86-S00-I00-N01,C86,금명일후일
월보,C86-S00-I00-N01,C86,연기
월보,C86-S00-I00-N01,C86,일이년혹
월보,C86-S00-I00-N01,C86,십년이후
월보,C86-S00-I00-N01,C86,자등
월보,C86-S00-I00-N01,C86,창조사업
월보,C86-S00-I00-N01,C86,소제목하
월보,C86-S00-I00-N01,C86,지급
월보,C86-S00-I00-N01,C86,동의
월보,C86-S00-I00-N01,C86,사업
월보,C86-S00-I00-N01,C86,목하안전
월보,C86-S00-I00-N01,C86,일각
월보,C86-S00-I00-N01,C86,용서
월보,C86-S00-I00-N01,C86,착수
월보,C86-S00-I00-N01,C86,불가
월보,C86-S00-I00-N01,C86,제일
월보,C86-S00-I00-N01,C86,시기
월보,C86-S00-I00-N01,C86,천연
월보,C86-S00-I00-N01,C86,인순고식
월보,C86-S00-I00-N01,C86,시일
월보,C86-S00-I00-N01,C86,천연
월보,C86-S00-I00-N01,C86,천연
월보,C86-S00-I00-N01,C86,일각일시
월보,C86-S00-I00-N01,C86,공실내이
월보,C86-S00-I00-N01,C86,창조사업중
월보,C86-S00-I00-N01,C86,지급
월보,C86-S00-I00-N01,C86,여좌
월보,C86-S00-I00-N01,C86,의정원제
월보,C86-S00-I00-N01,C86,실시
월보,C86-S00-I00-N01,C86,기설기관
월보,C86-S00-I00-N01,C86,강도회
월보,C86-S00-I00-N01,C86,실시정
월보,C86-S00-I00-N01,C86,교화적교서
월보,C86-S00-I00-N01,C86,저술무
월보,C86-S00-I00-N01,C86,종교
월보,C86-S00-I00-N01,C86,예술화
월보,C86-S00-I00-N01,C86,引導
월보,C86-S00-I00-N01,C86,제반
월보,C86-S00-I00-N01,C86,실시기
월보,C86-S00-I00-N01,C86,종학연구원
월보,C86-S00-I00-N01,C86,설치
월보,C86-S00-I00-N01,C86,육개조
월보,C86-S00-I00-N01,C86,도제
월보,C86-S00-I00-N01,C86,목하급무중최대급무
월보,C86-S00-I00-N01,C86,이외
월보,C86-S00-I00-N01,C86,물론다수
월보,C86-S00-I00-N01,C86,의정원제
월보,C86-S00-I00-N01,C86,실시
월보,C86-S00-I00-N01,C86,시초
월보,C86-S00-I00-N01,C86,의정원제
월보,C86-S00-I00-N01,C86,불과
월보,C86-S00-I00-N01,C86,기여
월보,C86-S00-I00-N01,C86,시의중
월보,C86-S00-I00-N01,C86,유지자
월보,C86-S00-I00-N01,C86,흉중고안
월보,C86-S00-I00-N01,C86,차제
월보,C86-S00-I00-N01,C86,대경일번
월보,C86-S00-I00-N01,C86,시대
월보,C86-S00-I00-N01,C86,진보
월보,C86-S00-I00-N01,C86,남체
월보,C86-S00-I00-N01,C86,지금
월보,C86-S00-I00-N01,C86,건설
월보,C86-S00-I00-N01,C86,방면
월보,C86-S00-I00-N01,C86,제이
월보,C86-S00-I00-N01,C86,착수
월보,C86-S00-I00-N01,C86,실행
월보,C86-S00-I00-N01,C86,종법사
월보,C86-S00-I00-N01,C86,인물
월보,C86-S00-I00-N01,C86,종법사
월보,C86-S00-I00-N01,C86,인물
월보,C86-S00-I00-N01,C86,두목
월보,C86-S00-I00-N01,C86,개인
월보,C86-S00-I00-N01,C86,물론
월보,C86-S00-I00-N01,C86,신앙
월보,C86-S00-I00-N01,C86,교리
월보,C86-S00-I00-N01,C86,정통
월보,C86-S00-I00-N01,C86,상식
월보,C86-S00-I00-N01,C86,풍부
월보,C86-S00-I00-N01,C86,덕성
월보,C86-S00-I00-N01,C86,원만
월보,C86-S00-I00-N01,C86,선택
월보,C86-S00-I00-N01,C86,만약
월보,C86-S00-I00-N01,C86,인물
월보,C86-S00-I00-N01,C86,교중
월보,C86-S00-I00-N01,C86,불족
월보,C86-S00-I00-N01,C86,지급
월보,C86-S00-I00-N01,C86,인물
월보,C86-S00-I00-N01,C86,양성
월보,C86-S00-I00-N01,C86,종법사
월보,C86-S00-I00-N01,C86,직무
월보,C86-S00-I00-N01,C86,일군혹
월보,C86-S00-I00-N01,C86,수군
월보,C86-S00-I00-N01,C86,일인
월보,C86-S00-I00-N01,C86,종법사
월보,C86-S00-I00-N01,C86,사무기관
월보,C86-S00-I00-N01,C86,참여
월보,C86-S00-I00-N01,C86,순수
월보,C86-S00-I00-N01,C86,교리
월보,C86-S00-I00-N01,C86,교화
월보,C86-S00-I00-N01,C86,설유지도
월보,C86-S00-I00-N01,C86,以上
월보,C86-S00-I00-N01,C86,개념
월보,C86-S00-I00-N01,C86,위선종법사
월보,C86-S00-I00-N01,C86,연원
월보,C86-S00-I00-N01,C86,피아구별
월보,C86-S00-I00-N01,C86,교설
월보,C86-S00-I00-N01,C86,신앙
월보,C86-S00-I00-N01,C86,통일
월보,C86-S00-I00-N01,C86,각교인
월보,C86-S00-I00-N01,C86,정신적신앙
월보,C86-S00-I00-N01,C86,활력
월보,C86-S00-I00-N01,C86,신포교
월보,C86-S00-I00-N01,C86,발전
월보,C86-S00-I00-N01,C86,발전
월보,C86-S00-I00-N01,C86,활명
월보,C86-S00-I00-N01,C86,강도회
월보,C86-S00-I00-N01,C86,실시
월보,C86-S00-I00-N01,C86,강도회제
월보,C86-S00-I00-N01,C86,일년중
월보,C86-S00-I00-N01,C86,한가
월보,C86-S00-I00-N01,C86,이용
월보,C86-S00-I00-N01,C86,일반적강도
월보,C86-S00-I00-N01,C86,중요도회
월보,C86-S00-I00-N01,C86,평양혹
월보,C86-S00-I00-N01,C86,전주등중요
월보,C86-S00-I00-N01,C86,부근기개군
월보,C86-S00-I00-N01,C86,일반교도
월보,C86-S00-I00-N01,C86,집합
월보,C86-S00-I00-N01,C86,이주혹
월보,C86-S00-I00-N01,C86,삼주간
월보,C86-S00-I00-N01,C86,단기
월보,C86-S00-I00-N01,C86,강도
월보,C86-S00-I00-N01,C86,以上
월보,C86-S00-I00-N01,C86,개념하
월보,C86-S00-I00-N01,C86,제일강도회
월보,C86-S00-I00-N01,C86,일반교도
월보,C86-S00-I00-N01,C86,교리
월보,C86-S00-I00-N01,C86,상식
월보,C86-S00-I00-N01,C86,신앙
월보,C86-S00-I00-N01,C86,관념
월보,C86-S00-I00-N01,C86,진리
월보,C86-S00-I00-N01,C86,단합적
월보,C86-S00-I00-N01,C86,간접포교
월보,C86-S00-I00-N01,C86,풍화
월보,C86-S00-I00-N01,C86,사회적
월보,C86-S00-I00-N01,C86,선포
월보,C86-S00-I00-N01,C86,교화적교서
월보,C86-S00-I00-N01,C86,저술
월보,C86-S00-I00-N01,C86,교화적교서
월보,C86-S00-I00-N01,C86,저술
월보,C86-S00-I00-N01,C86,교회
월보,C86-S00-I00-N01,C86,완전
월보,C86-S00-I00-N01,C86,편집실
월보,C86-S00-I00-N01,C86,조직
월보,C86-S00-I00-N01,C86,편집실
월보,C86-S00-I00-N01,C86,각종
월보,C86-S00-I00-N01,C86,인내천적교화저술
월보,C86-S00-I00-N01,C86,인내천
월보,C86-S00-I00-N01,C86,주지
월보,C86-S00-I00-N01,C86,공담공언
월보,C86-S00-I00-N01,C86,일층문화적저술
월보,C86-S00-I00-N01,C86,표현
월보,C86-S00-I00-N01,C86,물론
월보,C86-S00-I00-N01,C86,정당
월보,C86-S00-I00-N01,C86,경전이외
월보,C86-S00-I00-N01,C86,저술
월보,C86-S00-I00-N01,C86,산적
월보,C86-S00-I00-N01,C86,기효력
월보,C86-S00-I00-N01,C86,여하
월보,C86-S00-I00-N01,C86,직판
월보,C86-S00-I00-N01,C86,천도교회월보이상
월보,C86-S00-I00-N01,C86,개념하
월보,C86-S00-I00-N01,C86,교화적저서
월보,C86-S00-I00-N01,C86,다출
월보,C86-S00-I00-N01,C86,진리
월보,C86-S00-I00-N01,C86,일층심오
월보,C86-S00-I00-N01,C86,일층광박
월보,C86-S00-I00-N01,C86,일층사회화교화화
월보,C86-S00-I00-N01,C86,종교
월보,C86-S00-I00-N01,C86,예술화
월보,C86-S00-I00-N01,C86,종교
월보,C86-S00-I00-N01,C86,예술화
월보,C86-S00-I00-N01,C86,종교
월보,C86-S00-I00-N01,C86,종교
월보,C86-S00-I00-N01,C86,공막적의미
월보,C86-S00-I00-N01,C86,실지
월보,C86-S00-I00-N01,C86,정서적사실
월보,C86-S00-I00-N01,C86,천덕송
월보,C86-S00-I00-N01,C86,가곡
월보,C86-S00-I00-N01,C86,개조
월보,C86-S00-I00-N01,C86,소설등
월보,C86-S00-I00-N01,C86,일반천도교화
월보,C86-S00-I00-N01,C86,창조
월보,C86-S00-I00-N01,C86,음락
월보,C86-S00-I00-N01,C86,천도교화문학
월보,C86-S00-I00-N01,C86,조각건축등일반미술
월보,C86-S00-I00-N01,C86,천도교화
월보,C86-S00-I00-N01,C86,창조
월보,C86-S00-I00-N01,C86,등이상
월보,C86-S00-I00-N01,C86,개념하
월보,C86-S00-I00-N01,C86,점차예술화
월보,C86-S00-I00-N01,C86,시대
월보,C86-S00-I00-N01,C86,시기
월보,C86-S00-I00-N01,C86,회숙
월보,C86-S00-I00-N01,C86,종학원
월보,C86-S00-I00-N01,C86,설치
월보,C86-S00-I00-N01,C86,종학원
월보,C86-S00-I00-N01,C86,천도교
월보,C86-S00-I00-N01,C86,장래인물
월보,C86-S00-I00-N01,C86,양성
월보,C86-S00-I00-N01,C86,경성급기타중요도시
월보,C86-S00-I00-N01,C86,기기관
월보,C86-S00-I00-N01,C86,朝鮮
월보,C86-S00-I00-N01,C86,항다반
월보,C86-S00-I00-N01,C86,폐독
월보,C86-S00-I00-N01,C86,朝鮮
월보,C86-S00-I00-N01,C86,무기력
월보,C86-S00-I00-N01,C86,인순
월보,C86-S00-I00-N01,C86,당연
월보,C86-S00-I00-N01,C86,차목전
월보,C86-S00-I00-N01,C86,지급
월보,C86-S00-I00-N01,C86,가능
월보,C86-S00-I00-N01,C86,왈시기상조왈실력불가능왈무위이화왈자유기시왈리상사실
월보,C86-S00-I00-N01,C86,상위등
월보,C86-S00-I00-N01,C86,무용
월보,C86-S00-I00-N01,C86,교묘
월보,C86-S00-I00-N01,C86,이용
월보,C86-S00-I00-N01,C86,자기
월보,C86-S00-I00-N01,C86,무능
월보,C86-S00-I00-N01,C86,엄닉
월보,C86-S00-I00-N01,C86,대개
월보,C86-S00-I00-N01,C86,조선인
월보,C86-S00-I00-N01,C86,통폐
월보,C86-S00-I00-N01,C86,교인
월보,C86-S00-I00-N01,C86,창조적활동교훈
월보,C86-S00-I00-N01,C86,삼세신성
월보,C86-S00-I00-N01,C86,법훈
월보,C86-S00-I00-N01,C86,무능
월보,C86-S00-I00-N01,C86,용어
월보,C86-S00-I00-N01,C86,인습
월보,C86-S00-I00-N01,C86,지도
월보,C86-S00-I00-N01,C86,불원간
월보,C86-S00-I00-N01,C86,건설
월보,C86-S00-I00-N01,C86,신서광
월보,C86-S00-I00-N01,C86,접촉
월보,C86-S00-I00-N01,C86,시일
월보,C86-S00-I00-N01,C86,自信
월보,C86-S00-I00-N01,C86,차등
월보,C86-S00-I00-N01,C86,창조적활력
월보,C86-S00-I00-N01,C86,급절
월보,C86-S00-I00-N01,C86,축원
월보,C86-S00-I00-N01,C86,일사
